genetic_id	distance_cm	covariance	n_pairs	fitted_covariance
RNI013.SG	0.025	0.16666174516462423	521	0.1534753438546764
RNI013.SG	0.035	0.1549969136176033	407	0.1526173198598581
RNI013.SG	0.045	0.08583744417298206	359	0.15176401571204134
RNI013.SG	0.05500000000000001	0.10195001373249109	331	0.15091540544813434
RNI013.SG	0.065	0.1041085854988706	314	0.15007146324786394
RNI013.SG	0.075	0.16055342656646593	284	0.14923216343299012
RNI013.SG	0.085	0.09950248756218905	268	0.1483974804665244
RNI013.SG	0.095	0.0772408301398497	284	0.14756738895195315
RNI013.SG	0.10500000000000001	0.20898210688470198	291	0.1467418636324647
RNI013.SG	0.115	0.1479680250433227	268	0.14592087939018084
RNI013.SG	0.125	0.1987290289781393	281	0.1451044112453927
RNI013.SG	0.135	0.26361373817819816	246	0.14429243435580053
RNI013.SG	0.145	0.17502375761641234	268	0.14348492401575805
RNI013.SG	0.155	0.2294671352967317	223	0.14268185565552055
RNI013.SG	0.16499999999999998	0.13959013959013958	260	0.14188320484049735
RNI013.SG	0.175	0.16391332332117572	237	0.1410889472705085
RNI013.SG	0.185	0.14575866188769415	217	0.14029905877904517
RNI013.SG	0.195	0.1633074935400517	216	0.13951351533253453
RNI013.SG	0.205	0.10335917312661498	216	0.13873229302960843
RNI013.SG	0.215	0.08218497827436376	180	0.13795536810037615
RNI013.SG	0.225	0.07701863354037268	231	0.1371827169057012
RNI013.SG	0.235	0.15992348158775704	205	0.13641431593648196
RNI013.SG	0.245	0.0638428483732351	181	0.13565014181293658
RNI013.SG	0.255	0.165374677002584	216	0.13489017128389139
RNI013.SG	0.265	0.18776161052421764	174	0.13413438122607363
RNI013.SG	0.275	0.21764681012979328	218	0.13338274864340777
RNI013.SG	0.28500000000000003	0.2488598765984083	212	0.13263525066631582
RNI013.SG	0.29500000000000004	0.11344991364421415	193	0.13189186455102161
RNI013.SG	0.30500000000000005	0.05790960451977401	177	0.13115256767885866
RNI013.SG	0.315	0.12301900997553171	231	0.13041733755558196
RNI013.SG	0.325	0.21321070234113712	208	0.1296861518106837
RNI013.SG	0.335	0.12988480765051078	215	0.12895898819671234
RNI013.SG	0.34500000000000003	0.1836582140187453	187	0.128235824588596
RNI013.SG	0.35500000000000004	0.16169212690951823	185	0.12751663898296914
RNI013.SG	0.36500000000000005	0.1287406999173326	191	0.12680140949750296
RNI013.SG	0.375	0.09883364027010436	181	0.1260901143702398
RNI013.SG	0.385	0.1841109709962169	183	0.12538273195893082
RNI013.SG	0.395	0.03568812140240712	196	0.12467924074037764
RNI013.SG	0.405	0.008487186552769359	191	0.12397961930977747
RNI013.SG	0.41500000000000004	0.10833189580817663	187	0.12328384638007162
RNI013.SG	0.42500000000000004	0.12576039726877716	180	0.12259190078129803
RNI013.SG	0.43500000000000005	0.1664367816091954	175	0.12190376145994718
RNI013.SG	0.445	0.0664935064935065	176	0.1212194074783212
RNI013.SG	0.455	0.15434001027221367	177	0.12053881801389718
RNI013.SG	0.465	0.12070779531324725	205	0.11986197235869334
RNI013.SG	0.47500000000000003	0.06687365655600669	159	0.11918884991863908
RNI013.SG	0.48500000000000004	0.22342342342342345	186	0.11851943021294835
RNI013.SG	0.49500000000000005	0.13130881094952954	168	0.11785369287349652
RNI013.SG	0.505	0.04067541271734355	179	0.11719161764420057
RNI013.SG	0.515	0.08410067526089625	181	0.11653318438040285
RNI013.SG	0.525	0.21884498480243159	189	0.11587837304825811
RNI013.SG	0.535	0.09439116535890729	186	0.11522716372412395
RNI013.SG	0.545	0.1266098313078179	149	0.11457953659395455
RNI013.SG	0.555	0.25943528096169977	147	0.11393547195269796
RNI013.SG	0.5650000000000001	0.15939898742446515	157	0.11329495020369634
RNI013.SG	0.5750000000000001	0.115570419918246	208	0.11265795185808984
RNI013.SG	0.5850000000000001	0.1677896109541404	215	0.1120244575342236
RNI013.SG	0.5950000000000001	0.08311688311688313	176	0.11139444795705795
RNI013.SG	0.605	0.10949720670391062	180	0.1107679039575821
RNI013.SG	0.615	0.04498692240627725	186	0.11014480647223067
RNI013.SG	0.625	0.06432748538011697	153	0.10952513654230385
RNI013.SG	0.635	0.0459140292867265	146	0.10890887531339052
RNI013.SG	0.645	0.02614160033514872	155	0.10829600403479443
RNI013.SG	0.655	0.03422772617819057	153	0.10768650405896385
RNI013.SG	0.665	0.03747072599531616	183	0.10708035684092411
RNI013.SG	0.675	0.09849305623953512	143	0.10647754393771337
RNI013.SG	0.685	0.15141498024671451	158	0.10587804700782143
RNI013.SG	0.6950000000000001	0.03824232395660967	148	0.10528184781063168
RNI013.SG	0.7050000000000001	0.18196856906534326	156	0.10468892820586612
RNI013.SG	0.7150000000000001	0.11387473778843274	142	0.10409927015303337
RNI013.SG	0.725	0.0944275582573455	141	0.10351285571087981
RNI013.SG	0.735	0.11011523687580026	143	0.10292966703684366
RNI013.SG	0.745	0.10583941605839416	137	0.10234968638651208
RNI013.SG	0.755	0.15833666533386645	123	0.10177289611308134
RNI013.SG	0.765	0.05869565217391304	161	0.10119927866681976
RNI013.SG	0.775	0.15822086410321706	154	0.10062881659453386
RNI013.SG	0.785	0.11597633136094676	170	0.10006149253903728
RNI013.SG	0.795	0.18314176245210728	145	0.09949728923862262
RNI013.SG	0.805	0.22019271051529113	155	0.09893618952653624
RNI013.SG	0.8150000000000001	0.13877995642701524	136	0.09837817633045601
RNI013.SG	0.8250000000000001	0.21377318050507876	147	0.09782323267197172
RNI013.SG	0.8350000000000001	0.2772539288668321	156	0.09727134166606867
RNI013.SG	0.8450000000000001	0.11177454024361116	159	0.09672248652061369
RNI013.SG	0.855	0.05547045069741192	158	0.09617665053584444
RNI013.SG	0.865	0.10675381263616558	136	0.09563381710386111
RNI013.SG	0.875	0.055708769994484285	148	0.09509396970812124
RNI013.SG	0.885	0.031365139348134154	146	0.09455709192293708
RNI013.SG	0.895	0.027347781217750253	153	0.09402316741297588
RNI013.SG	0.905	0.03243978243978244	144	0.09349217993276279
RNI013.SG	0.915	0.11640866873065016	171	0.09296411332618666
RNI013.SG	0.925	0.1829192546583851	161	0.09243895152600835
RNI013.SG	0.935	0.14560859070981724	202	0.09191667855337204
RNI013.SG	0.9450000000000001	0.04597701149425287	174	0.09139727851731881
RNI013.SG	0.9550000000000001	0.19245419916560857	149	0.0908807356143033
RNI013.SG	0.9650000000000001	0.13694902956647922	149	0.09036703412771284
RNI013.SG	0.9750000000000001	0.028095174082537977	173	0.08985615842738921
RNI013.SG	0.985	0.04481132075471698	160	0.0893480929691531
RNI013.SG	0.995	0.10045844129958142	174	0.08884282229433109
RNI013.SG	1.005	0.033506493506493505	176	0.08834033102928543
RNI013.SG	1.015	0.07760141093474426	162	0.08784060388494612
RNI013.SG	1.0250000000000001	0.04574780058651026	155	0.08734362565634578
RNI013.SG	1.0350000000000001	0.08529801324503311	151	0.08684938122215709
RNI013.SG	1.045	0.0815850815850816	144	0.0863578555442326
RNI013.SG	1.055	0.038994891043686794	139	0.08586903366714718
RNI013.SG	1.065	-0.03357314148681055	139	0.08538290071774299
RNI013.SG	1.075	0.04627173592690834	117	0.084899441904677
RNI013.SG	1.085	0.0713366427652142	148	0.08441864251797089
RNI013.SG	1.095	0.017077555213148434	177	0.08394048792856343
RNI013.SG	1.105	0.09081059785285138	143	0.08346496358786547
RNI013.SG	1.115	0.16393110435663627	141	0.0829920550273172
RNI013.SG	1.125	0.05636092670369869	122	0.08252174785794794
RNI013.SG	1.135	0.015805471124620066	141	0.08205402776993835
RNI013.SG	1.145	0.006372045220966087	140	0.08158888053218502
RNI013.SG	1.155	0.056276707248246384	158	0.08112629199186748
RNI013.SG	1.165	0.10149488591660111	124	0.08066624807401755
RNI013.SG	1.175	0.06778139378296488	134	0.08020873478109111
RNI013.SG	1.185	0.02449793476712719	119	0.0797537381925422
RNI013.SG	1.195	-0.017673752089801768	159	0.07930124446439944
RNI013.SG	1.205	0.06346749226006192	153	0.07885123982884489
RNI013.SG	1.215	0.08982035928143713	168	0.07840371059379499
RNI013.SG	1.225	0.11277754503560955	155	0.07795864314248413
RNI013.SG	1.235	0.05028949545078578	156	0.07751602393305025
RNI013.SG	1.245	0.08375474083438686	113	0.07707583949812276
RNI013.SG	1.2550000000000001	-0.02135774218154081	115	0.07663807644441288
RNI013.SG	1.2650000000000001	0.0033562166285278413	115	0.07620272145230608
RNI013.SG	1.2750000000000001	-0.035378662244333885	135	0.07576976127545679
RNI013.SG	1.2850000000000001	0.07145346810735449	152	0.07533918274038538
RNI013.SG	1.2950000000000002	0.09794480328831474	131	0.07491097274607735
RNI013.SG	1.305	0.05395417590539541	165	0.07448511826358468
RNI013.SG	1.315	0.026446630699248918	138	0.07406160633562943
RNI013.SG	1.325	0.031735956839098696	138	0.0736404240762095
RNI013.SG	1.335	-0.012642225031605562	113	0.07322155867020654
RNI013.SG	1.345	-0.020168067226890754	120	0.07280499737299599
RNI013.SG	1.355	0.07548209366391184	121	0.07239072751005937
RNI013.SG	1.365	0.16199376947040497	108	0.07197873647659864
RNI013.SG	1.375	-0.02193548387096774	125	0.07156901173715263
RNI013.SG	1.385	-0.032	126	0.07116154082521566
RNI013.SG	1.395	0.0264828586976238	149	0.07075631134285819
RNI013.SG	1.405	0.01051953628166595	137	0.07035331096034966
RNI013.SG	1.415	0.03146853146853147	144	0.06995252741578331
RNI013.SG	1.425	0.12097407698350354	134	0.06955394851470302
RNI013.SG	1.435	0.027355623100303955	141	0.06915756212973244
RNI013.SG	1.445	0.017181100789131945	142	0.06876335620020582
RNI013.SG	1.455	0.09847494553376906	136	0.06837131873180116
RNI013.SG	1.465	-0.006523157208088716	147	0.06798143779617517
RNI013.SG	1.475	0.0015540015540015547	144	0.0675937015306005
RNI013.SG	1.485	0.06520669291338582	128	0.06720809813760457
RNI013.SG	1.495	0.056559308719560095	134	0.06682461588461078
RNI013.SG	1.5050000000000001	-0.03426791277258567	108	0.06644324310358149
RNI013.SG	1.5150000000000001	0.0285012285012285	111	0.06606396819066297
RNI013.SG	1.5250000000000001	0.06721763085399449	121	0.06568677960583238
RNI013.SG	1.5350000000000001	0.08142493638676845	132	0.06531166587254658
RNI013.SG	1.5450000000000002	0.08685714285714285	126	0.06493861557739303
RNI013.SG	1.5550000000000002	0.1124452923353159	134	0.06456761736974242
RNI013.SG	1.565	0.08199233716475095	145	0.0641986599614034
RNI013.SG	1.575	0.05399792315680167	108	0.0638317321262791
RNI013.SG	1.585	-0.062244062244062245	111	0.06346682270002545
RNI013.SG	1.595	0.08634466308884914	130	0.06310392057971165
RNI013.SG	1.605	0.10108880231745081	142	0.06274301472348225
RNI013.SG	1.615	0.02952755905511811	128	0.062384094150221205
RNI013.SG	1.625	0.033217371787678154	134	0.062027147939217785
RNI013.SG	1.635	0.01870503597122302	140	0.06167216522983423
RNI013.SG	1.645	0.0556346878927524	155	0.06131913522117537
RNI013.SG	1.655	0.04280790857972066	149	0.060968047171759944
RNI013.SG	1.665	-0.017029702970297027	101	0.06061889039919378
RNI013.SG	1.675	-0.02402001668056714	110	0.06027165427984479
RNI013.SG	1.685	0.12168141592920355	113	0.059926328248519706
RNI013.SG	1.695	0.10329595650696569	109	0.05958290179814266
RNI013.SG	1.705	0.07553729456384324	113	0.059241364479435385
RNI013.SG	1.715	0.003397893306150187	109	0.05890170590059945
RNI013.SG	1.725	0.010099823840281855	131	0.0585639157269999
RNI013.SG	1.735	0.04769001490312966	122	0.05822798368085091
RNI013.SG	1.745	0.022408963585434174	154	0.057893899540903036
RNI013.SG	1.7550000000000001	0.008961911874533232	104	0.057561653142132234
RNI013.SG	1.7650000000000001	-0.007722007722007719	112	0.05723123437543056
RNI013.SG	1.7750000000000001	0.07406171809841534	110	0.056902633187298574
RNI013.SG	1.7850000000000001	-0.011076497057805468	108	0.05657583957953949
RNI013.SG	1.7950000000000002	0.027275111460792024	124	0.056250843608954916
RNI013.SG	1.8050000000000002	0.04790419161676647	168	0.05592763538704233
RNI013.SG	1.815	0.18595041322314051	121	0.05560620507969424
RNI013.SG	1.825	0.1062992125984252	128	0.055286542906898904
RNI013.SG	1.835	0.15069078478849168	119	0.05496863914244283
RNI013.SG	1.845	0.010395841663334664	123	0.054652484113614765
RNI013.SG	1.855	0.02788605697151425	116	0.054338068200911506
RNI013.SG	1.865	0.056559308719560095	134	0.05402538183774504
RNI013.SG	1.875	0.00489751496462906	149	0.05371441551015162
RNI013.SG	1.885	0.12303149606299213	128	0.053405159756502195
RNI013.SG	1.895	0.023622047244094488	128	0.0530976051672146
RNI013.SG	1.905	-0.051036682615629984	133	0.05279174238446718
RNI013.SG	1.915	-0.019107652910469813	143	0.0524875621019141
RNI013.SG	1.925	0.02312992125984252	128	0.05218505506440218
RNI013.SG	1.935	0.050237312887915296	166	0.05188421206768931
RNI013.SG	1.945	0.030438378825475596	156	0.051585023958164396
RNI013.SG	1.955	0.018410852713178293	129	0.05128748163256878
RNI013.SG	1.965	0.049331963001027754	140	0.05099157603771935
RNI013.SG	1.975	0.1973517141302376	149	0.05069729817023307
RNI013.SG	1.985	0.13443526170798897	121	0.05040463907625295
RNI013.SG	1.995	0.17544666820029137	162	0.05011358985117573
RNI013.SG	2.005	0.12861438815637288	132	0.049824141639380856
RNI013.SG	2.015	0.07102858826996758	117	0.04953628563396109
RNI013.SG	2.025	0.17330282227307398	115	0.0492500130764545
RNI013.SG	2.035	0.006664001066240174	123	0.04896531525657799
RNI013.SG	2.045	0.0542483660130719	136	0.048682183511962344
RNI013.SG	2.055	0.11119186046511628	129	0.048400609227888504
RNI013.SG	2.065	0.0639083139083139	144	0.0481205838370256
RNI013.SG	2.075	0.04693486590038314	145	0.04784209881917022
RNI013.SG	2.085	0.06008674494869353	138	0.04756514570098715
RNI013.SG	2.095	0.12717086834733893	120	0.04728971605575157
RNI013.SG	2.105	0.14335664335664336	144	0.04701580150309274
RNI013.SG	2.115	0.18072740907386578	127	0.046743393708738847
RNI013.SG	2.125	0.1071262226362366	114	0.04647248438426358
RNI013.SG	2.1350000000000002	0.06202686202686202	91	0.04620306528683388
RNI013.SG	2.145	0.00038073481819912415	103	0.04593512821895911
RNI013.SG	2.1550000000000002	0.041830708661417325	128	0.04566866502824167
RNI013.SG	2.165	0.041403286978508216	113	0.04540366760712896
RNI013.SG	2.1750000000000003	0.09070294784580499	99	0.04514012789266664
RNI013.SG	2.185	0.058896138247222715	107	0.04487803786625339
RNI013.SG	2.1950000000000003	0.048501487073896135	94	0.044617389553396815
RNI013.SG	2.205	0.21487346685297315	114	0.04435817502347094
RNI013.SG	2.215	0.010533469249065583	109	0.044100386389474805
RNI013.SG	2.225	0.06216006216006216	144	0.04384401580779251
RNI013.SG	2.235	-0.01409048467871997	154	0.04358905547795463
RNI013.SG	2.245	0.08963585434173671	120	0.04333549764240077
RNI013.SG	2.255	0.01360415682569674	146	0.04308333458624363
RNI013.SG	2.265	0.07194244604316546	140	0.04283255863703418
RNI013.SG	2.275	0.031492063492063495	126	0.04258316216452829
RNI013.SG	2.285	0.06945126945126945	111	0.042335137580454464
RNI013.SG	2.295	0.07509677419354839	125	0.04208847733828312
RNI013.SG	2.305	0.0	126	0.04184317393299679
RNI013.SG	2.315	0.10108932461873638	136	0.041599219900861927
RNI013.SG	2.325	0.06657718120805368	150	0.04135660781920167
RNI013.SG	2.335	0.19741935483870968	125	0.04111533030617013
RNI013.SG	2.345	0.010678871090770405	115	0.04087538002052767
RNI013.SG	2.355	0.07822685788787484	118	0.04063674966141763
RNI013.SG	2.365	-0.002796923384277291	142	0.0403994319681441
RNI013.SG	2.375	0.11861421021726365	131	0.04016341971995113
RNI013.SG	2.3850000000000002	0.1509205426356589	129	0.03992870573580282
RNI013.SG	2.395	0.13305785123966943	121	0.0396952828741651
RNI013.SG	2.4050000000000002	0.09814323607427056	117	0.039463144032788125
RNI013.SG	2.415	-0.009965906110674008	124	0.039232282148490505
RNI013.SG	2.4250000000000003	0.04036697247706422	110	0.03900269019694411
RNI013.SG	2.435	0.05226722049151956	108	0.038774361192460534
RNI013.SG	2.4450000000000003	-0.11049504950495048	101	0.038547288187778465
RNI013.SG	2.455	-0.018070818070818076	91	0.03832146427385231
RNI013.SG	2.465	-0.04541935483870967	125	0.038096882579641986
RNI013.SG	2.475	0.03002528445006322	113	0.037873536271903846
RNI013.SG	2.485	-0.05482581382067389	103	0.037651418554982816
RNI013.SG	2.495	0.008307372793354105	108	0.03743052267060553
RNI013.SG	2.505	0.142296918767507	85	0.037210841897674825
RNI013.SG	2.515	0.03788634097706879	119	0.036992369552065106
RNI013.SG	2.525	0.04917541229385307	116	0.03677509898641909
RNI013.SG	2.535	0.005589194224499303	114	0.03655902358994547
RNI013.SG	2.545	0.15262368815592206	116	0.03634413678821782
RNI013.SG	2.555	0.0559114735002912	102	0.036130432042974524
RNI013.SG	2.565	0.1817122888759464	102	0.03591790285191983
RNI013.SG	2.575	0.059630292188431716	130	0.035706542748526096
RNI013.SG	2.585	-0.02786069651741293	135	0.03549634530183693
RNI013.SG	2.595	0.0010838639750711298	122	0.03528730411627154
RNI013.SG	2.605	-0.03006872852233677	97	0.03507941283143021
RNI013.SG	2.615	0.10492905153099327	104	0.03487266512190066
RNI013.SG	2.625	0.06771905742393046	94	0.034667054697065706
RNI013.SG	2.6350000000000002	0.06310679611650485	104	0.03446257530091176
RNI013.SG	2.645	0.026538549530999767	94	0.03425922071183856
RNI013.SG	2.6550000000000002	0.1208237986270023	115	0.03405698474246979
RNI013.SG	2.665	0.08222811671087533	117	0.03385586123946491
RNI013.SG	2.6750000000000003	0.13626373626373625	105	0.03365584408333181
RNI013.SG	2.685	0.06656671664167915	116	0.033456927188240754
RNI013.SG	2.6950000000000003	0.07272727272727274	110	0.033259104501839096
RNI013.SG	2.705	0.011313131313131315	100	0.033062370005067204
RNI013.SG	2.715	0.13760152890587674	92	0.03286671771197528
RNI013.SG	2.725	0.07892004153686397	108	0.032672141669541216
RNI013.SG	2.735	0.1291866028708134	77	0.03247863595748953
RNI013.SG	2.745	0.08067226890756302	120	0.03228619468811114
RNI013.SG	2.755	0.05847029077117573	113	0.03209481200608432
RNI013.SG	2.765	0.035854341736694675	120	0.031904482088296444
RNI013.SG	2.775	0.10475396163469558	110	0.03171519914366688
RNI013.SG	2.785	0.23793597706641184	92	0.0315269574129708
RNI013.SG	2.795	0.13282369804108934	92	0.03133975116866386
RNI013.SG	2.805	0.11650485436893204	103	0.031153574714707994
RNI013.SG	2.815	0.09691876750700279	85	0.03096842238639812
RNI013.SG	2.825	0.16923076923076924	105	0.03078428855018971
RNI013.SG	2.835	0.043160901301174226	138	0.030601167603527473
RNI013.SG	2.845	0.1137357830271216	127	0.030419053974674804
RNI013.SG	2.855	0.08025496161089381	118	0.030237942122544315
RNI013.SG	2.865	0.08157248157248156	111	0.030057826536529202
RNI013.SG	2.875	-0.035526315789473684	96	0.0298787017363356
RNI013.SG	2.8850000000000002	0.02374031007751938	129	0.02970056227181583
RNI013.SG	2.895	0.06599597585513078	71	0.02952340272280256
RNI013.SG	2.9050000000000002	-0.010033444816053512	92	0.029347217698943887
RNI013.SG	2.915	-0.025165865934568748	94	0.029172001839539347
RNI013.SG	2.9250000000000003	0.018476903870162303	90	0.028997749813376796
RNI013.SG	2.935	-0.04655263621936166	107	0.028824456318570207
RNI013.SG	2.9450000000000003	0.06336575302092542	117	0.028652116082398326
RNI013.SG	2.955	0.08533501896333753	113	0.028480723861144277
RNI013.SG	2.965	0.01564537157757497	118	0.028310274439935983
RNI013.SG	2.975	0.020911127707244213	104	0.028140762632587496
RNI013.SG	2.985	-0.023443223443223447	105	0.027972183281441253
RNI013.SG	2.995	0.013906447534766117	113	0.027804531257211083
RNI013.SG	3.005	0.09212121212121213	100	0.02763780145882616
RNI013.SG	3.015	0.05305039787798408	117	0.027471988813275804
RNI013.SG	3.025	0.04386839481555333	119	0.027307088275455124
RNI013.SG	3.035	-0.008327550312283136	132	0.027143094828011496
RNI013.SG	3.045	0.03343023255813954	129	0.026980003481191936
RNI013.SG	3.055	0.005733397037744865	92	0.026817809272691243
RNI013.SG	3.065	-0.022857142857142857	126	0.02665650726750104
RNI013.SG	3.075	0.0753501400560224	120	0.026496092557759608
RNI013.SG	3.085	0.05217757205975174	98	0.026336560262602563
RNI013.SG	3.095	0.03268641470888662	89	0.02617790552801432
RNI013.SG	3.105	0.024405638544077426	98	0.026020123526680452
RNI013.SG	3.115	0.03071744161582159	98	0.025863209457840763
RNI013.SG	3.125	0.02846441947565543	90	0.025707158547143248
RNI013.SG	3.1350000000000002	0.015444015444015444	112	0.025551966046498824
RNI013.SG	3.145	0.00396039603960396	101	0.02539762723393685
RNI013.SG	3.1550000000000002	-0.022710622710622717	105	0.025244137413461442
RNI013.SG	3.165	-0.02384500745156483	122	0.025091491914908632
RNI013.SG	3.1750000000000003	-0.021114733736997363	114	0.02493968609380423
RNI013.SG	3.185	-0.011627906976744186	129	0.024788715331222535
RNI013.SG	3.1950000000000003	-0.029357798165137616	110	0.024638575033645763
RNI013.SG	3.205	-0.019028202514441046	109	0.024489260632824337
RNI013.SG	3.2150000000000003	-0.011676396997497914	110	0.024340767585637847
RNI013.SG	3.225	0.006189213085764811	117	0.024193091373956827
RNI013.SG	3.235	0.018365061590145577	95	0.024046227504505288
RNI013.SG	3.245	0.006837606837606838	91	0.02390017150872401
RNI013.SG	3.255	-0.019766397124887692	106	0.023754918942634564
RNI013.SG	3.265	0.0682730923694779	84	0.023610465386704117
RNI013.SG	3.275	0.20978488482771748	103	0.023466806445710933
RNI013.SG	3.285	0.14298245614035088	96	0.023323937748610683
RNI013.SG	3.295	0.03353516534699581	114	0.023181854948403406
RNI013.SG	3.305	-0.04038814581694204	124	0.023040553722001252
RNI013.SG	3.315	0.09853890587835543	109	0.022900029770097006
RNI013.SG	3.325	0.04892086330935252	140	0.02276027881703315
RNI013.SG	3.335	-0.011761561079925155	87	0.022621296610671915
RNI013.SG	3.345	0.0052277819268110514	104	0.0224830789222658
RNI013.SG	3.355	0.03998261625380269	118	0.022345621546328943
RNI013.SG	3.365	-0.015444015444015437	112	0.022208920300509156
RNI013.SG	3.375	0.07648546144121367	113	0.02207297102546069
RNI013.SG	3.3850000000000002	-0.060526315789473685	96	0.021937769584717638
RNI013.SG	3.395	0.08310749774164408	82	0.02180331186456812
RNI013.SG	3.4050000000000002	-0.009009009009009009	112	0.021669593773929102
RNI013.SG	3.415	-0.003669724770642205	110	0.0215366112442219
RNI013.SG	3.4250000000000003	0.010981468771448183	94	0.021404360229248416
RNI013.SG	3.435	-0.005589194224499303	114	0.02127283670506802
RNI013.SG	3.4450000000000003	-0.03966942148760331	121	0.02114203666987509
RNI013.SG	3.455	-0.005961251862891206	122	0.021011956143877283
RNI013.SG	3.4650000000000003	0.11981566820276499	63	0.020882591169174416
RNI013.SG	3.475	0.03666245259165613	113	0.020753937809638082
RNI013.SG	3.485	0.007574163686092993	98	0.02062599215079183
RNI013.SG	3.495	-0.030460366908965038	108	0.020498750299692108
RNI013.SG	3.505	0.05847029077117573	113	0.020372208384809812
RNI013.SG	3.515	-0.014035087719298244	96	0.02024636255591243
RNI013.SG	3.525	0.07106227106227106	105	0.02012120898394699
RNI013.SG	3.535	0.0021735755317497272	114	0.019996743860923462
RNI013.SG	3.545	0.020512820512820516	105	0.019872963399798958
RNI013.SG	3.555	0.046975546975546977	112	0.019749863834362464
RNI013.SG	3.565	-0.02050989887480416	119	0.019627441419120296
RNI013.SG	3.575	0.02530802530802531	78	0.01950569242918206
RNI013.SG	3.585	-0.013157894736842105	96	0.01938461316014741
RNI013.SG	3.595	-0.015289058767319636	92	0.01926419992799325
RNI013.SG	3.605	0.0011881188118811892	101	0.01914444906896171
RNI013.SG	3.615	0.038222646918299095	92	0.019025356939448627
RNI013.SG	3.625	0.03088803088803089	112	0.018906919915892696
RNI013.SG	3.6350000000000002	0.0967741935483871	93	0.018789134394665223
RNI013.SG	3.645	-0.013591573224600749	109	0.018671996791960497
RNI013.SG	3.6550000000000002	-0.029455081001472753	98	0.018555503543686677
RNI013.SG	3.665	0.045909645909645906	91	0.01843965110535743
RNI013.SG	3.6750000000000003	-0.012673267326732674	101	0.018324435951984047
RNI013.SG	3.685	0.08236808236808237	112	0.018209854577968206
RNI013.SG	3.6950000000000003	0.08589263420724096	90	0.01809590349699525
RNI013.SG	3.705	0.04954034729315628	89	0.017982579241928233
RNI013.SG	3.7150000000000003	0.10687986534820114	98	0.01786987836470228
RNI013.SG	3.725	-0.010692328254477412	87	0.017757797436219785
RNI013.SG	3.735	0.02335279399499583	110	0.017646333046246035
RNI013.SG	3.745	0.05170441546556852	94	0.01753548180330543
RNI013.SG	3.755	0.02530802530802531	78	0.017425240334578332
RNI013.SG	3.765	0.017996870109546165	72	0.017315605285798404
RNI013.SG	3.775	-0.0630673674151935	92	0.017206573321150605
RNI013.SG	3.785	0.030642954856361152	86	0.017098141123169607
RNI013.SG	3.795	-0.0143003064351379	89	0.01699030539263894
RNI013.SG	3.805	-0.013157894736842105	96	0.01688306284849056
RNI013.SG	3.815	-0.028514851485148512	101	0.016776410227705044
RNI013.SG	3.825	-0.015841584158415842	101	0.016670344285212274
RNI013.SG	3.835	0.03745318352059925	90	0.01656486179379274
RNI013.SG	3.845	-0.02613861386138614	101	0.016459959543979323
RNI013.SG	3.855	0.13681079844429192	94	0.01635563434395965
RNI013.SG	3.865	0.14601304439301493	98	0.016251883019478972
RNI013.SG	3.875	0.09603440038222648	92	0.016148702413743596
RNI013.SG	3.8850000000000002	0.0029321604691456764	123	0.0160460893873248
RNI013.SG	3.895	0.05153099327856609	104	0.015944040818063367
RNI013.SG	3.9050000000000002	-0.014652014652014652	105	0.015842553600974536
RNI013.SG	3.915	0.014563106796116505	104	0.015741624648153565
RNI013.SG	3.9250000000000003	-0.009691934925579786	108	0.015641250888681752
RNI013.SG	3.935	-0.018637157833430402	102	0.015541429268533009
RNI013.SG	3.9450000000000003	0.05527092066449309	114	0.015442156750480924
RNI013.SG	3.955	0.003710575139146569	99	0.0153434303140064
RNI013.SG	3.9650000000000003	-0.007614781634938405	95	0.015245246955205663
RNI013.SG	3.975	-0.02886002886002886	99	0.015147603686698949
RNI013.SG	3.9850000000000003	-0.01473684210526316	76	0.015050497537539549
RNI013.SG	3.995	-0.033300033300033303	78	0.014953925553123455
RNI013.SG	4.005	0.03596403596403596	78	0.014857884795099438
RNI013.SG	4.015	-0.018421052631578946	96	0.014762372341279638
RNI013.SG	4.0249999999999995	-0.03557951482479785	106	0.014667385285550673
RNI013.SG	4.034999999999999	-0.030812324929971987	120	0.014572920737785216
RNI013.SG	4.045	-0.009172809172809172	111	0.014478975823754016
RNI013.SG	4.055	-0.02464525765496639	104	0.01438554768503853
RNI013.SG	4.0649999999999995	-0.029110512129380057	106	0.01429263347894385
RNI013.SG	4.074999999999999	-0.03134796238244514	88	0.014200230378412287
RNI013.SG	4.085	0.05738115095913261	110	0.014108335571937297
RNI013.SG	4.095	0.022675736961451247	99	0.014016946263478018
RNI013.SG	4.1049999999999995	-0.022396416573348264	95	0.01392605967237408
RNI013.SG	4.114999999999999	-0.03761755485893417	88	0.013835673033261104
RNI013.SG	4.125	-0.019975031210986267	90	0.013745783595986506
RNI013.SG	4.135	0.041879468845760985	89	0.013656388625525833
RNI013.SG	4.145	-0.05049442457395329	98	0.013567485401899558
RNI013.SG	4.154999999999999	-0.05019305019305019	112	0.01347907122009028
RNI013.SG	4.165	-0.0025740025740025717	148	0.013391143389960463
RNI013.SG	4.175	-0.004357298474945532	136	0.013303699236170587
RNI013.SG	4.185	-0.028005974607916356	104	0.013216736098097719
RNI013.SG	4.194999999999999	-0.028566390407335565	107	0.013130251329754544
RNI013.SG	4.205	0.014196726061132842	118	0.013044242299708898
RNI013.SG	4.215	0.06196213425129088	84	0.012958706391003709
RNI013.SG	4.225	0.0013845621322256857	108	0.012873641001077327
RNI013.SG	4.234999999999999	-0.024737167594310452	99	0.012789043541684355
RNI013.SG	4.244999999999999	0.08338092518560822	103	0.012704911438816916
RNI013.SG	4.255	-0.023375409069658716	93	0.01262124213262632
RNI013.SG	4.265	-0.030100334448160536	92	0.012538033077345169
RNI013.SG	4.2749999999999995	-0.017211703958691912	84	0.012455281741209925
RNI013.SG	4.284999999999999	-0.0379746835443038	80	0.012372985606383835
RNI013.SG	4.295	-0.014011676396997498	110	0.012291142168880363
RNI013.SG	4.305	-0.046620046620046623	78	0.012209748938486982
RNI013.SG	4.3149999999999995	0.020850040096230954	87	0.012128803438689408
RNI013.SG	4.324999999999999	-0.033613445378151266	85	0.012048303206596257
RNI013.SG	4.335	-0.08672086720867209	82	0.011968245792864077
RNI013.SG	4.345	-0.016830294530154277	93	0.011888628761622881
RNI013.SG	4.3549999999999995	-0.011721611721611723	105	0.011809449690401964
RNI013.SG	4.364999999999999	-0.014629049111807733	88	0.011730706170056254
RNI013.SG	4.375	0.01720019111323459	92	0.011652395804692956
RNI013.SG	4.385	0.003296703296703298	105	0.011574516211598716
RNI013.SG	4.395	-0.007326007326007326	91	0.011497065021167065
RNI013.SG	4.404999999999999	-0.00987480162228884	107	0.011420039876826358
RNI013.SG	4.415	0.062200956937799035	77	0.011343438434968035
RNI013.SG	4.425	-0.01865600609175709	103	0.011267258364875375
RNI013.SG	4.435	-0.021477663230240546	97	0.011191497348652504
RNI013.SG	4.444999999999999	-0.05126582278481012	80	0.011116153081153922
RNI013.SG	4.455	0.0003960396039603964	101	0.011041223269914356
RNI013.SG	4.465	-0.03684210526315789	96	0.010966705635078995
RNI013.SG	4.475	-0.03894839337877313	79	0.010892597909334131
RNI013.SG	4.484999999999999	-0.026373626373626374	91	0.010818897837838164
RNI013.SG	4.495	0.030619865571321885	104	0.010745603178153016
RNI013.SG	4.505	-0.01835915088927137	84	0.010672711700175874
RNI013.SG	4.515	-0.04421052631578948	76	0.010600221186071363
RNI013.SG	4.5249999999999995	0.02298221614227086	86	0.010528129430204033
RNI013.SG	4.534999999999999	0.027538726333907054	84	0.010456434239071279
RNI013.SG	4.545	-0.02402001668056714	110	0.010385133431236579
RNI013.SG	4.555	-0.02272249105827898	98	0.010314224837263157
RNI013.SG	4.5649999999999995	0.004232057838123788	107	0.010243706299647912
RNI013.SG	4.574999999999999	0.022765885151206252	109	0.01017357567275582
RNI013.SG	4.585	-0.016483516483516484	105	0.010103830822754638
RNI013.SG	4.595	-0.018935409215232485	98	0.010034469627549992
RNI013.SG	4.6049999999999995	0.042105263157894736	96	0.009965489976720785
RNI013.SG	4.614999999999999	-0.05921052631578947	96	0.00989688977145498
RNI013.SG	4.625	0.011485148514851487	101	0.00982866692448578
RNI013.SG	4.635	-0.017472335468841003	102	0.00976081936002808
RNI013.SG	4.645	-0.013069454817027634	104	0.00969334501371533
RNI013.SG	4.654999999999999	-0.03697478991596639	85	0.009626241832536712
RNI013.SG	4.665	-0.007121492664862552	119	0.009559507774774673
RNI013.SG	4.675	-0.03216461891918889	142	0.00949314080994283
RNI013.SG	4.685	-0.02553191489361702	141	0.009427138918724135
RNI013.SG	4.694999999999999	0.010155610155610157	111	0.0093615000929095
RNI013.SG	4.705	-0.009696969696969697	100	0.009296222335336621
RNI013.SG	4.715	-0.024054982817869414	97	0.0092313036598293
RNI013.SG	4.725	0.03891891891891892	75	0.009166742091136921
RNI013.SG	4.734999999999999	-0.07314524555903866	88	0.009102535664874416
RNI013.SG	4.745	0.0200475705062861	109	0.009038682427462452
RNI013.SG	4.755	-0.015444015444015443	112	0.008975180436068037
RNI013.SG	4.765	0.01227722772277228	101	0.008912027758545358
RNI013.SG	4.7749999999999995	-0.035847647498132934	104	0.008849222473377025
RNI013.SG	4.784999999999999	-0.010983981693363846	115	0.008786762669615597
RNI013.SG	4.795	-0.018286311389759665	88	0.008724646446825413
RNI013.SG	4.805	0.04349237260629665	79	0.008662871915024831
RNI013.SG	4.8149999999999995	0.03312392918332382	103	0.008601437194628645
RNI013.SG	4.824999999999999	-0.00364741641337386	141	0.008540340416390962
RNI013.SG	4.835	-0.03769274700171331	103	0.008479579721348275
RNI013.SG	4.845	0.039775910364145656	120	0.008419153260762955
RNI013.SG	4.8549999999999995	0.0	80	0.008359059196066937
RNI013.SG	4.864999999999999	-0.010526315789473684	96	0.008299295698805846
RNI013.SG	4.875	-0.016989466530750934	109	0.008239860950583294
RNI013.SG	4.885	-0.011202389843166542	104	0.008180753143005627
RNI013.SG	4.895	-0.018041237113402064	97	0.008121970477626833
RNI013.SG	4.904999999999999	-0.017383746197305518	118	0.008063511165893858
RNI013.SG	4.915	-0.01611721611721612	105	0.008005373429092194
RNI013.SG	4.925	-0.017510259917920656	86	0.007947555498291736
RNI013.SG	4.935	-0.016806722689075633	85	0.007890055614292969
RNI013.SG	4.944999999999999	0.006988934187536403	102	0.007832872027573434
RNI013.SG	4.955	0.028732284993205202	102	0.007776002998234515
RNI013.SG	4.965	-0.00862533692722372	106	0.00771944679594848
RNI013.SG	4.975	0.022188905547226388	116	0.007663201699905857
RNI013.SG	4.984999999999999	-0.02710027100271003	82	0.0076072659987630326
RNI013.SG	4.995	-0.02249913464866736	108	0.007551637990590233
RNI013.SG	5.005	-0.03575076608784474	89	0.007496315982819709
RNI013.SG	5.015	-0.00549073438572409	94	0.007441298292194247
RNI013.SG	5.0249999999999995	-0.013591573224600749	109	0.007386583244715939
RNI013.SG	5.034999999999999	-0.02284527518172378	108	0.007332169175595279
RNI013.SG	5.045	0.0201028517999065	93	0.007278054429200469
RNI013.SG	5.055	-0.05120167189132706	88	0.007224237359007086
RNI013.SG	5.0649999999999995	-0.03845193508114856	90	0.007170716327547963
RNI013.SG	5.074999999999999	-0.040740740740740744	81	0.007117489706363351
RNI013.SG	5.085	-0.051574212893553226	116	0.0070645558759513845
RNI013.SG	5.095	-0.026582278481012658	80	0.007011913225718834
RNI013.SG	5.1049999999999995	-0.030421555845284658	118	0.006959560153932058
RNI013.SG	5.114999999999999	-0.008958566629339306	95	0.00690749506766828
RNI013.SG	5.125	-0.023872679045092837	117	0.006855716382767127
RNI013.SG	5.135	-0.0219435736677116	88	0.006804222523782443
RNI013.SG	5.145	0.06347469220246238	86	0.0067530119239343316
RNI013.SG	5.154999999999999	-0.00533028745478774	103	0.006702083025061485
RNI013.SG	5.165	-0.005471956224350205	86	0.006651434277573774
RNI013.SG	5.175	0.012658227848101266	80	0.006601064140405132
RNI013.SG	5.185	-0.011494252873563218	88	0.00655097108096662
RNI013.SG	5.194999999999999	-0.05534591194968553	106	0.006501153575099823
RNI013.SG	5.205	-0.020973782771535582	90	0.006451610107030459
RNI013.SG	5.215	-0.020066889632107024	92	0.0064023391693222905
RNI013.SG	5.225	-0.015170670037926675	113	0.006353339262831206
RNI013.SG	5.234999999999999	0.012422360248447206	92	0.006304608896659647
RNI013.SG	5.245	0.0007610350076103531	73	0.006256146588111237
RNI013.SG	5.255	-0.008600095556617296	92	0.006207950862645676
RNI013.SG	5.265	-0.023525018670649735	104	0.0061600202538338415
RNI013.SG	5.2749999999999995	0.02477793361383824	93	0.006112353303313205
RNI013.SG	5.284999999999999	-0.025083986562150055	95	0.0060649485607434505
RNI013.SG	5.295	0.030199039121482498	94	0.00601780458376233
RNI013.SG	5.305	-0.018386108273748723	89	0.005970919937941811
RNI013.SG	5.3149999999999995	0.05958485958485959	91	0.0059242931967443905
RNI013.SG	5.324999999999999	-0.030495049504950494	101	0.005877922941479713
RNI013.SG	5.335	0.009292929292929292	100	0.005831807761261416
RNI013.SG	5.345	0.010256410256410255	91	0.0057859462529641775
RNI013.SG	5.3549999999999995	-0.02327631810968083	107	0.005740337021181038
RNI013.SG	5.364999999999999	0.03506311360448808	93	0.005694978678180926
RNI013.SG	5.375	0.07580477673935618	108	0.005649869843866468
RNI013.SG	5.385	-0.028946178199909543	67	0.0056050091457319606
RNI013.SG	5.395	-0.031578947368421054	96	0.005560395218821637
RNI013.SG	5.404999999999999	0.11570568821588043	102	0.005516026705688111
RNI013.SG	5.415	0.02596053997923157	108	0.005471902256351099
RNI013.SG	5.425	0.025078369905956112	88	0.0054280205282563315
RNI013.SG	5.435	0.08625840179238238	104	0.005384380186234708
RNI013.SG	5.444999999999999	0.02653854953099977	94	0.005340979902461664
RNI013.SG	5.455	0.0752405949256343	127	0.005297818356416781
RNI013.SG	5.465	0.038201586835145455	83	0.005254894234843606
RNI013.SG	5.475	0.0151426907396622	102	0.0052122062317096814
RNI013.SG	5.484999999999999	-0.019138755980861243	77	0.005169753048166838
RNI013.SG	5.495	0.015049504950495049	101	0.005127533392511622
RNI013.SG	5.505	-0.009691934925579786	108	0.005085545980146057
RNI013.SG	5.515	0.005128205128205127	105	0.005043789533538498
RNI013.SG	5.5249999999999995	0.09063657203315112	107	0.005002262782184814
RNI013.SG	5.534999999999999	0.038521836506159014	95	0.004960964462569684
RNI013.SG	5.545	-0.015789473684210527	96	0.004919893318128187
RNI013.SG	5.555	-0.018648018648018648	78	0.004879048099207552
RNI013.SG	5.5649999999999995	0.04177215189873418	80	0.0048384275630291435
RNI013.SG	5.574999999999999	-0.014105201292976785	83	0.004798030473650634
RNI013.SG	5.585	-0.05642080517190714	83	0.004757855601928422
RNI013.SG	5.595	0.011802779364172853	103	0.004717901725480211
RNI013.SG	5.6049999999999995	0.032883350640359986	108	0.004678167628647829
RNI013.SG	5.614999999999999	-0.05855855855855856	112	0.004638652102460238
RNI013.SG	5.625	-0.014781634938409855	95	0.004599353944596743
RNI013.SG	5.635	0.054746651135701804	102	0.004560271959350428
RNI013.SG	5.645	0.02909090909090909	100	0.0045214049575917434
RNI013.SG	5.654999999999999	0.07441860465116279	86	0.004482751756732357
RNI013.SG	5.665	0.028137726767863754	74	0.004444311180689145
RNI013.SG	5.675	0.0011648223645894004	102	0.004406082059848437
RNI013.SG	5.685	0.0019036740909956207	103	0.0043680632310304016
RNI013.SG	5.694999999999999	-0.02560083594566353	88	0.0043302535374536676
RNI013.SG	5.705	0.06151742993848257	77	0.004292651828700122
RNI013.SG	5.715	-0.006438631790744467	71	0.004255256960679922
RNI013.SG	5.725	-0.018806935057302382	83	0.004218067795596659
RNI013.SG	5.734999999999999	0.029792429792429794	91	0.004181083201912763
RNI013.SG	5.745	-0.011204481792717087	85	0.00414430205431505
RNI013.SG	5.755	-0.018518518518518517	81	0.004107723233680511
RNI013.SG	5.765	0.005733397037744865	92	0.004071345627042243
RNI013.SG	5.7749999999999995	0.10526315789473685	57	0.004035168127555586
RNI013.SG	5.784999999999999	-0.04179728317659352	88	0.003999189634464443
RNI013.SG	5.795	-0.012811713566689545	94	0.003963409053067794
RNI013.SG	5.805	-0.025237817899437	102	0.003927825294686405
RNI013.SG	5.8149999999999995	0.0085420306736556	102	0.003892437276629661
RNI013.SG	5.824999999999999	0.039597533268419347	79	0.0038572439221626563
RNI013.SG	5.835	0.029403902699812884	87	0.003822244160473423
RNI013.SG	5.845	0.03888888888888889	81	0.0037874369266403638
RNI013.SG	5.8549999999999995	0.07594936708860758	79	0.0037528211615998216
RNI013.SG	5.864999999999999	0.020132692747654998	94	0.003718395812113876
RNI013.SG	5.875	0.013958125623130608	119	0.003684159830738294
RNI013.SG	5.885	-0.015865751334858888	115	0.0036501121757906677
RNI013.SG	5.895	-0.014754416618132402	102	0.0036162518113186924
RNI013.SG	5.904999999999999	-0.023525018670649735	104	0.0035825777070686853
RNI013.SG	5.915	-0.018018018018018018	112	0.003549088838454195
RNI013.SG	5.925	-0.015148327372185988	98	0.0035157841865248725
RNI013.SG	5.935	-0.02879811930649427	83	0.003482662737935425
RNI013.SG	5.944999999999999	0.025225225225225224	75	0.0034497234849148162
RNI013.SG	5.955	-0.0091324200913242	73	0.0034169654252355773
RNI013.SG	5.965	0.06460044809559372	104	0.0033843875621833463
RNI013.SG	5.975	-0.025637373593505198	119	0.003351988904526502
RNI013.SG	5.984999999999999	0.013885778275475925	95	0.0033197684664860315
RNI013.SG	5.995	0.007833436404864978	99	0.0032877252677055214
RNI013.SG	6.005	-0.061287027579162406	89	0.003255858333221349
RNI013.SG	6.015	-0.013157894736842105	96	0.003224166693432988
RNI013.SG	6.0249999999999995	-0.057692307692307696	65	0.0031926493840735318
RNI013.SG	6.035	-0.01984126984126984	64	0.0031613054461803515
RNI013.SG	6.045	-0.038435140700068635	94	0.003130133926065893
RNI013.SG	6.055	-0.01564537157757497	118	0.0030991338752887
RNI013.SG	6.0649999999999995	-0.0032725572697522207	93	0.0030683043506245186
RNI013.SG	6.074999999999999	0.0716651610960554	82	0.003037644414037623
RNI013.SG	6.085	-0.029618659755646058	74	0.003007153132652256
RNI013.SG	6.095	0.02828282828282828	100	0.0029768295787242715
RNI013.SG	6.1049999999999995	-0.032400589101620025	98	0.002946672829612872
RNI013.SG	6.114999999999999	0.057503506311360454	93	0.0029166819677525642
RNI013.SG	6.125	-0.005584192439862541	97	0.002886856080625219
RNI013.SG	6.135	-0.022756005056890013	113	0.0028571942607323333
RNI013.SG	6.145	0.05043859649122807	96	0.0028276956055673873
RNI013.SG	6.154999999999999	0.04492670854749667	103	0.002798359217588408
RNI013.SG	6.165	-0.0314502038439138	102	0.0027691842041906423
RNI013.SG	6.175	0.02243502051983584	86	0.0027401696776794163
RNI013.SG	6.185	-0.0065520065520065516	111	0.002711314755243118
RNI013.SG	6.194999999999999	-0.016783216783216783	66	0.0026826185589263253
RNI013.SG	6.205	0.06785225718194254	86	0.002654080215603103
RNI013.SG	6.215	-0.013706453455168476	103	0.0026256988569504486
RNI013.SG	6.225	0.12387612387612387	78	0.0025974736194218496
RNI013.SG	6.234999999999999	0.05656565656565656	100	0.002569403644221017
RNI013.SG	6.245	0.20027359781121754	86	0.0025414880772757623
RNI013.SG	6.255	0.005617977528089887	89	0.002513726069212008
RNI013.SG	6.265	0.002961865975564606	74	0.002486116775327937
RNI013.SG	6.2749999999999995	-0.029453015427769985	93	0.0024586593555682924
RNI013.SG	6.285	-0.0057110222729868645	103	0.0024313529744988314
RNI013.SG	6.295	-0.039417693169092945	95	0.00240419680128089
RNI013.SG	6.305	-0.054179342314935534	118	0.002377190009646111
RNI013.SG	6.3149999999999995	-0.021978021978021976	105	0.0023503317778712945
RNI013.SG	6.324999999999999	-0.06273338312173264	104	0.002323621288753418
RNI013.SG	6.335	0.011990830541350733	107	0.0022970577295847393
RNI013.SG	6.345	0.09816849816849818	91	0.0022706402921281016
RNI013.SG	6.3549999999999995	0.027848101265822787	80	0.002244368172592314
RNI013.SG	6.364999999999999	0.003931203931203931	111	0.0022182405716077163
RNI013.SG	6.375	-0.0005107252298263546	89	0.0021922566942018354
RNI013.SG	6.385	0.0636193531141406	87	0.0021664157497752246
RNI013.SG	6.395	0.2101656196459166	103	0.0021407169520773844
RNI013.SG	6.404999999999999	0.08301158301158303	112	0.0021151595191828483
RNI013.SG	6.415	-0.018015012510425355	110	0.0020897426734673877
RNI013.SG	6.425	0.016696481812760885	130	0.0020644656415843656
RNI013.SG	6.435	-0.03706245710363761	94	0.0020393276544411914
RNI013.SG	6.444999999999999	0.00246870040557221	107	0.0020143279471759178
RNI013.SG	6.455	0.06447368421052632	96	0.001989465759133988
RNI013.SG	6.465	0.06583072100313479	88	0.001964740333845067
RNI013.SG	6.475	0.017999307718933887	108	0.001940150919000049
RNI013.SG	6.484999999999999	0.003980099502487561	135	0.0019156967664281425
RNI013.SG	6.495	-0.01657334826427772	95	0.0018913771320741286
RNI013.SG	6.505	-0.01725067385444744	106	0.0018671912759757087
RNI013.SG	6.515	0.014981273408239702	90	0.0018431384622409944
RNI013.SG	6.5249999999999995	0.0015802781289506937	113	0.0018192179590261121
RNI013.SG	6.535	0.041640898783755924	99	0.0017954290385129427
RNI013.SG	6.545	0.03881401617250674	106	0.0017717709768869778
RNI013.SG	6.555	0.014629049111807735	88	0.0017482430543152836
RNI013.SG	6.5649999999999995	-0.02180685358255452	108	0.0017248445549246099
RNI013.SG	6.574999999999999	0.0	92	0.001701574766779609
RNI013.SG	6.585	-0.018648018648018648	78	0.0016784329818611654
RNI013.SG	6.595	-0.006718924972004479	95	0.0016554184960448641
RNI013.SG	6.6049999999999995	0.002818555490311217	131	0.0016325306090795634
RNI013.SG	6.614999999999999	0.012877263581488935	71	0.0016097686245660774
RNI013.SG	6.625	-0.02397003745318352	90	0.0015871318499360017
RNI013.SG	6.635	0.07392607392607393	78	0.001564619596430635
RNI013.SG	6.645	-0.04170008019246191	87	0.0015422311790800254
RNI013.SG	6.654999999999999	-0.026180458158017766	93	0.0015199659166821177
RNI013.SG	6.665	-0.042710153368278	102	0.0014978231317820446
RNI013.SG	6.675	-0.00404040404040404	100	0.0014758021506515013
RNI013.SG	6.685	-0.001791713325867861	95	0.0014539023032682538
RNI013.SG	6.694999999999999	-0.00599250936329588	90	0.0014321229232957407
RNI013.SG	6.705	-0.011648223645894	102	0.001410463348062815
RNI013.SG	6.715	-0.018175916910094125	79	0.0013889229185435692
RNI013.SG	6.725	-0.0050475635798874	102	0.0013675009793372916
RNI013.SG	6.734999999999999	-0.02311111111111111	126	0.0013461968786485112
RNI013.SG	6.745	-0.024623803009575927	86	0.0013250099682671859
RNI013.SG	6.755	-0.036036036036036036	111	0.0013039396035489674
RNI013.SG	6.765	-0.021384656508954825	87	0.0012829851433955814
RNI013.SG	6.7749999999999995	-0.010256410256410256	91	0.0012621459502353358
RNI013.SG	6.785	-0.04297924297924298	91	0.0012414213900037068
RNI013.SG	6.795	-0.043945068664169785	90	0.0012208108321240638
RNI013.SG	6.805	-0.026265389876880985	86	0.0012003136494884636
RNI013.SG	6.8149999999999995	0.01671891327063741	88	0.001179929218438586
RNI013.SG	6.824999999999999	-0.011896591169068863	94	0.0011596569187467451
RNI013.SG	6.835	-0.04276931301790965	87	0.00113949613359703
RNI013.SG	6.845	-0.03085553997194951	93	0.0011194462495665285
RNI013.SG	6.8549999999999995	-0.024737167594310452	99	0.0010995066566066671
RNI013.SG	6.864999999999999	0.002631578947368421	96	0.001079676748024643
RNI013.SG	6.875	-0.008791208791208791	91	0.001059955920464979
RNI013.SG	6.885	-0.005192107995846314	108	0.0010403435738911434
RNI013.SG	6.895	0.016079158936301793	99	0.0010208391115673187
RNI013.SG	6.904999999999999	-0.013445378151260505	120	0.0010014419400402202
RNI013.SG	6.915	-0.01025494943740208	119	0.000982151469121056
RNI013.SG	6.925	0.023500309214594926	99	0.0009629671118675685
RNI013.SG	6.935	0.016575559865984836	107	0.0009438882845661635
RNI013.SG	6.944999999999999	0.029221882432891606	109	0.0009249144067141604
RNI013.SG	6.955	-0.019789734075448363	99	0.0009060449010021292
RNI013.SG	6.965	-0.016563146997929604	70	0.0008872791932963264
RNI013.SG	6.975	-0.025974025974025972	99	0.0008686167126212125
RNI013.SG	6.984999999999999	-0.006722689075630252	85	0.000850056891142099
RNI013.SG	6.995	-0.007836990595611285	88	0.000831599164147853
RNI013.SG	7.005	-0.006486486486486486	75	0.0008132429700337331
RNI013.SG	7.015	-0.00564274378416505	107	0.0007949877502842809
RNI013.SG	7.0249999999999995	-0.006835269993164729	77	0.0007768329494563507
RNI013.SG	7.035	-0.012368583797155226	99	0.0007587780151621843
RNI013.SG	7.045	-0.02403846153846154	65	0.0007408223980526277
RNI013.SG	7.055	-0.02188782489740082	86	0.0007229655518003974
RNI013.SG	7.0649999999999995	0.04035789072910718	103	0.0007052069330834698
RNI013.SG	7.074999999999999	-0.014652014652014652	91	0.0006875460015685407
RNI013.SG	7.085	-0.013186813186813187	105	0.0006699822198945929
RNI013.SG	7.095	-0.007920792079207921	101	0.0006525150536565421
RNI013.SG	7.1049999999999995	0.024076607387140903	86	0.0006351439713889778
RNI013.SG	7.114999999999999	-0.005049442457395329	98	0.0006178684445499894
RNI013.SG	7.125	0.027771933515674314	98	0.0006006879475050882
RNI013.SG	7.135	-0.008421052631578947	76	0.0005836019575112183
RNI013.SG	7.145	-0.038834951456310676	104	0.0005666099547008401
RNI013.SG	7.154999999999999	-0.037383177570093455	108	0.0005497114220661173
RNI013.SG	7.165	0.0	92	0.0005329058454431939
RNI013.SG	7.175	-0.012519561815336462	72	0.0005161927134965426
RNI013.SG	7.185	-0.053536821705426355	129	0.0004995715177034022
RNI013.SG	7.194999999999999	-0.018812989921612542	95	0.00048304175233831624
RNI013.SG	7.205	-0.041025641025641026	105	0.0004666029144577335
RNI013.SG	7.215	0.0013726835964310222	94	0.00045025450388472017
RNI013.SG	7.225	-0.019221967963386724	115	0.00043399602319372415
RNI013.SG	7.234999999999999	-0.015444015444015443	112	0.0004178269776954546
RNI013.SG	7.245	-0.023076923076923075	105	0.0004017468754218159
RNI013.SG	7.255	0.013852048334806955	117	0.00038575522711095656
RNI013.SG	7.265	-0.018808777429467086	88	0.0003698515461923709
RNI013.SG	7.2749999999999995	-0.03333333333333333	81	0.0003540353487720884
RNI013.SG	7.285	-0.007128712871287128	101	0.00033830615361796646
RNI013.SG	7.295	-0.030642954856361152	86	0.0003226634821450391
RNI013.SG	7.305	-0.026265389876880985	86	0.0003071068584009529
RNI013.SG	7.3149999999999995	0.031626235399820304	106	0.00029163580905149956
RNI013.SG	7.324999999999999	-0.01136124552913949	98	0.00027624986336618725
RNI013.SG	7.335	-0.015746124031007752	129	0.0002609485532039462
RNI013.SG	7.345	-0.016666666666666666	81	0.00024573141299886764
RNI013.SG	7.3549999999999995	-0.020850040096230954	87	0.00023059797974604593
RNI013.SG	7.364999999999999	0.05326460481099656	97	0.00021554779298748553
RNI013.SG	7.375	-0.028379387602688575	104	0.0002005803947980958
RNI013.SG	7.385	-0.024242424242424242	100	0.00018569532977175465
RNI013.SG	7.395	-0.031061929722384002	102	0.00017089214500745544
RNI013.SG	7.404999999999999	-0.03845193508114856	90	0.00015617039009551857
RNI013.SG	7.415	0.019822282980177717	77	0.0001415296171038984
RNI013.SG	7.425	-0.012461059190031152	108	0.00012696938056454754
RNI013.SG	7.435	-0.01754385964912281	96	0.00011248923745986374
RNI013.SG	7.444999999999999	0.008073280546498992	114	9.808874720921125e-05
RNI013.SG	7.455	-0.012698412698412698	126	8.376747165551174e-05
RNI013.SG	7.465	0.07339449541284404	110	6.952497505192598e-05
RNI013.SG	7.475	0.044165238911098414	103	5.536082404857239e-05
RNI013.SG	7.484999999999999	0.06534727408513816	104	4.1274587679361336e-05
RNI013.SG	7.495	-0.022123893805309734	113	2.7265837348875843e-05
RNI013.SG	7.505	-0.011754334410813987	83	1.3334146819330827e-05
RNI013.SG	7.515	-0.025247212286976645	98	-5.209078023965703e-07
RNI013.SG	7.5249999999999995	-0.02103934357248054	98	-1.4299748077661184e-05
RNI013.SG	7.535	-0.020066889632107024	92	-2.8002793248888512e-05
RNI013.SG	7.545	-0.02566158781074579	87	-4.1630460252304984e-05
RNI013.SG	7.555	-0.0074682598954443615	104	-5.518316373065652e-05
RNI013.SG	7.5649999999999995	-0.025965595585848752	79	-6.866131604579872e-05
RNI013.SG	7.574999999999999	-0.016472203157172273	94	-8.206532729125625e-05
RNI013.SG	7.585	0.07279612876078266	98	-9.539560530469771e-05
RNI013.SG	7.595	0.01747815230961298	90	-0.0001086525556803445
RNI013.SG	7.6049999999999995	-0.02150023889154324	92	-0.00012183658178131079
RNI013.SG	7.614999999999999	-0.009623095429029671	87	-0.00013494808475187975
RNI013.SG	7.625	0.039738195418419824	93	-0.00014798746352970467
RNI013.SG	7.635	0.07298245614035088	76	-0.00016095511485794993
RNI013.SG	7.645	-0.0121765601217656	73	-0.00017385143329735984
RNI013.SG	7.654999999999999	-0.015984015984015984	78	-0.00018667681123827207
RNI013.SG	7.665	-0.006464646464646465	100	-0.00019943163891254691
RNI013.SG	7.675	0.02866698518872432	92	-0.00021211630440543623
RNI013.SG	7.685	0.023564064801178203	98	-0.00022473119366741429
RNI013.SG	7.694999999999999	0.10526315789473685	95	-0.00023727669052589582
RNI013.SG	7.705	-0.016472203157172273	94	-0.00024975317669692805
RNI013.SG	7.715	-0.013104013104013103	111	-0.0002621610317968021
RNI013.SG	7.725	0.0210224558050645	92	-0.00027450063335360264
RNI013.SG	7.734999999999999	-0.01791713325867861	95	-0.0002867723568186946
RNI013.SG	7.745	0.032017543859649125	96	-0.0002989765755781492
RNI013.SG	7.755	-0.0219435736677116	88	-0.0003111136609641016
RNI013.SG	7.765	0.0665807560137457	97	-0.0003231839822660514
RNI013.SG	7.7749999999999995	-0.015229392727964974	103	-0.0003351879067420966
RNI013.SG	7.785	0.0050632911392405056	80	-0.00034712579963011624
RNI013.SG	7.795	-0.0073145245559038665	88	-0.0003589980241588643
RNI013.SG	7.805	-0.0037974683544303796	80	-0.00037080494155904663
RNI013.SG	7.8149999999999995	-0.0365296803652968	73	-0.00038254691107429207
RNI013.SG	7.825	-0.014981273408239699	90	-0.0003942242899720918
RNI013.SG	7.835	0.009122807017543859	76	-0.0004058374335546679
RNI013.SG	7.845	0.14916495081217113	94	-0.00041738669516978464
RNI013.SG	7.8549999999999995	-0.04938271604938271	81	-0.00042887242622149805
RNI013.SG	7.864999999999999	-0.044444444444444446	91	-0.00044029497618085006
RNI013.SG	7.875	0.03221649484536082	97	-0.00045165469259650067
RNI013.SG	7.885	0.035750766087844735	89	-0.0004629519211053019
RNI013.SG	7.895	0.019780807270783216	87	-0.0004741870054428155
RNI013.SG	7.904999999999999	0.00246870040557221	107	-0.00048536028745376934
RNI013.SG	7.915	0.12539448769198402	98	-0.0004964721071024671
RNI013.SG	7.925	0.11053024645257656	104	-0.0005075228024831141
RNI013.SG	7.935	0.05939463163906339	103	-0.000518512709830127
RNI013.SG	7.944999999999999	-0.014300306435137895	89	-0.0005294421635283464
RNI013.SG	7.955	-0.009623095429029671	87	-0.0005403114961232205
RNI013.SG	7.965	0.00801924619085806	87	-0.0005511210383309178
RNI013.SG	7.975	-0.02821040258595357	83	-0.0005618711190483947
RNI013.SG	7.984999999999999	-0.02807017543859649	96	-0.0005725620653633972
RNI013.SG	7.995	0.024561403508771926	96	-0.0005831942025644236
RNI013.SG	8.005	0.00233754090696587	93	-0.0005937678541506042
RNI013.SG	8.015	-0.03134796238244514	88	-0.0006042833418415606
RNI013.SG	8.025	-0.00881575080811049	83	-0.0006147409855871875
RNI013.SG	8.035	0.06825619448340346	93	-0.0006251411035773876
RNI013.SG	8.045	0.06464646464646465	100	-0.0006354840122517553
RNI013.SG	8.055	0.08974358974358974	105	-0.0006457700263092008
RNI013.SG	8.065	0.012958280657395701	113	-0.0006559994587175329
RNI013.SG	8.075	-0.03787081843046497	98	-0.000666172620722973
RNI013.SG	8.084999999999999	0.05714285714285715	91	-0.0006762898218596271
RNI013.SG	8.094999999999999	-0.04525418748163385	83	-0.0006863513699589124
RNI013.SG	8.105	0.0442632498543972	102	-0.0006963575711589117
RNI013.SG	8.115	0.05043859649122807	96	-0.0007063087299136914
RNI013.SG	8.125	-0.02468410226270937	83	-0.0007162051490025713
RNI013.SG	8.135	-0.007815154604145433	109	-0.0007260471295393288
RNI013.SG	8.145	-0.02380952380952381	105	-0.000735834970981372
RNI013.SG	8.155	-0.040336134453781515	85	-0.0007455689711388315
RNI013.SG	8.165	0.040229885057471264	88	-0.0007552494261836463
RNI013.SG	8.174999999999999	-0.005824111822946998	102	-0.000764876630658555
RNI013.SG	8.185	-0.06802721088435375	99	-0.0007744508774860704
RNI013.SG	8.195	-0.03865979381443299	97	-0.0007839724579773821
RNI013.SG	8.205	-0.03491447716452125	107	-0.0007934416618412281
RNI013.SG	8.215	0.08273561301084238	110	-0.0008028587771927102
RNI013.SG	8.225	0.01567973311092577	110	-0.0008122240905620534
RNI013.SG	8.235	-0.04381846635367762	72	-0.000821537886903326
RNI013.SG	8.245	-0.029962546816479398	90	-0.0008308004496031174
RNI013.SG	8.254999999999999	-0.011842105263157895	96	-0.0008400120604891491
RNI013.SG	8.265	-0.04300047778308648	92	-0.0008491729998388589
RNI013.SG	8.275	0.05873340143003065	89	-0.0008582835463879206
RNI013.SG	8.285	-0.0022878059940517046	94	-0.000867343977338734
RNI013.SG	8.295	0.015865751334858888	115	-0.0008763545683688528
RNI013.SG	8.305	-0.03870043000477783	92	-0.0008853155936393731
RNI013.SG	8.315	0.05526315789473684	96	-0.0008942273258032809
RNI013.SG	8.325	0.050475635798874	102	-0.0009030900360137396
RNI013.SG	8.334999999999999	-0.00855386260358193	87	-0.0009119039939323452
RNI013.SG	8.344999999999999	-0.026755852842809368	92	-0.0009206694677373292
RNI013.SG	8.355	0.03287128712871287	101	-0.0009293867241317243
RNI013.SG	8.365	0.018018018018018018	112	-0.0009380560283514668
RNI013.SG	8.375	0.029768085842852197	108	-0.000946677644173479
RNI013.SG	8.385	0.04707511249567325	108	-0.000955251833923688
RNI013.SG	8.395	-0.024188129899216124	95	-0.0009637788584850138
RNI013.SG	8.405	0.02484472049689441	92	-0.0009722589773052989
RNI013.SG	8.415	0.008062709966405377	95	-0.0009806924484052075
RNI013.SG	8.424999999999999	0.01734778982485404	110	-0.000989079528386075
RNI013.SG	8.435	0.07191011235955057	90	-0.000997420472437718
RNI013.SG	8.445	0.05307709906199954	94	-0.0010057155343461913
RNI013.SG	8.455	0.10221205186880244	115	-0.001013964966501518
RNI013.SG	8.465	-0.030078050637730825	103	-0.0010221690199053687
RNI013.SG	8.475	-0.033934707903780066	97	-0.0010303279441786905
RNI013.SG	8.485	0.017923823749066467	104	-0.0010384419875693106
RNI013.SG	8.495	0.16120387548958978	99	-0.0010465113969594828
RNI013.SG	8.504999999999999	-0.014969259556268377	87	-0.0010545364178734084
RNI013.SG	8.515	-0.006700758243695993	107	-0.0010625172944846973
RNI013.SG	8.525	0.030495049504950494	101	-0.0010704542696237987
RNI013.SG	8.535	0.020512820512820513	105	-0.0010783475847853954
RNI013.SG	8.545	-0.005346164127238706	87	-0.0010861974801357492
RNI013.SG	8.555	0.058217821782178214	101	-0.0010940041945200051
RNI013.SG	8.565	-0.013769363166953527	84	-0.001101767965469461
RNI013.SG	8.575	0.08478038815117467	89	-0.0011094890292087944
RNI013.SG	8.584999999999999	0.03809523809523809	70	-0.0011171676206632518
RNI013.SG	8.595	-0.03368421052631579	76	-0.0011248039734657947
RNI013.SG	8.605	-0.020768431983385256	108	-0.0011323983199642046
RNI013.SG	8.615	0.037296037296037296	78	-0.0011399508912281636
RNI013.SG	8.625	0.03343782654127482	88	-0.001147461917056273
RNI013.SG	8.635	-0.02314327792972859	98	-0.0011549316259830517
RNI013.SG	8.645	-0.0027722772277227747	101	-0.0011623602452858874
RNI013.SG	8.655	0.04918032786885245	61	-0.0011697480009919552
RNI013.SG	8.665	0.1080669710806697	73	-0.0011770951178850905
RNI013.SG	8.674999999999999	0.03299798792756539	71	-0.0011844018195126288
RNI013.SG	8.685	-0.031481481481481485	81	-0.0011916683281922148
RNI013.SG	8.695	0.07527853056308341	82	-0.0011988948650185527
RNI013.SG	8.705	0.031578947368421054	96	-0.0012060816498701483
RNI013.SG	8.715	0.06464646464646465	100	-0.0012132289014159866
RNI013.SG	8.725	-0.04114017043784896	83	-0.0012203368371221971
RNI013.SG	8.735	0.027115474520804116	93	-0.0012274056732586606
RNI013.SG	8.745	0.009817671809256663	93	-0.001234435624905593
RNI013.SG	8.754999999999999	-0.006102212051868806	115	-0.0012414269059600933
RNI013.SG	8.765	-0.011684518013631937	79	-0.0012483797291426455
RNI013.SG	8.775	-0.009259259259259255	81	-0.001255294306003592
RNI013.SG	8.785	-0.04089581304771178	79	-0.0012621708469295748
RNI013.SG	8.795	-0.0020614306328592086	99	-0.0012690095611499325
RNI013.SG	8.805	0.007166746297181077	92	-0.0012758106567430706
RNI013.SG	8.815	0.0661512027491409	97	-0.0012825743406427875
RNI013.SG	8.825	-0.02378525314305131	109	-0.0012893008186445724
RNI013.SG	8.834999999999999	-0.03220035778175313	130	-0.0012959902954118726
RNI013.SG	8.845	-0.032158317872603585	99	-0.0013026429744823094
RNI013.SG	8.855	0.02772277227722772	101	-0.0013092590582738826
RNI013.SG	8.865	0.029509183980728694	82	-0.0013158387480911196
RNI013.SG	8.875	0.029618659755646058	74	-0.001322382244131211
RNI013.SG	8.885	0.04185692541856925	73	-0.0013288897454900922
RNI013.SG	8.895	-0.034482758620689655	88	-0.0013353614501685044
RNI013.SG	8.905	-0.0029962546816479393	90	-0.0013417975550780235
RNI013.SG	8.915	0.040246673158065564	79	-0.0013481982560470441
RNI013.SG	8.924999999999999	-0.04543979227523531	79	-0.0013545637478267428
RNI013.SG	8.935	0.00819252432155658	63	-0.0013608942240970034
RNI013.SG	8.945	-0.05617283950617284	81	-0.0013671898774723042
RNI013.SG	8.955	0.05092186128182616	68	-0.0013734508995075906
RNI013.SG	8.965	-0.047593865679534636	62	-0.0013796774807040915
RNI013.SG	8.975	-0.010810810810810808	75	-0.0013858698105151208
RNI013.SG	8.985	-0.02089864158829676	88	-0.0013920280773518424
RNI013.SG	8.995	-0.036133694670280034	82	-0.0013981524685890009
RNI013.SG	9.004999999999999	-0.046756282875511396	59	-0.0014042431705706228
RNI013.SG	9.015	0.02976190476190476	64	-0.001410300368615692
RNI013.SG	9.025	0.017763845350052244	88	-0.001416324247023776
RNI013.SG	9.035	-0.025974025974025976	78	-0.0014223149890806464
RNI013.SG	9.045	0.07010710808179163	79	-0.0014282727770638481
RNI013.SG	9.055	-0.0041536863966770525	108	-0.0014341977922482502
RNI013.SG	9.065	-0.024514811031664963	89	-0.001440090214911556
RNI013.SG	9.075	-0.026107226107226107	66	-0.0014459502243397925
RNI013.SG	9.084999999999999	-0.01915184678522572	86	-0.001451777998832763
RNI013.SG	9.095	-0.05507745266781411	84	-0.001457573715709477
RNI013.SG	9.105	-0.006464883925947694	83	-0.0014633375513135364
RNI013.SG	9.115	0.011168384879725083	97	-0.0014690696810185097
RNI013.SG	9.125	0.06091825307950728	95	-0.0014747702792332637
RNI013.SG	9.135	0.07137954701441318	94	-0.0014804395194072716
RNI013.SG	9.145	0.0063740402723453556	118	-0.0014860775740358893
RNI013.SG	9.155	-0.027965043695380776	90	-0.0014916846146656036
RNI013.SG	9.165	-0.023564064801178203	98	-0.0014972608118992562
RNI013.SG	9.174999999999999	-0.004535147392290251	99	-0.0015028063354012274
RNI013.SG	9.185	0.03424657534246575	73	-0.0015083213539026042
RNI013.SG	9.195	-0.018091361374943462	67	-0.0015138060352063083
RNI013.SG	9.205	0.014727540500736375	98	-0.001519260546192211
RNI013.SG	9.215	-0.08253968253968254	91	-0.0015246850528222015
RNI013.SG	9.225	-0.021026592455163882	99	-0.0015300797201452418
RNI013.SG	9.235	-0.014354066985645932	77	-0.001535444712302385
RNI013.SG	9.245	0.045875251509054325	71	-0.001540780192531775
RNI013.SG	9.254999999999999	-0.02107111501316945	68	-0.0015460863231736078
RNI013.SG	9.265	-0.0321285140562249	84	-0.0015513632656750736
RNI013.SG	9.275	0.01736465781409602	89	-0.0015566111805952667
RNI013.SG	9.285	0.0667578659370725	86	-0.001561830227610075
RNI013.SG	9.295	-0.02408912978018669	82	-0.001567020565517034
RNI013.SG	9.305	-0.030111412225233364	82	-0.0015721823522401633
RNI013.SG	9.315	-0.032175689479060264	89	-0.0015773157448347652
RNI013.SG	9.325	-0.012962962962962963	81	-0.001582420899492211
RNI013.SG	9.334999999999999	0.01227722772277228	101	-0.0015874979715446852
RNI013.SG	9.345	-0.03380281690140845	71	-0.0015925471154699176
RNI013.SG	9.355	-0.022982635342185906	89	-0.0015975684848958834
RNI013.SG	9.365	-0.018633540372670808	92	-0.0016025622326054714
RNI013.SG	9.375	-0.04817825956037338	82	-0.0016075285105411426
RNI013.SG	9.385	-0.0196078431372549	85	-0.0016124674698095435
RNI013.SG	9.395	0.037826961770623745	71	-0.001617379260686113
RNI013.SG	9.405	-0.029548563611491108	86	-0.001622264032619643
RNI013.SG	9.415	0.017977528089887642	90	-0.0016271219342368392
RNI013.SG	9.424999999999999	-0.01603849238171612	87	-0.0016319531133468317
RNI013.SG	9.435	-0.017533606078316773	59	-0.0016367577169456825
RNI013.SG	9.445	-0.025293586269196026	82	-0.001641535891220845
RNI013.SG	9.455	-0.004276931301790965	87	-0.0016462877815556266
RNI013.SG	9.465	-0.056338028169014086	71	-0.001651013532533602
RNI013.SG	9.475	-0.006259780907668234	72	-0.0016557132879430193
RNI013.SG	9.485	-0.037400654511453954	93	-0.001660387190781166
RNI013.SG	9.495	-0.06491885143570536	90	-0.0016650353832587286
RNI013.SG	9.504999999999999	-0.03272557269752221	93	-0.001669658006804117
RNI013.SG	9.515	-0.030690537084398978	69	-0.0016742552020677665
RNI013.SG	9.525	-0.020429009193054137	89	-0.0016788271089264151
RNI013.SG	9.535	-0.045103092783505154	97	-0.0016833738664873644
RNI013.SG	9.545	-0.03801980198019802	101	-0.0016878956130927123
RNI013.SG	9.555	-0.029131652661064426	85	-0.0016923924863235544
RNI013.SG	9.565	0.041448189762796496	90	-0.0016968646230041801
RNI013.SG	9.575	-0.027341079972658916	77	-0.0017013121592062293
RNI013.SG	9.584999999999999	-0.01149110807113543	86	-0.0017057352302528362
RNI013.SG	9.595	-0.0409626216077829	63	-0.001710133970722742
RNI013.SG	9.605	-0.029938519112536754	87	-0.0017145085144543945
RNI013.SG	9.615	0.0324846356453029	68	-0.001718858994550018
RNI013.SG	9.625	-0.03007518796992481	57	-0.0017231855433796663
RNI013.SG	9.635	-0.030758714969241284	77	-0.0017274882925852426
RNI013.SG	9.645	-0.0701344243132671	59	-0.0017317673730845129
RNI013.SG	9.655	-0.07207207207207207	75	-0.0017360229150750874
RNI013.SG	9.665	-0.04091174751607247	59	-0.001740255048038379
RNI013.SG	9.674999999999999	-0.021709633649932156	67	-0.0017444639007435456
RNI013.SG	9.685	-0.01515151515151515	121	-0.0017486496012514073
RNI013.SG	9.695	0.012048192771084338	84	-0.0017528122769183436
RNI013.SG	9.705	-0.07326007326007325	91	-0.0017569520544001654
RNI013.SG	9.715	-0.004215597711532671	82	-0.0017610690596559747
RNI013.SG	9.725	0.025170998632010947	86	-0.0017651634179519904
RNI013.SG	9.735	-0.002664002664002664	78	-0.0017692352538653663
RNI013.SG	9.745	-0.008431195423065342	82	-0.0017732846912879739
RNI013.SG	9.754999999999999	0.0	84	-0.0017773118534301778
RNI013.SG	9.765	0.011228070175438596	76	-0.001781316862824585
RNI013.SG	9.775	-0.009987515605493137	90	-0.0017852998413297686
RNI013.SG	9.785	-0.0029962546816479393	90	-0.0017892609101339777
RNI013.SG	9.795	-0.016722408026755856	92	-0.001793200189758826
RNI013.SG	9.805	-0.014906832298136644	70	-0.0017971178000629592
RNI013.SG	9.815	0.04596527068437181	89	-0.0018010138602456986
RNI013.SG	9.825	-0.03508217446270544	113	-0.0018048884888506706
RNI013.SG	9.834999999999999	-0.018518518518518517	81	-0.0018087418037694121
RNI013.SG	9.845	0.034675286511901264	83	-0.0018125739222449617
RNI013.SG	9.855	0.013596491228070174	96	-0.0018163849608754169
RNI013.SG	9.865	0.010126582278481011	80	-0.001820175035617495
RNI013.SG	9.875	0.0636193531141406	87	-0.001823944261790051
RNI013.SG	9.885	-0.014809329877823029	74	-0.0018276927540775935
RNI013.SG	9.895	0.06451612903225806	93	-0.0018314206265337663
RNI013.SG	9.905	0.012585499316005474	86	-0.0018351279925848257
RNI013.SG	9.915	0.03164556962025317	80	-0.0018388149650330897
RNI013.SG	9.924999999999999	-0.0006491398896462222	79	-0.0018424816560603677
RNI013.SG	9.935	-0.032432432432432434	75	-0.0018461281772313785
RNI013.SG	9.945	-0.026640026640026637	78	-0.0018497546394971366
RNI013.SG	9.955	-0.014848657909765847	103	-0.0018533611531983394
RNI013.SG	9.965	-0.008712871287128714	101	-0.0018569478280687154
RNI013.SG	9.975	-0.013186813186813187	91	-0.0018605147732383665
RNI013.SG	9.985	0.025174825174825173	66	-0.001864062097237088
RNI013.SG	9.995	-0.053708439897698204	69	-0.0018675899079976723
ZKU002.SG	0.025	0.14590950463584332	1395	0.13269127371150305
ZKU002.SG	0.035	0.10655865076816293	1163	0.1310805171164192
ZKU002.SG	0.045	0.08420461238729554	1051	0.1294894374588054
ZKU002.SG	0.05500000000000001	0.0879241306638567	950	0.12791779436598874
ZKU002.SG	0.065	0.10707212285566288	888	0.12636535040167918
ZKU002.SG	0.075	0.11883515245619643	811	0.12483187103009871
ZKU002.SG	0.085	0.11474868129581808	809	0.123317124580549
ZKU002.SG	0.095	0.14076507150437112	771	0.12182088221241155
ZKU002.SG	0.10500000000000001	0.14628866353607387	779	0.12034291788057568
ZKU002.SG	0.115	0.12992088994118423	730	0.11888300830128855
ZKU002.SG	0.125	0.11526089371762245	682	0.1174409329184227
ZKU002.SG	0.135	0.09455928237129485	641	0.11601647387015535
ZKU002.SG	0.145	0.07809889742733044	657	0.11460941595605502
ZKU002.SG	0.155	0.10287146720948422	652	0.11321954660456993
ZKU002.SG	0.16499999999999998	0.1168328351621898	632	0.1118466558409138
ZKU002.SG	0.175	0.08726175834238568	668	0.1104905362553439
ZKU002.SG	0.185	0.10653509588531	656	0.10915098297182649
ZKU002.SG	0.195	0.07438653153654824	657	0.10782779361708518
ZKU002.SG	0.205	0.13169552960128877	573	0.10652076829002735
ZKU002.SG	0.215	0.13738698460009935	550	0.10522970953154408
ZKU002.SG	0.225	0.1992021117043614	633	0.1039544222946789
ZKU002.SG	0.235	0.1524391265263734	599	0.10269471391516112
ZKU002.SG	0.245	0.12638507789423178	517	0.10145039408229894
ZKU002.SG	0.255	0.08950942512586348	585	0.10022127481022833
ZKU002.SG	0.265	0.04633842487271152	544	0.09900717040951296
ZKU002.SG	0.275	0.03475934350832776	602	0.09780789745909114
ZKU002.SG	0.28500000000000003	0.06331344753981719	605	0.09662327477856551
ZKU002.SG	0.29500000000000004	0.05226608187134503	513	0.09545312340083101
ZKU002.SG	0.30500000000000005	0.05958933287892988	485	0.09429726654503763
ZKU002.SG	0.315	0.07474534597822269	585	0.093155529589883
ZKU002.SG	0.325	0.06357615894039735	605	0.09202774004723153
ZKU002.SG	0.335	0.11107007061379685	526	0.09091372753605576
ZKU002.SG	0.34500000000000003	0.0666649123268686	478	0.08981332375669596
ZKU002.SG	0.35500000000000004	0.04392099128941234	495	0.0887263624654342
ZKU002.SG	0.36500000000000005	0.08170392112591254	516	0.08765267944937914
ZKU002.SG	0.375	0.05447429337231969	513	0.08659211250165749
ZKU002.SG	0.385	0.151555801046845	552	0.08554450139690853
ZKU002.SG	0.395	0.07281656053948636	584	0.0845096878670781
ZKU002.SG	0.405	0.07676767676767678	540	0.08348751557750818
ZKU002.SG	0.41500000000000004	0.0990774956102419	553	0.0824778301033186
ZKU002.SG	0.42500000000000004	0.053220505458803975	515	0.08148047890607733
ZKU002.SG	0.43500000000000005	0.06760612386917189	480	0.08049531131075563
ZKU002.SG	0.445	0.16689510233918128	513	0.0795221784829648
ZKU002.SG	0.455	0.06583292563600783	512	0.07856093340647109
ZKU002.SG	0.465	0.07111596544322327	514	0.07761143086098503
ZKU002.SG	0.47500000000000003	0.09482796271870442	479	0.0766735274002224
ZKU002.SG	0.48500000000000004	0.104600744407352	511	0.07574708133023296
ZKU002.SG	0.49500000000000005	0.051202800327697924	464	0.07483195268799409
ZKU002.SG	0.505	0.15221669994194525	532	0.0739280032202657
ZKU002.SG	0.515	0.08816830093425838	518	0.0730350963627038
ZKU002.SG	0.525	0.06681311201522207	509	0.07215309721922886
ZKU002.SG	0.535	0.06682634730538922	501	0.07128187254164636
ZKU002.SG	0.545	0.03869161257477408	486	0.07042129070951646
ZKU002.SG	0.555	0.08624381105312458	424	0.06957122171026917
ZKU002.SG	0.5650000000000001	0.042289253744007466	486	0.06873153711956285
ZKU002.SG	0.5750000000000001	0.07850459941819325	553	0.06790211008188245
ZKU002.SG	0.5850000000000001	0.05925512623796903	536	0.06708281529137472
ZKU002.SG	0.5950000000000001	0.0559347544541286	535	0.0662735289729177
ZKU002.SG	0.605	0.07504230830364739	463	0.06547412886342129
ZKU002.SG	0.615	0.08755669493196608	462	0.06468449419335633
ZKU002.SG	0.625	0.07505153650702334	409	0.06390450566850939
ZKU002.SG	0.635	0.09767718880285885	438	0.06313404545196032
ZKU002.SG	0.645	0.04792099312381744	466	0.06237299714628001
ZKU002.SG	0.655	0.03436780051497493	471	0.06162124577594566
ZKU002.SG	0.665	0.07317762085822922	526	0.060878677769970795
ZKU002.SG	0.675	0.059267480577136517	425	0.06014518094474755
ZKU002.SG	0.685	0.06930518219100132	452	0.05942064448709843
ZKU002.SG	0.6950000000000001	0.05966125534782864	453	0.05870495893753527
ZKU002.SG	0.7050000000000001	0.08370411568409343	465	0.0579980161737226
ZKU002.SG	0.7150000000000001	0.060469304518247786	435	0.057299709394142986
ZKU002.SG	0.725	0.09643605870020965	424	0.056609933101962065
ZKU002.SG	0.735	0.041421491089317725	436	0.05592858308909051
ZKU002.SG	0.745	0.06325268394233911	407	0.055255556420440805
ZKU002.SG	0.755	0.041800920953544936	403	0.054590751418376306
ZKU002.SG	0.765	0.06761133603238867	456	0.05393406764735028
ZKU002.SG	0.775	0.10585446299732014	441	0.05328540589873255
ZKU002.SG	0.785	0.05698670634341784	454	0.05264466817582158
ZKU002.SG	0.795	0.07854362262422716	397	0.05201175767903957
ZKU002.SG	0.805	0.04320379492793286	406	0.05138657879130845
ZKU002.SG	0.8150000000000001	0.11772535100996921	392	0.050769037063604514
ZKU002.SG	0.8250000000000001	0.06897692107811872	412	0.05015903920068951
ZKU002.SG	0.8350000000000001	0.05536618117963021	462	0.04955649304701603
ZKU002.SG	0.8450000000000001	0.05314949808138448	427	0.04896130757280514
ZKU002.SG	0.855	0.07467481054179391	421	0.04837339286029401
ZKU002.SG	0.865	0.07910158377448098	429	0.047792660090151505
ZKU002.SG	0.875	0.059345477321363325	392	0.04721902152805993
ZKU002.SG	0.885	0.07692598329995845	399	0.04665239051146042
ZKU002.SG	0.895	0.10156850596078161	418	0.046092681436460434
ZKU002.SG	0.905	0.03927949110910503	437	0.045539809744901134
ZKU002.SG	0.915	0.07752731212568091	447	0.044993691911582735
ZKU002.SG	0.925	0.07543197652117287	474	0.0444542454316459
ZKU002.SG	0.935	0.04079031230082855	523	0.04392138880810733
ZKU002.SG	0.9450000000000001	0.12508546547194935	472	0.04339504153954759
ZKU002.SG	0.9550000000000001	0.07475836113249507	433	0.04287512410794931
ZKU002.SG	0.9650000000000001	0.03353991207161396	435	0.04236155796668402
ZKU002.SG	0.9750000000000001	0.08524896595609291	449	0.041854265528645684
ZKU002.SG	0.985	0.09272361659343115	464	0.04135317015452924
ZKU002.SG	0.995	0.035474354614882686	467	0.040858196141252225
ZKU002.SG	1.005	0.09687420285305025	452	0.04036926871051804
ZKU002.SG	1.015	0.05980487078275117	464	0.03988631399751867
ZKU002.SG	1.0250000000000001	0.09402251466624385	477	0.03940925903977567
ZKU002.SG	1.0350000000000001	0.049247784315185825	464	0.038938031766117244
ZKU002.SG	1.045	0.0706807074116995	446	0.03847256098579014
ZKU002.SG	1.055	0.07012388631608642	413	0.03801277637770444
ZKU002.SG	1.065	0.022360845532532942	438	0.037558608479809845
ZKU002.SG	1.075	0.013713623486994593	353	0.037109988678601664
ZKU002.SG	1.085	0.012218522489982505	377	0.03666684919875497
ZKU002.SG	1.095	0.03779861221463002	435	0.036229123092885486
ZKU002.SG	1.105	0.011288926776972656	394	0.035796744231435494
ZKU002.SG	1.115	0.04366606791549055	433	0.035369647292683264
ZKU002.SG	1.125	0.03465384321807496	397	0.03494776775287456
ZKU002.SG	1.135	0.02241683550094765	429	0.03453104187647475
ZKU002.SG	1.145	0.02395279376411452	371	0.03411940670653991
ZKU002.SG	1.155	0.07437905485815194	457	0.03371280005520558
ZKU002.SG	1.165	0.0291634494892599	398	0.033311160494291774
ZKU002.SG	1.175	0.03889564160444522	443	0.03291442734602264
ZKU002.SG	1.185	0.0374662184430822	390	0.032522540673859575
ZKU002.SG	1.195	0.013259842244564599	479	0.03213544127344636
ZKU002.SG	1.205	0.04396615676442141	462	0.03175307066366475
ZKU002.SG	1.215	0.0232193506333351	477	0.03137537107779949
ZKU002.SG	1.225	0.03961523600349785	444	0.031002285454811197
ZKU002.SG	1.235	0.0354192959234976	442	0.030633757430715825
ZKU002.SG	1.245	-0.0033328704346618533	380	0.030269731330069483
ZKU002.SG	1.2550000000000001	0.04950294177317915	372	0.02991015215755726
ZKU002.SG	1.2650000000000001	0.05419973936737353	368	0.029554965589684783
ZKU002.SG	1.2750000000000001	0.04832256078793476	361	0.029204117966571276
ZKU002.SG	1.2850000000000001	0.023066997065238494	419	0.028857556283842935
ZKU002.SG	1.2950000000000002	0.03726181326690165	389	0.02851522818462521
ZKU002.SG	1.305	0.04862712700652875	418	0.02817708195163304
ZKU002.SG	1.315	-0.016537248562266453	389	0.027843066499357593
ZKU002.SG	1.325	0.01854495209601352	419	0.027513131366348587
ZKU002.SG	1.335	0.05399310992796743	310	0.027187226707590748
ZKU002.SG	1.345	-0.0003521070405403267	354	0.02686530328697352
ZKU002.SG	1.355	0.02776782688676962	455	0.02654731246985267
ZKU002.SG	1.365	0.008220537169584013	412	0.026233206215702805
ZKU002.SG	1.375	0.00909435392194013	378	0.025922937070859665
ZKU002.SG	1.385	0.019999086799689515	363	0.02561645816135103
ZKU002.SG	1.395	0.024078899627271826	427	0.025313723185815224
ZKU002.SG	1.405	-0.006106606865620148	341	0.025014686408506143
ZKU002.SG	1.415	-0.007390448648431538	387	0.024719302652383708
ZKU002.SG	1.425	0.007246376811594201	369	0.02442752729228871
ZKU002.SG	1.435	-0.01745891401063815	378	0.024139316248201134
ZKU002.SG	1.445	0.01335798199057785	410	0.023854625978580662
ZKU002.SG	1.455	0.0001799138983486484	395	0.023573413473788683
ZKU002.SG	1.465	0.017234766767342632	409	0.023295636249590614
ZKU002.SG	1.475	0.002225970419836379	418	0.02302125234073754
ZKU002.SG	1.485	-0.03127819548872181	400	0.022750220294626342
ZKU002.SG	1.495	-0.02004139307038311	367	0.022482499165037226
ZKU002.SG	1.5050000000000001	0.03391496682231507	313	0.022218048505947764
ZKU002.SG	1.5150000000000001	0.017035834598802604	339	0.021956828365422492
ZKU002.SG	1.5250000000000001	0.043460992907801414	376	0.0216987992795772
ZKU002.SG	1.5350000000000001	-0.018085383879662638	372	0.021443922266616868
ZKU002.SG	1.5450000000000002	0.02568116814692157	365	0.02119215882094651
ZKU002.SG	1.5550000000000002	0.07465119491642493	381	0.020943470907353958
ZKU002.SG	1.565	-0.00034235383825337274	359	0.02069782095526364
ZKU002.SG	1.575	-0.002869277961302501	326	0.0204551718530606
ZKU002.SG	1.585	0.0051870051870051845	297	0.0202154869424839
ZKU002.SG	1.595	0.027062162409594432	331	0.019978730013088426
ZKU002.SG	1.605	-0.00840905242959535	377	0.019744865296774387
ZKU002.SG	1.615	0.000145698258905805	371	0.019513857462383676
ZKU002.SG	1.625	-0.02257679366113101	333	0.019285671610362164
ZKU002.SG	1.635	0.009748377907896821	356	0.01906027326748727
ZKU002.SG	1.645	-0.008806275130182586	390	0.018837628381659925
ZKU002.SG	1.655	0.0578149179820489	360	0.0186177033167601
ZKU002.SG	1.665	0.027398850641434956	322	0.018400464847565266
ZKU002.SG	1.675	0.024049079754601226	326	0.01818588015473086
ZKU002.SG	1.685	-0.005201515072175384	339	0.017973916819832115
ZKU002.SG	1.695	0.00687679083094556	350	0.01776454282046641
ZKU002.SG	1.705	0.022886204704386518	364	0.01755772652541554
ZKU002.SG	1.715	0.03110886417256488	345	0.017353436689866945
ZKU002.SG	1.725	0.05112471505784864	374	0.017151642450693453
ZKU002.SG	1.735	0.013513271963535614	335	0.016952313321790598
ZKU002.SG	1.745	0.028048986963146904	377	0.016755419189470933
ZKU002.SG	1.7550000000000001	-0.0034915160418130353	307	0.0165609303079146
ZKU002.SG	1.7650000000000001	0.012431934321856413	346	0.016368817294675497
ZKU002.SG	1.7750000000000001	-0.0009751340809361313	294	0.016179051126242256
ZKU002.SG	1.7850000000000001	-0.013592148688553065	304	0.01599160313365357
ZKU002.SG	1.7950000000000002	-0.018765935747067822	371	0.015806444998167028
ZKU002.SG	1.8050000000000002	0.03929277305147375	432	0.015623548746980792
ZKU002.SG	1.815	-0.005989304812834225	375	0.015442886749007666
ZKU002.SG	1.825	0.01422808947561423	405	0.015264431710700688
ZKU002.SG	1.835	0.010027855153203341	360	0.015088156671929769
ZKU002.SG	1.845	-0.0037590150797697963	371	0.014914035001908675
ZKU002.SG	1.855	0.0072727272727272745	375	0.014742040395171784
ZKU002.SG	1.865	-0.0242194238399172	341	0.014572146867599976
ZKU002.SG	1.875	-0.044104732476825496	430	0.014404328752495074
ZKU002.SG	1.885	0.024036569491114945	364	0.014238560696702275
ZKU002.SG	1.895	0.055898485468686046	350	0.014074817656779853
ZKU002.SG	1.905	0.06613567701180993	331	0.013913074895215774
ZKU002.SG	1.915	0.027614390664493425	412	0.013753307976690459
ZKU002.SG	1.925	0.03219452139119729	361	0.013595492764385191
ZKU002.SG	1.935	-0.004158659768415865	451	0.013439605416335662
ZKU002.SG	1.945	0.007364513734224202	450	0.013285622381830033
ZKU002.SG	1.955	0.0015808714553897855	349	0.013133520397851012
ZKU002.SG	1.965	-0.024272661881513904	362	0.012983276485561378
ZKU002.SG	1.975	0.0248854325788085	380	0.012834867946832477
ZKU002.SG	1.985	0.0011893025366571215	358	0.012688272360815055
ZKU002.SG	1.995	-0.028251132960538522	389	0.012543467580552055
ZKU002.SG	2.005	0.013054830287206266	384	0.012400431729632762
ZKU002.SG	2.015	0.033676803216888665	346	0.012259143198887785
ZKU002.SG	2.025	0.008997311299101578	391	0.0121195806431245
ZKU002.SG	2.035	-0.0009548818333731188	355	0.011981722977902282
ZKU002.SG	2.045	-0.0018461048778546964	355	0.01184554937634718
ZKU002.SG	2.055	-0.015981005433541844	363	0.011711039266005486
ZKU002.SG	2.065	-0.019293456655977526	389	0.011578172325735782
ZKU002.SG	2.075	-0.004447979262401321	369	0.011446928482638855
ZKU002.SG	2.085	0.04999901421501942	319	0.011317287909025255
ZKU002.SG	2.095	0.0036399373930768412	332	0.011189231019419741
ZKU002.SG	2.105	0.011924119241192408	370	0.011062738467602501
ZKU002.SG	2.115	0.01733469996943051	334	0.01093779114368631
ZKU002.SG	2.125	-0.01733555344610261	359	0.010814370171229595
ZKU002.SG	2.1350000000000002	0.04387464387464387	325	0.010692456904384593
ZKU002.SG	2.145	0.022129371711544416	360	0.010572032925080499
ZKU002.SG	2.1550000000000002	0.046007229707525465	358	0.010453080040240878
ZKU002.SG	2.165	0.010684384188907095	299	0.01033558027903523
ZKU002.SG	2.1750000000000003	0.024919151637799338	318	0.010219515890163948
ZKU002.SG	2.185	0.01939252336448598	321	0.010104869339176618
ZKU002.SG	2.1950000000000003	0.013127470724248528	328	0.009991623305822933
ZKU002.SG	2.205	-0.017538365173817724	310	0.009879760681436088
ZKU002.SG	2.215	-0.018282688185600804	309	0.009769264566348052
ZKU002.SG	2.225	-0.015734265734265736	352	0.009660118267336447
ZKU002.SG	2.235	-0.009012315988000457	398	0.00955230529510265
ZKU002.SG	2.245	-0.022746120127946926	368	0.00944580936178061
ZKU002.SG	2.255	-0.00440169961580541	397	0.009340614378476221
ZKU002.SG	2.265	0.0020118323018430435	343	0.009236704452836631
ZKU002.SG	2.275	-0.014135514018691587	321	0.009134063886649342
ZKU002.SG	2.285	-0.01640933840531066	328	0.009032677173470584
ZKU002.SG	2.295	0.02447730749617542	371	0.008932528996282687
ZKU002.SG	2.305	0.019672131147540985	366	0.008833604225180026
ZKU002.SG	2.315	-0.016961433323452887	349	0.00873588791508331
ZKU002.SG	2.325	0.016917247280283584	405	0.008639365303481729
ZKU002.SG	2.335	-0.00917205293936596	361	0.008544021808202703
ZKU002.SG	2.345	0.021323323882921377	317	0.008449843025208893
ZKU002.SG	2.355	0.046681722153420264	371	0.00835681472642209
ZKU002.SG	2.365	0.0034097871546924547	388	0.008264922857573716
ZKU002.SG	2.375	-0.0002929759027320021	370	0.008174153536081571
ZKU002.SG	2.3850000000000002	-0.003822191644689065	324	0.008084493048952512
ZKU002.SG	2.395	-0.013537244471723527	343	0.007995927850710773
ZKU002.SG	2.4050000000000002	0.016282536406375416	324	0.007908444561351572
ZKU002.SG	2.415	-0.01582771146860405	329	0.007822029964319728
ZKU002.SG	2.4250000000000003	-0.017063633131887666	291	0.007736671004512946
ZKU002.SG	2.435	-0.015288015288015287	297	0.007652354786309559
ZKU002.SG	2.4450000000000003	-0.025275502982509353	315	0.00756906857162027
ZKU002.SG	2.455	-0.019511726259131102	289	0.007486799777963784
ZKU002.SG	2.465	0.03087451261239755	355	0.007405535976565878
ZKU002.SG	2.475	-0.014602803738317755	321	0.007325264890481737
ZKU002.SG	2.485	-0.0034676914827062293	335	0.007245974392741205
ZKU002.SG	2.495	-0.002285212041309603	370	0.007167652504516706
ZKU002.SG	2.505	0.04053781059908868	299	0.007090287393313539
ZKU002.SG	2.515	-0.006071702423986354	358	0.007013867371182267
ZKU002.SG	2.525	-0.023505572441742655	330	0.006938380892952997
ZKU002.SG	2.535	0.0212742863345273	333	0.006863816554491137
ZKU002.SG	2.545	0.004976489028213168	320	0.0067901630909745665
ZKU002.SG	2.555	-0.019422812643151627	296	0.0067174093751917515
ZKU002.SG	2.565	-0.017663817663817666	325	0.006645544415860752
ZKU002.SG	2.575	0.0020090406830738303	363	0.006574557355968654
ZKU002.SG	2.585	-0.013247026945657082	365	0.0065044374711314065
ZKU002.SG	2.595	0.008205553253211768	381	0.006435174167973571
ZKU002.SG	2.605	0.005968141890471988	309	0.00636675698252798
ZKU002.SG	2.615	-0.009023078257851813	340	0.006299175578654847
ZKU002.SG	2.625	-0.00039258986627407596	286	0.006232419746480266
ZKU002.SG	2.6350000000000002	-0.021332139926903856	328	0.006166479400853719
ZKU002.SG	2.645	-0.018523031927857665	374	0.006101344579824508
ZKU002.SG	2.6550000000000002	-0.028778085564789165	361	0.006037005443136694
ZKU002.SG	2.665	-0.01810344827586207	320	0.0059734522707425245
ZKU002.SG	2.6750000000000003	-0.009918740051939346	346	0.005910675461333949
ZKU002.SG	2.685	0.0017853751187084544	325	0.0058486655308921075
ZKU002.SG	2.6950000000000003	-0.012452438602559669	295	0.005787413111254535
ZKU002.SG	2.705	-0.01992718911668902	307	0.005726908948699868
ZKU002.SG	2.715	0.0026702269692923915	322	0.005667143902549816
ZKU002.SG	2.725	0.012531948223266552	312	0.005608108943788244
ZKU002.SG	2.735	0.008729639108783209	318	0.005549795153697129
ZKU002.SG	2.745	-0.02009658825362206	393	0.00549219372250913
ZKU002.SG	2.755	-0.005134497404436055	326	0.005435295948076678
ZKU002.SG	2.765	0.03051693404634581	375	0.005379093234557285
ZKU002.SG	2.775	-0.007168458781362008	342	0.005323577091114926
ZKU002.SG	2.785	-0.01969120608637279	328	0.005268739130637285
ZKU002.SG	2.795	0.004895730358235656	292	0.005214571068468675
ZKU002.SG	2.805	-0.000889547813194962	285	0.005161064721158423
ZKU002.SG	2.815	-0.02199557630867535	313	0.005108212005224561
ZKU002.SG	2.825	-0.005864509605662287	345	0.005056004935932612
ZKU002.SG	2.835	0.00032746623004502545	350	0.00500443562608929
ZKU002.SG	2.845	-0.007138969406225081	398	0.004953496284850945
ZKU002.SG	2.855	0.0036003352984018376	382	0.0049031792165465556
ZKU002.SG	2.865	0.013881658858233559	340	0.004853476819515111
ZKU002.SG	2.875	0.04333275832327066	341	0.004804381584957178
ZKU002.SG	2.8850000000000002	0.015090949921401305	366	0.004755886095800523
ZKU002.SG	2.895	-0.016155179160377887	268	0.0047079830255795565
ZKU002.SG	2.9050000000000002	0.001222373375919244	319	0.004660665137328505
ZKU002.SG	2.915	-0.002189817349325633	284	0.0046139252824880725
ZKU002.SG	2.9250000000000003	-0.02034274753287398	282	0.0045677563998254705
ZKU002.SG	2.935	0.01916909077347654	328	0.004522151514367652
ZKU002.SG	2.9450000000000003	0.004681453515809344	326	0.004477103736347559
ZKU002.SG	2.955	0.039203580799506095	342	0.0044326062601632455
ZKU002.SG	2.965	0.0028784648187633265	336	0.0043886523633497225
ZKU002.SG	2.975	0.025735823690401883	354	0.004345235405563366
ZKU002.SG	2.985	0.003622229909851245	314	0.004302348827578717
ZKU002.SG	2.995	0.02905899911887936	334	0.004259986150297556
ZKU002.SG	3.005	-0.008532226449901996	295	0.004218140973770058
ZKU002.SG	3.015	0.047546697649477165	335	0.0041768069762279335
ZKU002.SG	3.025	-0.0021208907741251345	369	0.004135977913129354
ZKU002.SG	3.035	-0.02545266933641255	404	0.004095647616215559
ZKU002.SG	3.045	-0.018689458689458687	351	0.004055809992578996
ZKU002.SG	3.055	-0.012895329268026138	303	0.004016459023742822
ZKU002.SG	3.065	-0.029384933019637974	354	0.003977588764751661
ZKU002.SG	3.075	-0.020613496932515338	326	0.003939193343273471
ZKU002.SG	3.085	-0.003215434083601286	312	0.0039012669587123877
ZKU002.SG	3.095	-0.004790635663118885	298	0.003863803881332381
ZKU002.SG	3.105	-0.019087280930071143	340	0.003826798451391656
ZKU002.SG	3.115	-0.012001681764323664	324	0.003790245078287585
ZKU002.SG	3.125	-0.01387334974267174	328	0.0037541382397121258
ZKU002.SG	3.1350000000000002	0.004840434513423764	327	0.003718472480817517
ZKU002.SG	3.145	0.0042891732964372205	295	0.003683242413392207
ZKU002.SG	3.1550000000000002	-0.015187470336971999	344	0.00364844271504681
ZKU002.SG	3.165	-0.007388176334586224	394	0.003614068128410042
ZKU002.SG	3.1750000000000003	-0.02434661631720163	348	0.0035801134603344483
ZKU002.SG	3.185	-0.02781322131582343	374	0.003546573581111859
ZKU002.SG	3.1950000000000003	0.0180765428611778	292	0.003513443423698404
ZKU002.SG	3.205	-0.01884519249788711	334	0.003480717982949025
ZKU002.SG	3.2150000000000003	-0.031691910912945605	303	0.0034483923148613074
ZKU002.SG	3.225	-0.014156761104656359	335	0.003416461535828571
ZKU002.SG	3.235	0.021900203265359647	303	0.003384920821902083
ZKU002.SG	3.245	0.03879598662207358	300	0.0033537654080622644
ZKU002.SG	3.255	0.010584764879403089	340	0.003322990587498832
ZKU002.SG	3.265	0.016177739430543573	305	0.0032925917108996994
ZKU002.SG	3.275	0.02157581310123683	296	0.0032625641857485926
ZKU002.SG	3.285	0.002624985085312016	290	0.003232903475631227
ZKU002.SG	3.295	-0.005051575526352976	337	0.0032036050995499802
ZKU002.SG	3.305	0.0029246892517669995	374	0.003174664631246907
ZKU002.SG	3.315	0.0007732850369345366	314	0.003146077698535056
ZKU002.SG	3.325	-0.013759557561926336	347	0.0031178399826379253
ZKU002.SG	3.335	-0.0042185093020500036	291	0.003089947217537027
ZKU002.SG	3.345	0.03924478522549262	312	0.0030623951893273683
ZKU002.SG	3.355	0.0032818676810621294	328	0.003035179735580861
ZKU002.SG	3.365	-0.01441045094386209	299	0.0030082967447174636
ZKU002.SG	3.375	0.0018767719522421432	317	0.002981742155384031
ZKU002.SG	3.3850000000000002	0.017923451924074265	311	0.0029555119558407456
ZKU002.SG	3.395	0.05267471958584987	305	0.002929602183355041
ZKU002.SG	3.4050000000000002	-0.0059227352268138396	323	0.002904008923602928
ZKU002.SG	3.415	-0.0025843555490845556	332	0.002878728310077651
ZKU002.SG	3.4250000000000003	0.004239954950478651	348	0.00285375652350553
ZKU002.SG	3.435	-0.010292737565464838	364	0.0028290897912689934
ZKU002.SG	3.4450000000000003	0.002258015956646093	365	0.0028047243868365985
ZKU002.SG	3.455	-0.012357961983557625	339	0.0027806566292000743
ZKU002.SG	3.4650000000000003	-0.017239127595664098	248	0.002756882882318185
ZKU002.SG	3.475	0.041945856238979354	311	0.002733399554567439
ZKU002.SG	3.485	-0.006355511420059583	266	0.0027102030981994655
ZKU002.SG	3.495	-0.01858304297328688	288	0.002687290008805042
ZKU002.SG	3.505	-0.009202935961033422	299	0.002664656824784678
ZKU002.SG	3.515	-0.035782010058537386	312	0.002642300126825629
ZKU002.SG	3.525	0.00021570319240724785	305	0.0026202165373853488
ZKU002.SG	3.535	0.0046533271288971625	308	0.0025984027201812073
ZKU002.SG	3.545	-0.014158883892540065	295	0.00257685537968647
ZKU002.SG	3.555	-0.000849256900212314	315	0.002555571260632424
ZKU002.SG	3.565	0.013920993169363426	278	0.0025345471475165878
ZKU002.SG	3.575	-0.0291606565046197	227	0.002513779864116927
ZKU002.SG	3.585	-0.02079732688097707	264	0.0024932662730120098
ZKU002.SG	3.595	0.009803921568627453	273	0.0024730032751070124
ZKU002.SG	3.605	-0.0018648018648018655	286	0.002452987809165537
ZKU002.SG	3.615	-0.014373975539024083	309	0.002433216851347117
ZKU002.SG	3.625	-0.01587027772986027	341	0.0024136874147504036
ZKU002.SG	3.6350000000000002	0.007010934965730131	277	0.0023943965489619124
ZKU002.SG	3.645	-0.007016532103037293	289	0.0023753413396102913
ZKU002.SG	3.6550000000000002	-0.012537547342301163	248	0.0023565189079260327
ZKU002.SG	3.665	0.004658134440216767	295	0.0023379264103065584
ZKU002.SG	3.6750000000000003	-0.0007816571130797278	304	0.0023195610378866256
ZKU002.SG	3.685	-0.013333333333333334	300	0.002301420016113976
ZKU002.SG	3.6950000000000003	-0.007128007128007129	260	0.002283500604330166
ZKU002.SG	3.705	-0.01059657689011246	278	0.002265800095356532
ZKU002.SG	3.7150000000000003	-0.0027704096669613903	261	0.0022483158150851884
ZKU002.SG	3.725	-0.036357003891050586	257	0.002231045122075048
ZKU002.SG	3.735	0.005312883743076962	283	0.00221398540715276
ZKU002.SG	3.745	-0.006364225169665737	267	0.002197134093018528
ZKU002.SG	3.755	-0.017409114183307733	217	0.0021804886338567483
ZKU002.SG	3.765	-0.012482425156887625	242	0.002164046514951396
ZKU002.SG	3.775	-0.01889989261424651	290	0.0021478052523061166
ZKU002.SG	3.785	0.023657870791628753	315	0.002131762392268954
ZKU002.SG	3.795	-0.011892402076451156	326	0.0021159155111616654
ZKU002.SG	3.805	-0.009383859761210719	317	0.0021002622149135643
ZKU002.SG	3.815	-0.012073088621113974	294	0.0020848001386998332
ZKU002.SG	3.825	-0.01310907741775909	312	0.0020695269465842592
ZKU002.SG	3.835	-0.007549361207897793	288	0.002054440331166336
ZKU002.SG	3.845	-0.0066005176876617775	305	0.002039538013232661
ZKU002.SG	3.855	-0.011088415523781732	299	0.0020248177414126187
ZKU002.SG	3.865	-0.018525444984708806	302	0.002010277291838238
ZKU002.SG	3.875	-0.020735382760699216	316	0.001995914467808237
ZKU002.SG	3.8850000000000002	-0.030182721552784935	294	0.00198172709945614
ZKU002.SG	3.895	0.0002786097374103228	294	0.0019677130434224794
ZKU002.SG	3.9050000000000002	0.009994699780419471	282	0.001953870182530976
ZKU002.SG	3.915	-0.026845637583892617	298	0.001940196425468692
ZKU002.SG	3.9250000000000003	-0.012842563926155256	324	0.0019266897064700837
ZKU002.SG	3.935	-0.012067765142724531	279	0.0019133479850049154
ZKU002.SG	3.9450000000000003	-0.014081098325669403	302	0.0019001692454699859
ZKU002.SG	3.955	-0.015138408304498271	289	0.001887151496884625
ZKU002.SG	3.9650000000000003	-0.007547169811320755	266	0.0018742927725898947
ZKU002.SG	3.975	0.02150002488428806	284	0.0018615911299514913
ZKU002.SG	3.9850000000000003	0.012787148594377507	250	0.0018490446500662467
ZKU002.SG	3.995	0.005010315355142942	261	0.0018366514374722395
ZKU002.SG	4.005	-0.00095617529880478	251	0.0018244096198624339
ZKU002.SG	4.015	0.02551903114186851	289	0.0018123173478018213
ZKU002.SG	4.0249999999999995	0.0034096124844272507	303	0.0018003727944480167
ZKU002.SG	4.034999999999999	0.021604704575856237	282	0.0017885741552752677
ZKU002.SG	4.045	0.03642924976258309	325	0.001776919647801833
ZKU002.SG	4.055	0.020857362552864283	289	0.0017654075113207016
ZKU002.SG	4.0649999999999995	-0.01674418604651163	301	0.0017540360066335837
ZKU002.SG	4.074999999999999	-0.01292244012013831	282	0.0017428034157881672
ZKU002.SG	4.085	-0.017690095730353437	332	0.001731708041818575
ZKU002.SG	4.095	-0.0038246543100912025	309	0.0017207482084889997
ZKU002.SG	4.1049999999999995	0.004572907679033648	305	0.0017099222600404586
ZKU002.SG	4.114999999999999	0.05109957993575488	285	0.0016992285609406556
ZKU002.SG	4.125	0.01722492973363245	279	0.0016886654956368911
ZKU002.SG	4.135	0.0009523242664127133	318	0.0016782314683119926
ZKU002.SG	4.145	0.020431062695778202	293	0.001667924902643226
ZKU002.SG	4.154999999999999	-0.00035116675153196413	338	0.0016577442415641494
ZKU002.SG	4.165	-0.008181939216421975	407	0.001647687947029383
ZKU002.SG	4.175	0.051906947301788256	356	0.0016377544997822494
ZKU002.SG	4.185	0.017806196326934382	374	0.001627942399125247
ZKU002.SG	4.194999999999999	-0.0058532726913189635	390	0.0016182501626933329
ZKU002.SG	4.205	-0.0063048607833883896	326	0.0016086763262299795
ZKU002.SG	4.215	-0.019949886648371315	290	0.0015992194433659555
ZKU002.SG	4.225	-0.014493290829564829	329	0.0015898780854008174
ZKU002.SG	4.234999999999999	-0.014135686619015295	317	0.00158065084108707
ZKU002.SG	4.244999999999999	0.030358074955632114	310	0.0015715363164169574
ZKU002.SG	4.255	0.0022001716133858433	302	0.0015625331344118706
ZKU002.SG	4.265	0.03200453965101433	266	0.0015536399349143125
ZKU002.SG	4.2749999999999995	-0.018020746573786627	282	0.001544855374382415
ZKU002.SG	4.284999999999999	-0.012946998226012262	254	0.0015361781256869665
ZKU002.SG	4.295	-0.0348511565190333	311	0.0015276068779109067
ZKU002.SG	4.305	0.022130798694850334	266	0.0015191403361512904
ZKU002.SG	4.3149999999999995	0.032353078685305535	293	0.0015107772213236513
ZKU002.SG	4.324999999999999	-0.007486430844095078	274	0.0015025162699687674
ZKU002.SG	4.335	0.029258287334479535	258	0.0014943562340617856
ZKU002.SG	4.345	-0.008658008658008658	253	0.0014862958808236721
ZKU002.SG	4.3549999999999995	0.016418770898189786	295	0.0014783339925349733
ZKU002.SG	4.364999999999999	0.0008169934640522877	289	0.0014704693663518443
ZKU002.SG	4.375	0.0005485893416927894	320	0.001462700814124336
ZKU002.SG	4.385	-0.0162826420890937	280	0.0014550271622168886
ZKU002.SG	4.395	0.005429372907429191	258	0.0014474472513310273
ZKU002.SG	4.404999999999999	-0.006278397356464272	270	0.0014399599363302217
ZKU002.SG	4.415	0.02972238031998988	252	0.0014325640860668792
ZKU002.SG	4.425	-0.012367054167697254	312	0.0014252585832114674
ZKU002.SG	4.435	0.010561512740689496	295	0.0014180423240836993
ZKU002.SG	4.444999999999999	-0.0071126489811610925	289	0.0014109142184858055
ZKU002.SG	4.455	0.002170542635658914	301	0.0014038731895378272
ZKU002.SG	4.465	-0.01528865295288653	275	0.0013969181735149286
ZKU002.SG	4.475	-0.019040750090155066	236	0.0013900481196866938
ZKU002.SG	4.484999999999999	0.005795627859684799	281	0.0013832619901583843
ZKU002.SG	4.495	0.014648209230449575	278	0.0013765587597141448
ZKU002.SG	4.505	0.008309416427497607	271	0.0013699374156621149
ZKU002.SG	4.515	-0.008755472170106318	247	0.0013633969576814365
ZKU002.SG	4.5249999999999995	-0.019011406844106463	264	0.0013569363976711308
ZKU002.SG	4.534999999999999	-0.020316525579683473	286	0.0013505547596008205
ZKU002.SG	4.545	-0.0018072542344387005	309	0.0013442510793632754
ZKU002.SG	4.555	0.025218534849539728	279	0.001338024404628762
ZKU002.SG	4.5649999999999995	0.011352885525070957	302	0.001331873794701167
ZKU002.SG	4.574999999999999	0.02780145564225297	303	0.0013257983203758834
ZKU002.SG	4.585	-0.03542319749216301	320	0.0013197970637994281
ZKU002.SG	4.595	0.05696742282108136	287	0.0013138691183307836
ZKU002.SG	4.6049999999999995	-0.01121930170165663	327	0.0013080135884044174
ZKU002.SG	4.614999999999999	0.014521315216263871	311	0.001302229589394993
ZKU002.SG	4.625	0.038660242642363736	322	0.0012965162474837175
ZKU002.SG	4.635	0.01935483870967742	280	0.0012908726995263379
ZKU002.SG	4.645	-0.01904618700348345	283	0.0012852980929227336
ZKU002.SG	4.654999999999999	0.011167960938108719	278	0.001279791585488112
ZKU002.SG	4.665	-0.010920010920010919	297	0.0012743523453257767
ZKU002.SG	4.675	-0.008994569023202253	359	0.0012689795507014492
ZKU002.SG	4.685	-0.008381197199127069	387	0.0012636723899191217
ZKU002.SG	4.694999999999999	-0.001717397690552052	298	0.0012584300611984335
ZKU002.SG	4.705	-0.02355111786411982	272	0.0012532517725535378
ZKU002.SG	4.715	-0.0019641672196416718	275	0.0012481367416734594
ZKU002.SG	4.725	-0.025243418680129824	236	0.0012430841958038976
ZKU002.SG	4.734999999999999	-0.0005713840479962597	278	0.0012380933716304907
ZKU002.SG	4.745	0.011215845364514974	290	0.001233163515163491
ZKU002.SG	4.755	0.01292244012013831	282	0.0012282938816238621
ZKU002.SG	4.765	0.01005656819610308	259	0.0012234837353307577
ZKU002.SG	4.7749999999999995	0.005109535670945902	307	0.0012187323495903772
ZKU002.SG	4.784999999999999	0.0241722918675667	306	0.0012140390065861837
ZKU002.SG	4.795	0.028344392561644956	313	0.0012094029972704564
ZKU002.SG	4.805	-0.014799216167997425	262	0.0012048236212571757
ZKU002.SG	4.8149999999999995	0.0015736673005048863	303	0.0012003001867162077
ZKU002.SG	4.824999999999999	0.009294183178165036	355	0.001195832010268786
ZKU002.SG	4.835	-0.001971498982106503	306	0.0011914184168842737
ZKU002.SG	4.845	0.026730551002395662	309	0.0011870587397781799
ZKU002.SG	4.8549999999999995	0.0041797283176593526	232	0.0011827523203114271
ZKU002.SG	4.864999999999999	-0.032162958992227285	287	0.0011784985078908449
ZKU002.SG	4.875	-0.01183230184304298	343	0.0011742966598708823
ZKU002.SG	4.885	0.032663818232639856	317	0.0011701461414565235
ZKU002.SG	4.895	-0.01510405012307004	328	0.0011660463256073792
ZKU002.SG	4.904999999999999	-0.008511351260785793	346	0.0011619965929429627
ZKU002.SG	4.915	0.0027021040974529345	301	0.0011579963316491124
ZKU002.SG	4.925	0.016090353523632705	279	0.001154044937385565
ZKU002.SG	4.935	-0.01665783296736579	282	0.0011501418131946543
ZKU002.SG	4.944999999999999	0.022549326652051362	310	0.0011462863694111226
ZKU002.SG	4.955	0.06364609970930868	303	0.0011424780235730404
ZKU002.SG	4.965	0.02857402857402857	297	0.0011387162003338093
ZKU002.SG	4.975	-0.015235457063711912	361	0.001135000331375243
ZKU002.SG	4.984999999999999	0.02797135114208285	288	0.0011313298553217045
ZKU002.SG	4.995	-0.006078576723498888	285	0.001127704217655301
ZKU002.SG	5.005	0.061937503493767115	268	0.0011241228706321083
ZKU002.SG	5.015	0.029517838317705155	269	0.0011205852731994172
ZKU002.SG	5.0249999999999995	0.01952034363441117	290	0.0011170908909139995
ZKU002.SG	5.034999999999999	0.012734837977556424	309	0.0011136391958613619
ZKU002.SG	5.045	-0.009555408095554082	275	0.001110229666575994
ZKU002.SG	5.055	0.031164209456024404	281	0.0011068617879625869
ZKU002.SG	5.0649999999999995	0.024309794042022704	278	0.001103535051218215
ZKU002.SG	5.074999999999999	0.012712777418659772	273	0.0011002489537554694
ZKU002.SG	5.085	0.012731259713440208	307	0.0010970029991265273
ZKU002.SG	5.095	-0.013513105902934877	258	0.0010937966969481539
ZKU002.SG	5.1049999999999995	0.02292860865033872	304	0.001090629562827615
ZKU002.SG	5.114999999999999	0.015093914561685112	267	0.0010875011182894996
ZKU002.SG	5.125	0.0046688065363291505	299	0.0010844108907034319
ZKU002.SG	5.135	-0.008589835361488905	254	0.0010813584132126704
ZKU002.SG	5.145	0.0014980857792820284	269	0.0010783432246635762
ZKU002.SG	5.154999999999999	-0.020613834173156206	296	0.0010753648695359449
ZKU002.SG	5.165	0.029228947757880718	233	0.0010724228978741884
ZKU002.SG	5.175	0.009018567639257295	261	0.0010695168652193586
ZKU002.SG	5.185	0.0009225092250922509	272	0.0010666463325419981
ZKU002.SG	5.194999999999999	-0.010423152311772165	295	0.001063810866175818
ZKU002.SG	5.205	0.009865300701954089	252	0.001061010037752177
ZKU002.SG	5.215	0.0177785759181108	259	0.00105824342413537
ZKU002.SG	5.225	0.03299685227396071	333	0.0010555106073586984
ZKU002.SG	5.234999999999999	0.021154945683247568	265	0.0010528111745613294
ZKU002.SG	5.245	0.031444566525401556	277	0.0010501447179259208
ZKU002.SG	5.255	0.01848249027237354	257	0.0010475108346170111
ZKU002.SG	5.265	-0.017672635466828745	293	0.00104490912672016
ZKU002.SG	5.2749999999999995	0.0036629064366290654	275	0.001042339201181834
ZKU002.SG	5.284999999999999	-0.025063819911812484	279	0.0010398006697500256
ZKU002.SG	5.295	-0.0079628400796284	275	0.001037293148915599
ZKU002.SG	5.305	-0.0006289308176100628	265	0.001034816259854349
ZKU002.SG	5.3149999999999995	0.0017285205897305549	281	0.001032369628369773
ZKU002.SG	5.324999999999999	0.036344362837889	282	0.0010299528848365367
ZKU002.SG	5.335	0.013638449937709003	303	0.0010275656641446345
ZKU002.SG	5.345	0.012698412698412698	280	0.00102520760564423
ZKU002.SG	5.3549999999999995	-0.010564163392393803	329	0.0010228783530911705
ZKU002.SG	5.364999999999999	-0.009036544850498339	301	0.001020577554593167
ZKU002.SG	5.375	-0.0019614253023864012	323	0.0010183048625566327
ZKU002.SG	5.385	0.029684296842968427	271	0.0010160599336341708
ZKU002.SG	5.395	-0.020905923344947737	288	0.0010138424286727011
ZKU002.SG	5.404999999999999	0.0220633759216525	327	0.0010116520126622248
ZKU002.SG	5.415	0.011261392000928776	322	0.0010094883546852113
ZKU002.SG	5.425	-0.03280805012340991	230	0.0010073511278666052
ZKU002.SG	5.435	-0.020813063158340032	308	0.0010052400093244437
ZKU002.SG	5.444999999999999	-0.008248317777295417	272	0.0010031546801210765
ZKU002.SG	5.455	0.03304692663582287	357	0.0010010948252149828
ZKU002.SG	5.465	0.0018673555133671535	254	0.0009990601334131776
ZKU002.SG	5.475	0.013394025009156069	277	0.000997050297324195
ZKU002.SG	5.484999999999999	0.002571412599921739	268	0.0009950650133116522
ZKU002.SG	5.495	0.005813628486779582	268	0.000993103981448375
ZKU002.SG	5.505	-0.02516453735965931	288	0.0009911669054710889
ZKU002.SG	5.515	0.014031520081342145	281	0.000989253492735658
ZKU002.SG	5.5249999999999995	-0.018724778046811948	295	0.0009873634541728764
ZKU002.SG	5.534999999999999	0.009688581314878895	290	0.0009854965042447959
ZKU002.SG	5.545	-0.004516040203772547	270	0.0009836523609015875
ZKU002.SG	5.555	-0.005850804485616773	294	0.0009818307455389326
ZKU002.SG	5.5649999999999995	-0.008227765443385137	248	0.000980031382955931
ZKU002.SG	5.574999999999999	0.006004901960784314	256	0.0009782540013135257
ZKU002.SG	5.585	0.004080221300138313	241	0.0009764983320934345
ZKU002.SG	5.595	-0.038421955403087474	265	0.0009747641100575844
ZKU002.SG	5.6049999999999995	0.04815034472533175	329	0.0009730510732080392
ZKU002.SG	5.614999999999999	-0.017590911362462727	347	0.000971358962747419
ZKU002.SG	5.625	0.0031851888717463798	284	0.0009696875230398023
ZKU002.SG	5.635	0.024804463828854074	287	0.0009680365015721062
ZKU002.SG	5.645	0.0009306654257794319	308	0.0009664056489159368
ZKU002.SG	5.654999999999999	-0.031959163291349936	269	0.0009647947186899077
ZKU002.SG	5.665	-0.030476301047804258	263	0.0009632034675224168
ZKU002.SG	5.675	0.03714749123633129	277	0.0009616316550148811
ZKU002.SG	5.685	-0.00709299454557698	299	0.0009600790437054158
ZKU002.SG	5.694999999999999	-0.0259637858691673	267	0.0009585453990329613
ZKU002.SG	5.705	-0.022029464408646563	270	0.0009570304893018461
ZKU002.SG	5.715	0.005260148656375071	265	0.0009555340856467844
ZKU002.SG	5.725	-0.01944624003447533	273	0.0009540559619982988
ZKU002.SG	5.734999999999999	-0.008671027241059568	283	0.0009525958950485678
ZKU002.SG	5.745	-0.009060240963855423	250	0.0009511536642176889
ZKU002.SG	5.755	-0.0337123745819398	300	0.0009497290516203551
ZKU002.SG	5.765	0.026664157098939708	253	0.0009483218420329376
ZKU002.SG	5.7749999999999995	0.0018133426925214242	262	0.0009469318228609706
ZKU002.SG	5.784999999999999	0.0420846394984326	320	0.0009455587841070334
ZKU002.SG	5.795	-0.027530364372469633	286	0.0009442025183390256
ZKU002.SG	5.805	-0.006178287731685787	309	0.0009428628206588291
ZKU002.SG	5.8149999999999995	-0.016722241576668493	284	0.0009415394886713529
ZKU002.SG	5.824999999999999	-0.01757201993748416	267	0.0009402323224539557
ZKU002.SG	5.835	-0.03764351590438547	253	0.0009389411245262436
ZKU002.SG	5.845	-0.02006635700066357	275	0.0009376656998202356
ZKU002.SG	5.8549999999999995	0.0027444253859348192	265	0.0009364058556508923
ZKU002.SG	5.864999999999999	-0.016375781081663435	273	0.0009351614016870078
ZKU002.SG	5.875	0.005220598666477516	266	0.0009339321499224536
ZKU002.SG	5.885	-0.0065125079756220994	302	0.0009327179146477778
ZKU002.SG	5.895	-0.022441441862639674	293	0.0009315185124221466
ZKU002.SG	5.904999999999999	-0.01724893347169376	295	0.0009303337620456323
ZKU002.SG	5.915	-0.01499849086392236	294	0.000929163484531838
ZKU002.SG	5.925	-0.03176813387999278	279	0.0009280075030808579
ZKU002.SG	5.935	-0.018235818235818234	260	0.0009268656430525664
ZKU002.SG	5.944999999999999	0.009289980092899802	275	0.0009257377319402345
ZKU002.SG	5.955	-0.01736416512980565	266	0.0009246235993444685
ZKU002.SG	5.965	0.021546261089987327	264	0.0009235230769474672
ZKU002.SG	5.975	-0.006424511984185818	285	0.000922435998487592
ZKU002.SG	5.984999999999999	-0.007742934572202865	288	0.0009213621997342507
ZKU002.SG	5.995	0.037725874663590925	289	0.0009203015184630847
ZKU002.SG	6.005	-0.003171307220386973	326	0.000919253794431462
ZKU002.SG	6.015	-0.007826050171327044	308	0.000918218869354268
ZKU002.SG	6.0249999999999995	-0.021654815772462834	273	0.0009171965868799926
ZKU002.SG	6.035	-0.005144613840266012	253	0.0009161867925671095
ZKU002.SG	6.045	-0.014191128285088015	298	0.0009151893338607437
ZKU002.SG	6.055	-0.01570927370791224	339	0.0009142040600696247
ZKU002.SG	6.0649999999999995	-0.009490940465918895	305	0.00091323082234332
ZKU002.SG	6.074999999999999	-0.004666811373996096	272	0.0009122694736497485
ZKU002.SG	6.085	-0.026205726653212833	262	0.0009113198687529667
ZKU002.SG	6.095	-0.009103246685457771	310	0.0009103818641912275
ZKU002.SG	6.1049999999999995	-0.010005142830426857	293	0.0009094553182553071
ZKU002.SG	6.114999999999999	-0.005839416058394159	275	0.0009085400909670954
ZKU002.SG	6.125	-0.03286680956583869	309	0.0009076360440584492
ZKU002.SG	6.135	-0.005250759741777706	334	0.0009067430409503041
ZKU002.SG	6.145	-0.030576030576030575	297	0.000905860946732039
ZKU002.SG	6.154999999999999	-0.014936209936728555	311	0.0009049896281410964
ZKU002.SG	6.165	-0.03048462741010943	304	0.0009041289535428479
ZKU002.SG	6.175	-0.03517186250999201	279	0.0009032787929107093
ZKU002.SG	6.185	-0.0181769450062133	287	0.0009024390178064953
ZKU002.SG	6.194999999999999	-0.017739877376987956	254	0.0009016095013610166
ZKU002.SG	6.205	-0.025485316077650574	246	0.0009007901182549126
ZKU002.SG	6.215	0.008062509331608028	284	0.0008999807446997191
ZKU002.SG	6.225	-0.023809523809523808	232	0.0008991812584191668
ZKU002.SG	6.234999999999999	0.048355720240852246	255	0.0008983915386307079
ZKU002.SG	6.245	0.004543898415860071	254	0.0008976114660272698
ZKU002.SG	6.255	0.013932005754524118	282	0.0008968409227592304
ZKU002.SG	6.265	0.0030444358077471195	249	0.0008960797924166135
ZKU002.SG	6.2749999999999995	0.009751340809361285	294	0.0008953279600115024
ZKU002.SG	6.285	-0.01705217301109844	311	0.0008945853119606682
ZKU002.SG	6.295	-0.02103732176713503	278	0.0008938517360684104
ZKU002.SG	6.305	-0.04920014219694276	291	0.0008931271215096066
ZKU002.SG	6.3149999999999995	-0.004875670404680644	294	0.0008924113588129691
ZKU002.SG	6.324999999999999	-0.04651279352429642	283	0.0008917043398445078
ZKU002.SG	6.335	-0.015124860984733595	315	0.0008910059577911923
ZKU002.SG	6.345	-0.016864295125164692	276	0.0008903161071448166
ZKU002.SG	6.3549999999999995	-0.023760023760023757	260	0.000889634683686058
ZKU002.SG	6.364999999999999	-0.0008710801393728223	288	0.0008889615844687332
ZKU002.SG	6.375	-0.025315565556766638	239	0.0008882967078042453
ZKU002.SG	6.385	-0.012265839398639778	290	0.0008876399532462213
ZKU002.SG	6.395	-0.04150943396226415	265	0.0008869912215753366
ZKU002.SG	6.404999999999999	-0.010293130454240322	328	0.0008863504147843262
ZKU002.SG	6.415	-0.03745819397993311	300	0.0008857174360631779
ZKU002.SG	6.425	-0.025455796353629167	324	0.0008850921897845066
ZKU002.SG	6.435	-0.03278688524590164	305	0.0008844745814891075
ZKU002.SG	6.444999999999999	-0.03326328158542924	298	0.0008838645178716856
ZKU002.SG	6.455	-0.01971326164874552	280	0.0008832619067667595
ZKU002.SG	6.465	-0.013905084596598534	302	0.0008826666571347381
ZKU002.SG	6.475	-0.011985409067222513	304	0.0008820786790481655
ZKU002.SG	6.484999999999999	-0.019780259301217386	334	0.0008814978836781365
ZKU002.SG	6.495	0.012700765999505809	285	0.0008809241832808762
ZKU002.SG	6.505	0.018550474547023296	305	0.0008803574911844838
ZKU002.SG	6.515	-0.035487959442332066	264	0.0008797977217758394
ZKU002.SG	6.5249999999999995	-0.018233247186666936	314	0.0008792447904876689
ZKU002.SG	6.535	-0.001603889431872289	283	0.0008786986137857691
ZKU002.SG	6.545	-0.025210084033613443	273	0.000878159109156387
ZKU002.SG	6.555	-0.01715686274509804	289	0.0008776261950937545
ZKU002.SG	6.5649999999999995	-0.007551083912457213	311	0.0008770997910877746
ZKU002.SG	6.574999999999999	-0.0029961715585640567	269	0.000876579817611858
ZKU002.SG	6.585	-0.02365464222353637	267	0.0008760661961109096
ZKU002.SG	6.595	-0.026776960784313724	256	0.0008755588489894598
ZKU002.SG	6.6049999999999995	-0.0271736425620863	284	0.0008750576995999423
ZKU002.SG	6.614999999999999	-0.001799553014251299	263	0.0008745626722311142
ZKU002.SG	6.625	0.012052603418659007	267	0.000874073692096618
ZKU002.SG	6.635	-0.018021883715940785	237	0.0008735906853236839
ZKU002.SG	6.645	-0.007046551628474728	269	0.0008731135789419681
ZKU002.SG	6.654999999999999	0.01206851119894598	276	0.00087264230087253
ZKU002.SG	6.665	0.019272072908805945	322	0.0008721767799169424
ZKU002.SG	6.675	0.0051759319165878654	284	0.0008717169457465353
ZKU002.SG	6.685	-0.005067414713600578	258	0.0008712627288917704
ZKU002.SG	6.694999999999999	0.003256904637832203	304	0.0008708140607317472
ZKU002.SG	6.705	0.014824094373107841	310	0.0008703708734838348
ZKU002.SG	6.715	0.0394054614586934	264	0.0008699331001934325
ZKU002.SG	6.725	-0.0390547263681592	336	0.0008695006747238539
ZKU002.SG	6.734999999999999	-0.011526205166451963	344	0.000869073531746336
ZKU002.SG	6.745	0.006151480199923105	289	0.0008686516067301695
ZKU002.SG	6.755	0.005753204450272853	308	0.0008682348359329491
ZKU002.SG	6.765	-0.0035776491079414384	292	0.0008678231563909448
ZKU002.SG	6.7749999999999995	0.021988089784699953	296	0.0008674165059095882
ZKU002.SG	6.785	-0.014386197743861975	275	0.000867014823054078
ZKU002.SG	6.795	0.008759124087591242	275	0.0008666180471400975
ZKU002.SG	6.805	-0.006337135614702156	264	0.0008662261182246473
ZKU002.SG	6.8149999999999995	-0.00962142954762881	271	0.0008658389770969892
ZKU002.SG	6.824999999999999	0.027076513344060367	269	0.0008654565652697011
ZKU002.SG	6.835	0.012570710245128848	259	0.0008650788249698406
ZKU002.SG	6.845	-0.026264591439688716	257	0.0008647056991302177
ZKU002.SG	6.8549999999999995	-0.00019492702419531528	287	0.0008643371313807725
ZKU002.SG	6.864999999999999	-0.02994407727503813	281	0.0008639730660400596
ZKU002.SG	6.875	-0.03830330543339481	266	0.0008636134481068359
ZKU002.SG	6.885	0.011415830546265332	300	0.0008632582232517512
ZKU002.SG	6.895	0.005360493165371213	287	0.0008629073378091405
ZKU002.SG	6.904999999999999	-0.0009614829913658828	323	0.0008625607387689164
ZKU002.SG	6.915	0.01584926831548927	293	0.0008622183737685606
ZKU002.SG	6.925	-0.01197939543984347	317	0.0008618801910852132
ZKU002.SG	6.935	-0.005120327700972863	280	0.0008615461396278586
ZKU002.SG	6.944999999999999	-0.010769539883463936	316	0.000861216168929607
ZKU002.SG	6.955	0.02509685436514705	287	0.00086089022914007
ZKU002.SG	6.965	-0.02208289407978694	269	0.00086056827101783
ZKU002.SG	6.975	-0.03119557810252139	282	0.0008602502459229999
ZKU002.SG	6.984999999999999	-0.019029937340450224	279	0.0008599361058098759
ZKU002.SG	6.995	-0.045236947791164654	250	0.0008596258032196784
ZKU002.SG	7.005	-0.00022586109542631098	231	0.0008593192912733827
ZKU002.SG	7.015	-0.01828392320752253	248	0.0008590165236646357
ZKU002.SG	7.0249999999999995	-0.01716674130467234	232	0.0008587174546527616
ZKU002.SG	7.035	-0.020803264818593542	284	0.0008584220390558501
ZKU002.SG	7.045	-0.015732546705998034	226	0.0008581302322439319
ZKU002.SG	7.055	-0.03218390804597701	261	0.0008578419901322353
ZKU002.SG	7.0649999999999995	-0.024961541810582532	263	0.0008575572691745265
ZKU002.SG	7.074999999999999	-0.022468026270307636	264	0.0008572760263565307
ZKU002.SG	7.085	-0.01244343891402715	273	0.0008569982191894335
ZKU002.SG	7.095	-0.011806756600945463	295	0.0008567238057034627
ZKU002.SG	7.1049999999999995	-0.04519128379606784	278	0.0008564527444415467
ZKU002.SG	7.114999999999999	-0.040671971706454466	261	0.0008561849944530518
ZKU002.SG	7.125	-0.011297839288236125	292	0.0008559205152875957
ZKU002.SG	7.135	0.0064257028112449785	250	0.0008556592669889364
ZKU002.SG	7.145	-0.012158785082660516	289	0.0008554012100889358
ZKU002.SG	7.154999999999999	-0.003411820161163611	299	0.0008551463056015968
ZKU002.SG	7.165	-0.002593793422880961	255	0.0008548945150171736
ZKU002.SG	7.175	0.01786030061892131	261	0.0008546458002963542
ZKU002.SG	7.185	-0.013231100098181308	293	0.0008544001238645129
ZKU002.SG	7.194999999999999	0.022640871842527666	267	0.0008541574486060345
ZKU002.SG	7.205	-0.007851797325481536	286	0.0008539177378587065
ZKU002.SG	7.215	-0.013235422169332132	263	0.0008536809554081803
ZKU002.SG	7.225	-0.01528602754891316	307	0.0008534470654825007
ZKU002.SG	7.234999999999999	0.007840531561461793	301	0.0008532160327467011
ZKU002.SG	7.245	-4.044080477201482e-05	315	0.0008529878222974652
ZKU002.SG	7.255	-0.01065323154433398	323	0.0008527623996578545
ZKU002.SG	7.265	0.030874785591766724	265	0.0008525397307720994
ZKU002.SG	7.2749999999999995	0.04834728330259611	266	0.0008523197820004539
ZKU002.SG	7.285	0.017490223960184854	291	0.0008521025201141141
ZKU002.SG	7.295	-6.374501992031867e-05	251	0.0008518879122901974
ZKU002.SG	7.305	-0.020778519867773057	244	0.000851675926106785
ZKU002.SG	7.3149999999999995	-0.001182732111176818	267	0.0008514665295380221
ZKU002.SG	7.324999999999999	0.07204907279367444	238	0.0008512596909492808
ZKU002.SG	7.335	0.04620984332964076	356	0.0008510553790923806
ZKU002.SG	7.345	0.0160612334525378	253	0.0008508535631008674
ZKU002.SG	7.3549999999999995	-0.008325038458058095	258	0.0008506542124853507
ZKU002.SG	7.364999999999999	0.010395010395010396	260	0.0008504572971288967
ZKU002.SG	7.375	0.0006335128286347808	287	0.0008502627872824792
ZKU002.SG	7.385	0.0031877826377047975	329	0.0008500706535604848
ZKU002.SG	7.395	-0.02775800711743772	281	0.0008498808669362737
ZKU002.SG	7.404999999999999	0.00672247984812175	254	0.000849693398737794
ZKU002.SG	7.415	0.04735496558505408	226	0.0008495082206432508
ZKU002.SG	7.425	0.04468628404669261	257	0.0008493253046768269
ZKU002.SG	7.435	0.08038277511961722	286	0.0008491446232044567
ZKU002.SG	7.444999999999999	0.01981599433828733	315	0.0008489661489296511
ZKU002.SG	7.455	0.017587285044293903	304	0.0008487898548893739
ZKU002.SG	7.465	0.0030931401477381406	314	0.0008486157144499681
ZKU002.SG	7.475	0.005065571002420217	327	0.0008484437013031325
ZKU002.SG	7.484999999999999	-0.012759170653907498	286	0.0008482737894619472
ZKU002.SG	7.495	-0.013836477987421384	265	0.000848105953256947
ZKU002.SG	7.505	0.010137915144333631	247	0.0008479401673322445
ZKU002.SG	7.515	0.0171087741327892	277	0.0008477764066416981
ZKU002.SG	7.5249999999999995	0.01974918534610447	247	0.0008476146464451295
ZKU002.SG	7.535	-0.012211048713595405	248	0.0008474548623045849
ZKU002.SG	7.545	-0.025157232704402517	265	0.0008472970300806439
ZKU002.SG	7.555	-0.0148591859952172	294	0.000847141125928772
ZKU002.SG	7.5649999999999995	0.01508423664620609	248	0.0008469871262957189
ZKU002.SG	7.574999999999999	-0.02747635639621702	246	0.0008468350079159595
ZKU002.SG	7.585	-0.026529738981600347	247	0.0008466847478081799
ZKU002.SG	7.595	-0.037829766052762566	246	0.0008465363232718042
ZKU002.SG	7.6049999999999995	-0.013622489959839359	250	0.0008463897118835668
ZKU002.SG	7.614999999999999	0.003831306417438248	263	0.000846244891494123
ZKU002.SG	7.625	0.013758599124452785	247	0.000846101840224704
ZKU002.SG	7.635	0.024242424242424242	210	0.0008459605364638111
ZKU002.SG	7.645	0.032005362154916006	219	0.0008458209588639508
ZKU002.SG	7.654999999999999	0.1430615164520744	234	0.0008456830863384096
ZKU002.SG	7.665	0.035538283912027256	267	0.0008455468980580686
ZKU002.SG	7.675	0.049505994866565865	239	0.0008454123734482565
ZKU002.SG	7.685	-0.003016318281905105	258	0.0008452794921856413
ZKU002.SG	7.694999999999999	0.009684164190601958	234	0.0008451482341951601
ZKU002.SG	7.705	-0.01727345203295243	213	0.000845018579646986
ZKU002.SG	7.715	-0.01029680315064575	302	0.0008448905089535328
ZKU002.SG	7.725	-0.02012409860808318	268	0.0008447640027664951
ZKU002.SG	7.734999999999999	-0.024745269286754003	229	0.0008446390419739256
ZKU002.SG	7.745	-0.004227793514564752	218	0.0008445156076973483
ZKU002.SG	7.755	-0.002693385046326223	273	0.0008443936812889051
ZKU002.SG	7.765	0.04551000141864094	266	0.0008442732443285402
ZKU002.SG	7.7749999999999995	-0.01566803026657041	274	0.0008441542786212158
ZKU002.SG	7.785	-0.012306177701206004	239	0.0008440367661941644
ZKU002.SG	7.795	-0.0011210762331838565	224	0.0008439206892941728
ZKU002.SG	7.805	-0.006984785615491011	241	0.0008438060303849004
ZKU002.SG	7.8149999999999995	0.015628699976320153	206	0.0008436927721442301
ZKU002.SG	7.825	0.01159285879897983	228	0.0008435808974616507
ZKU002.SG	7.835	-0.002143845089903181	241	0.0008434703894356724
ZKU002.SG	7.845	0.0030529284884685585	246	0.0008433612313712736
ZKU002.SG	7.8549999999999995	-0.019567078390607805	222	0.000843253406777378
ZKU002.SG	7.864999999999999	-0.02101548086949547	274	0.000843146899364364
ZKU002.SG	7.875	-0.010617440352305977	258	0.0008430416930416032
ZKU002.SG	7.885	-0.03200836820083682	240	0.0008429377719150294
ZKU002.SG	7.895	-0.019628647214854113	261	0.000842835120284738
ZKU002.SG	7.904999999999999	-0.0039283344392833435	275	0.0008427337226426138
ZKU002.SG	7.915	-0.008490086426029489	281	0.0008426335636699881
ZKU002.SG	7.925	-0.012342606878017222	284	0.0008425346282353243
ZKU002.SG	7.935	-0.015025476952245528	291	0.000842436901391932
ZKU002.SG	7.944999999999999	0.00339366515837104	273	0.0008423403683757091
ZKU002.SG	7.955	-0.023823603953704486	267	0.0008422450146029113
ZKU002.SG	7.965	0.01311249137336094	253	0.0008421508256679484
ZKU002.SG	7.975	-0.002213001383125864	241	0.0008420577873412086
ZKU002.SG	7.984999999999999	0.002307969707897585	236	0.0008419658855669083
ZKU002.SG	7.995	-0.01929777539533637	287	0.0008418751064609687
ZKU002.SG	8.005	-0.021562425602829647	243	0.0008417854363089187
ZKU002.SG	8.015	-0.013751004016064258	250	0.0008416968615638223
ZKU002.SG	8.025	-0.017117425539198903	254	0.0008416093688442325
ZKU002.SG	8.035	-0.01605888256942121	245	0.0008415229449321692
ZKU002.SG	8.045	-0.02341509657542363	291	0.0008414375767711232
ZKU002.SG	8.055	0.00023760023760023677	260	0.0008413532514640825
ZKU002.SG	8.065	-0.014534071216948963	268	0.0008412699562715847
ZKU002.SG	8.075	-0.009910019455252918	257	0.0008411876786097924
ZKU002.SG	8.084999999999999	0.03017731682837069	245	0.0008411064060485912
ZKU002.SG	8.094999999999999	-0.002765295540960941	264	0.0008410261263097134
ZKU002.SG	8.105	-0.016324864809713294	243	0.0008409468272648812
ZKU002.SG	8.115	-0.020973200909948402	269	0.0008408684969339762
ZKU002.SG	8.125	0.004794225382460676	273	0.0008407911234832278
ZKU002.SG	8.135	0.002073971655720705	264	0.0008407146952234269
ZKU002.SG	8.145	-0.011015748242025615	274	0.000840639200608159
ZKU002.SG	8.155	0.006346916696718354	236	0.0008405646282320604
ZKU002.SG	8.165	0.022495396406708806	284	0.0008404909668290944
ZKU002.SG	8.174999999999999	0.055299539170506916	280	0.0008404182052708501
ZKU002.SG	8.185	0.0009293426267596015	271	0.0008403463325648609
ZKU002.SG	8.195	0.013251454427925014	273	0.0008402753378529435
ZKU002.SG	8.205	0.026944585663446874	281	0.0008402052104095576
ZKU002.SG	8.215	0.003201054465000236	292	0.0008401359396401862
ZKU002.SG	8.225	0.015821312238250347	308	0.000840067515079734
ZKU002.SG	8.235	0.03037867866811997	239	0.0008399999263909469
ZKU002.SG	8.245	0.00036370249136206636	235	0.0008399331633628508
ZKU002.SG	8.254999999999999	-0.01454856653829696	247	0.0008398672159092076
ZKU002.SG	8.265	-0.026205605635190383	202	0.000839802074066993
ZKU002.SG	8.275	-0.03288856833754057	236	0.0008397377279948905
ZKU002.SG	8.285	-0.014234875444839859	281	0.0008396741679718042
ZKU002.SG	8.295	0.021241497751564864	298	0.0008396113843953914
ZKU002.SG	8.305	0.00678733031674208	273	0.0008395493677806107
ZKU002.SG	8.315	0.014657823913879276	289	0.0008394881087582899
ZKU002.SG	8.325	-0.001036985827860355	264	0.0008394275980737101
ZKU002.SG	8.334999999999999	0.0059479553903345715	270	0.0008393678265852078
ZKU002.SG	8.344999999999999	-0.040986040986040986	260	0.0008393087852627935
ZKU002.SG	8.355	-0.020813623462630083	302	0.0008392504651867877
ZKU002.SG	8.365	-0.00028587764436821035	265	0.0008391928575464735
ZKU002.SG	8.375	0.016457680250783698	320	0.0008391359536387653
ZKU002.SG	8.385	0.02906484845468571	284	0.0008390797448668939
ZKU002.SG	8.395	-0.03253757736516357	261	0.0008390242227391083
ZKU002.SG	8.405	0.05453293825386849	259	0.0008389693788673918
ZKU002.SG	8.415	-0.020085333642933852	263	0.0008389152049661958
ZKU002.SG	8.424999999999999	-0.017387293900611094	295	0.0008388616928511875
ZKU002.SG	8.435	0.020544127405441273	275	0.0008388088344380136
ZKU002.SG	8.445	-0.024896265560165977	241	0.0008387566217410788
ZKU002.SG	8.455	-0.016115761100865367	266	0.0008387050468723397
ZKU002.SG	8.465	-0.007378869008750162	248	0.0008386541020401129
ZKU002.SG	8.475	0.060338825713622646	279	0.0008386037795478976
ZKU002.SG	8.485	-0.022187544332529438	266	0.0008385540717932137
ZKU002.SG	8.495	0.029451378288587595	259	0.000838504971266452
ZKU002.SG	8.504999999999999	-0.024638962569997053	261	0.000838456470549741
ZKU002.SG	8.515	-0.017220172201722016	271	0.0008384085623158253
ZKU002.SG	8.525	-0.011577604182876351	254	0.000838361239326959
ZKU002.SG	8.535	0.02791507790801676	292	0.0008383144944338122
ZKU002.SG	8.545	-0.014118434258949479	245	0.000838268320574391
ZKU002.SG	8.555	-0.011383039271485488	252	0.0008382227107729704
ZKU002.SG	8.565	-0.0029739776951672858	270	0.0008381776581390408
ZKU002.SG	8.575	0.017179970668342762	259	0.0008381331558662666
ZKU002.SG	8.584999999999999	-0.02020127275418085	233	0.0008380891972314581
ZKU002.SG	8.595	0.06519574044281008	229	0.0008380457755935559
ZKU002.SG	8.605	-0.004595997034840621	285	0.0008380028843926275
ZKU002.SG	8.615	0.0036870607212812537	264	0.0008379605171488764
ZKU002.SG	8.625	-0.004199475065616797	255	0.0008379186674616627
ZKU002.SG	8.635	-0.006285355122564426	259	0.0008378773290085367
ZKU002.SG	8.645	0.0448570586501621	261	0.0008378364955442835
ZKU002.SG	8.655	-0.018594007008510334	237	0.0008377961608999793
ZKU002.SG	8.665	-0.019700106656628396	253	0.0008377563189820601
ZKU002.SG	8.674999999999999	-0.010310397221619274	272	0.0008377169637714
ZKU002.SG	8.685	-0.021051810845581068	227	0.0008376780893224028
ZKU002.SG	8.695	0.030843706777316737	241	0.0008376396897621035
ZKU002.SG	8.705	-0.010279219174697308	285	0.0008376017592892811
ZKU002.SG	8.715	-0.01211620542475561	270	0.0008375642921735816
ZKU002.SG	8.725	-0.01304044630404463	240	0.0008375272827546535
ZKU002.SG	8.735	-0.0017289073305670828	241	0.0008374907254412913
ZKU002.SG	8.745	-0.020111810414542384	239	0.0008374546147105918
ZKU002.SG	8.754999999999999	-0.005691699604743083	276	0.0008374189451071191
ZKU002.SG	8.765	-0.014330497089117778	232	0.000837383711242081
ZKU002.SG	8.775	0.012342606878017219	284	0.0008373489077925142
ZKU002.SG	8.785	-0.012027204390884142	290	0.0008373145295004809
ZKU002.SG	8.795	-0.006602839220864972	234	0.0008372805711722737
ZKU002.SG	8.805	-0.016162341743737093	259	0.0008372470276776315
ZKU002.SG	8.815	-0.0038551562715131494	270	0.0008372138939489643
ZKU002.SG	8.825	0.027977868253471132	310	0.0008371811649805875
ZKU002.SG	8.834999999999999	-0.005465139642354833	316	0.0008371488358279657
ZKU002.SG	8.845	0.011122144985104271	266	0.0008371169016069657
ZKU002.SG	8.855	-0.012767509727626459	257	0.000837085357493119
ZKU002.SG	8.865	-0.011843232994831572	278	0.0008370541987208922
ZKU002.SG	8.875	0.012339112860334008	238	0.0008370234205829676
ZKU002.SG	8.885	0.028521617852161785	240	0.0008369930184295323
ZKU002.SG	8.895	-0.017826825127334467	248	0.0008369629876675746
ZKU002.SG	8.905	-0.01764658698965268	274	0.0008369333237601913
ZKU002.SG	8.915	0.0029368575624082226	228	0.0008369040222259019
ZKU002.SG	8.924999999999999	0.005363655867839518	237	0.0008368750786379711
ZKU002.SG	8.935	0.01534642292936132	211	0.0008368464886237408
ZKU002.SG	8.945	0.016322232460181656	214	0.0008368182478639688
ZKU002.SG	8.955	0.00577401692384271	246	0.000836790352092177
ZKU002.SG	8.965	0.041982685972573354	229	0.0008367627970940062
ZKU002.SG	8.975	0.03662868136747077	233	0.0008367355787065793
ZKU002.SG	8.985	0.031642116748499725	235	0.0008367086928178733
ZKU002.SG	8.995	0.04401892813909981	234	0.0008366821353660972
ZKU002.SG	9.004999999999999	0.05095238095238096	225	0.0008366559023390786
ZKU002.SG	9.015	-0.03534414031357959	213	0.0008366299897736581
ZKU002.SG	9.025	-0.021901443504230962	246	0.0008366043937550894
ZKU002.SG	9.035	0.01754317570465089	227	0.0008365791104164493
ZKU002.SG	9.045	-0.021705426356589147	216	0.0008365541359380521
ZKU002.SG	9.055	0.01686182669789227	245	0.0008365294665468738
ZKU002.SG	9.065	0.014854466376714623	245	0.000836505098515981
ZKU002.SG	9.075	-0.00022586109542631098	231	0.000836481028163969
ZKU002.SG	9.084999999999999	-0.006088992974238876	245	0.0008364572518544044
ZKU002.SG	9.095	0.02791885373811888	266	0.0008364337659952766
ZKU002.SG	9.105	0.0460171568627451	256	0.0008364105670384546
ZKU002.SG	9.115	0.01998939956083895	282	0.0008363876514791517
ZKU002.SG	9.125	0.014436543848308555	273	0.0008363650158553952
ZKU002.SG	9.135	-0.007437744198088781	292	0.0008363426567475036
ZKU002.SG	9.145	0.05800515274199485	286	0.0008363205707775706
ZKU002.SG	9.155	-0.02510460251046025	240	0.0008362987546089536
ZKU002.SG	9.165	-0.000243658780244141	287	0.0008362772049457708
ZKU002.SG	9.174999999999999	-0.020922399274517424	249	0.0008362559185324025
ZKU002.SG	9.185	0.022502704652001444	236	0.0008362348921529997
ZKU002.SG	9.195	-0.011412963956494174	203	0.0008362141226309981
ZKU002.SG	9.205	0.0710801393728223	246	0.0008361936068286377
ZKU002.SG	9.215	0.05069847747606341	277	0.0008361733416464899
ZKU002.SG	9.225	0.027054961089494164	257	0.0008361533240229883
ZKU002.SG	9.235	-0.0013703570140641906	236	0.0008361335509339664
ZKU002.SG	9.245	0.001435676562580116	198	0.0008361140193922008
ZKU002.SG	9.254999999999999	-0.005923488276429453	221	0.0008360947264469602
ZKU002.SG	9.265	0.029970661250282103	211	0.000836075669183559
ZKU002.SG	9.275	0.03041738136077759	265	0.0008360568447229172
ZKU002.SG	9.285	-0.011971567527123084	243	0.0008360382502211259
ZKU002.SG	9.295	0.006663133186946317	282	0.0008360198828690171
ZKU002.SG	9.305	-0.024567868737387033	262	0.0008360017398917393
ZKU002.SG	9.315	-0.017899447222953408	262	0.0008359838185483388
ZKU002.SG	9.325	0.02775712515489467	270	0.0008359661161313449
ZKU002.SG	9.334999999999999	0.034408602150537634	280	0.0008359486299663617
ZKU002.SG	9.345	-0.009403160506725872	248	0.0008359313574116632
ZKU002.SG	9.355	0.001013770381008704	267	0.000835914295857795
ZKU002.SG	9.365	0.013205678441729943	234	0.0008358974427271792
ZKU002.SG	9.375	-0.008749145591250854	210	0.000835880795473726
ZKU002.SG	9.385	0.04275165176836378	249	0.0008358643515824481
ZKU002.SG	9.395	0.03439891296574411	237	0.0008358481085690816
ZKU002.SG	9.405	0.03348790887305095	254	0.0008358320639797099
ZKU002.SG	9.415	0.05553067622033139	232	0.0008358162153903936
ZKU002.SG	9.424999999999999	0.02510460251046025	240	0.0008358005604068039
ZKU002.SG	9.435	0.012511365702855068	235	0.0008357850966638611
ZKU002.SG	9.445	-0.001704949088325834	206	0.000835769821825377
ZKU002.SG	9.455	-0.011204481792717089	238	0.0008357547335837026
ZKU002.SG	9.465	-0.009470257472625037	218	0.0008357398296593789
ZKU002.SG	9.475	0.0737140110036857	194	0.0008357251078007922
ZKU002.SG	9.485	0.027298151750972763	257	0.0008357105657838352
ZKU002.SG	9.495	0.0028232636928289096	253	0.0008356962014115695
ZKU002.SG	9.504999999999999	0.06962380685008422	274	0.000835682012513895
ZKU002.SG	9.515	0.055281413144532644	237	0.0008356679969472211
ZKU002.SG	9.525	0.013321898227558606	265	0.0008356541525941433
ZKU002.SG	9.535	-0.02197457228064668	277	0.0008356404773631231
ZKU002.SG	9.545	-0.026727120868631427	290	0.0008356269691881724
ZKU002.SG	9.555	-0.0366421568627451	256	0.000835613626028541
ZKU002.SG	9.565	0.009461940403897754	292	0.0008356004458684084
ZKU002.SG	9.575	-0.010236611973911264	262	0.0008355874267165794
ZKU002.SG	9.584999999999999	6.273919317397542e-05	253	0.000835574566606183
ZKU002.SG	9.595	0.09969458987783596	192	0.0008355618635943754
ZKU002.SG	9.605	-0.0006224518377890499	254	0.0008355493157620468
ZKU002.SG	9.615	0.09523809523809523	231	0.0008355369212135308
ZKU002.SG	9.625	0.05274011671273748	214	0.0008355246780763185
ZKU002.SG	9.635	0.03086494566315194	223	0.0008355125845007756
ZKU002.SG	9.645	0.02364943194991885	228	0.0008355006386598628
ZKU002.SG	9.655	-0.010936431989063567	210	0.0008354888387488599
ZKU002.SG	9.665	-0.002923199574807334	213	0.000835477182985093
ZKU002.SG	9.674999999999999	0.07219104214812369	234	0.0008354656696076651
ZKU002.SG	9.685	-0.016134598792062124	305	0.0008354542968771906
ZKU002.SG	9.695	-0.014265628750728714	242	0.0008354430630755319
ZKU002.SG	9.705	0.05659884480306505	263	0.0008354319665055404
ZKU002.SG	9.715	0.005864263748837874	237	0.0008354210054907994
ZKU002.SG	9.725	0.04291845493562231	233	0.0008354101783753715
ZKU002.SG	9.735	0.006224518377890511	254	0.0008353994835235481
ZKU002.SG	9.745	0.019525801952580194	240	0.0008353889193196024
ZKU002.SG	9.754999999999999	-0.011157601115760111	240	0.0008353784841675452
ZKU002.SG	9.765	0.042385377730530506	242	0.0008353681764908837
ZKU002.SG	9.775	0.056688558589699276	264	0.0008353579947323839
ZKU002.SG	9.785	0.06806534272901986	224	0.0008353479373538344
ZKU002.SG	9.795	0.01922254040354169	247	0.0008353380028358147
ZKU002.SG	9.805	0.022267206477732795	209	0.0008353281896774658
ZKU002.SG	9.815	-0.010602409638554217	250	0.0008353184963962626
ZKU002.SG	9.825	0.02021336327905671	274	0.0008353089215277909
ZKU002.SG	9.834999999999999	0.14613566102927805	235	0.0008352994636255255
ZKU002.SG	9.845	0.0336239103362391	220	0.0008352901212606119
ZKU002.SG	9.855	0.08826848826848827	260	0.0008352808930216505
ZKU002.SG	9.865	0.003461160275319569	226	0.0008352717775144834
ZKU002.SG	9.875	0.11424259135634052	263	0.0008352627733619835
ZKU002.SG	9.885	-0.01113895850737956	190	0.0008352538792038467
ZKU002.SG	9.895	0.01084465313880038	268	0.000835245093696386
ZKU002.SG	9.905	-0.000914173200661019	239	0.0008352364155123297
ZKU002.SG	9.915	0.037555479685899625	203	0.0008352278433406189
ZKU002.SG	9.924999999999999	0.061287580183940024	228	0.0008352193758862114
ZKU002.SG	9.935	0.10232630033232862	228	0.0008352110118698847
ZKU002.SG	9.945	0.044196663030743745	223	0.0008352027500280434
ZKU002.SG	9.955	0.03813115441022418	259	0.0008351945891125282
ZKU002.SG	9.965	0.02214022140221402	272	0.0008351865278904271
ZKU002.SG	9.975	0.033729670630039635	271	0.0008351785651438895
ZKU002.SG	9.985	0.009282500591996212	206	0.0008351706996699417
ZKU002.SG	9.995	0.010881488306787769	214	0.0008351629302803058
Ust_Ishim.DG	0.025	0.08099667181178365	1452	0.06712145517308767
Ust_Ishim.DG	0.035	0.10189329283024881	1238	0.06653315982872667
Ust_Ishim.DG	0.045	0.05942445848862961	1089	0.06595006026375047
Ust_Ishim.DG	0.05500000000000001	0.11238083446824315	985	0.06537211058943385
Ust_Ishim.DG	0.065	0.07084926592078554	921	0.06479926532233726
Ust_Ishim.DG	0.075	0.07985064720486018	842	0.06423147938072742
Ust_Ishim.DG	0.085	0.070832095009994	829	0.06366870808102947
Ust_Ishim.DG	0.095	0.05339919407253347	785	0.06311090713431043
Ust_Ishim.DG	0.10500000000000001	0.07773175778931865	807	0.06255803264279383
Ust_Ishim.DG	0.115	0.07030885625278148	750	0.06201004109640494
Ust_Ishim.DG	0.125	0.083561453346312	710	0.06146688936934671
Ust_Ishim.DG	0.135	0.06013662340115842	683	0.06092853471670581
Ust_Ishim.DG	0.145	0.046824915533223606	680	0.06039493477108872
Ust_Ishim.DG	0.155	0.08347500167324812	670	0.05986604753928748
Ust_Ishim.DG	0.16499999999999998	0.046757594780193645	649	0.05934183139897493
Ust_Ishim.DG	0.175	0.06578280947415463	686	0.058822245095429104
Ust_Ishim.DG	0.185	0.06335818482165488	677	0.0583072477382866
Ust_Ishim.DG	0.195	0.07616661171557314	675	0.057796798798324535
Ust_Ishim.DG	0.205	0.04755407653910149	601	0.05729085810427105
Ust_Ishim.DG	0.215	0.1060880189854085	584	0.056789385839643866
Ust_Ishim.DG	0.225	0.058202321911104235	654	0.05629234253961682
Ust_Ishim.DG	0.235	0.05658294974292714	610	0.05579968908791408
Ust_Ishim.DG	0.245	0.0873762030966662	536	0.05531138671373174
Ust_Ishim.DG	0.255	0.09520049630590492	596	0.054827396988686695
Ust_Ishim.DG	0.265	0.052796083600075316	565	0.054347681823792335
Ust_Ishim.DG	0.275	0.05189272920902314	627	0.0538722034664611
Ust_Ishim.DG	0.28500000000000003	0.045507269404941604	615	0.05340092449753337
Ust_Ishim.DG	0.29500000000000004	0.022886167588632815	524	0.05293380782833267
Ust_Ishim.DG	0.30500000000000005	0.049480892423238346	504	0.05247081669774688
Ust_Ishim.DG	0.315	0.048125816831955014	604	0.0520119146693352
Ust_Ishim.DG	0.325	0.04715389985273961	627	0.05155706562846067
Ust_Ishim.DG	0.335	0.05049440211371915	548	0.05110623377944808
Ust_Ishim.DG	0.34500000000000003	-0.001120262551674082	504	0.05065938364276683
Ust_Ishim.DG	0.35500000000000004	0.013809424174428755	527	0.050216480052238825
Ust_Ishim.DG	0.36500000000000005	0.017645846217274788	540	0.04977748815227099
Ust_Ishim.DG	0.375	0.011914956444706923	521	0.04934237339511214
Ust_Ishim.DG	0.385	0.040951874667750715	566	0.048911101538134195
Ust_Ishim.DG	0.395	0.04613039569851648	599	0.04848363864113733
Ust_Ishim.DG	0.405	0.07470900438043883	554	0.048059951063678996
Ust_Ishim.DG	0.41500000000000004	0.013440926755612764	569	0.04764000546242641
Ust_Ishim.DG	0.42500000000000004	0.06727571843606707	535	0.04722376878853258
Ust_Ishim.DG	0.43500000000000005	0.08590675326556728	499	0.04681120828503539
Ust_Ishim.DG	0.445	0.06938775510204082	540	0.04640229148427969
Ust_Ishim.DG	0.455	0.06925996204933586	528	0.045996986205362175
Ust_Ishim.DG	0.465	0.030032379924446843	545	0.045595260551598835
Ust_Ishim.DG	0.47500000000000003	0.04079922223339703	489	0.0451970829080147
Ust_Ishim.DG	0.48500000000000004	0.011382836816362828	520	0.04480242193885583
Ust_Ishim.DG	0.49500000000000005	0.02764533560131612	483	0.044411246585123305
Ust_Ishim.DG	0.505	0.030898655554681975	553	0.04402352606212885
Ust_Ishim.DG	0.515	0.04337250051535766	540	0.043639229857072234
Ust_Ishim.DG	0.525	0.032151550584272805	522	0.04325832772663992
Ust_Ishim.DG	0.535	0.032152714233639086	519	0.04288078969462501
Ust_Ishim.DG	0.545	0.030180843614940726	499	0.042506586049568154
Ust_Ishim.DG	0.555	0.02232346241457859	440	0.042135687342419355
Ust_Ishim.DG	0.5650000000000001	0.026402025190638154	508	0.04176806438422032
Ust_Ishim.DG	0.5750000000000001	0.024566717146222446	567	0.041403688243807475
Ust_Ishim.DG	0.5850000000000001	0.03815871968322059	551	0.041042530245534996
Ust_Ishim.DG	0.5950000000000001	0.012232415902140673	546	0.04068456196701819
Ust_Ishim.DG	0.605	0.03419570224549477	482	0.0403297552368967
Ust_Ishim.DG	0.615	0.013455786251239003	478	0.039978082132617436
Ust_Ishim.DG	0.625	0.051057572672774575	421	0.03962951497823719
Ust_Ishim.DG	0.635	0.02680263337826486	453	0.039284026342244524
Ust_Ishim.DG	0.645	0.03845261720058762	483	0.03894158903540103
Ust_Ishim.DG	0.655	0.03273408877907472	485	0.03860217610860159
Ust_Ishim.DG	0.665	0.004258232354350654	541	0.03826576085075347
Ust_Ishim.DG	0.675	0.048992813037756856	445	0.03793231678667429
Ust_Ishim.DG	0.685	0.02429276847108773	466	0.03760181767500844
Ust_Ishim.DG	0.6950000000000001	0.05737998679618976	461	0.03727423750616197
Ust_Ishim.DG	0.7050000000000001	0.01730592102483501	487	0.03694955050025562
Ust_Ishim.DG	0.7150000000000001	0.05098749207341169	467	0.03662773110509612
Ust_Ishim.DG	0.725	0.04754722401781225	442	0.03630875399416516
Ust_Ishim.DG	0.735	0.10166199007122814	452	0.035992594064626314
Ust_Ishim.DG	0.745	0.043372993912562254	417	0.03567922643534948
Ust_Ishim.DG	0.755	0.06686746987951807	416	0.035368626444952776
Ust_Ishim.DG	0.765	0.00881781632560871	471	0.0350607696498618
Ust_Ishim.DG	0.775	0.02664042120149446	458	0.03475563182238588
Ust_Ishim.DG	0.785	0.03539451961460854	479	0.034453188948811456
Ust_Ishim.DG	0.795	0.02277183284907755	412	0.03415341722751227
Ust_Ishim.DG	0.805	0.01037925949274465	422	0.033856293067076194
Ust_Ishim.DG	0.8150000000000001	0.012666197548238953	403	0.03356179308444861
Ust_Ishim.DG	0.8250000000000001	-0.008221899944045402	419	0.0332698941030923
Ust_Ishim.DG	0.8350000000000001	0.014428412874583796	477	0.032980573151163414
Ust_Ishim.DG	0.8450000000000001	0.013625820409606724	439	0.03269380745970367
Ust_Ishim.DG	0.855	-0.009384250414628516	437	0.03240957446084847
Ust_Ishim.DG	0.865	0.03238802276664192	450	0.03212785178605089
Ust_Ishim.DG	0.875	0.03838715562853494	406	0.031848617264321276
Ust_Ishim.DG	0.885	0.029028237211755115	409	0.031571848920482475
Ust_Ishim.DG	0.895	0.017733990147783252	435	0.031297524973440405
Ust_Ishim.DG	0.905	0.020694752402069475	451	0.03102562383446992
Ust_Ishim.DG	0.915	-0.01309155241043786	476	0.030756124105515873
Ust_Ishim.DG	0.925	0.018477305762455758	494	0.030489004577509072
Ust_Ishim.DG	0.935	0.045193029267072464	537	0.030224244228697204
Ust_Ishim.DG	0.9450000000000001	0.006953011102388695	482	0.029961822222990486
Ust_Ishim.DG	0.9550000000000001	0.01119571432870858	447	0.029701717908321847
Ust_Ishim.DG	0.9650000000000001	0.0013503300246888708	446	0.029443910815021693
Ust_Ishim.DG	0.9750000000000001	0.023758099352051837	464	0.029188380654207025
Ust_Ishim.DG	0.985	0.04898116716226766	478	0.028935107316184646
Ust_Ishim.DG	0.995	0.02799308728162483	484	0.028684070868868667
Ust_Ishim.DG	1.005	0.0045195269075866094	469	0.028435251556211842
Ust_Ishim.DG	1.015	0.004088378566457898	480	0.028188629796650808
Ust_Ishim.DG	1.0250000000000001	-0.005263334339066009	489	0.027944186181565082
Ust_Ishim.DG	1.0350000000000001	0.014822546972860125	480	0.027701901473749634
Ust_Ishim.DG	1.045	0.017315525243913988	460	0.02746175660590095
Ust_Ishim.DG	1.055	0.029229685043638532	430	0.027223732679116465
Ust_Ishim.DG	1.065	0.0261891504931594	449	0.02698781096140729
Ust_Ishim.DG	1.075	0.025817731478108837	371	0.026753972886224015
Ust_Ishim.DG	1.085	0.02705854291999046	389	0.026522200050995582
Ust_Ishim.DG	1.095	0.010460019146470498	446	0.026292474215681018
Ust_Ishim.DG	1.105	-0.0020787565256419334	412	0.026064777301334
Ust_Ishim.DG	1.115	0.004899281303775685	445	0.025839091388680076
Ust_Ishim.DG	1.125	0.05480446859757204	407	0.025615398716706445
Ust_Ishim.DG	1.135	0.043434343434343436	441	0.025393681681264216
Ust_Ishim.DG	1.145	0.045393010084265786	381	0.02517392283368299
Ust_Ishim.DG	1.155	0.03755330203891497	473	0.024956104879397683
Ust_Ishim.DG	1.165	0.05894301526485435	406	0.024740210676587483
Ust_Ishim.DG	1.175	0.0600347021399653	456	0.02452622323482684
Ust_Ishim.DG	1.185	0.05989974937343358	400	0.024314125713748323
Ust_Ishim.DG	1.195	0.053169734151329244	490	0.024103901421717342
Ust_Ishim.DG	1.205	0.06702619414483821	473	0.02389553381451855
Ust_Ishim.DG	1.215	0.013419225027584865	497	0.023689006494053828
Ust_Ishim.DG	1.225	0.013337122288528938	460	0.023484303207051818
Ust_Ishim.DG	1.235	0.01106670167556476	454	0.023281407843788793
Ust_Ishim.DG	1.245	0.030276023301171514	394	0.02308030443682088
Ust_Ishim.DG	1.2550000000000001	0.007805700609225413	384	0.022880977159727454
Ust_Ishim.DG	1.2650000000000001	0.026413145146654386	379	0.02268341032586561
Ust_Ishim.DG	1.2750000000000001	0.01309090909090909	375	0.022487588387135677
Ust_Ishim.DG	1.2850000000000001	0.027032492204212385	434	0.022293495932757607
Ust_Ishim.DG	1.2950000000000002	0.018391078776313435	410	0.022101117688058166
Ust_Ishim.DG	1.305	0.04723002853843976	429	0.021910438513268907
Ust_Ishim.DG	1.315	0.019255344226498432	402	0.021721443402334607
Ust_Ishim.DG	1.325	0.032992411745298586	434	0.0215341174817324
Ust_Ishim.DG	1.335	0.035844085918120105	323	0.02134844600930122
Ust_Ishim.DG	1.345	0.0653602389451446	371	0.021164414373081645
Ust_Ishim.DG	1.355	0.03049324057310382	467	0.020982008090165975
Ust_Ishim.DG	1.365	0.003746821892145055	424	0.020801212805558404
Ust_Ishim.DG	1.375	0.043065751464235545	389	0.020622014291045373
Ust_Ishim.DG	1.385	0.0029090909090909093	375	0.020444398444075813
Ust_Ishim.DG	1.395	0.0560364464692483	440	0.020268351286651307
Ust_Ishim.DG	1.405	0.06818072694099006	354	0.020093858964226025
Ust_Ishim.DG	1.415	0.03363349036913352	410	0.01992090774461646
Ust_Ishim.DG	1.425	0.02047762907878009	383	0.01974948401692068
Ust_Ishim.DG	1.435	0.011463046757164405	391	0.019579574290447176
Ust_Ishim.DG	1.445	0.03495079742110621	421	0.019411165193653226
Ust_Ishim.DG	1.455	0.018720978797631623	404	0.019244243473092528
Ust_Ishim.DG	1.465	0.05600636435958632	420	0.019078795992372208
Ust_Ishim.DG	1.475	0.02485676317452018	429	0.018914809731119003
Ust_Ishim.DG	1.485	0.005881936078236837	412	0.018752271783954597
Ust_Ishim.DG	1.495	0.012103198511199476	387	0.01859116935947997
Ust_Ishim.DG	1.5050000000000001	0.023761150132543873	322	0.01843148977926878
Ust_Ishim.DG	1.5150000000000001	0.0116195323378307	354	0.018273220476869554
Ust_Ishim.DG	1.5250000000000001	0.001653298200746568	394	0.01811634899681677
Ust_Ishim.DG	1.5350000000000001	0.02202316274878753	389	0.01796086299365061
Ust_Ishim.DG	1.5450000000000002	0.018511538300456504	379	0.01780675023094542
Ust_Ishim.DG	1.5550000000000002	0.0014983014944265768	394	0.017653998580346716
Ust_Ishim.DG	1.565	0.025771858514226413	373	0.017502596020616715
Ust_Ishim.DG	1.575	0.005469657699526321	335	0.017352530636688273
Ust_Ishim.DG	1.585	0.051525202987322195	314	0.01720379061872722
Ust_Ishim.DG	1.595	0.019095357441222104	343	0.017056364261202925
Ust_Ishim.DG	1.605	0.02110221384832784	386	0.016910239961967114
Ust_Ishim.DG	1.615	0.023369770071617037	379	0.016765406221340796
Ust_Ishim.DG	1.625	0.03679316411158583	346	0.01662185164120926
Ust_Ishim.DG	1.635	0.03515710832784003	370	0.01647956492412507
Ust_Ishim.DG	1.645	0.041620947630922694	401	0.016338534872418986
Ust_Ishim.DG	1.655	0.0005566542151908009	370	0.016198750387318713
Ust_Ishim.DG	1.665	0.03963244681807556	334	0.01606020046807547
Ust_Ishim.DG	1.675	0.003437172111870907	333	0.015922874211098257
Ust_Ishim.DG	1.685	0.005695989214694978	345	0.01578676080909573
Ust_Ishim.DG	1.695	-0.0024315173899661425	361	0.01565184955022573
Ust_Ishim.DG	1.705	-0.008556149732620321	375	0.015518129817252257
Ust_Ishim.DG	1.715	-0.006001846722068328	361	0.015385591086709935
Ust_Ishim.DG	1.725	0.04221768743540137	389	0.015254222928075826
Ust_Ishim.DG	1.735	0.01907979727715393	348	0.015124015002948566
Ust_Ishim.DG	1.745	0.0021620196427394375	390	0.014994957064234765
Ust_Ishim.DG	1.7550000000000001	0.02965641952983725	316	0.014867038955342566
Ust_Ishim.DG	1.7650000000000001	-0.004985754985754986	352	0.014740250609382366
Ust_Ishim.DG	1.7750000000000001	0.006557237444380575	307	0.014614582048374548
Ust_Ishim.DG	1.7850000000000001	0.02425031052226888	319	0.014490023382464254
Ust_Ishim.DG	1.7950000000000002	0.020751028665946716	383	0.014366564809143069
Ust_Ishim.DG	1.8050000000000002	-0.006152125279642058	448	0.014244196612477566
Ust_Ishim.DG	1.815	0.0130136160983251	387	0.014122909162344714
Ust_Ishim.DG	1.825	0.004896929261825335	433	0.01400269291367397
Ust_Ishim.DG	1.835	-0.003952391646081294	366	0.013883538405696151
Ust_Ishim.DG	1.845	-0.025996389390362452	380	0.013765436261198836
Ust_Ishim.DG	1.855	0.02651495380761	392	0.01364837718578844
Ust_Ishim.DG	1.865	0.0048741889539484105	356	0.013532351967158742
Ust_Ishim.DG	1.875	0.009768009768009768	442	0.01341735147436591
Ust_Ishim.DG	1.885	-0.008982077947595188	378	0.0133033666571099
Ust_Ishim.DG	1.895	0.005948446794448116	357	0.013190388545022235
Ust_Ishim.DG	1.905	-0.008493427704752275	345	0.013078408246960035
Ust_Ishim.DG	1.915	0.010566037735849057	425	0.012967416950306315
Ust_Ishim.DG	1.925	-0.0009131613055260977	369	0.012857405920276451
Ust_Ishim.DG	1.935	0.005153874675565443	465	0.012748366499230763
Ust_Ishim.DG	1.945	0.03272730732273501	459	0.012640290105993183
Ust_Ishim.DG	1.955	0.013255567338282079	369	0.012533168235175932
Ust_Ishim.DG	1.965	-0.013609049133969599	369	0.012426992456510163
Ust_Ishim.DG	1.975	0.004813836056624608	402	0.012321754414182522
Ust_Ishim.DG	1.985	0.05443635443188756	367	0.012217445826177552
Ust_Ishim.DG	1.995	0.0266311903734599	409	0.012114058483625921
Ust_Ishim.DG	2.005	0.028606508613596954	398	0.012011584250158408
Ust_Ishim.DG	2.015	0.041386826911747374	369	0.011910015061265574
Ust_Ishim.DG	2.025	0.027732165663200144	406	0.011809342923663119
Ust_Ishim.DG	2.035	0.006780141843971632	376	0.011709559914662805
Ust_Ishim.DG	2.045	0.005102482054830061	373	0.01161065818154898
Ust_Ishim.DG	2.055	0.006999027912789891	380	0.011512629940960565
Ust_Ishim.DG	2.065	-0.004584028773595994	413	0.011415467478278537
Ust_Ishim.DG	2.075	0.008624113475177305	376	0.011319163147018793
Ust_Ishim.DG	2.085	0.004200055263885051	330	0.011223709368230398
Ust_Ishim.DG	2.095	0.02563458155315406	346	0.011129098629899116
Ust_Ishim.DG	2.105	0.000964539007092199	376	0.011035323486356266
Ust_Ishim.DG	2.115	-0.007121537414253548	339	0.010942376557692717
Ust_Ishim.DG	2.125	-0.007495171379976361	373	0.010850250529178151
Ust_Ishim.DG	2.1350000000000002	0.007716667273322898	332	0.010758938150685382
Ust_Ishim.DG	2.145	0.010723705185056371	372	0.01066843223611978
Ust_Ishim.DG	2.1550000000000002	0.0066726863684363575	362	0.010578725662853767
Ust_Ishim.DG	2.165	0.018613308515588647	308	0.01048981137116626
Ust_Ishim.DG	2.1750000000000003	0.050028490028490025	325	0.010401682363687086
Ust_Ishim.DG	2.185	0.03502297478201093	333	0.010314331704846321
Ust_Ishim.DG	2.1950000000000003	-0.010880316518298714	337	0.01022775252032845
Ust_Ishim.DG	2.205	0.010173300999585971	319	0.010141937996531398
Ust_Ishim.DG	2.215	0.016418966737438073	315	0.010056881380030292
Ust_Ishim.DG	2.225	0.0209943270648144	367	0.009972575977045985
Ust_Ishim.DG	2.235	0.054985617816624074	403	0.00988901515291829
Ust_Ishim.DG	2.245	-0.0031940008332176106	380	0.009806192331583821
Ust_Ishim.DG	2.255	0.04633204633204633	407	0.009724100995058483
Ust_Ishim.DG	2.265	0.004144004144004144	352	0.009642734682924509
Ust_Ishim.DG	2.275	0.011939650493867363	333	0.009562086991822058
Ust_Ishim.DG	2.285	0.007480534426642212	334	0.009482151574945261
Ust_Ishim.DG	2.295	0.003256003256003257	378	0.009402922141542765
Ust_Ishim.DG	2.305	0.00864525002456037	378	0.009324392456422633
Ust_Ishim.DG	2.315	-0.00999000999000999	364	0.009246556339461686
Ust_Ishim.DG	2.325	-0.007228666827303707	418	0.009169407665119098
Ust_Ishim.DG	2.335	0.002209261223047013	369	0.00909294036195437
Ust_Ishim.DG	2.345	-0.006040585181689477	326	0.009017148412149484
Ust_Ishim.DG	2.355	-0.013505939606031196	383	0.008942025851035337
Ust_Ishim.DG	2.365	-0.011754827875734676	397	0.00886756676662233
Ust_Ishim.DG	2.375	0.0009894051201714967	382	0.008793765299135092
Ust_Ishim.DG	2.3850000000000002	0.002366822099759785	337	0.008720615640551347
Ust_Ishim.DG	2.395	0.0011015642211940953	357	0.00864811203414483
Ust_Ishim.DG	2.4050000000000002	-0.0009350668033302771	334	0.008576248774032229
Ust_Ishim.DG	2.415	-0.014889140637643631	334	0.008505020204724167
Ust_Ishim.DG	2.4250000000000003	-0.005378166451991955	298	0.008434420720680107
Ust_Ishim.DG	2.435	0.03180113575484839	306	0.008364444765867226
Ust_Ishim.DG	2.4450000000000003	0.0022338185480179442	331	0.008295086833323147
Ust_Ishim.DG	2.455	0.07286781309709918	304	0.008226341464722571
Ust_Ishim.DG	2.465	0.007712809517428269	367	0.008158203249947704
Ust_Ishim.DG	2.475	0.014818763326226014	336	0.0080906668266625
Ust_Ishim.DG	2.485	-0.006751572809574958	343	0.00802372687989065
Ust_Ishim.DG	2.495	0.01370757180156658	384	0.007957378141597317
Ust_Ishim.DG	2.505	0.01033759996744063	314	0.00789161539027454
Ust_Ishim.DG	2.515	0.004506892895015907	369	0.007826433450530306
Ust_Ishim.DG	2.525	0.024227192762000502	346	0.007761827192681286
Ust_Ishim.DG	2.535	-0.004339277239134857	344	0.007697791532349103
Ust_Ishim.DG	2.545	0.009621839337659432	328	0.007634321430060236
Ust_Ishim.DG	2.555	-0.007372818874416319	313	0.007571411890849393
Ust_Ishim.DG	2.565	0.01050993316854344	331	0.0075090579638664445
Ust_Ishim.DG	2.575	0.006136112743903314	374	0.0074472547419867806
Ust_Ishim.DG	2.585	0.008299465240641712	375	0.007385997361425151
Ust_Ishim.DG	2.595	0.005063226725695239	397	0.007325281001352869
Ust_Ishim.DG	2.605	0.0054275121354584715	324	0.007265100883518448
Ust_Ishim.DG	2.615	0.006429537678045675	355	0.007205452271871552
Ust_Ishim.DG	2.625	0.04196933010492332	295	0.0071463304721902775
Ust_Ishim.DG	2.6350000000000002	-0.0026547526547526542	352	0.0070877308317117225
Ust_Ishim.DG	2.645	-0.019364267446108877	392	0.007029648738765839
Ust_Ishim.DG	2.6550000000000002	-0.009880285742354708	378	0.0069720796224124896
Ust_Ishim.DG	2.665	-0.005277909219961416	332	0.006915018952081735
Ust_Ishim.DG	2.6750000000000003	0.007957348611442667	355	0.0068584622372172745
Ust_Ishim.DG	2.685	0.0004565167769915541	338	0.006802405026923066
Ust_Ishim.DG	2.6950000000000003	0.006023483445595327	314	0.006746842909613032
Ust_Ishim.DG	2.705	0.0033699059561128532	320	0.006691771512663892
Ust_Ishim.DG	2.715	-0.00724512678971882	341	0.0066371865020710295
Ust_Ishim.DG	2.725	0.006757904672015101	326	0.006583083582107433
Ust_Ishim.DG	2.735	-0.008631385876894859	334	0.006529458494985626
Ust_Ishim.DG	2.745	0.026206159871817698	411	0.00647630702052257
Ust_Ishim.DG	2.755	0.01291651393761673	339	0.006423624975807575
Ust_Ishim.DG	2.765	0.030901333050645324	389	0.006371408214873086
Ust_Ishim.DG	2.775	0.007204257060990585	350	0.0063196526283684235
Ust_Ishim.DG	2.785	0.0020367671588853967	338	0.006268354143236373
Ust_Ishim.DG	2.795	0.0024752475247524753	304	0.0062175087223926544
Ust_Ishim.DG	2.805	0.016475499988776905	299	0.0061671123644081996
Ust_Ishim.DG	2.815	-0.005668680540016409	328	0.006117161103194264
Ust_Ishim.DG	2.825	0.025476112232602537	358	0.0060676510076902845
Ust_Ishim.DG	2.835	0.03770986057758528	362	0.006018578181554532
Ust_Ishim.DG	2.845	-0.004889403562948147	414	0.005969938762857464
Ust_Ishim.DG	2.855	0.011320558757854286	393	0.00592172892377781
Ust_Ishim.DG	2.865	0.012910450219016566	349	0.005873944870301313
Ust_Ishim.DG	2.875	0.03542531542531543	351	0.005826582841922171
Ust_Ishim.DG	2.8850000000000002	0.021840961679553024	377	0.005779639111347069
Ust_Ishim.DG	2.895	0.03221288515406163	273	0.005733109984201873
Ust_Ishim.DG	2.9050000000000002	0.01396588486140725	336	0.005686991798740866
Ust_Ishim.DG	2.915	0.01949600261816822	293	0.0056412809255586
Ust_Ishim.DG	2.9250000000000003	0.008517228029423151	288	0.005595973767304247
Ust_Ishim.DG	2.935	0.005144826876575604	342	0.005551066758398517
Ust_Ishim.DG	2.9450000000000003	0.008548820121520417	337	0.005506556364753028
Ust_Ishim.DG	2.955	0.0020322833202845196	347	0.005462439083492218
Ust_Ishim.DG	2.965	0.003227485684539303	340	0.005418711442677629
Ust_Ishim.DG	2.975	-0.011352284079556806	364	0.005375370001034712
Ust_Ishim.DG	2.985	-0.012302988388599716	332	0.005332411347681985
Ust_Ishim.DG	2.995	-0.0012302512302512299	352	0.005289832101862616
Ust_Ishim.DG	3.005	0.0032559369976190968	314	0.005247628912678355
Ust_Ishim.DG	3.015	0.038717106798836	359	0.005205798458825822
Ust_Ishim.DG	3.025	0.021711945692652293	382	0.005164337448335145
Ust_Ishim.DG	3.035	0.00742847739721197	413	0.005123242618310872
Ust_Ishim.DG	3.045	-0.006723137069067646	368	0.005082510734675191
Ust_Ishim.DG	3.055	0.017808558001484048	312	0.0050421385919134235
Ust_Ishim.DG	3.065	0.013979386328634047	368	0.0050021230128217435
Ust_Ishim.DG	3.075	0.005122226932315954	337	0.004962460848257153
Ust_Ishim.DG	3.085	0.015614483779781934	323	0.004923148976889638
Ust_Ishim.DG	3.095	-0.02096394201972607	317	0.004884184304956538
Ust_Ishim.DG	3.105	-0.012372812372812373	351	0.004845563766019057
Ust_Ishim.DG	3.115	-0.009410860901714122	354	0.004807284320720962
Ust_Ishim.DG	3.125	-0.007065140596297865	337	0.004769342956549378
Ust_Ishim.DG	3.1350000000000002	0.06903938335118431	338	0.004731736687597707
Ust_Ishim.DG	3.145	0.02428989461177972	302	0.00469446255433066
Ust_Ishim.DG	3.1550000000000002	-0.007178727787792943	353	0.004657517623351325
Ust_Ishim.DG	3.165	0.0487218045112782	400	0.004620898987170335
Ust_Ishim.DG	3.1750000000000003	0.02715047346224238	355	0.004584603763977045
Ust_Ishim.DG	3.185	-0.010762140706998054	388	0.004548629097412736
Ust_Ishim.DG	3.1950000000000003	0.0629233976029182	304	0.004512972156345838
Ust_Ishim.DG	3.205	0.02571053484050262	343	0.004477630134649108
Ust_Ishim.DG	3.2150000000000003	0.007058220460953056	319	0.004442600250978814
Ust_Ishim.DG	3.225	-0.004218758038791994	342	0.004407879748555831
Ust_Ishim.DG	3.235	0.02079549013466959	310	0.0043734658949487
Ust_Ishim.DG	3.245	0.024270294436993037	307	0.004339355981858585
Ust_Ishim.DG	3.255	-0.0015130054081895444	353	0.004305547324906142
Ust_Ishim.DG	3.265	0.040887850467289724	321	0.004272037263420251
Ust_Ishim.DG	3.275	0.006727555300078772	307	0.0042388231602286455
Ust_Ishim.DG	3.285	0.022325581395348838	301	0.004205902401450352
Ust_Ishim.DG	3.295	0.0006478781988986068	343	0.004173272396290007
Ust_Ishim.DG	3.305	-0.009519147084421236	384	0.004140930576833936
Ust_Ishim.DG	3.315	-0.015634796238244514	320	0.0041088743978480976
Ust_Ishim.DG	3.325	0.015741833923652106	364	0.004077101336577748
Ust_Ishim.DG	3.335	0.02858828929250541	303	0.004045608892548933
Ust_Ishim.DG	3.345	0.006149422992452982	317	0.004014394587371683
Ust_Ishim.DG	3.355	0.031173473947627137	335	0.003983455964544983
Ust_Ishim.DG	3.365	0.010507292060690118	309	0.003952790589263444
Ust_Ishim.DG	3.375	0.05848601304852981	335	0.003922396048225698
Ust_Ishim.DG	3.3850000000000002	-0.008566978193146417	321	0.0038922699494444587
Ust_Ishim.DG	3.395	-0.01618951252901613	318	0.0038624099220583006
Ust_Ishim.DG	3.4050000000000002	0.009701492537313432	336	0.0038328136161450517
Ust_Ishim.DG	3.415	-0.011547055143444455	335	0.0038034787025368875
Ust_Ishim.DG	3.4250000000000003	-0.017506166945173866	355	0.0037744028726369987
Ust_Ishim.DG	3.435	-0.004188130837207355	379	0.0037455838382379415
Ust_Ishim.DG	3.4450000000000003	-0.012810480248094369	372	0.00371701933134153
Ust_Ishim.DG	3.455	0.0022922636103151857	350	0.0036887071039803784
Ust_Ishim.DG	3.4650000000000003	0.03768382352941176	256	0.0036606449280409668
Ust_Ishim.DG	3.475	0.01598266287417039	322	0.0036328305950883077
Ust_Ishim.DG	3.485	0.008228268082282683	275	0.0036052619161921428
Ust_Ishim.DG	3.495	0.005880900540953066	299	0.003577936721754669
Ust_Ishim.DG	3.505	-0.009898895892381234	308	0.0035508528613398182
Ust_Ishim.DG	3.515	-0.03250711093051605	322	0.003524008203504002
Ust_Ishim.DG	3.525	-0.013273971473328388	312	0.0034974006356283767
Ust_Ishim.DG	3.535	0.019288728149487646	316	0.0034710280637525897
Ust_Ishim.DG	3.545	-0.009361518550474547	305	0.0034448884124099826
Ust_Ishim.DG	3.555	-0.0069158810468459946	332	0.003418979624464264
Ust_Ishim.DG	3.565	-0.005398110661268556	286	0.0033932996609476063
Ust_Ishim.DG	3.575	0.07626624601351119	242	0.0033678465009001953
Ust_Ishim.DG	3.585	0.02961791831357049	276	0.0033426181412111768
Ust_Ishim.DG	3.595	-0.009436701509872242	288	0.0033176125964610157
Ust_Ishim.DG	3.605	0.05150501672240803	300	0.003292827898765256
Ust_Ishim.DG	3.615	0.012735109717868339	320	0.003268262097619637
Ust_Ishim.DG	3.625	0.0028808757862390164	354	0.0032439132597466116
Ust_Ishim.DG	3.6350000000000002	0.006918705213738572	285	0.003219779468943188
Ust_Ishim.DG	3.645	0.018129414094299353	302	0.00319585882593013
Ust_Ishim.DG	3.6550000000000002	0.037964763590979014	263	0.003172149448202495
Ust_Ishim.DG	3.665	0.0012857602057216328	306	0.0031486494698814743
Ust_Ishim.DG	3.6750000000000003	0.016556158328310224	316	0.0031253570415675624
Ust_Ishim.DG	3.685	0.0010919017288444045	315	0.0031022703301950044
Ust_Ishim.DG	3.6950000000000003	0.004248420817262006	268	0.0030793875188875465
Ust_Ishim.DG	3.705	-0.004809225861857441	286	0.003056706806815442
Ust_Ishim.DG	3.7150000000000003	0.0031777557100297915	266	0.0030342264090537363
Ust_Ishim.DG	3.725	-0.014470137608171372	266	0.003011944556441798
Ust_Ishim.DG	3.735	-0.022878124558678152	292	0.0029898594954440817
Ust_Ishim.DG	3.745	0.015790977326442093	278	0.002967969488012134
Ust_Ishim.DG	3.755	-0.012523734496828667	223	0.0029462728114478206
Ust_Ishim.DG	3.765	0.01705518035542	254	0.002924767758267731
Ust_Ishim.DG	3.775	0.02518461987385244	299	0.0029034526360688317
Ust_Ishim.DG	3.785	0.014086414736556956	322	0.0028823257673952496
Ust_Ishim.DG	3.795	-0.016306919520984238	332	0.0028613854896062853
Ust_Ishim.DG	3.805	0.011358024691358024	325	0.0028406301547455465
Ust_Ishim.DG	3.815	0.014600135510239766	303	0.0028200581294112697
Ust_Ishim.DG	3.825	0.006416389936398942	327	0.0027996677946277673
Ust_Ishim.DG	3.835	-0.02372735116479724	305	0.002779457545718025
Ust_Ishim.DG	3.845	0.009829531162322712	322	0.0027594257921774077
Ust_Ishim.DG	3.855	-0.015371186476762258	307	0.0027395709575485003
Ust_Ishim.DG	3.865	0.023731978010579816	311	0.002719891479297035
Ust_Ishim.DG	3.875	0.00036842590034079364	330	0.00270038580868893
Ust_Ishim.DG	3.8850000000000002	-0.004136322633165388	302	0.0026810524106683996
Ust_Ishim.DG	3.895	-0.013463598015430683	303	0.0026618897637371614
Ust_Ishim.DG	3.9050000000000002	0.05396243701328447	296	0.0026428963598346777
Ust_Ishim.DG	3.915	0.011517877129077552	314	0.002624070704219497
Ust_Ishim.DG	3.9250000000000003	-0.007435722888411793	339	0.0026054113153516027
Ust_Ishim.DG	3.935	0.035413435150936645	290	0.0025869167247758286
Ust_Ishim.DG	3.9450000000000003	-0.010256201542500154	314	0.0025685854770062908
Ust_Ishim.DG	3.955	-0.010465010465010466	297	0.0025504161294118474
Ust_Ishim.DG	3.9650000000000003	0.0031011692933401113	281	0.0025324072521025606
Ust_Ishim.DG	3.975	0.048144754924415945	296	0.002514557427817175
Ust_Ishim.DG	3.9850000000000003	-0.013513105902934877	258	0.0024968652518115747
Ust_Ishim.DG	3.995	0.003867873443180939	279	0.002479329331748238
Ust_Ishim.DG	4.005	-0.0047520047520047525	260	0.00246194828758666
Ust_Ishim.DG	4.015	0.019422812643151627	296	0.00244472075147475
Ust_Ishim.DG	4.0249999999999995	0.009256983697878267	313	0.0024276453676411805
Ust_Ishim.DG	4.034999999999999	0.0684379294548786	296	0.0024107207922886903
Ust_Ishim.DG	4.045	-0.005247723414107113	342	0.002393945693488337
Ust_Ishim.DG	4.055	-0.002431822129581378	304	0.0023773187510746697
Ust_Ishim.DG	4.0649999999999995	-0.011179758752574286	309	0.0023608386565418396
Ust_Ishim.DG	4.074999999999999	0.03039288361749444	285	0.002344504112940619
Ust_Ishim.DG	4.085	0.004925860769037446	346	0.002328313834776337
Ust_Ishim.DG	4.095	0.03477849411486367	319	0.0023122665479077134
Ust_Ishim.DG	4.1049999999999995	0.006111866879596222	319	0.0022963609894465875
Ust_Ishim.DG	4.114999999999999	0.028969787359049103	298	0.002280595907658527
Ust_Ishim.DG	4.125	0.008415540698489878	293	0.002264970061864324
Ust_Ishim.DG	4.135	0.002811016144349477	325	0.002249482222342356
Ust_Ishim.DG	4.145	-0.013362563941956363	310	0.002234131170231805
Ust_Ishim.DG	4.154999999999999	-0.004887091338051906	345	0.0022189156974367374
Ust_Ishim.DG	4.165	-0.001470421897975343	421	0.002203834606531032
Ust_Ishim.DG	4.175	-0.018135525081520526	367	0.0021888867106641444
Ust_Ishim.DG	4.185	-0.01022811385505686	386	0.002174070833467702
Ust_Ishim.DG	4.194999999999999	-0.00540720714047628	403	0.0021593858089629272
Ust_Ishim.DG	4.205	-0.008897876643073812	345	0.0021448304814688773
Ust_Ishim.DG	4.215	0.011088864931464654	302	0.002130403705511496
Ust_Ishim.DG	4.225	0.009108159392789373	341	0.0021161043457334663
Ust_Ishim.DG	4.234999999999999	-0.015014746626150684	335	0.0021019312768048586
Ust_Ishim.DG	4.244999999999999	-0.008824821307351356	317	0.0020878833833345737
Ust_Ishim.DG	4.255	0.008048957577014832	311	0.0020739595597825556
Ust_Ishim.DG	4.265	-0.008115942028985508	276	0.0020601587103728004
Ust_Ishim.DG	4.2749999999999995	0.009100604337006754	291	0.0020464797490071084
Ust_Ishim.DG	4.284999999999999	0.000471559092248748	261	0.002032921599179619
Ust_Ishim.DG	4.295	-0.01679726743017882	316	0.0020194831938920863
Ust_Ishim.DG	4.305	-0.02940711462450593	276	0.0020061634755699147
Ust_Ishim.DG	4.3149999999999995	-0.014945391837516767	307	0.001992961395978923
Ust_Ishim.DG	4.324999999999999	-0.007919204069869432	283	0.0019798759161428555
Ust_Ishim.DG	4.335	0.030112044817927168	273	0.0019669060062616132
Ust_Ishim.DG	4.345	0.011726119641250398	263	0.0019540506456302174
Ust_Ishim.DG	4.3549999999999995	0.004937247173529716	311	0.0019413088225584715
Ust_Ishim.DG	4.364999999999999	-0.017911131470453506	296	0.001928679534291355
Ust_Ishim.DG	4.375	-0.008105369807497466	330	0.0019161617869300962
Ust_Ishim.DG	4.385	-0.010957324106113032	289	0.001903754595353968
Ust_Ishim.DG	4.395	0.006547189702047385	269	0.0018914569831427488
Ust_Ishim.DG	4.404999999999999	-0.02013218098627351	281	0.0018792679824998896
Ust_Ishim.DG	4.415	-0.0018718376180866306	262	0.0018671866341763424
Ust_Ishim.DG	4.425	-0.019405379896177438	326	0.0018552119873950783
Ust_Ishim.DG	4.435	0.026314052496094694	302	0.0018433430997762514
Ust_Ishim.DG	4.444999999999999	0.04740245261984392	300	0.0018315790372630493
Ust_Ishim.DG	4.455	-0.0019975681778704197	304	0.0018199188740481717
Ust_Ishim.DG	4.465	0.006469914895734832	284	0.0018083616925009837
Ust_Ishim.DG	4.475	-0.013768924302788844	251	0.0017969065830952878
Ust_Ishim.DG	4.484999999999999	0.00815418828762046	285	0.001785552644337757
Ust_Ishim.DG	4.495	0.017925797770088427	289	0.0017742989826969795
Ust_Ishim.DG	4.505	0.011347235355596477	284	0.0017631447125331491
Ust_Ishim.DG	4.515	-0.024223107569721115	251	0.0017520889560283595
Ust_Ishim.DG	4.5249999999999995	-0.016721964167219643	275	0.001741130843117526
Ust_Ishim.DG	4.534999999999999	-0.012056940441354426	302	0.001730269511419912
Ust_Ishim.DG	4.545	0.0024998511993333723	318	0.0017195041061712599
Ust_Ishim.DG	4.555	-0.015114709851551956	286	0.0017088337801565282
Ust_Ishim.DG	4.5649999999999995	-0.007905300237568608	313	0.0016982576936432096
Ust_Ishim.DG	4.574999999999999	-0.0006457739791073134	325	0.0016877750143152524
Ust_Ishim.DG	4.585	-0.013152804642166343	330	0.0016773849172075543
Ust_Ishim.DG	4.595	0.018185982592762252	296	0.0016670865846410456
Ust_Ishim.DG	4.6049999999999995	-0.0066412321605199935	337	0.0016568792061583308
Ust_Ishim.DG	4.614999999999999	-0.0023510971786833857	320	0.0016467619784599151
Ust_Ishim.DG	4.625	-0.010069366748713358	328	0.0016367341053409807
Ust_Ishim.DG	4.635	0.007375171781951442	296	0.0016267947976287334
Ust_Ishim.DG	4.645	-0.004820427156663881	290	0.0016169432731202881
Ust_Ishim.DG	4.654999999999999	-0.02177700348432056	288	0.0016071787565211213
Ust_Ishim.DG	4.665	-0.0070874861572535995	301	0.0015975004793840437
Ust_Ishim.DG	4.675	-0.00038712943523771203	367	0.0015879076800487404
Ust_Ishim.DG	4.685	-2.6231228277263395e-05	391	0.001578399603581816
Ust_Ishim.DG	4.694999999999999	-0.005544432465732327	302	0.001568975501717394
Ust_Ishim.DG	4.705	-0.004447739065974796	285	0.00155963463279822
Ust_Ishim.DG	4.715	-0.007851797325481536	286	0.0015503762617173045
Ust_Ishim.DG	4.725	-0.013831258644536654	241	0.0015411996598600607
Ust_Ishim.DG	4.734999999999999	0.0021200878322101915	282	0.0015321041050469762
Ust_Ishim.DG	4.745	-0.018891374596072583	298	0.0015230888814767676
Ust_Ishim.DG	4.755	0.01151586914629333	294	0.0015141532796700574
Ust_Ishim.DG	4.765	-0.004574042309891366	265	0.0015052965964135333
Ust_Ishim.DG	4.7749999999999995	0.004427899686520376	320	0.0014965181347046095
Ust_Ishim.DG	4.784999999999999	0.002170885557467027	313	0.0014878172036965742
Ust_Ishim.DG	4.795	-0.006828255400710777	317	0.0014791931186442188
Ust_Ishim.DG	4.805	0.01924285909525762	271	0.0014706452008499556
Ust_Ishim.DG	4.8149999999999995	-0.007965978632921897	311	0.0014621727776103987
Ust_Ishim.DG	4.824999999999999	0.01880905295539442	370	0.0014537751821634285
Ust_Ishim.DG	4.835	0.032573289902280124	307	0.0014454517536357156
Ust_Ishim.DG	4.845	-0.01316614420062696	320	0.0014372018369907167
Ust_Ishim.DG	4.8549999999999995	0.008367911479944675	241	0.0014290247829771175
Ust_Ishim.DG	4.864999999999999	-0.007182779286660231	299	0.0014209199480777423
Ust_Ishim.DG	4.875	-0.0077511676438437845	348	0.001412886694458912
Ust_Ishim.DG	4.885	-0.001657916551533574	330	0.001404924389920243
Ust_Ishim.DG	4.895	0.017445705603717936	335	0.001397032407844898
Ust_Ishim.DG	4.904999999999999	-0.0001266023104921668	356	0.0013892101271502709
Ust_Ishim.DG	4.915	-0.006349077145357237	314	0.001381456932239112
Ust_Ishim.DG	4.925	-0.005375006221072015	284	0.0013737722129510757
Ust_Ishim.DG	4.935	0.004483321556492289	287	0.0013661553645147103
Ust_Ishim.DG	4.944999999999999	-0.005823475887170155	315	0.0013586057874998532
Ust_Ishim.DG	4.955	-0.0029117379435850774	315	0.0013511228877704686
Ust_Ishim.DG	4.965	-0.010335244050720862	304	0.0013437060764378815
Ust_Ishim.DG	4.975	0.014297224053321613	370	0.0013363547698144384
Ust_Ishim.DG	4.984999999999999	-0.0034336677814938684	300	0.0013290683893675693
Ust_Ishim.DG	4.995	-0.0035064752910374487	293	0.0013218463616742585
Ust_Ishim.DG	5.005	0.003957113446164541	274	0.0013146881183759213
Ust_Ishim.DG	5.015	0.0006324110671936755	276	0.0013075930961336702
Ust_Ishim.DG	5.0249999999999995	-0.010969899665551841	300	0.0013005607365839836
Ust_Ishim.DG	5.034999999999999	-0.010488752193371581	319	0.0012935904862947647
Ust_Ishim.DG	5.045	0.011527955291582086	283	0.0012866817967217854
Ust_Ishim.DG	5.055	-0.01132404181184669	288	0.0012798341241655202
Ust_Ishim.DG	5.0649999999999995	0.00756482357039765	284	0.001273046929728354
Ust_Ishim.DG	5.074999999999999	-0.005148784735367608	282	0.0012663196792721755
Ust_Ishim.DG	5.085	-0.021231422505307858	315	0.0012596518433763385
Ust_Ishim.DG	5.095	-0.011992619926199263	272	0.0012530428972960018
Ust_Ishim.DG	5.1049999999999995	0.00339968870320308	313	0.001246492320920829
Ust_Ishim.DG	5.114999999999999	0.00575880758807588	288	0.001239999598734058
Ust_Ishim.DG	5.125	0.05543232738446511	314	0.0012335642197719317
Ust_Ishim.DG	5.135	0.0013351522363799955	263	0.0012271856775834863
Ust_Ishim.DG	5.145	-0.0049508780072716006	279	0.001220863470190693
Ust_Ishim.DG	5.154999999999999	0.0008460594779813024	308	0.0012145971000489559
Ust_Ishim.DG	5.165	-0.019534136546184737	250	0.0012083860740079526
Ust_Ishim.DG	5.175	0.032177052268089784	277	0.00120222990327283
Ust_Ishim.DG	5.185	-0.011383399209486165	276	0.001196128103365729
Ust_Ishim.DG	5.194999999999999	0.04255611543747137	296	0.0011900801940876661
Ust_Ishim.DG	5.205	-0.006225494597587621	259	0.001184085699480736
Ust_Ishim.DG	5.215	0.03060560017364879	272	0.0011781441477906583
Ust_Ishim.DG	5.225	0.09843768757181322	342	0.0011722550714296496
Ust_Ishim.DG	5.234999999999999	0.02978102189781022	275	0.0011664180069396262
Ust_Ishim.DG	5.245	0.02925402242808386	294	0.0011606324949557298
Ust_Ishim.DG	5.255	0.0039451114922813045	265	0.0011548980801701792
Ust_Ishim.DG	5.265	0.022296544035674472	300	0.0011492143112964356
Ust_Ishim.DG	5.2749999999999995	0.003220528270524374	278	0.0011435807410336875
Ust_Ishim.DG	5.284999999999999	-0.003412149173394848	289	0.0011379969260316507
Ust_Ishim.DG	5.295	0.0022554695135704084	283	0.0011324624268556763
Ust_Ishim.DG	5.305	0.01288723667905824	270	0.00112697680795217
Ust_Ishim.DG	5.3149999999999995	-0.009422156790577844	286	0.001121539637614312
Ust_Ishim.DG	5.324999999999999	0.0025518341307814987	286	0.0011161504879480836
Ust_Ishim.DG	5.335	-0.0007420232500618355	312	0.001110808934838595
Ust_Ishim.DG	5.345	0.00843924758515506	281	0.0011055145579167054
Ust_Ishim.DG	5.3549999999999995	-0.010437939641479465	339	0.0011002669405259422
Ust_Ishim.DG	5.364999999999999	-0.005359056806002142	312	0.00109506566968971
Ust_Ishim.DG	5.375	-0.00582874099194574	337	0.0010899103360787938
Ust_Ishim.DG	5.385	-0.011944260119442602	275	0.0010848005339791395
Ust_Ishim.DG	5.395	0.00823920265780731	301	0.001079735861259931
Ust_Ishim.DG	5.404999999999999	0.02612680631397819	338	0.001074715919341939
Ust_Ishim.DG	5.415	0.07121817601921164	327	0.0010697403131661553
Ust_Ishim.DG	5.425	-0.002073946935564615	237	0.0010648086511627045
Ust_Ishim.DG	5.435	0.03303291536050157	320	0.0010599205452200252
Ust_Ishim.DG	5.444999999999999	-0.0040962621607782915	280	0.0010550756106543274
Ust_Ishim.DG	5.455	0.0013327804762468907	368	0.0010502734661793174
Ust_Ishim.DG	5.465	0.0012674271229404298	264	0.0010455137338761969
Ust_Ishim.DG	5.475	-0.01548586914440573	288	0.0010407960391639135
Ust_Ishim.DG	5.484999999999999	-0.008139787280225744	272	0.0010361200107696874
Ust_Ishim.DG	5.495	-0.001585349186825203	271	0.0010314852806997915
Ust_Ishim.DG	5.505	-0.002866502866502867	297	0.0010268914842105916
Ust_Ishim.DG	5.515	-0.012892522810759569	291	0.0010223382597798407
Ust_Ishim.DG	5.5249999999999995	-0.01901514654776736	303	0.0010178252490782285
Ust_Ishim.DG	5.534999999999999	-0.012794325604363539	299	0.0010133520969411816
Ust_Ishim.DG	5.545	-0.019597523995689547	283	0.0010089184513409131
Ust_Ishim.DG	5.555	0.021404682274247494	300	0.0010045239633587196
Ust_Ishim.DG	5.5649999999999995	-0.004886435616686273	258	0.0010001682871575192
Ust_Ishim.DG	5.574999999999999	-0.02044553778871122	271	0.0009958510799546374
Ust_Ishim.DG	5.585	0.01386536169144865	253	0.0009915720019948295
Ust_Ishim.DG	5.595	-0.015766423357664233	275	0.0009873307165235445
Ust_Ishim.DG	5.6049999999999995	0.08422174840085288	336	0.0009831268897604198
Ust_Ishim.DG	5.614999999999999	0.04359725356508379	354	0.0009789601908730178
Ust_Ishim.DG	5.625	0.03166803166803167	297	0.0009748302919507841
Ust_Ishim.DG	5.635	-0.009479796184382036	291	0.0009707368679792496
Ust_Ishim.DG	5.645	0.009724733775366689	316	0.0009666795968144438
Ust_Ishim.DG	5.654999999999999	0.0012648221343873525	276	0.0009626581591575503
Ust_Ishim.DG	5.665	0.004992402865205123	272	0.0009586722385297732
Ust_Ishim.DG	5.675	0.0016308376575240922	285	0.0009547215212474349
Ust_Ishim.DG	5.685	0.0009000321440051427	306	0.0009508056963972869
Ust_Ishim.DG	5.694999999999999	0.016790717489913037	283	0.0009469244558120416
Ust_Ishim.DG	5.705	0.005702924710929734	277	0.0009430774940461233
Ust_Ishim.DG	5.715	-0.021300563236047107	280	0.0009392645083516279
Ust_Ishim.DG	5.725	0.012975461727619946	277	0.0009354851986544965
Ust_Ishim.DG	5.734999999999999	-0.011543747136967476	296	0.0009317392675309022
Ust_Ishim.DG	5.745	0.008311229000884173	261	0.0009280264201838414
Ust_Ishim.DG	5.755	0.006514657980456026	307	0.0009243463644199368
Ust_Ishim.DG	5.765	0.0036266853850428485	262	0.0009206988106264392
Ust_Ishim.DG	5.7749999999999995	-0.001720024413249737	269	0.0009170834717484376
Ust_Ishim.DG	5.784999999999999	0.0002594706798131815	329	0.0009135000632662674
Ust_Ishim.DG	5.795	-0.01364728064465444	299	0.0009099483031731209
Ust_Ishim.DG	5.805	-0.019288728149487646	316	0.000906427911952852
Ust_Ishim.DG	5.8149999999999995	-0.025937956032575437	292	0.0009029386125579801
Ust_Ishim.DG	5.824999999999999	-0.006435410453617957	277	0.0008994801303878867
Ust_Ishim.DG	5.835	-0.016891382378668596	258	0.0008960521932672044
Ust_Ishim.DG	5.845	-0.013824884792626727	280	0.0008926545314243991
Ust_Ishim.DG	5.8549999999999995	0.0016090550962658827	269	0.000889286877470537
Ust_Ishim.DG	5.864999999999999	-0.009043736100815419	285	0.0008859489663782433
Ust_Ishim.DG	5.875	0.013312852022529442	280	0.0008826405354608438
Ust_Ishim.DG	5.885	-0.03591189059400773	310	0.0008793613243516955
Ust_Ishim.DG	5.895	-0.014687561471378927	303	0.0008761110749836904
Ust_Ishim.DG	5.904999999999999	-0.018238665971860343	304	0.0008728895315689511
Ust_Ishim.DG	5.915	-0.002229654403567448	300	0.0008696964405786984
Ust_Ishim.DG	5.925	-0.018341076267905536	288	0.0008665315507233014
Ust_Ishim.DG	5.935	0.011151474191095717	267	0.0008633946129324986
Ust_Ishim.DG	5.944999999999999	-0.023421922717750687	282	0.0008602853803357976
Ust_Ishim.DG	5.955	0.03183135704874835	276	0.0008572036082430475
Ust_Ishim.DG	5.965	-0.006482213438735177	276	0.0008541490541251836
Ust_Ishim.DG	5.975	-0.017472017472017473	297	0.0008511214775951377
Ust_Ishim.DG	5.984999999999999	-0.0010325245224574076	299	0.000848120640388922
Ust_Ishim.DG	5.995	-0.01314951314951315	297	0.0008451463063468784
Ust_Ishim.DG	6.005	-0.013025073266037123	333	0.0008421982413950923
Ust_Ishim.DG	6.015	0.010237485863936671	318	0.0008392762135269725
Ust_Ishim.DG	6.0249999999999995	-0.02269152419999484	279	0.0008363799927849917
Ust_Ishim.DG	6.035	0.020306420233463036	257	0.0008335093512425904
Ust_Ishim.DG	6.045	0.009442003803029309	303	0.0008306640629862388
Ust_Ishim.DG	6.055	-0.015022768884089948	358	0.0008278439040976576
Ust_Ishim.DG	6.0649999999999995	0.0005697889745833417	314	0.000825048652636197
Ust_Ishim.DG	6.074999999999999	0.004690382081686429	276	0.0008222780886213705
Ust_Ishim.DG	6.085	-0.007600165220983064	270	0.0008195319940155414
Ust_Ishim.DG	6.095	-0.02550940438871473	320	0.0008168101527067655
Ust_Ishim.DG	6.1049999999999995	-0.0039163054718268035	302	0.000814112350491782
Ust_Ishim.DG	6.114999999999999	-0.005613613011553015	283	0.0008114383750591574
Ust_Ishim.DG	6.125	-0.011829419766960432	319	0.0008087880159725766
Ust_Ishim.DG	6.135	-0.01407624633431085	341	0.0008061610646542816
Ust_Ishim.DG	6.145	-0.009708737864077669	309	0.0008035573143686572
Ust_Ishim.DG	6.154999999999999	0.012578616352201259	319	0.0008009765602059611
Ust_Ishim.DG	6.165	-0.012296564195298372	316	0.0007984185990661987
Ust_Ishim.DG	6.175	-0.007491638795986623	300	0.0007958832296431391
Ust_Ishim.DG	6.185	-0.013324606105942308	293	0.0007933702524084715
Ust_Ishim.DG	6.194999999999999	-0.02012578616352201	265	0.0007908794695961045
Ust_Ishim.DG	6.205	-0.021279182879377433	257	0.0007884106851866019
Ust_Ishim.DG	6.215	-0.014112763749567625	295	0.0007859637048917563
Ust_Ishim.DG	6.225	-0.011251362469674061	239	0.0007835383361392983
Ust_Ishim.DG	6.234999999999999	-0.002196502492185519	267	0.0007811343880577415
Ust_Ishim.DG	6.245	-0.002229845626072041	265	0.000778751671461363
Ust_Ishim.DG	6.255	-0.014960961241759784	293	0.0007763899988353137
Ust_Ishim.DG	6.265	0.011932964815302273	262	0.0007740491843208601
Ust_Ishim.DG	6.2749999999999995	-0.012403100775193798	301	0.0007717290437007602
Ust_Ishim.DG	6.285	-0.01563001415762152	326	0.000769429394384763
Ust_Ishim.DG	6.295	0.006716286995965216	283	0.0007671500553952422
Ust_Ishim.DG	6.305	-0.028029572484731598	306	0.0007648908473529507
Ust_Ishim.DG	6.3149999999999995	-0.0336589950385767	303	0.0007626515924629062
Ust_Ishim.DG	6.324999999999999	-0.011543747136967476	296	0.0007604321145003975
Ust_Ishim.DG	6.335	-0.01856368070469188	332	0.0007582322387971164
Ust_Ishim.DG	6.345	-0.01315757413318389	287	0.000756051792227412
Ust_Ishim.DG	6.3549999999999995	-0.006251584016220325	267	0.0007538906031946664
Ust_Ishim.DG	6.364999999999999	-0.006552573207708431	314	0.000751748501617789
Ust_Ishim.DG	6.375	0.006268773671150583	248	0.0007496253189178329
Ust_Ishim.DG	6.385	-0.04160036896114378	295	0.0007475208880047273
Ust_Ishim.DG	6.395	-0.003881372147054804	271	0.0007454350432641279
Ust_Ishim.DG	6.404999999999999	0.002644247067597803	344	0.0007433676205443843
Ust_Ishim.DG	6.415	-0.025127966496044672	308	0.0007413184571436205
Ust_Ishim.DG	6.425	-0.01028573483663304	334	0.0007392873917969308
Ust_Ishim.DG	6.435	-0.017560779586096042	316	0.0007372742646636886
Ust_Ishim.DG	6.444999999999999	-0.008799018571005542	308	0.0007352789173149686
Ust_Ishim.DG	6.455	-0.013053613053613054	286	0.000733301192721076
Ust_Ishim.DG	6.465	-0.02471315092674316	309	0.0007313409352391919
Ust_Ishim.DG	6.475	-0.008302639343928695	314	0.0007293979906011212
Ust_Ishim.DG	6.484999999999999	-0.023668228353288218	340	0.000727472205901155
Ust_Ishim.DG	6.495	-0.01657016428941298	292	0.000725563429584035
Ust_Ishim.DG	6.505	0.0030900929115774095	310	0.000723671511433028
Ust_Ishim.DG	6.515	-0.018233123507705666	272	0.0007217963025581034
Ust_Ishim.DG	6.5249999999999995	-0.019075822548699113	323	0.0007199376553842154
Ust_Ishim.DG	6.535	-0.010726474890297417	294	0.0007180954236396896
Ust_Ishim.DG	6.545	0.00019223375624759695	289	0.0007162694623447127
Ust_Ishim.DG	6.555	0.0010702341137123741	300	0.0007144596277999217
Ust_Ishim.DG	6.5649999999999995	-0.0005841121495327089	321	0.000712665777575095
Ust_Ishim.DG	6.574999999999999	-0.01269098691086448	284	0.0007108877704979439
Ust_Ishim.DG	6.585	-0.015221151470224858	285	0.0007091254666430021
Ust_Ishim.DG	6.595	-0.009912421503196192	267	0.0007073787273206158
Ust_Ishim.DG	6.6049999999999995	-0.0032779623477297904	301	0.000705647415066026
Ust_Ishim.DG	6.614999999999999	0.0055624397631832585	270	0.0007039313936285528
Ust_Ishim.DG	6.625	-0.0037147491236331305	277	0.0007022305279608709
Ust_Ishim.DG	6.635	0.017379283104571933	247	0.0007005446842083841
Ust_Ishim.DG	6.645	-0.013644891693672181	287	0.0006988737296986885
Ust_Ishim.DG	6.654999999999999	-0.017041325213643085	283	0.0006972175329311333
Ust_Ishim.DG	6.665	-0.014147554573086488	330	0.0006955759635664711
Ust_Ishim.DG	6.675	0.0038804993220814435	293	0.0006939488924166007
Ust_Ishim.DG	6.685	-0.02090853185743697	274	0.0006923361914344007
Ust_Ishim.DG	6.694999999999999	-0.00867992766726944	316	0.0006907377337036516
Ust_Ishim.DG	6.705	-0.01615291425494683	323	0.0006891533934290485
Ust_Ishim.DG	6.715	-0.011425447587809211	271	0.0006875830459263008
Ust_Ishim.DG	6.725	-0.007320547219185796	348	0.0006860265676123204
Ust_Ishim.DG	6.734999999999999	-0.007596138629529989	356	0.0006844838359954951
Ust_Ishim.DG	6.745	-0.0027384346030392146	299	0.000682954729666049
Ust_Ishim.DG	6.755	-0.020701484592180755	319	0.0006814391282864893
Ust_Ishim.DG	6.765	-0.015080978296505145	303	0.0006799369125821333
Ust_Ishim.DG	6.7749999999999995	-0.0033429765348762454	306	0.0006784479643317236
Ust_Ishim.DG	6.785	-0.007602153943617358	287	0.0006769721663581239
Ust_Ishim.DG	6.795	-0.007309763407324384	287	0.000675509402519098
Ust_Ishim.DG	6.805	-0.020026350461133068	276	0.0006740595576981683
Ust_Ishim.DG	6.8149999999999995	-0.011076861388868004	283	0.0006726225177955572
Ust_Ishim.DG	6.824999999999999	-0.011509048231998182	282	0.0006711981697192075
Ust_Ishim.DG	6.835	-0.005412054120541205	271	0.0006697864013758825
Ust_Ishim.DG	6.845	-0.006752730883813307	266	0.0006683871016623451
Ust_Ishim.DG	6.8549999999999995	0.013935300391041593	291	0.0006670001604566125
Ust_Ishim.DG	6.864999999999999	-0.023254719201619357	292	0.0006656254686092909
Ust_Ishim.DG	6.875	0.00660267436053931	269	0.0006642629179349856
Ust_Ishim.DG	6.885	-0.004822539024493422	308	0.000662912401203788
Ust_Ishim.DG	6.895	-0.00794037751619419	294	0.0006615738121328344
Ust_Ishim.DG	6.904999999999999	-0.013219811407122584	331	0.0006602470453779443
Ust_Ishim.DG	6.915	-0.0020707506471095774	305	0.0006589319965253279
Ust_Ishim.DG	6.925	-0.007236702076198216	322	0.0006576285620833712
Ust_Ishim.DG	6.935	-0.006025514287059266	292	0.0006563366394744892
Ust_Ishim.DG	6.944999999999999	0.005480964492025	319	0.0006550561270270549
Ust_Ishim.DG	6.955	-0.007153209593716396	293	0.0006537869239673966
Ust_Ishim.DG	6.965	-0.007635768641404567	278	0.0006525289304118688
Ust_Ishim.DG	6.975	-0.01826220684352172	289	0.0006512820473589903
Ust_Ishim.DG	6.984999999999999	-0.014333349922858707	284	0.0006500461766816533
Ust_Ishim.DG	6.995	-0.03343871595330739	257	0.000648821221119401
Ust_Ishim.DG	7.005	-0.013492545368683802	244	0.000647607084270774
Ust_Ishim.DG	7.015	-0.010236149771033492	259	0.0006464036705857226
Ust_Ishim.DG	7.0249999999999995	-0.019711299153807864	246	0.0006452108853580884
Ust_Ishim.DG	7.035	-0.006119662947794567	292	0.0006440286347181499
Ust_Ishim.DG	7.045	0.010097367472051928	236	0.0006428568256252364
Ust_Ishim.DG	7.055	-0.014647949841868724	269	0.0006416953658604049
Ust_Ishim.DG	7.0649999999999995	-0.008403361344537815	273	0.000640544164019183
Ust_Ishim.DG	7.074999999999999	0.009401864789756641	278	0.0006394031295043758
Ust_Ishim.DG	7.085	-0.011928927649550159	283	0.0006382721725189358
Ust_Ishim.DG	7.095	-0.002613836738927497	311	0.0006371512040588963
Ust_Ishim.DG	7.1049999999999995	-0.008121876201460976	289	0.0006360401359063664
Ust_Ishim.DG	7.114999999999999	-0.0007597134794877366	272	0.0006349388806225891
Ust_Ishim.DG	7.125	0.0032144005143040825	306	0.0006338473515410598
Ust_Ishim.DG	7.135	-0.014080592867068089	255	0.000632765462760706
Ust_Ishim.DG	7.145	0.022045719566126158	302	0.0006316931291391268
Ust_Ishim.DG	7.154999999999999	0.02523727351164797	305	0.000630630266285892
Ust_Ishim.DG	7.165	-0.013529050025400391	274	0.0006295767905559017
Ust_Ishim.DG	7.175	0.02166952544311035	265	0.0006285326190428031
Ust_Ishim.DG	7.185	0.016857535501603297	296	0.0006274976695724657
Ust_Ishim.DG	7.194999999999999	-0.0045122760451227605	275	0.0006264718606965152
Ust_Ishim.DG	7.205	-0.009619789280806229	296	0.0006254551116859218
Ust_Ishim.DG	7.215	0.030231410539438484	278	0.00062444734252465
Ust_Ishim.DG	7.225	0.014116440921906111	319	0.0006234484739033585
Ust_Ishim.DG	7.234999999999999	0.0018691588785046732	321	0.0006224584272131606
Ust_Ishim.DG	7.245	-0.016121495327102803	321	0.0006214771245394371
Ust_Ishim.DG	7.255	-0.002483505078211877	329	0.0006205044886557049
Ust_Ishim.DG	7.265	0.007895488663221047	278	0.000619540443017539
Ust_Ishim.DG	7.2749999999999995	0.04107152200073249	277	0.0006185849117565491
Ust_Ishim.DG	7.285	0.011530035743110803	295	0.0006176378196744088
Ust_Ishim.DG	7.295	-0.00022698255071641534	266	0.0006166990922369373
Ust_Ishim.DG	7.305	0.01857080117949683	253	0.0006157686555682341
Ust_Ishim.DG	7.3149999999999995	-0.009349920785393345	278	0.0006148464364448649
Ust_Ishim.DG	7.324999999999999	-0.01295284355393645	244	0.0006139323622900994
Ust_Ishim.DG	7.335	-0.02688220870039052	364	0.0006130263611681992
Ust_Ishim.DG	7.345	-0.007475490196078432	256	0.0006121283617787568
Ust_Ishim.DG	7.3549999999999995	0.015208680646953878	262	0.0006112382934510846
Ust_Ishim.DG	7.364999999999999	-0.014865637507146942	265	0.0006103560861386529
Ust_Ishim.DG	7.375	0.005521761576620053	299	0.0006094816704135779
Ust_Ishim.DG	7.385	0.03227612554754141	349	0.0006086149774611572
Ust_Ishim.DG	7.395	-0.017710134901418192	295	0.0006077559390744547
Ust_Ishim.DG	7.404999999999999	-0.014024881178090018	278	0.0006069044876489328
Ust_Ishim.DG	7.415	-0.01313969571230982	241	0.0006060605561771318
Ust_Ishim.DG	7.425	-0.004829607119600607	272	0.0006052240782433972
Ust_Ishim.DG	7.435	0.0008918617614269786	300	0.0006043949880186519
Ust_Ishim.DG	7.444999999999999	-0.01155700643515131	327	0.0006035732202552165
Ust_Ishim.DG	7.455	-0.005289968652037617	320	0.000602758710281674
Ust_Ishim.DG	7.465	-0.003938115330520395	316	0.0006019513939977803
Ust_Ishim.DG	7.475	-0.006512536633018561	333	0.0006011512078694203
Ust_Ishim.DG	7.484999999999999	0.007137886916118605	299	0.0006003580889236066
Ust_Ishim.DG	7.495	-0.00955068374213154	272	0.0005995719747435244
Ust_Ishim.DG	7.505	0.01668862538427756	253	0.0005987928034636203
Ust_Ishim.DG	7.515	-0.006764089750384896	282	0.0005980205137647317
Ust_Ishim.DG	7.5249999999999995	-0.007904894241161031	255	0.0005972550448692628
Ust_Ishim.DG	7.535	0.003029403029403029	260	0.0005964963365364007
Ust_Ishim.DG	7.545	-0.014120769741207698	275	0.0005957443290573745
Ust_Ishim.DG	7.555	0.0220166753517457	304	0.0005949989632507568
Ust_Ishim.DG	7.5649999999999995	0.011732662895453595	259	0.0005942601804578062
Ust_Ishim.DG	7.574999999999999	0.01018990273274664	255	0.0005935279225378506
Ust_Ishim.DG	7.585	0.05311100818280068	255	0.0005928021318637118
Ust_Ishim.DG	7.595	0.008874206503433086	249	0.0005920827513171704
Ust_Ishim.DG	7.6049999999999995	-0.008997765071256495	263	0.0005913697242844711
Ust_Ishim.DG	7.614999999999999	-0.013312852022529442	280	0.0005906629946518663
Ust_Ishim.DG	7.625	0.003643662189285162	255	0.0005899625068012016
Ust_Ishim.DG	7.635	-0.009302325581395349	216	0.0005892682056055369
Ust_Ishim.DG	7.645	-0.007165248544558889	232	0.0005885800364248098
Ust_Ishim.DG	7.654999999999999	-0.00027208108016188703	243	0.0005878979451015343
Ust_Ishim.DG	7.665	-0.0021816481832584466	278	0.0005872218779565394
Ust_Ishim.DG	7.675	0.02978561942705369	252	0.000586551781784744
Ust_Ishim.DG	7.685	0.013830804974716414	271	0.000585887603850971
Ust_Ishim.DG	7.694999999999999	0.00796656654042053	248	0.0005852292918857955
Ust_Ishim.DG	7.705	0.010404404784507307	230	0.0005845767940814325
Ust_Ishim.DG	7.715	0.02077665100173139	312	0.0005839300590876598
Ust_Ishim.DG	7.725	0.014848950332821298	280	0.0005832890360077755
Ust_Ishim.DG	7.734999999999999	-0.013703570140641903	236	0.0005826536743945943
Ust_Ishim.DG	7.745	0.016655989750160156	224	0.0005820239242464761
Ust_Ishim.DG	7.755	0.004795436763332576	282	0.0005813997360033918
Ust_Ishim.DG	7.765	-0.021816418875242407	273	0.0005807810605430226
Ust_Ishim.DG	7.7749999999999995	0.028059395801331287	280	0.0005801678491768938
Ust_Ishim.DG	7.785	0.022382410058918403	247	0.000579560053646544
Ust_Ishim.DG	7.795	-0.01099585062240664	241	0.0005789576261197269
Ust_Ishim.DG	7.805	-0.011116257526632702	255	0.0005783605191866468
Ust_Ishim.DG	7.8149999999999995	-0.029910770390850824	219	0.0005777686858562275
Ust_Ishim.DG	7.825	0.0017607571255639919	234	0.0005771820795524148
Ust_Ishim.DG	7.835	-0.009975385412618215	249	0.0005766006541105101
Ust_Ishim.DG	7.845	0.01568579766536965	257	0.0005760243637735385
Ust_Ishim.DG	7.8549999999999995	0.01818512456810329	235	0.0005754531631886466
Ust_Ishim.DG	7.864999999999999	0.027186848239479817	286	0.0005748870074035343
Ust_Ishim.DG	7.875	0.029665672578873016	277	0.0005743258518629167
Ust_Ishim.DG	7.885	0.025845316750874463	249	0.0005737696524050176
Ust_Ishim.DG	7.895	0.035384873385879596	268	0.0005732183652580945
Ust_Ishim.DG	7.904999999999999	0.05352112676056338	285	0.0005726719470369934
Ust_Ishim.DG	7.915	0.03951614775603074	294	0.0005721303547397345
Ust_Ishim.DG	7.925	0.02725603728286965	292	0.0005715935457441285
Ust_Ishim.DG	7.935	0.023010033444816055	300	0.000571061477804422
Ust_Ishim.DG	7.944999999999999	-0.0004096262160778275	280	0.0005705341090479725
Ust_Ishim.DG	7.955	0.004644001918174706	282	0.0005700113979719537
Ust_Ishim.DG	7.965	-0.008560727661851257	267	0.0005694933034400893
Ust_Ishim.DG	7.975	-0.010351966873706004	253	0.000568979784679415
Ust_Ishim.DG	7.984999999999999	0.006875502008032129	250	0.0005684708012770705
Ust_Ishim.DG	7.995	0.031201114325511627	306	0.0005679663131771186
Ust_Ishim.DG	8.005	0.012668536784001446	258	0.0005674662806773933
Ust_Ishim.DG	8.015	0.07166772237806533	258	0.000566970664426375
Ust_Ishim.DG	8.025	0.008765564682320842	263	0.0005664794254200934
Ust_Ishim.DG	8.035	0.05002315886984716	255	0.0005659925249990587
Ust_Ishim.DG	8.045	0.002304928479425124	298	0.0005655099248452187
Ust_Ishim.DG	8.055	0.015780923648178232	279	0.0005650315869789429
Ust_Ishim.DG	8.065	0.010150159577251084	277	0.0005645574737560344
Ust_Ishim.DG	8.075	0.030469432006983755	267	0.0005640875478647669
Ust_Ishim.DG	8.084999999999999	0.019126819126819128	260	0.0005636217723229483
Ust_Ishim.DG	8.094999999999999	0.011122697254084116	274	0.0005631601104750103
Ust_Ishim.DG	8.105	0.0	252	0.0005627025259891238
Ust_Ishim.DG	8.115	-0.0037399683141573384	278	0.00056224898285434
Ust_Ishim.DG	8.125	0.0063371685323221575	278	0.0005617994453777557
Ust_Ishim.DG	8.135	0.00436328377504848	273	0.0005613538781817047
Ust_Ishim.DG	8.145	-0.010449004315893087	282	0.0005609122462009736
Ust_Ishim.DG	8.155	0.023529411764705882	255	0.0005604745146800423
Ust_Ishim.DG	8.165	-0.004643495623505375	294	0.0005600406491703491
Ust_Ishim.DG	8.174999999999999	-0.007061149555147579	292	0.000559610615527579
Ust_Ishim.DG	8.185	-0.011981566820276499	280	0.0005591843799089769
Ust_Ishim.DG	8.195	0.0020902801970835616	284	0.0005587619087706846
Ust_Ishim.DG	8.205	0.0028751736068809235	287	0.0005583431688651006
Ust_Ishim.DG	8.215	-0.01146430432516936	304	0.0005579281272382637
Ust_Ishim.DG	8.225	-0.005678121488141007	319	0.0005575167512272594
Ust_Ishim.DG	8.235	0.0012507817385866158	247	0.0005571090084576497
Ust_Ishim.DG	8.245	-0.00829465784536388	247	0.0005567048668409251
Ust_Ishim.DG	8.254999999999999	5.08388408744279e-05	281	0.0005563042945719794
Ust_Ishim.DG	8.265	0.014714511396975851	211	0.0005559072601266066
Ust_Ishim.DG	8.275	-0.006319739310753431	247	0.00055551373225902
Ust_Ishim.DG	8.285	-0.006226834692364715	285	0.0005551236799993936
Ust_Ishim.DG	8.295	0.004371584699453553	306	0.0005547370726514244
Ust_Ishim.DG	8.305	-0.003654881703662192	287	0.0005543538797899163
Ust_Ishim.DG	8.315	0.002840128263857077	296	0.000553974071258387
Ust_Ishim.DG	8.325	0.018312143567205567	277	0.0005535976171666934
Ust_Ishim.DG	8.334999999999999	-0.019115393605693063	278	0.0005532244878886799
Ust_Ishim.DG	8.344999999999999	-0.013891903624918602	272	0.0005528546540598473
Ust_Ishim.DG	8.355	-0.013248950138995682	319	0.0005524880865750406
Ust_Ishim.DG	8.365	0.02353838332486019	281	0.00055212475658616
Ust_Ishim.DG	8.375	-0.008239494644328481	331	0.0005517646354998897
Ust_Ishim.DG	8.385	0.015404127752796032	295	0.0005514076949754478
Ust_Ishim.DG	8.395	-0.0070072992700729924	275	0.000551053906922356
Ust_Ishim.DG	8.405	0.0009625411085265104	274	0.000550703243498229
Ust_Ishim.DG	8.415	-0.005734767025089606	280	0.0005503556771065832
Ust_Ishim.DG	8.424999999999999	0.010040452235245306	311	0.0005500111803946653
Ust_Ishim.DG	8.435	0.08214921183870888	283	0.0005496697262512991
Ust_Ishim.DG	8.445	0.014652237354085603	257	0.0005493312878047527
Ust_Ishim.DG	8.455	0.02312562130487103	277	0.0005489958384206226
Ust_Ishim.DG	8.465	-0.017708333333333333	256	0.0005486633516997388
Ust_Ishim.DG	8.475	0.008560195092818395	284	0.0005483338014760866
Ust_Ishim.DG	8.485	-0.010386770534372012	271	0.0005480071618147476
Ust_Ishim.DG	8.495	0.009703504043126684	266	0.0005476834070098585
Ust_Ishim.DG	8.504999999999999	-0.009732360097323601	274	0.0005473625115825884
Ust_Ishim.DG	8.515	-0.005888847994111152	286	0.000547044450279133
Ust_Ishim.DG	8.525	-0.013307984790874524	264	0.0005467291980687285
Ust_Ishim.DG	8.535	-0.018729096989966554	300	0.0005464167301416803
Ust_Ishim.DG	8.545	-0.015134803921568627	256	0.000546107021907411
Ust_Ishim.DG	8.555	0.004633204633204634	260	0.0005458000489925257
Ust_Ishim.DG	8.565	-0.004543045354736125	282	0.0005454957872388931
Ust_Ishim.DG	8.575	-0.008004574042309892	265	0.0005451942127017451
Ust_Ishim.DG	8.584999999999999	0.006268773671150581	248	0.0005448953016477916
Ust_Ishim.DG	8.595	-0.008146935806510274	235	0.000544599030553353
Ust_Ishim.DG	8.605	-0.00796302879488091	291	0.0005443053761025096
Ust_Ishim.DG	8.615	-0.0004920049200492004	271	0.0005440143151852656
Ust_Ishim.DG	8.625	0.0011264115344541122	267	0.0005437258248957309
Ust_Ishim.DG	8.635	-0.002196502492185519	267	0.0005434398825303188
Ust_Ishim.DG	8.645	0.018907563025210083	273	0.0005431564655859587
Ust_Ishim.DG	8.655	0.018810511756569847	241	0.0005428755517583255
Ust_Ishim.DG	8.665	0.015443549603354145	258	0.000542597118940084
Ust_Ishim.DG	8.674999999999999	0.01565217391304348	276	0.0005423211452191498
Ust_Ishim.DG	8.685	-0.008956560680698613	232	0.0005420476088769635
Ust_Ishim.DG	8.695	0.00208959122371686	248	0.0005417764883867832
Ust_Ishim.DG	8.705	-0.013144240747146317	295	0.000541507762411989
Ust_Ishim.DG	8.715	-0.008755760368663596	280	0.0005412414098044046
Ust_Ishim.DG	8.725	-0.013059945148230376	248	0.0005409774096026328
Ust_Ishim.DG	8.735	-0.015057406361754188	253	0.0005407157410304059
Ust_Ishim.DG	8.745	0.01365005018400803	245	0.0005404563834949501
Ust_Ishim.DG	8.754999999999999	0.040770941438102296	285	0.0005401993165853662
Ust_Ishim.DG	8.765	0.001452282157676349	241	0.0005399445200710218
Ust_Ishim.DG	8.775	-0.005293585010796127	294	0.0005396919738999605
Ust_Ishim.DG	8.785	0.01869324473975637	301	0.0005394416581973226
Ust_Ishim.DG	8.795	-0.0034038932028507608	238	0.0005391935532637821
Ust_Ishim.DG	8.805	0.0215633423180593	266	0.0005389476395739958
Ust_Ishim.DG	8.815	0.020803264818593542	284	0.0005387038977750668
Ust_Ishim.DG	8.825	0.0006965809485110581	322	0.0005384623086850217
Ust_Ishim.DG	8.834999999999999	-0.010270078180525942	336	0.0005382228532913006
Ust_Ishim.DG	8.845	0.027339084273390844	275	0.0005379855127492607
Ust_Ishim.DG	8.855	0.00677406030565882	270	0.0005377502683806948
Ust_Ishim.DG	8.865	0.008661676787647697	292	0.000537517101672359
Ust_Ishim.DG	8.875	-0.014692378328741965	243	0.0005372859942745174
Ust_Ishim.DG	8.885	0.016390231161029126	248	0.0005370569279994977
Ust_Ishim.DG	8.895	-0.014007362844572147	259	0.0005368298848202597
Ust_Ishim.DG	8.905	-0.012170385395537525	290	0.0005366048468689764
Ust_Ishim.DG	8.915	0.0023079697078975834	236	0.0005363817964356281
Ust_Ishim.DG	8.924999999999999	0.03193156588742327	248	0.0005361607159666091
Ust_Ishim.DG	8.935	0.024833589349718382	217	0.000535941588063345
Ust_Ishim.DG	8.945	0.008322223568860341	223	0.0005357243954809251
Ust_Ishim.DG	8.955	-0.014565373004263795	254	0.000535509121126744
Ust_Ishim.DG	8.965	-0.0025459174395344626	235	0.0005352957480591568
Ust_Ishim.DG	8.975	0.014504486271335087	244	0.0005350842594861462
Ust_Ishim.DG	8.985	-0.01991701244813278	241	0.0005348746387640004
Ust_Ishim.DG	8.995	-0.022151119862170807	239	0.0005346668693960039
Ust_Ishim.DG	9.004999999999999	-0.012613822958650545	232	0.0005344609350311386
Ust_Ishim.DG	9.015	-0.00689496667432774	229	0.0005342568194627976
Ust_Ishim.DG	9.025	-0.012598425196850395	255	0.0005340545066275095
Ust_Ishim.DG	9.035	0.007621725617877757	233	0.0005338539806036741
Ust_Ishim.DG	9.045	-0.008043232374010304	219	0.0005336552256103096
Ust_Ishim.DG	9.055	-0.014931927975406236	253	0.0005334582260058106
Ust_Ishim.DG	9.065	-0.007313569283009011	248	0.0005332629662867174
Ust_Ishim.DG	9.075	0.006961780528110827	239	0.0005330694310864952
Ust_Ishim.DG	9.084999999999999	0.01979116465863454	250	0.0005328776051743258
Ust_Ishim.DG	9.095	-0.012833881447020135	274	0.0005326874734539078
Ust_Ishim.DG	9.105	0.004055081524034806	267	0.0005324990209622698
Ust_Ishim.DG	9.115	0.0007948010659684881	293	0.0005323122328685919
Ust_Ishim.DG	9.125	0.037944664031620556	276	0.0005321270944730388
Ust_Ishim.DG	9.135	0.02365827927543714	299	0.0005319435912056032
Ust_Ishim.DG	9.145	0.05665417162353258	299	0.000531761708624959
Ust_Ishim.DG	9.155	0.0018995098039215686	256	0.0005315814324173245
Ust_Ishim.DG	9.165	-0.0032784735427185104	303	0.0005314027483953365
Ust_Ishim.DG	9.174999999999999	0.014191901901590363	254	0.0005312256424969334
Ust_Ishim.DG	9.185	0.02644070180373405	239	0.0005310501007842488
Ust_Ishim.DG	9.195	-0.01367766618842659	205	0.0005308761094425142
Ust_Ishim.DG	9.205	0.027086427086427087	260	0.0005307036547789722
Ust_Ishim.DG	9.215	0.03004575495678698	281	0.000530532723221799
Ust_Ishim.DG	9.225	0.007372362348706934	263	0.0005303633013190356
Ust_Ishim.DG	9.235	-0.016455117611898315	239	0.0005301953757375302
Ust_Ishim.DG	9.245	0.004925408477385745	206	0.0005300289332618881
Ust_Ishim.DG	9.254999999999999	-0.006922320550639135	226	0.0005298639607934319
Ust_Ishim.DG	9.265	-0.0049362402303578775	221	0.000529700445349171
Ust_Ishim.DG	9.275	-0.02865761689291101	273	0.0005295383740607793
Ust_Ishim.DG	9.285	-0.004278990158322634	247	0.0005293777341735829
Ust_Ishim.DG	9.295	-0.023954703832752614	288	0.000529218513045556
Ust_Ishim.DG	9.305	-0.006037229582424954	268	0.0005290606981463267
Ust_Ishim.DG	9.315	-0.011370780374470412	271	0.0005289042770561898
Ust_Ishim.DG	9.325	-0.015721504772599662	274	0.0005287492374651304
Ust_Ishim.DG	9.334999999999999	0.009422156790577842	286	0.0005285955671718544
Ust_Ishim.DG	9.345	-0.008979078746520605	259	0.0005284432540828287
Ust_Ishim.DG	9.355	0.010160156145557604	274	0.0005282922862113297
Ust_Ishim.DG	9.365	-0.0021637216011539846	236	0.000528142651676499
Ust_Ishim.DG	9.375	-0.014040630073274538	214	0.0005279943387024095
Ust_Ishim.DG	9.385	-0.006433823529411764	256	0.000527847335617138
Ust_Ishim.DG	9.395	-0.0008509733007126902	238	0.0005277016308518469
Ust_Ishim.DG	9.405	0.010870210870210869	260	0.0005275572129398737
Ust_Ishim.DG	9.415	-0.006172627824834539	242	0.0005274140705158286
Ust_Ishim.DG	9.424999999999999	-0.00975609756097561	246	0.0005272721923146997
Ust_Ishim.DG	9.435	-0.005625676163000361	236	0.0005271315671709673
Ust_Ishim.DG	9.445	-0.013818761626361946	213	0.0005269921840177247
Ust_Ishim.DG	9.455	-0.0081629899480537	244	0.0005268540318858067
Ust_Ishim.DG	9.465	-0.024724275845352077	223	0.0005267170999029277
Ust_Ishim.DG	9.475	-0.014664410603496898	198	0.0005265813772928247
Ust_Ishim.DG	9.485	-0.007077885993390073	262	0.0005264468533744103
Ust_Ishim.DG	9.495	-0.018197599592948432	259	0.000526313517560931
Ust_Ishim.DG	9.504999999999999	0.008278438201963605	282	0.0005261813593591355
Ust_Ishim.DG	9.515	-0.014099709910274573	244	0.0005260503683684473
Ust_Ishim.DG	9.525	-0.00644361833952912	270	0.0005259205342801477
Ust_Ishim.DG	9.535	0.005799078969810678	287	0.0005257918468765633
Ust_Ishim.DG	9.545	-0.008392892269359386	303	0.0005256642960302627
Ust_Ishim.DG	9.555	-0.005068851905043507	267	0.000525537871703259
Ust_Ishim.DG	9.565	-0.022715539494062985	299	0.0005254125639462202
Ust_Ishim.DG	9.575	-0.022959249928576994	278	0.0005252883628976858
Ust_Ishim.DG	9.584999999999999	0.033342107572168114	262	0.0005251652587832914
Ust_Ishim.DG	9.595	0.006834170854271356	200	0.0005250432419149986
Ust_Ishim.DG	9.605	0.05630859431689548	263	0.0005249223026903331
Ust_Ishim.DG	9.615	0.006722448687692198	237	0.0005248024315916292
Ust_Ishim.DG	9.625	-0.009453399587928735	223	0.00052468361918528
Ust_Ishim.DG	9.635	-0.011488139559621318	238	0.0005245658561209961
Ust_Ishim.DG	9.645	-0.009767648364658873	233	0.0005244491331310686
Ust_Ishim.DG	9.655	0.010780265159747882	215	0.0005243334410296406
Ust_Ishim.DG	9.665	-0.015081060701269322	219	0.0005242187707119839
Ust_Ishim.DG	9.674999999999999	0.0017115960633290541	247	0.0005241051131537825
Ust_Ishim.DG	9.685	-0.007372818874416319	313	0.0005239924594104225
Ust_Ishim.DG	9.695	-0.006636801061888169	246	0.0005238808006162883
Ust_Ishim.DG	9.705	-0.010485078926143566	264	0.0005237701279840645
Ust_Ishim.DG	9.715	-0.015179113539769277	244	0.0005236604328040448
Ust_Ishim.DG	9.725	-0.007313569283009011	248	0.0005235517064434462
Ust_Ishim.DG	9.735	-0.01234991423670669	265	0.0005234439403457298
Ust_Ishim.DG	9.745	-0.0007125275294727313	249	0.0005233371260299274
Ust_Ishim.DG	9.754999999999999	-0.0009959229404624835	254	0.0005232312550899743
Ust_Ishim.DG	9.765	-0.006583061782034824	247	0.0005231263191940471
Ust_Ishim.DG	9.775	-0.008110163048069613	267	0.0005230223100839087
Ust_Ishim.DG	9.785	-0.009456264775413711	235	0.0005229192195742581
Ust_Ishim.DG	9.795	-0.0036102206591764967	254	0.0005228170395520863
Ust_Ishim.DG	9.805	-0.014881743289928247	213	0.0005227157619760375
Ust_Ishim.DG	9.815	-0.005019135453918063	253	0.0005226153788757767
Ust_Ishim.DG	9.825	-0.014180713191179908	278	0.0005225158823513625
Ust_Ishim.DG	9.834999999999999	-0.014892032762472076	238	0.0005224172645726248
Ust_Ishim.DG	9.845	-0.0115541550519129	223	0.0005223195177785493
Ust_Ishim.DG	9.855	-0.006939281288723668	270	0.0005222226342766662
Ust_Ishim.DG	9.865	0.007152268021833238	231	0.0005221266064424449
Ust_Ishim.DG	9.875	-0.007486430844095078	274	0.0005220314267186944
Ust_Ishim.DG	9.885	-0.003349031920460492	196	0.0005219370876149679
Ust_Ishim.DG	9.895	-0.004543045354736125	282	0.0005218435817069737
Ust_Ishim.DG	9.905	-0.007509468460232467	248	0.0005217509016359912
Ust_Ishim.DG	9.915	-0.011056996182703697	214	0.0005216590401082911
Ust_Ishim.DG	9.924999999999999	-0.004784507309663945	230	0.0005215679898945618
Ust_Ishim.DG	9.935	0.008950515388283627	234	0.0005214777438293406
Ust_Ishim.DG	9.945	0.002258610954263129	231	0.0005213882948104495
Ust_Ishim.DG	9.955	-0.007325406587399207	271	0.0005212996357984364
Ust_Ishim.DG	9.965	0.030892708412205653	282	0.0005212117598160211
Ust_Ishim.DG	9.975	0.006801653324962068	277	0.0005211246599475464
Ust_Ishim.DG	9.985	0.013907343431659136	213	0.0005210383293384332
Ust_Ishim.DG	9.995	0.02847590953785644	226	0.0005209527611946418
Tianyuan.AG.BY.AA	0.025	0.1755823934041756	910	0.19301106085235914
Tianyuan.AG.BY.AA	0.035	0.1571870925684485	768	0.18962295462178635
Tianyuan.AG.BY.AA	0.045	0.13615460249293435	674	0.18629466444230663
Tianyuan.AG.BY.AA	0.05500000000000001	0.17988157959123754	607	0.18302513427856432
Tianyuan.AG.BY.AA	0.065	0.20091716265001464	555	0.17981332673920722
Tianyuan.AG.BY.AA	0.075	0.10946695068993635	563	0.17665822274773238
Tianyuan.AG.BY.AA	0.085	0.09556840077071291	520	0.17355882121914226
Tianyuan.AG.BY.AA	0.095	0.14105319071878697	499	0.17051413874231008
Tianyuan.AG.BY.AA	0.10500000000000001	0.11975833252428997	518	0.16752320926795256
Tianyuan.AG.BY.AA	0.115	0.16696946609623162	453	0.16458508380211154
Tianyuan.AG.BY.AA	0.125	0.16670461321624114	430	0.16169883010504707
Tianyuan.AG.BY.AA	0.135	0.13850160870231348	428	0.1588635323954464
Tianyuan.AG.BY.AA	0.145	0.1853901494189264	417	0.15607829105985527
Tianyuan.AG.BY.AA	0.155	0.1332176177044912	419	0.15334222236723882
Tianyuan.AG.BY.AA	0.16499999999999998	0.18779685787358422	392	0.15065445818858209
Tianyuan.AG.BY.AA	0.175	0.1313031441566146	390	0.14801414572144078
Tianyuan.AG.BY.AA	0.185	0.11266389683267684	431	0.14542044721935493
Tianyuan.AG.BY.AA	0.195	0.202328382175833	424	0.14287253972603994
Tianyuan.AG.BY.AA	0.205	0.1007737542556484	360	0.1403696148142702
Tianyuan.AG.BY.AA	0.215	0.11455032902754082	374	0.13791087832937252
Tianyuan.AG.BY.AA	0.225	0.17841873091279267	421	0.13549555013724854
Tianyuan.AG.BY.AA	0.235	0.12031368725896402	374	0.13312286387684527
Tianyuan.AG.BY.AA	0.245	0.2247467209804576	338	0.13079206671699603
Tianyuan.AG.BY.AA	0.255	0.18440802154388747	383	0.128502419117554
Tianyuan.AG.BY.AA	0.265	0.1088776362675396	343	0.1262531945947433
Tianyuan.AG.BY.AA	0.275	0.034461983371490534	387	0.12404367949065213
Tianyuan.AG.BY.AA	0.28500000000000003	0.16819725914157657	394	0.12187317274679617
Tianyuan.AG.BY.AA	0.29500000000000004	0.14266795358128886	299	0.11974098568167897
Tianyuan.AG.BY.AA	0.30500000000000005	0.09122564279949268	295	0.11764644177227994
Tianyuan.AG.BY.AA	0.315	0.07269869338834856	378	0.11558887643939973
Tianyuan.AG.BY.AA	0.325	0.13557885527592853	383	0.11356763683679576
Tianyuan.AG.BY.AA	0.335	0.14250223591374342	348	0.11158208164403988
Tianyuan.AG.BY.AA	0.34500000000000003	0.1739985254362251	313	0.10963158086303365
Tianyuan.AG.BY.AA	0.35500000000000004	0.305234140431584	338	0.10771551561811567
Tianyuan.AG.BY.AA	0.36500000000000005	0.22742040285899934	324	0.10583327795969823
Tianyuan.AG.BY.AA	0.375	0.06961342984752811	302	0.1039842706713705
Tianyuan.AG.BY.AA	0.385	0.057438139719765476	348	0.10216790708040742
Tianyuan.AG.BY.AA	0.395	0.07194430451686235	394	0.10038361087162388
Tianyuan.AG.BY.AA	0.405	0.04547323263919922	335	0.09863081590451529
Tianyuan.AG.BY.AA	0.41500000000000004	0.06634832872581051	346	0.0969089660336266
Tianyuan.AG.BY.AA	0.42500000000000004	0.15407286123618502	350	0.09521751493209242
Tianyuan.AG.BY.AA	0.43500000000000005	0.051891495899554343	314	0.0935559259182926
Tianyuan.AG.BY.AA	0.445	0.04270159639787147	350	0.09192367178556834
Tianyuan.AG.BY.AA	0.455	0.04005210029306415	333	0.09032023463494426
Tianyuan.AG.BY.AA	0.465	0.11582898471115993	331	0.08874510571080398
Tianyuan.AG.BY.AA	0.47500000000000003	0.27245179681713094	299	0.08719778523946672
Tianyuan.AG.BY.AA	0.48500000000000004	0.11414576802507838	320	0.08567778227061382
Tianyuan.AG.BY.AA	0.49500000000000005	0.10706366803927779	287	0.08418461452151468
Tianyuan.AG.BY.AA	0.505	0.19501719549960314	359	0.0827178082240031
Tianyuan.AG.BY.AA	0.515	0.20879246827670897	350	0.08127689797415487
Tianyuan.AG.BY.AA	0.525	0.10674486803519062	341	0.07986142658461977
Tianyuan.AG.BY.AA	0.535	-0.0075145670082378945	316	0.07847094493955997
Tianyuan.AG.BY.AA	0.545	0.09751824817518248	275	0.07710501185214998
Tianyuan.AG.BY.AA	0.555	0.06747205091380136	267	0.07576319392459209
Tianyuan.AG.BY.AA	0.5650000000000001	0.11701002580481407	308	0.07444506541060342
Tianyuan.AG.BY.AA	0.5750000000000001	0.24304543593941877	350	0.07315020808033044
Tianyuan.AG.BY.AA	0.5850000000000001	0.15471281181431973	359	0.07187821108764872
Tianyuan.AG.BY.AA	0.5950000000000001	0.0914977919743066	339	0.0706286708398051
Tianyuan.AG.BY.AA	0.605	0.10148967925431557	267	0.06940119086936175
Tianyuan.AG.BY.AA	0.615	0.12349944629014398	301	0.06819538170840046
Tianyuan.AG.BY.AA	0.625	0.09533267130089375	266	0.0670108607649483
Tianyuan.AG.BY.AA	0.635	0.017421602787456445	288	0.06584725220158479
Tianyuan.AG.BY.AA	0.645	0.026660558863948688	296	0.06470418681619203
Tianyuan.AG.BY.AA	0.655	0.004907373328425965	286	0.06358130192481046
Tianyuan.AG.BY.AA	0.665	-0.04107456358276193	348	0.0624782412465626
Tianyuan.AG.BY.AA	0.675	0.000567456376791035	266	0.06139465479060845
Tianyuan.AG.BY.AA	0.685	0.08393492628368072	281	0.06033019874509664
Tianyuan.AG.BY.AA	0.6950000000000001	0.04239370852789383	313	0.059284535368076166
Tianyuan.AG.BY.AA	0.7050000000000001	0.016849473962678826	314	0.0582573328803341
Tianyuan.AG.BY.AA	0.7150000000000001	0.07601844409662	308	0.057248265360125
Tianyuan.AG.BY.AA	0.725	0.03879003558718861	281	0.05625701263975912
Tianyuan.AG.BY.AA	0.735	0.06737383477981357	306	0.05528326020401613
Tianyuan.AG.BY.AA	0.745	-0.016442370306055998	272	0.05432669909035234
Tianyuan.AG.BY.AA	0.755	0.0026765429024929186	254	0.0533870257908699
Tianyuan.AG.BY.AA	0.765	0.03604516910253161	267	0.052463942156016456
Tianyuan.AG.BY.AA	0.775	0.003553368867022005	271	0.05155715529998517
Tianyuan.AG.BY.AA	0.785	0.004102087807898455	322	0.05066637750778473
Tianyuan.AG.BY.AA	0.795	0.03147656940760389	261	0.04979132614395007
Tianyuan.AG.BY.AA	0.805	-0.03782287822878229	272	0.04893172356286488
Tianyuan.AG.BY.AA	0.8150000000000001	0.0017919362867098074	246	0.048087297020667115
Tianyuan.AG.BY.AA	0.8250000000000001	0.02426470588235294	256	0.04725777858871002
Tianyuan.AG.BY.AA	0.8350000000000001	0.005691699604743083	276	0.046442905068550804
Tianyuan.AG.BY.AA	0.8450000000000001	0.006617711084666066	263	0.04564241790844028
Tianyuan.AG.BY.AA	0.855	-0.006635700066357001	275	0.04485606312128682
Tianyuan.AG.BY.AA	0.865	-0.04345537929478986	283	0.04408359120406852
Tianyuan.AG.BY.AA	0.875	-0.02492853058890794	265	0.0433247570586684
Tianyuan.AG.BY.AA	0.885	-0.02082400358262427	232	0.04257931991410694
Tianyuan.AG.BY.AA	0.895	0.021250624202408037	269	0.04184704325014772
Tianyuan.AG.BY.AA	0.905	0.107101975812472	284	0.041127694722251765
Tianyuan.AG.BY.AA	0.915	0.13504413504413504	297	0.0404210460878568
Tianyuan.AG.BY.AA	0.925	0.2777242044358727	306	0.03972687313395805
Tianyuan.AG.BY.AA	0.935	0.3523066450227784	339	0.03904495560596747
Tianyuan.AG.BY.AA	0.9450000000000001	0.22848537880792008	314	0.038375077137829124
Tianyuan.AG.BY.AA	0.9550000000000001	-0.021086467373834773	306	0.03771702518336817
Tianyuan.AG.BY.AA	0.9650000000000001	-0.013994806614732815	271	0.03707059094885198
Tianyuan.AG.BY.AA	0.9750000000000001	0.014953542392566787	288	0.03643556932674186
Tianyuan.AG.BY.AA	0.985	-0.01647132040244788	311	0.03581175883061434
Tianyuan.AG.BY.AA	0.995	-0.04757886276873619	316	0.03519896153123137
Tianyuan.AG.BY.AA	1.005	-0.10375323554788611	305	0.0345969829937393
Tianyuan.AG.BY.AA	1.015	-0.03391753877190771	309	0.034005632215976425
Tianyuan.AG.BY.AA	1.0250000000000001	0.01461530431151477	310	0.033424721567869874
Tianyuan.AG.BY.AA	1.0350000000000001	0.05643345791532796	303	0.0328540667319023
Tianyuan.AG.BY.AA	1.045	0.07396236312372959	303	0.032293486644629665
Tianyuan.AG.BY.AA	1.055	0.08262060484096373	268	0.031742803439231485
Tianyuan.AG.BY.AA	1.065	-0.008103264680674235	278	0.031201842389075345
Tianyuan.AG.BY.AA	1.075	0.02373032474880834	242	0.030670431852277823
Tianyuan.AG.BY.AA	1.085	0.047117134073655816	253	0.030148403217244085
Tianyuan.AG.BY.AA	1.095	-0.027078148332503736	246	0.02963559084916899
Tianyuan.AG.BY.AA	1.105	0.008842330545464783	267	0.029131832037482763
Tianyuan.AG.BY.AA	1.115	-0.01645135504499626	279	0.028636966944224403
Tianyuan.AG.BY.AA	1.125	0.0180225845512658	267	0.028150838553326608
Tianyuan.AG.BY.AA	1.135	-0.02482584506054514	293	0.02767329262079608
Tianyuan.AG.BY.AA	1.145	-0.029498525073746312	226	0.027204177625773283
Tianyuan.AG.BY.AA	1.155	0.025181598062953992	295	0.026743344722456364
Tianyuan.AG.BY.AA	1.165	0.0014366525994432943	259	0.02629064769287368
Tianyuan.AG.BY.AA	1.175	-0.02922493322259882	299	0.02584594290049031
Tianyuan.AG.BY.AA	1.185	0.01417004048582996	248	0.025409089244633462
Tianyuan.AG.BY.AA	1.195	-0.022779809187576175	309	0.024979948115722517
Tianyuan.AG.BY.AA	1.205	0.08134497542142713	299	0.024558383351289608
Tianyuan.AG.BY.AA	1.215	0.042822499556396755	319	0.024144261192776427
Tianyuan.AG.BY.AA	1.225	-0.007362348768826733	299	0.023737450243093965
Tianyuan.AG.BY.AA	1.235	-0.050236202327457076	264	0.023337821424931435
Tianyuan.AG.BY.AA	1.245	0.01826697892271663	245	0.02294524793980119
Tianyuan.AG.BY.AA	1.2550000000000001	0.012947808692489543	235	0.022559605227806815
Tianyuan.AG.BY.AA	1.2650000000000001	0.032005819239861795	235	0.02218077092812142
Tianyuan.AG.BY.AA	1.2750000000000001	0.08710101244300178	228	0.021808624840163653
Tianyuan.AG.BY.AA	1.2850000000000001	0.028983182267853798	274	0.021443048885459243
Tianyuan.AG.BY.AA	1.2950000000000002	0.01766448655598412	268	0.021083927070175743
Tianyuan.AG.BY.AA	1.305	0.16692268305171531	280	0.02073114544831884
Tianyuan.AG.BY.AA	1.315	0.18353280065841363	242	0.020384592085578263
Tianyuan.AG.BY.AA	1.325	0.13195020746887967	241	0.020044157023812167
Tianyuan.AG.BY.AA	1.335	0.04216493932146337	213	0.019709732246158393
Tianyuan.AG.BY.AA	1.345	0.010803611070001476	233	0.019381211642761745
Tianyuan.AG.BY.AA	1.355	0.025116822429906538	321	0.019058490977106303
Tianyuan.AG.BY.AA	1.365	0.038735101883890816	289	0.018741467852942156
Tianyuan.AG.BY.AA	1.375	0.017115960633290538	247	0.018430041681796062
Tianyuan.AG.BY.AA	1.385	-0.052719665271966525	240	0.018124113651055634
Tianyuan.AG.BY.AA	1.395	0.016390231161029126	248	0.017823586692617032
Tianyuan.AG.BY.AA	1.405	-0.014779395783525322	215	0.01752836545208615
Tianyuan.AG.BY.AA	1.415	0.13548120611317638	270	0.01723835625852357
Tianyuan.AG.BY.AA	1.425	0.03947808631649381	245	0.016953467094723652
Tianyuan.AG.BY.AA	1.435	0.030082987551867217	241	0.016673607568018334
Tianyuan.AG.BY.AA	1.445	0.17411581811115429	249	0.016398688881596363
Tianyuan.AG.BY.AA	1.455	0.002244668911335581	243	0.016128623806328936
Tianyuan.AG.BY.AA	1.465	-0.036371947237821604	248	0.01586332665309266
Tianyuan.AG.BY.AA	1.475	0.020781934809740804	263	0.015602713245581247
Tianyuan.AG.BY.AA	1.485	-0.017513538426085953	264	0.015346700893597142
Tianyuan.AG.BY.AA	1.495	-0.00033822348116517787	218	0.015095208366814654
Tianyuan.AG.BY.AA	1.5050000000000001	0.009727729315358183	195	0.014848155869006407
Tianyuan.AG.BY.AA	1.5150000000000001	-0.029618378583633947	230	0.014605465012724698
Tianyuan.AG.BY.AA	1.5250000000000001	0.044442711785115586	227	0.014367058794429888
Tianyuan.AG.BY.AA	1.5350000000000001	0.046130586125663654	239	0.014132861570057918
Tianyuan.AG.BY.AA	1.5450000000000002	0.014658297922108304	227	0.01390279903101916
Tianyuan.AG.BY.AA	1.5550000000000002	0.02194690265486726	226	0.013676798180620963
Tianyuan.AG.BY.AA	1.565	0.03079801957038712	227	0.013454787310906529
Tianyuan.AG.BY.AA	1.575	-0.0015382248884786942	198	0.013236695979902596
Tianyuan.AG.BY.AA	1.585	0.04889715652404996	213	0.01302245498926892
Tianyuan.AG.BY.AA	1.595	0.008693132425383951	204	0.012811996362342249
Tianyuan.AG.BY.AA	1.605	-0.027906976744186046	216	0.012605253322567955
Tianyuan.AG.BY.AA	1.615	0.0021645021645021645	232	0.012402160272312491
Tianyuan.AG.BY.AA	1.625	-0.030456852791878174	198	0.01220265277204986
Tianyuan.AG.BY.AA	1.635	-0.00399913062377744	215	0.012006667519915536
Tianyuan.AG.BY.AA	1.645	-0.01927285992217899	257	0.011814142331621414
Tianyuan.AG.BY.AA	1.655	-0.012900688298918384	226	0.011625016120725286
Tianyuan.AG.BY.AA	1.665	-0.026384243775548124	208	0.01143922887924868
Tianyuan.AG.BY.AA	1.675	-0.0302414804784473	211	0.011256721658636927
Tianyuan.AG.BY.AA	1.685	-0.015533980582524273	206	0.011077436551055298
Tianyuan.AG.BY.AA	1.695	-0.0041053998575677625	219	0.010901316671015408
Tianyuan.AG.BY.AA	1.705	-0.0029737206085753845	241	0.010728306137325963
Tianyuan.AG.BY.AA	1.715	-0.017753499487879822	203	0.010558350055362209
Tianyuan.AG.BY.AA	1.725	0.07045583789769835	259	0.010391394499648376
Tianyuan.AG.BY.AA	1.735	0.09737013692675506	215	0.010227386496747589
Tianyuan.AG.BY.AA	1.745	-0.05595238095238096	225	0.01006627400845395
Tianyuan.AG.BY.AA	1.7550000000000001	-0.04289575067563682	187	0.009908005915281265
Tianyuan.AG.BY.AA	1.7650000000000001	0.007746345168027342	230	0.00975253200024331
Tianyuan.AG.BY.AA	1.7750000000000001	0.002937720329024676	185	0.009599802932920471
Tianyuan.AG.BY.AA	1.7850000000000001	0.07457286432160803	200	0.009449770253807641
Tianyuan.AG.BY.AA	1.7950000000000002	-0.050621767359964785	234	0.009302386358938493
Tianyuan.AG.BY.AA	1.8050000000000002	-0.05683222139856684	285	0.00915760448478116
Tianyuan.AG.BY.AA	1.815	-0.02216748768472906	232	0.00901537869340063
Tianyuan.AG.BY.AA	1.825	0.07032052727865072	283	0.008875663857883052
Tianyuan.AG.BY.AA	1.835	0.07713115387587913	228	0.008738415648017405
Tianyuan.AG.BY.AA	1.845	-0.011067193675889327	231	0.008603590516229907
Tianyuan.AG.BY.AA	1.855	-0.013796422555546644	274	0.00847114568376681
Tianyuan.AG.BY.AA	1.865	-0.04463352739214808	232	0.008341039127121086
Tianyuan.AG.BY.AA	1.875	-0.01664539754757809	269	0.00821322956469875
Tianyuan.AG.BY.AA	1.885	0.02835408022130014	241	0.008087676443720623
Tianyuan.AG.BY.AA	1.895	0.025226888171050604	198	0.007964339927355287
Tianyuan.AG.BY.AA	1.905	-0.051511561581325964	214	0.007843180882079259
Tianyuan.AG.BY.AA	1.915	-0.038504864311315924	280	0.007724160865260249
Tianyuan.AG.BY.AA	1.925	-0.06332905434317501	247	0.00760724211295972
Tianyuan.AG.BY.AA	1.935	-0.07999457663887194	298	0.007492387527950715
Tianyuan.AG.BY.AA	1.945	-0.04561064847029247	299	0.00737956066794725
Tianyuan.AG.BY.AA	1.955	-0.05134575569358178	231	0.00726872573404154
Tianyuan.AG.BY.AA	1.965	-0.05138201239717749	227	0.007159847559345322
Tianyuan.AG.BY.AA	1.975	-0.05392156862745098	256	0.007052891597831728
Tianyuan.AG.BY.AA	1.985	-0.004627556351694289	232	0.006947823913374172
Tianyuan.AG.BY.AA	1.995	-0.031156885606943904	249	0.0068446111689787195
Tianyuan.AG.BY.AA	2.005	-0.030776867709108962	238	0.006743220616206568
Tianyuan.AG.BY.AA	2.015	-0.03539682539682539	225	0.00664362008478329
Tianyuan.AG.BY.AA	2.025	0.0033936651583710417	273	0.0065457779723914955
Tianyuan.AG.BY.AA	2.035	-0.0002654720424755319	246	0.006449663234643701
Tianyuan.AG.BY.AA	2.045	-0.004909560723514211	216	0.00635524537523226
Tianyuan.AG.BY.AA	2.055	0.03477504890241252	215	0.006262494436253147
Tianyuan.AG.BY.AA	2.065	-0.027217305801376598	226	0.0061713809887006185
Tianyuan.AG.BY.AA	2.075	-0.053466168534661684	220	0.006081876123129635
Tianyuan.AG.BY.AA	2.085	0.014218793055938275	191	0.005993951440483192
Tianyuan.AG.BY.AA	2.095	0.01586042823156225	195	0.005907579043081544
Tianyuan.AG.BY.AA	2.105	0.022783368141256876	230	0.005822731525770551
Tianyuan.AG.BY.AA	2.115	-0.03507389162561576	175	0.005739381967226249
Tianyuan.AG.BY.AA	2.125	0.0018986674167575002	239	0.005657503921413014
Tianyuan.AG.BY.AA	2.1350000000000002	0.020497512437810946	201	0.005577071409192427
Tianyuan.AG.BY.AA	2.145	0.06059283506092016	235	0.005498058910080379
Tianyuan.AG.BY.AA	2.1550000000000002	0.00991619498925014	214	0.005420441354149634
Tianyuan.AG.BY.AA	2.165	-0.0185389809699202	181	0.005344194114075397
Tianyuan.AG.BY.AA	2.1750000000000003	0.014329016257922291	191	0.005269292997321268
Tianyuan.AG.BY.AA	2.185	0.02692181417381924	207	0.005195714238463203
Tianyuan.AG.BY.AA	2.1950000000000003	-0.02094240837696335	191	0.005123434491648944
Tianyuan.AG.BY.AA	2.205	0.04456317163499484	182	0.005052430823190622
Tianyuan.AG.BY.AA	2.215	0.08237367802585194	185	0.004982680704288089
Tianyuan.AG.BY.AA	2.225	-0.04633936261843239	216	0.004914162003880748
Tianyuan.AG.BY.AA	2.235	-0.02246063115628333	253	0.004846852981625595
Tianyuan.AG.BY.AA	2.245	0.12692582389552087	243	0.004780732280999173
Tianyuan.AG.BY.AA	2.255	0.03147446780723521	248	0.0047157789225213825
Tianyuan.AG.BY.AA	2.265	-0.03239682753058207	173	0.004651972297098858
Tianyuan.AG.BY.AA	2.275	-0.012661498708010333	216	0.004589292159485937
Tianyuan.AG.BY.AA	2.285	-0.03373839922063273	198	0.004527718621860976
Tianyuan.AG.BY.AA	2.295	0.04009962640099626	220	0.004467232147516185
Tianyuan.AG.BY.AA	2.305	0.010714285714285707	225	0.004407813544658771
Tianyuan.AG.BY.AA	2.315	-0.027479091995221028	217	0.004349443960321593
Tianyuan.AG.BY.AA	2.325	0.05748210619763636	269	0.004292104874381275
Tianyuan.AG.BY.AA	2.335	0.1426897749767705	223	0.004235778093681946
Tianyuan.AG.BY.AA	2.345	0.07218045112781955	190	0.004180445746262724
Tianyuan.AG.BY.AA	2.355	0.006504065040650407	246	0.004126090275687112
Tianyuan.AG.BY.AA	2.365	-0.05544747081712062	257	0.004072694435472491
Tianyuan.AG.BY.AA	2.375	-0.04517221908526256	231	0.004020241283618002
Tianyuan.AG.BY.AA	2.3850000000000002	0.03681454946266188	191	0.003968714177228973
Tianyuan.AG.BY.AA	2.395	0.03067846607669616	226	0.003918096767236307
Tianyuan.AG.BY.AA	2.4050000000000002	-0.012944983818770224	207	0.0038683729932090637
Tianyuan.AG.BY.AA	2.415	-0.03140096618357488	208	0.0038195270782586453
Tianyuan.AG.BY.AA	2.4250000000000003	-0.08020050125313283	190	0.0037715435240329278
Tianyuan.AG.BY.AA	2.435	-0.01929791150891894	178	0.0037244071057987846
Tianyuan.AG.BY.AA	2.4450000000000003	-0.04886458795133245	202	0.0036781028676114167
Tianyuan.AG.BY.AA	2.455	-0.0223463687150838	180	0.0036326161175689762
Tianyuan.AG.BY.AA	2.465	-0.005749799179808056	218	0.0035879324231509542
Tianyuan.AG.BY.AA	2.475	-0.009751243781094522	201	0.00354403760663889
Tianyuan.AG.BY.AA	2.485	0.04099136730715678	190	0.003500917740617904
Tianyuan.AG.BY.AA	2.495	-0.07420814479638009	221	0.003458559143557662
Tianyuan.AG.BY.AA	2.505	-0.005186443709201467	212	0.003416948375471355
Tianyuan.AG.BY.AA	2.515	-0.008651561890579015	238	0.00337607223365131
Tianyuan.AG.BY.AA	2.525	0.028858932978925382	230	0.0033359177484799086
Tianyuan.AG.BY.AA	2.535	0.06276463262764632	220	0.0032964721793144287
Tianyuan.AG.BY.AA	2.545	0.009017298490982702	209	0.003257723010444583
Tianyuan.AG.BY.AA	2.555	0.029340886991079354	218	0.0032196579471213734
Tianyuan.AG.BY.AA	2.565	0.0022621591051903995	219	0.0031822649116561024
Tianyuan.AG.BY.AA	2.575	0.04745016509722392	222	0.0031455320395882285
Tianyuan.AG.BY.AA	2.585	-0.05039218588130827	233	0.003109447675920882
Tianyuan.AG.BY.AA	2.595	0.020202020202020204	243	0.0030740003714228477
Tianyuan.AG.BY.AA	2.605	0.05934065934065934	196	0.0030391788789958275
Tianyuan.AG.BY.AA	2.615	-0.07105538140020899	232	0.003004972150105839
Tianyuan.AG.BY.AA	2.625	0.008156516946817302	191	0.0029713693312776283
Tianyuan.AG.BY.AA	2.6350000000000002	-0.06320386118133763	229	0.002938359760650951
Tianyuan.AG.BY.AA	2.645	-0.03799019607843137	256	0.0029059329645976795
Tianyuan.AG.BY.AA	2.6550000000000002	0.04044371703946172	235	0.002874078654398599
Tianyuan.AG.BY.AA	2.665	0.09156342182890856	226	0.002842786722978912
Tianyuan.AG.BY.AA	2.6750000000000003	-0.014556040756914117	229	0.0028120472417013462
Tianyuan.AG.BY.AA	2.685	-0.03261179731767967	222	0.0027818504572158943
Tianyuan.AG.BY.AA	2.6950000000000003	0.03870967741935484	186	0.0027521867883651676
Tianyuan.AG.BY.AA	2.705	-0.05798011512297226	196	0.002723046823144385
Tianyuan.AG.BY.AA	2.715	-0.016345280700817262	194	0.0026944213157150286
Tianyuan.AG.BY.AA	2.725	-0.024606971975393025	210	0.0026663011834712268
Tianyuan.AG.BY.AA	2.735	0.015151515151515152	232	0.0026386775041579327
Tianyuan.AG.BY.AA	2.745	-0.04053931770880464	258	0.002611541513039971
Tianyuan.AG.BY.AA	2.755	0.0045141363744357335	184	0.0025848846001210717
Tianyuan.AG.BY.AA	2.765	0.07715491259795057	238	0.0025586983074119968
Tianyuan.AG.BY.AA	2.775	-0.046753246753246755	210	0.002532974326246903
Tianyuan.AG.BY.AA	2.785	-0.015575221238938054	226	0.0025077044946470724
Tianyuan.AG.BY.AA	2.795	0.05500137779002481	191	0.002482880794731207
Tianyuan.AG.BY.AA	2.805	-0.024803731937649343	188	0.0024584953501714107
Tianyuan.AG.BY.AA	2.815	-0.03599336964243429	206	0.0024345404236941234
Tianyuan.AG.BY.AA	2.825	-0.013214353521928993	230	0.00241100841462514
Tianyuan.AG.BY.AA	2.835	-0.021094744498999816	235	0.0023878918564779993
Tianyuan.AG.BY.AA	2.845	-0.08194960760016522	270	0.0023651834145849322
Tianyuan.AG.BY.AA	2.855	-0.05855610110929259	235	0.0023428758837696416
Tianyuan.AG.BY.AA	2.865	-0.04510552411039445	214	0.0023209621860611667
Tianyuan.AG.BY.AA	2.875	-0.06816600973800138	228	0.002299435368448109
Tianyuan.AG.BY.AA	2.8850000000000002	-0.05012098167991705	264	0.0022782886006725077
Tianyuan.AG.BY.AA	2.895	-0.04619923419747662	179	0.002257515173062663
Tianyuan.AG.BY.AA	2.9050000000000002	-0.02608128667680939	215	0.0022371084944042153
Tianyuan.AG.BY.AA	2.915	-0.01816142300090807	194	0.0022170620898488225
Tianyuan.AG.BY.AA	2.9250000000000003	-0.026169074980088747	188	0.002197369598859746
Tianyuan.AG.BY.AA	2.935	0.014906832298136647	231	0.00217802477319371
Tianyuan.AG.BY.AA	2.9450000000000003	0.006237573583875874	227	0.0021590214749184
Tianyuan.AG.BY.AA	2.955	0.07822370865849128	208	0.002140353674464947
Tianyuan.AG.BY.AA	2.965	-0.04292229276580524	212	0.002122015448714801
Tianyuan.AG.BY.AA	2.975	-0.019089574155653453	228	0.002104000979120388
Tianyuan.AG.BY.AA	2.985	0.03835307388606881	198	0.0020863045498589355
Tianyuan.AG.BY.AA	2.995	-0.04205196723040681	239	0.0020689205460188926
Tianyuan.AG.BY.AA	3.005	-0.02931937172774869	191	0.0020518434518183755
Tianyuan.AG.BY.AA	3.015	-0.030280466617026554	238	0.002035067848855057
Tianyuan.AG.BY.AA	3.025	-0.03887486476739992	236	0.0020185884143869644
Tianyuan.AG.BY.AA	3.035	-0.03959276018099548	273	0.002002399919643616
Tianyuan.AG.BY.AA	3.045	0.01422924901185771	231	0.001986497228166986
Tianyuan.AG.BY.AA	3.055	0.023854289071680374	185	0.0019708752941817536
Tianyuan.AG.BY.AA	3.065	-0.04062075377243796	237	0.001955529160994325
Tianyuan.AG.BY.AA	3.075	-0.05791855203619909	221	0.0019404539594201184
Tianyuan.AG.BY.AA	3.085	-0.004010025062656644	210	0.0019256449062386239
Tianyuan.AG.BY.AA	3.095	0.033909542978924935	206	0.0019110973026757244
Tianyuan.AG.BY.AA	3.105	-0.01848794981842192	234	0.0018968065329128241
Tianyuan.AG.BY.AA	3.115	0.022913867741453944	232	0.0018827680626222912
Tianyuan.AG.BY.AA	3.125	-0.004651162790697674	216	0.0018689774375287578
Tianyuan.AG.BY.AA	3.1350000000000002	-0.001984126984126985	225	0.0018554302819958149
Tianyuan.AG.BY.AA	3.145	-0.021900539501095023	194	0.0018421222976376778
Tianyuan.AG.BY.AA	3.1550000000000002	-0.006603888956830134	222	0.0018290492619553304
Tianyuan.AG.BY.AA	3.165	-0.017735951497602025	258	0.0018162070269967796
Tianyuan.AG.BY.AA	3.1750000000000003	-0.01291221892080261	234	0.0018035915180409437
Tianyuan.AG.BY.AA	3.185	0.008340854626373283	254	0.0017911987323047805
Tianyuan.AG.BY.AA	3.1950000000000003	0.019700551615445237	189	0.0017790247376732442
Tianyuan.AG.BY.AA	3.205	-0.01615578795528309	236	0.001767065671451661
Tianyuan.AG.BY.AA	3.2150000000000003	-0.06277385316999017	212	0.0017553177391401301
Tianyuan.AG.BY.AA	3.225	-0.05039071749940801	206	0.0017437772132295685
Tianyuan.AG.BY.AA	3.235	-0.04087728281276668	217	0.0017324404320190048
Tianyuan.AG.BY.AA	3.245	-0.06965174129353234	201	0.0017213037984537536
Tianyuan.AG.BY.AA	3.255	-0.05373936408419168	232	0.0017103637789841106
Tianyuan.AG.BY.AA	3.265	-0.044810452705189546	209	0.001699616902444181
Tianyuan.AG.BY.AA	3.275	-0.015597457400779873	194	0.0016890597589505185
Tianyuan.AG.BY.AA	3.285	-0.0425531914893617	189	0.001678688998820198
Tianyuan.AG.BY.AA	3.295	-0.015583762724644963	219	0.0016685013315079927
Tianyuan.AG.BY.AA	3.305	-0.022889842632331906	234	0.0016584935245623153
Tianyuan.AG.BY.AA	3.315	-0.014397367338543807	221	0.0016486624025995916
Tianyuan.AG.BY.AA	3.325	-0.04284112748238309	224	0.001639004846296739
Tianyuan.AG.BY.AA	3.335	-0.08076491640403824	194	0.0016295177914014375
Tianyuan.AG.BY.AA	3.345	-0.03755705281460552	215	0.0016201982277598693
Tianyuan.AG.BY.AA	3.355	-0.006544661253181432	223	0.0016110431983616255
Tianyuan.AG.BY.AA	3.365	0.010452261306532663	200	0.0016020497984014738
Tianyuan.AG.BY.AA	3.375	0.012420217353803694	187	0.0015932151743576922
Tianyuan.AG.BY.AA	3.3850000000000002	-0.078283621140764	196	0.0015845365230866702
Tianyuan.AG.BY.AA	3.395	-0.040216161870051524	219	0.0015760110909335044
Tianyuan.AG.BY.AA	3.4050000000000002	-0.006695361071257768	205	0.00156763617285828
Tianyuan.AG.BY.AA	3.415	-0.025727826675693975	211	0.0015594091115777946
Tianyuan.AG.BY.AA	3.4250000000000003	-0.04480014307430922	212	0.0015513272967224239
Tianyuan.AG.BY.AA	3.435	-0.0006894966674327737	229	0.0015433881640078764
Tianyuan.AG.BY.AA	3.4450000000000003	-0.007814295564238105	229	0.0015355891944215687
Tianyuan.AG.BY.AA	3.455	-0.034453057708871665	216	0.0015279279134233696
Tianyuan.AG.BY.AA	3.4650000000000003	0.04105571847507331	155	0.001520401890160448
Tianyuan.AG.BY.AA	3.475	0.0021617726535759323	183	0.0015130087366959878
Tianyuan.AG.BY.AA	3.485	0.02665578675370597	172	0.0015057461072515183
Tianyuan.AG.BY.AA	3.495	-0.0030886196246139217	184	0.001498611697462619
Tianyuan.AG.BY.AA	3.505	-0.008707632956737394	191	0.0014916032436477684
Tianyuan.AG.BY.AA	3.515	-0.0054794520547945215	220	0.0014847185220900972
Tianyuan.AG.BY.AA	3.525	-0.0043904086457277934	189	0.0014779553483318247
Tianyuan.AG.BY.AA	3.535	-0.03675013511079085	183	0.0014713115764811505
Tianyuan.AG.BY.AA	3.545	-0.06817042606516291	190	0.001464785098531384
Tianyuan.AG.BY.AA	3.555	-0.044546396329732126	233	0.0014583738436920895
Tianyuan.AG.BY.AA	3.565	-0.03586206896551724	175	0.001452075777732052
Tianyuan.AG.BY.AA	3.575	-0.05100671140939597	150	0.001445888902333825
Tianyuan.AG.BY.AA	3.585	-0.04611801242236025	161	0.0014398112544596903
Tianyuan.AG.BY.AA	3.595	-0.048464356156663856	169	0.001433840905728801
Tianyuan.AG.BY.AA	3.605	-0.029170587444549	173	0.0014279759618053254
Tianyuan.AG.BY.AA	3.615	0.013924870466321246	193	0.0014222145617973911
Tianyuan.AG.BY.AA	3.625	0.0130235311528785	233	0.0014165548776666433
Tianyuan.AG.BY.AA	3.6350000000000002	0.04072004965859715	180	0.0014109951136482227
Tianyuan.AG.BY.AA	3.645	-0.024079601990049753	201	0.0014055335056809878
Tianyuan.AG.BY.AA	3.6550000000000002	-0.008431932544539644	172	0.0014001683208477948
Tianyuan.AG.BY.AA	3.665	-0.014274385408406027	195	0.0013948978568256586
Tianyuan.AG.BY.AA	3.6750000000000003	0.0037561545099233503	199	0.0013897204413456214
Tianyuan.AG.BY.AA	3.685	-0.0017558406086914133	203	0.001384634431662159
Tianyuan.AG.BY.AA	3.6950000000000003	-0.07189542483660132	153	0.0013796382140319502
Tianyuan.AG.BY.AA	3.705	-0.0367504835589942	188	0.0013747302032018542
Tianyuan.AG.BY.AA	3.7150000000000003	-0.011058092857683862	163	0.0013699088419059226
Tianyuan.AG.BY.AA	3.725	0.06282335550628233	165	0.001365172600371294
Tianyuan.AG.BY.AA	3.735	-0.011630980703145655	195	0.0013605199758328116
Tianyuan.AG.BY.AA	3.745	-0.010693400167084378	190	0.0013559494920562093
Tianyuan.AG.BY.AA	3.755	-0.03151777799665124	143	0.0013514596988697175
Tianyuan.AG.BY.AA	3.765	-0.04565217391304348	161	0.0013470491717039357
Tianyuan.AG.BY.AA	3.775	-0.00932984412333599	188	0.001342716511139831
Tianyuan.AG.BY.AA	3.785	-0.04591104734576757	205	0.0013384603424647153
Tianyuan.AG.BY.AA	3.795	-0.024844720496894408	231	0.0013342793152360615
Tianyuan.AG.BY.AA	3.805	-0.04145526057030482	226	0.0013301721028530207
Tianyuan.AG.BY.AA	3.815	-0.03466872110939907	177	0.0013261374021355048
Tianyuan.AG.BY.AA	3.825	-0.04298102299861757	219	0.0013221739329106988
Tianyuan.AG.BY.AA	3.835	-0.050216450216450215	210	0.001318280437606875
Tianyuan.AG.BY.AA	3.845	-0.042694147957305854	209	0.001314455680854376
Tianyuan.AG.BY.AA	3.855	-0.061264271790587584	190	0.0013106984490936445
Tianyuan.AG.BY.AA	3.865	-0.04684486084320749	191	0.001307007550190171
Tianyuan.AG.BY.AA	3.875	-0.09693856752680281	222	0.0013033818130562423
Tianyuan.AG.BY.AA	3.8850000000000002	-0.06413258872275265	183	0.001299820087279365
Tianyuan.AG.BY.AA	3.895	-0.04570527974783294	189	0.0012963212427572507
Tianyuan.AG.BY.AA	3.9050000000000002	-0.038535645472061654	174	0.0012928841693392458
Tianyuan.AG.BY.AA	3.915	-0.027363184079601987	201	0.0012895077764740897
Tianyuan.AG.BY.AA	3.9250000000000003	-0.020969855832241157	218	0.0012861909928638942
Tianyuan.AG.BY.AA	3.935	-0.002784545770971111	170	0.0012829327661242308
Tianyuan.AG.BY.AA	3.9450000000000003	-0.04268407507375557	179	0.001279732062450218
Tianyuan.AG.BY.AA	3.955	-0.026699152327293033	199	0.0012765878662885054
Tianyuan.AG.BY.AA	3.9650000000000003	-0.030380427476811397	173	0.001273499180015048
Tianyuan.AG.BY.AA	3.975	0.02507486929597482	199	0.001270465023618569
Tianyuan.AG.BY.AA	3.9850000000000003	-0.05389221556886228	168	0.0012674844343896125
Tianyuan.AG.BY.AA	3.995	-0.09810801513587893	171	0.0012645564666150834
Tianyuan.AG.BY.AA	4.005	-0.059986366734833	163	0.0012616801912781817
Tianyuan.AG.BY.AA	4.015	-0.03481650759510687	173	0.0012588546957636357
Tianyuan.AG.BY.AA	4.0249999999999995	-0.030332469775474952	193	0.0012560790835681357
Tianyuan.AG.BY.AA	4.034999999999999	-0.030553923401527697	194	0.0012533524740158829
Tianyuan.AG.BY.AA	4.045	-0.011904761904761902	225	0.0012506740019791588
Tianyuan.AG.BY.AA	4.055	-0.06235066560473319	188	0.0012480428176038297
Tianyuan.AG.BY.AA	4.0649999999999995	-0.014703425229741019	190	0.0012454580860396932
Tianyuan.AG.BY.AA	4.074999999999999	-0.03059923501912452	182	0.0012429189871755906
Tianyuan.AG.BY.AA	4.085	-0.004285714285714289	225	0.0012404247153791916
Tianyuan.AG.BY.AA	4.095	-0.030329688743663857	219	0.001237974479241376
Tianyuan.AG.BY.AA	4.1049999999999995	-0.05316606929510156	217	0.0012355675013251259
Tianyuan.AG.BY.AA	4.114999999999999	-0.023506493506493503	176	0.001233203017918853
Tianyuan.AG.BY.AA	4.125	-0.027862847534978682	183	0.0012308802787940791
Tianyuan.AG.BY.AA	4.135	-0.0201995717690785	223	0.0012285985469673972
Tianyuan.AG.BY.AA	4.145	-0.03595881976257327	202	0.0012263570984666313
Tianyuan.AG.BY.AA	4.154999999999999	-0.053217102532171025	220	0.0012241552221011296
Tianyuan.AG.BY.AA	4.165	-0.029411764705882353	256	0.0012219922192361072
Tianyuan.AG.BY.AA	4.175	-0.06940777065258392	242	0.0012198674035709788
Tianyuan.AG.BY.AA	4.185	-0.02723653886444584	259	0.0012177801009216002
Tianyuan.AG.BY.AA	4.194999999999999	-0.03878962018496903	259	0.0012157296490063558
Tianyuan.AG.BY.AA	4.205	-0.008127016044572916	219	0.001213715397236024
Tianyuan.AG.BY.AA	4.215	-0.00461555780704717	189	0.0012117367065073508
Tianyuan.AG.BY.AA	4.225	-0.0018602291464084905	218	0.0012097929490002676
Tianyuan.AG.BY.AA	4.234999999999999	-0.019285714285714288	225	0.001207883507978691
Tianyuan.AG.BY.AA	4.244999999999999	-0.0032204593890599086	206	0.0012060077775948375
Tianyuan.AG.BY.AA	4.255	0.024342884205541086	206	0.0012041651626969936
Tianyuan.AG.BY.AA	4.265	-0.03857142857142857	176	0.00120235507864068
Tianyuan.AG.BY.AA	4.2749999999999995	-0.049129720853858784	175	0.0012005769511031488
Tianyuan.AG.BY.AA	4.284999999999999	0.03329682365826944	166	0.0011988302159011578
Tianyuan.AG.BY.AA	4.295	0.03527136192968484	188	0.0011971143188119582
Tianyuan.AG.BY.AA	4.305	0.11241830065359477	171	0.0011954287153974467
Tianyuan.AG.BY.AA	4.3149999999999995	0.020942408376963352	191	0.00119377287083142
Tianyuan.AG.BY.AA	4.324999999999999	0.007356321839080459	175	0.0011921462597298785
Tianyuan.AG.BY.AA	4.335	-0.0004455583402951838	190	0.0011905483659843277
Tianyuan.AG.BY.AA	4.345	-0.020737495436290616	166	0.0011889786825980222
Tianyuan.AG.BY.AA	4.3549999999999995	0.017106200997861722	184	0.0011874367115250993
Tianyuan.AG.BY.AA	4.364999999999999	0.0024829298572315345	180	0.0011859219635125544
Tianyuan.AG.BY.AA	4.375	0.016119402985074627	201	0.0011844339579450054
Tianyuan.AG.BY.AA	4.385	-0.025477707006369428	157	0.0011829722226921982
Tianyuan.AG.BY.AA	4.395	-0.01816770186335404	161	0.0011815362939592035
Tianyuan.AG.BY.AA	4.404999999999999	-0.02756949178217072	163	0.0011801257161392598
Tianyuan.AG.BY.AA	4.415	-0.015949697109117398	162	0.0011787400416692132
Tianyuan.AG.BY.AA	4.425	0.053232299313284395	206	0.0011773788308875098
Tianyuan.AG.BY.AA	4.435	-0.01906422551583842	186	0.0011760416518946956
Tianyuan.AG.BY.AA	4.444999999999999	-0.03388581952117864	181	0.001174728080416378
Tianyuan.AG.BY.AA	4.455	-0.02727272727272727	176	0.0011734376996686087
Tianyuan.AG.BY.AA	4.465	-0.014749850508271876	174	0.0011721701002256407
Tianyuan.AG.BY.AA	4.475	-0.05772005772005772	154	0.0011709248798900222
Tianyuan.AG.BY.AA	4.484999999999999	-0.029708626928204154	178	0.0011697016435649834
Tianyuan.AG.BY.AA	4.495	-0.01280846063454759	185	0.001168500003129075
Tianyuan.AG.BY.AA	4.505	-0.019643953345610803	181	0.0011673195773130214
Tianyuan.AG.BY.AA	4.515	-0.0017108639863130874	168	0.001166159991578748
Tianyuan.AG.BY.AA	4.5249999999999995	-0.05943152454780362	172	0.0011650208780005428
Tianyuan.AG.BY.AA	4.534999999999999	-0.03830570902394107	181	0.001163901875148318
Tianyuan.AG.BY.AA	4.545	-0.02100502512562814	200	0.00116280262797293
Tianyuan.AG.BY.AA	4.555	-0.03515159123721047	179	0.0011617227876935287
Tianyuan.AG.BY.AA	4.5649999999999995	-0.01025075778451364	191	0.001160662011686889
Tianyuan.AG.BY.AA	4.574999999999999	-0.013873542050337632	181	0.0011596199633787017
Tianyuan.AG.BY.AA	4.585	-0.0690951821386604	185	0.0011585963121367817
Tianyuan.AG.BY.AA	4.595	-0.028481368906900822	189	0.0011575907331661604
Tianyuan.AG.BY.AA	4.6049999999999995	-0.05695181907571288	226	0.0011566029074060323
Tianyuan.AG.BY.AA	4.614999999999999	-0.04573804573804574	222	0.0011556325214285197
Tianyuan.AG.BY.AA	4.625	-0.06819796353303338	206	0.0011546792673392244
Tianyuan.AG.BY.AA	4.635	-0.0577985550361241	182	0.0011537428426795365
Tianyuan.AG.BY.AA	4.645	-0.031036623215394164	180	0.001152822950330667
Tianyuan.AG.BY.AA	4.654999999999999	-0.021162854780931384	191	0.0011519192984193738
Tianyuan.AG.BY.AA	4.665	0.000485702143160705	182	0.0011510316002253545
Tianyuan.AG.BY.AA	4.675	0.09869521579123454	245	0.0011501595740902716
Tianyuan.AG.BY.AA	4.685	0.04913108774940999	237	0.0011493029433283857
Tianyuan.AG.BY.AA	4.694999999999999	-0.007684350524604697	202	0.0011484614361387652
Tianyuan.AG.BY.AA	4.705	-0.03551912568306011	184	0.0011476347855190468
Tianyuan.AG.BY.AA	4.715	-0.02494654312188168	184	0.0011468227291807171
Tianyuan.AG.BY.AA	4.725	0.024085309799595514	148	0.001146025009465893
Tianyuan.AG.BY.AA	4.734999999999999	-0.0067998300042498945	182	0.0011452413732655673
Tianyuan.AG.BY.AA	4.745	-0.05370531822144725	186	0.0011444715719393
Tianyuan.AG.BY.AA	4.755	-0.01684981684981685	196	0.0011437153612363278
Tianyuan.AG.BY.AA	4.765	-0.06425702811244981	166	0.001142972501218065
Tianyuan.AG.BY.AA	4.7749999999999995	-0.015946719197035785	207	0.001142242756181973
Tianyuan.AG.BY.AA	4.784999999999999	-0.02053442148216401	214	0.0011415258945867753
Tianyuan.AG.BY.AA	4.795	-0.030958009681413934	189	0.0011408216889789893
Tianyuan.AG.BY.AA	4.805	-0.04076108590080408	159	0.0011401299159207604
Tianyuan.AG.BY.AA	4.8149999999999995	-0.0318407960199005	201	0.0011394503559189646
Tianyuan.AG.BY.AA	4.824999999999999	0.003103285434797276	244	0.001138782793355567
Tianyuan.AG.BY.AA	4.835	-0.0456697298802562	190	0.001138127016419208
Tianyuan.AG.BY.AA	4.845	-0.007803736038628492	203	0.0011374828170379967
Tianyuan.AG.BY.AA	4.8549999999999995	0.038011695906432746	153	0.0011368499908134926
Tianyuan.AG.BY.AA	4.864999999999999	-0.010902417962003455	193	0.0011362283369558512
Tianyuan.AG.BY.AA	4.875	0.01914689926603553	238	0.0011356176582201158
Tianyuan.AG.BY.AA	4.885	-0.027642945290004113	221	0.001135017760843633
Tianyuan.AG.BY.AA	4.895	0.04190607523174749	229	0.0011344284544845744
Tianyuan.AG.BY.AA	4.904999999999999	-0.03908516811742618	217	0.0011338495521615415
Tianyuan.AG.BY.AA	4.915	-0.0001950934009657165	203	0.0011332808701942402
Tianyuan.AG.BY.AA	4.925	0.016183870529035766	172	0.0011327222281451992
Tianyuan.AG.BY.AA	4.935	0.07119594031659472	163	0.0011321734487625193
Tianyuan.AG.BY.AA	4.944999999999999	0.03478100846521899	209	0.0011316343579236333
Tianyuan.AG.BY.AA	4.955	-0.008903623016812693	206	0.0011311047845800582
Tianyuan.AG.BY.AA	4.965	-0.0009299622202848001	186	0.0011305845607031235
Tianyuan.AG.BY.AA	4.975	0.020941246115139853	233	0.001130073521230657
Tianyuan.AG.BY.AA	4.984999999999999	-0.03968620212275035	198	0.001129571504014612
Tianyuan.AG.BY.AA	4.995	-0.041448585778482684	195	0.0011290783497696195
Tianyuan.AG.BY.AA	5.005	0.016493506493506494	176	0.0011285939020224485
Tianyuan.AG.BY.AA	5.015	0.0005841548010222701	166	0.001128118007062358
Tianyuan.AG.BY.AA	5.0249999999999995	-0.005024867969030404	198	0.001127650513892327
Tianyuan.AG.BY.AA	5.034999999999999	0.0567944936086529	226	0.0011271912741811431
Tianyuan.AG.BY.AA	5.045	0.029722658294086865	196	0.0011267401422163398
Tianyuan.AG.BY.AA	5.055	-0.013143483023001095	166	0.0011262969748579627
Tianyuan.AG.BY.AA	5.0649999999999995	0.001997649823736779	185	0.0011258616314931524
Tianyuan.AG.BY.AA	5.074999999999999	-0.017077175697865352	175	0.0011254339739915295
Tianyuan.AG.BY.AA	5.085	0.025376685170499604	195	0.001125013866661367
Tianyuan.AG.BY.AA	5.095	0.016538351867693184	168	0.0011246011762065372
Tianyuan.AG.BY.AA	5.1049999999999995	0.00819366852886406	180	0.001124195771684217
Tianyuan.AG.BY.AA	5.114999999999999	-0.02056917441532826	169	0.001123797524463342
Tianyuan.AG.BY.AA	5.125	-0.028865979381443297	195	0.0011234063081837925
Tianyuan.AG.BY.AA	5.135	-0.06752759541158647	167	0.0011230219987163007
Tianyuan.AG.BY.AA	5.145	-0.02570281124497992	166	0.0011226444741230656
Tianyuan.AG.BY.AA	5.154999999999999	0.019197207678883072	192	0.0011222736146190636
Tianyuan.AG.BY.AA	5.165	-0.020592020592020595	148	0.0011219093025340414
Tianyuan.AG.BY.AA	5.175	-0.012069851052901905	177	0.0011215514222751807
Tianyuan.AG.BY.AA	5.185	0.08975346687211094	177	0.0011211998602904212
Tianyuan.AG.BY.AA	5.194999999999999	0.03364509446990145	179	0.0011208545050324324
Tianyuan.AG.BY.AA	5.205	0.022697645886051686	162	0.0011205152469232196
Tianyuan.AG.BY.AA	5.215	-0.05276225946617008	180	0.001120181978319357
Tianyuan.AG.BY.AA	5.225	-0.00930191742354438	214	0.0011198545934778322
Tianyuan.AG.BY.AA	5.234999999999999	-0.026660963786712292	168	0.001119532988522496
Tianyuan.AG.BY.AA	5.245	0.03842832469775475	193	0.001119217061411103
Tianyuan.AG.BY.AA	5.255	0.021543513957307064	175	0.0011189067119029346
Tianyuan.AG.BY.AA	5.265	0.01737910189982729	193	0.0011186018415269936
Tianyuan.AG.BY.AA	5.2749999999999995	-0.05065176908752328	180	0.0011183023535507597
Tianyuan.AG.BY.AA	5.284999999999999	-0.017626321974148065	185	0.0011180081529494985
Tianyuan.AG.BY.AA	5.295	-0.00166310287479211	184	0.0011177191463761101
Tianyuan.AG.BY.AA	5.305	0.011683096020445418	166	0.0011174352421315103
Tianyuan.AG.BY.AA	5.3149999999999995	-0.062276109120969966	191	0.0011171563501355371
Tianyuan.AG.BY.AA	5.324999999999999	-0.0212987012987013	176	0.0011168823818983676
Tianyuan.AG.BY.AA	5.335	0.03608040201005025	200	0.0011166132504924415
Tianyuan.AG.BY.AA	5.345	-0.02185038238169168	187	0.0011163488705248801
Tianyuan.AG.BY.AA	5.3549999999999995	0.018604651162790697	216	0.0011160891581103918
Tianyuan.AG.BY.AA	5.364999999999999	0.04101161995898838	210	0.0011158340308446552
Tianyuan.AG.BY.AA	5.375	0.006228842247799601	211	0.0011155834077781744
Tianyuan.AG.BY.AA	5.385	-0.011138183083884444	170	0.001115337209390594
Tianyuan.AG.BY.AA	5.395	-0.052388289676425275	177	0.0011150953575654668
Tianyuan.AG.BY.AA	5.404999999999999	-0.03395288921604711	209	0.0011148577755654705
Tianyuan.AG.BY.AA	5.415	0.02454188481675393	192	0.0011146243880080576
Tianyuan.AG.BY.AA	5.425	0.03270440251572326	160	0.0011143951208415382
Tianyuan.AG.BY.AA	5.435	-0.03729305342208568	217	0.001114169901321584
Tianyuan.AG.BY.AA	5.444999999999999	-0.022736434733532214	158	0.0011139486579881468
Tianyuan.AG.BY.AA	5.455	-0.012692892849380568	215	0.0011137313206427857
Tianyuan.AG.BY.AA	5.465	-0.03236774105807154	172	0.001113517820326393
Tianyuan.AG.BY.AA	5.475	-0.05947754749568221	193	0.0011133080892973143
Tianyuan.AG.BY.AA	5.484999999999999	-0.013952561291608531	174	0.001113102061009855
Tianyuan.AG.BY.AA	5.495	0.00313853493189379	179	0.0011128996700931662
Tianyuan.AG.BY.AA	5.505	-0.014659685863874346	191	0.0011127008523305016
Tianyuan.AG.BY.AA	5.515	0.005341595000267079	194	0.0011125055446388446
Tianyuan.AG.BY.AA	5.5249999999999995	0.05043341213553979	189	0.0011123136850488904
Tianyuan.AG.BY.AA	5.534999999999999	-0.03433524710120455	189	0.001112125212685385
Tianyuan.AG.BY.AA	5.545	-0.016333725029377206	185	0.0011119400677478094
Tianyuan.AG.BY.AA	5.555	-0.01693121693121693	190	0.001111758191491406
Tianyuan.AG.BY.AA	5.5649999999999995	-0.1157796451914099	154	0.0011115795262085395
Tianyuan.AG.BY.AA	5.574999999999999	-0.043081761006289306	160	0.0011114040152103858
Tianyuan.AG.BY.AA	5.585	-0.013986013986013991	143	0.001111231602808946
Tianyuan.AG.BY.AA	5.595	0.022782037239868567	166	0.0011110622342993775
Tianyuan.AG.BY.AA	5.6049999999999995	0.022533287811539772	203	0.0011108958559426353
Tianyuan.AG.BY.AA	5.614999999999999	0.06859390363815142	226	0.0011107324149484228
Tianyuan.AG.BY.AA	5.625	-0.001187930624851509	184	0.0011105718594584403
Tianyuan.AG.BY.AA	5.635	-0.004040112545992352	167	0.0011104141385299322
Tianyuan.AG.BY.AA	5.645	0.03183654074602043	184	0.0011102592021195224
Tianyuan.AG.BY.AA	5.654999999999999	0.0260707635009311	180	0.0011101070010673365
Tianyuan.AG.BY.AA	5.665	0.16178141331515564	163	0.0011099574870814036
Tianyuan.AG.BY.AA	5.675	0.12352576039726877	180	0.001109810612722334
Tianyuan.AG.BY.AA	5.685	0.017084596307522733	191	0.0011096663313882667
Tianyuan.AG.BY.AA	5.694999999999999	0.00802393580851353	172	0.0011095245973000835
Tianyuan.AG.BY.AA	5.705	0.05313460006826716	188	0.001109385365486883
Tianyuan.AG.BY.AA	5.715	0.07494456762749446	165	0.0011092485917717132
Tianyuan.AG.BY.AA	5.725	0.05081796032022276	170	0.0011091142327575526
Tianyuan.AG.BY.AA	5.734999999999999	-0.03105054338450923	187	0.0011089822458135424
Tianyuan.AG.BY.AA	5.745	0.03275167785234899	150	0.0011088525890614593
Tianyuan.AG.BY.AA	5.755	0.058316407131573	211	0.001108725221362428
Tianyuan.AG.BY.AA	5.765	-0.012432012432012432	144	0.0011086001023038687
Tianyuan.AG.BY.AA	5.7749999999999995	-0.013418945242046024	167	0.0011084771921866735
Tianyuan.AG.BY.AA	5.784999999999999	-0.05235602094240838	192	0.0011083564520126118
Tianyuan.AG.BY.AA	5.795	-0.11650241667189755	179	0.001108237843471955
Tianyuan.AG.BY.AA	5.805	-0.06368159203980099	201	0.0011081213289313222
Tianyuan.AG.BY.AA	5.8149999999999995	-0.023521026372059873	184	0.0011080068714217387
Tianyuan.AG.BY.AA	5.824999999999999	-0.005459057071960301	156	0.0011078944346269075
Tianyuan.AG.BY.AA	5.835	-0.0753880266075388	165	0.0011077839828716844
Tianyuan.AG.BY.AA	5.845	0.019013666072489603	154	0.0011076754811107602
Tianyuan.AG.BY.AA	5.8549999999999995	-0.06659364731653888	166	0.0011075688949175404
Tianyuan.AG.BY.AA	5.864999999999999	-0.025359256128486902	169	0.001107464190473223
Tianyuan.AG.BY.AA	5.875	-0.013665821358129052	169	0.0011073613345560663
Tianyuan.AG.BY.AA	5.885	0.03791678148250207	191	0.0011072602945308495
Tianyuan.AG.BY.AA	5.895	-0.024184439572121453	174	0.0011071610383385174
Tianyuan.AG.BY.AA	5.904999999999999	-0.049997329202499864	194	0.0011070635344860081
Tianyuan.AG.BY.AA	5.915	-0.008614059375480697	198	0.0011069677520362609
Tianyuan.AG.BY.AA	5.925	0.0	184	0.0011068736605984
Tianyuan.AG.BY.AA	5.935	-0.029774699466602977	159	0.001106781230318092
Tianyuan.AG.BY.AA	5.944999999999999	0.01975160855903037	164	0.0011066904318680728
Tianyuan.AG.BY.AA	5.955	-0.0346797225622195	172	0.0011066012364388434
Tianyuan.AG.BY.AA	5.965	0.020186335403726708	161	0.001106513615729528
Tianyuan.AG.BY.AA	5.975	-0.002730686084878825	188	0.0011064275419388947
Tianyuan.AG.BY.AA	5.984999999999999	0.014747270066419	189	0.0011063429877565347
Tianyuan.AG.BY.AA	5.995	-0.029440515209016156	187	0.0011062599263541963
Tianyuan.AG.BY.AA	6.005	0.0022355360815523567	212	0.0011061783313772733
Tianyuan.AG.BY.AA	6.015	-0.039209891138367564	202	0.001106098176936442
Tianyuan.AG.BY.AA	6.0249999999999995	-0.015074668920822765	169	0.0011060194375994482
Tianyuan.AG.BY.AA	6.035	-0.03219814241486068	171	0.001105942088383036
Tianyuan.AG.BY.AA	6.045	-0.025222396650968083	196	0.0011058661047450228
Tianyuan.AG.BY.AA	6.055	-0.008333333333333335	225	0.0011057914625765104
Tianyuan.AG.BY.AA	6.0649999999999995	0.0072322970639032815	193	0.0011057181381942363
Tianyuan.AG.BY.AA	6.074999999999999	-0.00014428973378543964	167	0.00110564610833306
Tianyuan.AG.BY.AA	6.085	-0.011464055409601147	159	0.0011055753501385797
Tianyuan.AG.BY.AA	6.095	0.0015860428231562241	195	0.001105505841159882
Tianyuan.AG.BY.AA	6.1049999999999995	0.03122326775021386	168	0.0011054375593424178
Tianyuan.AG.BY.AA	6.114999999999999	-0.01883830455259027	196	0.001105370483021005
Tianyuan.AG.BY.AA	6.125	-0.037922077922077926	176	0.0011053045909129536
Tianyuan.AG.BY.AA	6.135	-0.03871730456627752	202	0.0011052398621113142
Tianyuan.AG.BY.AA	6.145	0.005945745076179855	208	0.0011051762760782428
Tianyuan.AG.BY.AA	6.154999999999999	-0.0704712289841345	206	0.001105113812638486
Tianyuan.AG.BY.AA	6.165	0.02537262487199909	188	0.0011050524519729782
Tianyuan.AG.BY.AA	6.175	-0.012414649286157667	180	0.0011049921746125538
Tianyuan.AG.BY.AA	6.185	-0.002161772653575935	183	0.00110493296143177
Tianyuan.AG.BY.AA	6.194999999999999	-0.011172498465316143	181	0.0011048747936428383
Tianyuan.AG.BY.AA	6.205	0.06872483221476511	150	0.001104817652789663
Tianyuan.AG.BY.AA	6.215	0.008573540280857356	165	0.0011047615207419857
Tianyuan.AG.BY.AA	6.225	0.003100775193798449	130	0.0011047063796896324
Tianyuan.AG.BY.AA	6.234999999999999	-0.03507030603804798	156	0.0011046522121368628
Tianyuan.AG.BY.AA	6.245	0.003104212860310422	165	0.0011045990008968188
Tianyuan.AG.BY.AA	6.255	-0.013895781637717118	156	0.0011045467290860713
Tianyuan.AG.BY.AA	6.265	-0.007861635220125786	160	0.0011044953801192638
Tianyuan.AG.BY.AA	6.2749999999999995	-0.022852789944772425	178	0.001104444937703849
Tianyuan.AG.BY.AA	6.285	-0.08128238341968912	193	0.0011043953858349202
Tianyuan.AG.BY.AA	6.295	-0.04124794745484401	175	0.0011043467087901327
Tianyuan.AG.BY.AA	6.305	-0.0338677715726896	183	0.0011042988911247151
Tianyuan.AG.BY.AA	6.3149999999999995	0.007736943907156672	188	0.0011042519176665696
Tianyuan.AG.BY.AA	6.324999999999999	0.002857142857142857	176	0.0011042057735114567
Tianyuan.AG.BY.AA	6.335	-0.011494252873563222	204	0.0011041604440182678
Tianyuan.AG.BY.AA	6.345	-0.02003105590062112	161	0.001104115914804378
Tianyuan.AG.BY.AA	6.3549999999999995	0.022972502610511664	170	0.0011040721717410847
Tianyuan.AG.BY.AA	6.364999999999999	-0.012757375357628626	207	0.0011040292009491224
Tianyuan.AG.BY.AA	6.375	-0.005369127516778522	150	0.001103986988794261
Tianyuan.AG.BY.AA	6.385	-0.02724248320883812	179	0.001103945521882978
Tianyuan.AG.BY.AA	6.395	0.008538587848932676	175	0.0011039047870582104
Tianyuan.AG.BY.AA	6.404999999999999	-0.020762807492665313	211	0.0011038647713951793
Tianyuan.AG.BY.AA	6.415	0.022166527429685324	190	0.0011038254621972886
Tianyuan.AG.BY.AA	6.425	0.06521846214472193	202	0.0011037868469920974
Tianyuan.AG.BY.AA	6.435	0.019576578970679423	213	0.0011037489135273624
Tianyuan.AG.BY.AA	6.444999999999999	-0.0019840176357123172	191	0.0011037116497671494
Tianyuan.AG.BY.AA	6.455	-0.024884149050974417	178	0.0011036750438880164
Tianyuan.AG.BY.AA	6.465	-0.01390792345566215	199	0.0011036390842752595
Tianyuan.AG.BY.AA	6.475	-0.018954850598920627	214	0.0011036037595192304
Tianyuan.AG.BY.AA	6.484999999999999	0.02842377260981912	216	0.0011035690584117138
Tianyuan.AG.BY.AA	6.495	-0.02184548867903061	188	0.001103534969942373
Tianyuan.AG.BY.AA	6.505	-0.007672188317349606	186	0.0011035014832952552
Tianyuan.AG.BY.AA	6.515	0.040798980025499365	182	0.0011034685878453603
Tianyuan.AG.BY.AA	6.5249999999999995	0.006315070831199865	217	0.00110343627315527
Tianyuan.AG.BY.AA	6.535	0.012501680333378142	173	0.001103404528971835
Tianyuan.AG.BY.AA	6.545	0.004112808460634547	185	0.0011033733452229227
Tianyuan.AG.BY.AA	6.555	-0.002275571737399018	188	0.0011033427120142212
Tianyuan.AG.BY.AA	6.5649999999999995	-0.020285233413056963	213	0.0011033126196260997
Tianyuan.AG.BY.AA	6.574999999999999	-0.030470386593029898	178	0.0011032830585105248
Tianyuan.AG.BY.AA	6.585	-0.03736517719568567	177	0.001103254019288031
Tianyuan.AG.BY.AA	6.595	-0.04060186290900406	159	0.0011032254927447443
Tianyuan.AG.BY.AA	6.6049999999999995	-0.0345475910693302	185	0.0011031974698294596
Tianyuan.AG.BY.AA	6.614999999999999	-0.01604787161702706	172	0.0011031699416507675
Tianyuan.AG.BY.AA	6.625	-0.0416156670746634	172	0.0011031428994742346
Tianyuan.AG.BY.AA	6.635	-0.008827773533655884	154	0.0011031163347196308
Tianyuan.AG.BY.AA	6.645	-0.0761904761904762	175	0.0011030902389582082
Tianyuan.AG.BY.AA	6.654999999999999	-0.02072951963324696	174	0.0011030646039100252
Tianyuan.AG.BY.AA	6.665	-0.013005551149881046	195	0.0011030394214413214
Tianyuan.AG.BY.AA	6.675	-0.051612903225806445	186	0.001103014683561934
Tianyuan.AG.BY.AA	6.685	-0.042205184373859075	166	0.001102990382422766
Tianyuan.AG.BY.AA	6.694999999999999	-0.06329058900239079	215	0.0011029665103132929
Tianyuan.AG.BY.AA	6.705	-0.04963338973491258	198	0.0011029430596591172
Tianyuan.AG.BY.AA	6.715	-0.05915952672378621	172	0.001102920023019566
Tianyuan.AG.BY.AA	6.725	-0.023542600896860985	224	0.0011028973930853289
Tianyuan.AG.BY.AA	6.734999999999999	-0.06689797668706872	227	0.001102875162676139
Tianyuan.AG.BY.AA	6.745	0.006215684243240444	197	0.0011028533247384959
Tianyuan.AG.BY.AA	6.755	-0.03982683982683983	210	0.0011028318723434254
Tianyuan.AG.BY.AA	6.765	-0.027141821195483275	197	0.001102810798684284
Tianyuan.AG.BY.AA	6.7749999999999995	0.09420427855011744	178	0.001102790097074596
Tianyuan.AG.BY.AA	6.785	-0.02993585174625802	184	0.0011027697609459343
Tianyuan.AG.BY.AA	6.795	0.0877922077922078	176	0.0011027497838458358
Tianyuan.AG.BY.AA	6.805	0.015626140927345746	166	0.0011027301594357531
Tianyuan.AG.BY.AA	6.8149999999999995	-0.006747948776934281	162	0.0011027108814890443
Tianyuan.AG.BY.AA	6.824999999999999	-0.014937106918238994	160	0.0011026919438889974
Tianyuan.AG.BY.AA	6.835	-0.005242640139803728	173	0.0011026733406268887
Tianyuan.AG.BY.AA	6.845	0.04832235098083768	163	0.0011026550658000773
Tianyuan.AG.BY.AA	6.8549999999999995	-0.0018400322005635078	187	0.0011026371136101313
Tianyuan.AG.BY.AA	6.864999999999999	-0.0020924149956408	186	0.001102619478360989
Tianyuan.AG.BY.AA	6.875	-0.013965593855138703	178	0.0011026021544571505
Tianyuan.AG.BY.AA	6.885	0.028292954608744085	190	0.001102585136401903
Tianyuan.AG.BY.AA	6.895	-0.03209574323405413	172	0.0011025684187955767
Tianyuan.AG.BY.AA	6.904999999999999	-0.022477995937711576	211	0.0011025519963338316
Tianyuan.AG.BY.AA	6.915	-0.028120399979696464	199	0.001102535863805974
Tianyuan.AG.BY.AA	6.925	-0.01366120218579235	184	0.0011025200160933038
Tianyuan.AG.BY.AA	6.935	-0.029465930018416204	181	0.0011025044481674897
Tianyuan.AG.BY.AA	6.944999999999999	0.047897521581732105	190	0.0011024891550889745
Tianyuan.AG.BY.AA	6.955	0.0014732965009208116	181	0.0011024741320054075
Tianyuan.AG.BY.AA	6.965	-0.00745341614906832	161	0.0011024593741501046
Tianyuan.AG.BY.AA	6.975	-0.030514854147062783	173	0.0011024448768405363
Tianyuan.AG.BY.AA	6.984999999999999	-0.008790686623901159	184	0.0011024306354768419
Tianyuan.AG.BY.AA	6.995	-0.026053639846743294	145	0.0011024166455403698
Tianyuan.AG.BY.AA	7.005	-0.028169014084507036	142	0.0011024029025922437
Tianyuan.AG.BY.AA	7.015	-0.030153995001209386	158	0.0011023894022719552
Tianyuan.AG.BY.AA	7.0249999999999995	0.13693857456638642	163	0.0011023761402959786
Tianyuan.AG.BY.AA	7.035	0.14295689709896528	178	0.0011023631124564128
Tianyuan.AG.BY.AA	7.045	-0.012470477090222011	146	0.001102350314619646
Tianyuan.AG.BY.AA	7.055	0.008238655238854562	174	0.0011023377427250448
Tianyuan.AG.BY.AA	7.0649999999999995	0.0688597500191703	162	0.001102325392783664
Tianyuan.AG.BY.AA	7.074999999999999	0.003416149068322982	161	0.0011023132608769832
Tianyuan.AG.BY.AA	7.085	-0.00013599891200870417	172	0.0011023013431556614
Tianyuan.AG.BY.AA	7.095	-0.013505217925107428	181	0.0011022896358383173
Tianyuan.AG.BY.AA	7.1049999999999995	-0.016260162601626015	165	0.0011022781352103283
Tianyuan.AG.BY.AA	7.114999999999999	0.0868249054007568	171	0.001102266837622653
Tianyuan.AG.BY.AA	7.125	0.019665344143522515	187	0.0011022557394906724
Tianyuan.AG.BY.AA	7.135	0.05696594427244582	171	0.0011022448372930529
Tianyuan.AG.BY.AA	7.145	0.017664077965585504	199	0.0011022341275706289
Tianyuan.AG.BY.AA	7.154999999999999	0.012338425381903642	185	0.0011022236069253059
Tianyuan.AG.BY.AA	7.165	0.06778325123152709	175	0.0011022132720189814
Tianyuan.AG.BY.AA	7.175	0.03232081400568607	164	0.0011022031195724864
Tianyuan.AG.BY.AA	7.185	0.0010879912960696334	172	0.0011021931463645444
Tianyuan.AG.BY.AA	7.194999999999999	-0.05563170200757881	158	0.0011021833492307496
Tianyuan.AG.BY.AA	7.205	0.024384965009739554	167	0.0011021737250625635
Tianyuan.AG.BY.AA	7.215	-0.0049737867993009804	173	0.0011021642708063271
Tianyuan.AG.BY.AA	7.225	-0.024978466838931953	216	0.0011021549834622935
Tianyuan.AG.BY.AA	7.234999999999999	-0.012158054711246204	189	0.0011021458600836752
Tianyuan.AG.BY.AA	7.245	0.14995640802092416	186	0.0011021368977757095
Tianyuan.AG.BY.AA	7.255	-0.0018227386648439216	210	0.0011021280936947399
Tianyuan.AG.BY.AA	7.265	0.05081796032022276	170	0.0011021194450473136
Tianyuan.AG.BY.AA	7.2749999999999995	0.020850943927867006	169	0.001102110949089296
Tianyuan.AG.BY.AA	7.285	0.13095781940003046	199	0.0011021026031249987
Tianyuan.AG.BY.AA	7.295	0.10836159007286632	167	0.0011020944045063256
Tianyuan.AG.BY.AA	7.305	-0.020843672456575684	156	0.0011020863506319314
Tianyuan.AG.BY.AA	7.3149999999999995	0.0968944099378882	161	0.0011020784389463973
Tianyuan.AG.BY.AA	7.324999999999999	-0.040082219938335044	140	0.001102070666939419
Tianyuan.AG.BY.AA	7.335	0.003292068173245084	242	0.0011020630321450118
Tianyuan.AG.BY.AA	7.345	0.023239235814086115	168	0.0011020555321407267
Tianyuan.AG.BY.AA	7.3549999999999995	-0.009947573598601961	173	0.0011020481645468822
Tianyuan.AG.BY.AA	7.364999999999999	0.020287621982537238	177	0.0011020409270258102
Tianyuan.AG.BY.AA	7.375	-0.020930366281409925	187	0.0011020338172811122
Tianyuan.AG.BY.AA	7.385	0.004824120603015075	200	0.0011020268330569334
Tianyuan.AG.BY.AA	7.395	-0.006095106664366627	187	0.0011020199721372443
Tianyuan.AG.BY.AA	7.404999999999999	0.051843738590726544	166	0.0011020132323451394
Tianyuan.AG.BY.AA	7.415	-0.0011579818031430893	156	0.0011020066115421457
Tianyuan.AG.BY.AA	7.425	0.03089430894308943	165	0.0011020001076275444
Tianyuan.AG.BY.AA	7.435	0.004167653327018705	206	0.0011019937185377038
Tianyuan.AG.BY.AA	7.444999999999999	-0.018728966492708384	203	0.001101987442245426
Tianyuan.AG.BY.AA	7.455	0.018580126796811248	179	0.0011019812767593018
Tianyuan.AG.BY.AA	7.465	0.17864680322780882	180	0.00110197522012308
Tianyuan.AG.BY.AA	7.475	0.0952940548047647	194	0.0011019692704150469
Tianyuan.AG.BY.AA	7.484999999999999	0.09993674889310562	187	0.0011019634257474153
Tianyuan.AG.BY.AA	7.495	0.03577235772357724	165	0.0011019576842657272
Tianyuan.AG.BY.AA	7.505	0.020958083832335328	168	0.001101952044148264
Tianyuan.AG.BY.AA	7.515	0.04977560179518564	172	0.0011019465036054693
Tianyuan.AG.BY.AA	7.5249999999999995	-0.03414726005900445	179	0.0011019410608793805
Tianyuan.AG.BY.AA	7.535	-0.03634330444506569	147	0.0011019357142430714
Tianyuan.AG.BY.AA	7.545	0.007675975828842072	157	0.0011019304620001047
Tianyuan.AG.BY.AA	7.555	0.03940298507462686	201	0.0011019253024839924
Tianyuan.AG.BY.AA	7.5649999999999995	0.0969476634098311	163	0.0011019202340576684
Tianyuan.AG.BY.AA	7.574999999999999	0.002115730455939913	138	0.0011019152551129685
Tianyuan.AG.BY.AA	7.585	0.01958442799140196	159	0.00110191036407012
Tianyuan.AG.BY.AA	7.595	0.027963525835866265	141	0.001101905559377241
Tianyuan.AG.BY.AA	7.6049999999999995	0.04706747563890421	148	0.001101900839509847
Tianyuan.AG.BY.AA	7.614999999999999	0.0016320381645847713	179	0.0011018962029703682
Tianyuan.AG.BY.AA	7.625	-0.024564860426929392	175	0.0011018916482876742
Tianyuan.AG.BY.AA	7.635	0.037110980622431004	131	0.0011018871740166069
Tianyuan.AG.BY.AA	7.645	0.10365416766181038	159	0.0011018827787375215
Tianyuan.AG.BY.AA	7.654999999999999	0.028058556988497733	152	0.0011018784610558373
Tianyuan.AG.BY.AA	7.665	0.05353149123439867	167	0.0011018742196015942
Tianyuan.AG.BY.AA	7.675	0.033115468409586055	136	0.0011018700530290185
Tianyuan.AG.BY.AA	7.685	0.04044684129429892	177	0.0011018659600160957
Tianyuan.AG.BY.AA	7.694999999999999	0.022456979602684207	174	0.0011018619392641508
Tianyuan.AG.BY.AA	7.705	0.00851063829787234	141	0.0011018579894974373
Tianyuan.AG.BY.AA	7.715	0.04824699110413396	196	0.0011018541094627305
Tianyuan.AG.BY.AA	7.725	0.03777389434063718	173	0.0011018502979289323
Tianyuan.AG.BY.AA	7.734999999999999	0.11067825392068724	142	0.0011018465536866782
Tianyuan.AG.BY.AA	7.745	0.0628352490421456	145	0.0011018428755479555
Tianyuan.AG.BY.AA	7.755	0.01631986944104447	172	0.0011018392623457249
Tianyuan.AG.BY.AA	7.765	0.03749224084419615	180	0.0011018357129335512
Tianyuan.AG.BY.AA	7.7749999999999995	0.006555114714507502	187	0.001101832226185239
Tianyuan.AG.BY.AA	7.785	0.014035087719298248	171	0.0011018288009944758
Tianyuan.AG.BY.AA	7.795	0.044621803011064755	149	0.0011018254362744806
Tianyuan.AG.BY.AA	7.805	0.02882483370288248	165	0.0011018221309576591
Tianyuan.AG.BY.AA	7.8149999999999995	-0.003758389261744964	150	0.0011018188839952653
Tianyuan.AG.BY.AA	7.825	0.09829386299974535	154	0.0011018156943570685
Tianyuan.AG.BY.AA	7.835	0.11811414392059552	156	0.0011018125610310259
Tianyuan.AG.BY.AA	7.845	0.0795910916392844	166	0.0011018094830229628
Tianyuan.AG.BY.AA	7.8549999999999995	0.06500747994016048	172	0.0011018064593562558
Tianyuan.AG.BY.AA	7.864999999999999	0.04423495286439448	197	0.001101803489071524
Tianyuan.AG.BY.AA	7.875	-0.00584015743033073	178	0.0011018005712263236
Tianyuan.AG.BY.AA	7.885	0.07146401985111663	156	0.0011017977048948496
Tianyuan.AG.BY.AA	7.895	0.011287591711682659	158	0.001101794889167642
Tianyuan.AG.BY.AA	7.904999999999999	0.0947708025272214	173	0.0011017921231512968
Tianyuan.AG.BY.AA	7.915	-0.010810168686148728	184	0.0011017894059681826
Tianyuan.AG.BY.AA	7.925	0.0408648134948919	184	0.001101786736756163
Tianyuan.AG.BY.AA	7.935	0.14770258980785297	190	0.001101784114668322
Tianyuan.AG.BY.AA	7.944999999999999	0.10442046641141664	170	0.0011017815388726952
Tianyuan.AG.BY.AA	7.955	0.09064935064935065	176	0.0011017790085520072
Tianyuan.AG.BY.AA	7.965	0.06164896004788269	164	0.0011017765229034105
Tianyuan.AG.BY.AA	7.975	0.014637904468412944	177	0.0011017740811382324
Tianyuan.AG.BY.AA	7.984999999999999	0.08110599078341013	155	0.0011017716824817233
Tianyuan.AG.BY.AA	7.995	0.0062607944732297055	193	0.0011017693261728123
Tianyuan.AG.BY.AA	8.005	0.007886089813800658	166	0.0011017670114638644
Tianyuan.AG.BY.AA	8.015	0.02056917441532826	169	0.001101764737620444
Tianyuan.AG.BY.AA	8.025	-0.02840236686390533	170	0.001101762503921082
Tianyuan.AG.BY.AA	8.035	-0.011956521739130432	161	0.0011017603096570466
Tianyuan.AG.BY.AA	8.045	0.004960044089280797	191	0.0011017581541321179
Tianyuan.AG.BY.AA	8.055	0.022342064714946073	177	0.0011017560366623684
Tianyuan.AG.BY.AA	8.065	-0.010100281364980881	167	0.0011017539565759446
Tianyuan.AG.BY.AA	8.075	-0.008470244614822925	166	0.0011017519132128543
Tianyuan.AG.BY.AA	8.084999999999999	-0.0152626066137962	164	0.001101749905924758
Tianyuan.AG.BY.AA	8.094999999999999	-0.01837800208840933	170	0.0011017479340747615
Tianyuan.AG.BY.AA	8.105	0.04837033538025508	146	0.0011017459970372155
Tianyuan.AG.BY.AA	8.115	0.037369082530372855	155	0.001101744094197516
Tianyuan.AG.BY.AA	8.125	0.0015682919874536638	168	0.0011017422249519097
Tianyuan.AG.BY.AA	8.135	-0.013955984970477725	162	0.0011017403887073026
Tianyuan.AG.BY.AA	8.145	0.009162303664921465	192	0.0011017385848810714
Tianyuan.AG.BY.AA	8.155	0.15848904422637453	173	0.0011017368129008786
Tianyuan.AG.BY.AA	8.165	0.07974025974025974	176	0.0011017350722044921
Tianyuan.AG.BY.AA	8.174999999999999	0.031001642036124794	175	0.0011017333622396046
Tianyuan.AG.BY.AA	8.185	0.15746606334841629	170	0.0011017316824636603
Tianyuan.AG.BY.AA	8.195	0.021718661728705044	179	0.0011017300323436824
Tianyuan.AG.BY.AA	8.205	0.07087827426810478	177	0.001101728411356103
Tianyuan.AG.BY.AA	8.215	0.10834170854271356	200	0.0011017268189865979
Tianyuan.AG.BY.AA	8.225	0.040562138330118486	191	0.0011017252547299231
Tianyuan.AG.BY.AA	8.235	0.052273730684326704	151	0.0011017237180897545
Tianyuan.AG.BY.AA	8.245	0.006710816777041942	151	0.001101722208578531
Tianyuan.AG.BY.AA	8.254999999999999	-0.0378698224852071	170	0.0011017207257172981
Tianyuan.AG.BY.AA	8.265	0.009650793650793653	126	0.0011017192690355585
Tianyuan.AG.BY.AA	8.275	-0.04079254079254079	144	0.0011017178380711202
Tianyuan.AG.BY.AA	8.285	-0.02338715035545811	174	0.0011017164323699519
Tianyuan.AG.BY.AA	8.295	0.014464594127806563	193	0.0011017150514860375
Tianyuan.AG.BY.AA	8.305	0.035840188014101056	185	0.0011017136949812356
Tianyuan.AG.BY.AA	8.315	0.001038961038961038	176	0.0011017123624251397
Tianyuan.AG.BY.AA	8.325	-0.023941343707915605	164	0.0011017110533949426
Tianyuan.AG.BY.AA	8.334999999999999	0.01036475981662348	174	0.0011017097674753007
Tianyuan.AG.BY.AA	8.344999999999999	-0.01211608903916596	169	0.0011017085042582043
Tianyuan.AG.BY.AA	8.355	0.033009585475782394	178	0.0011017072633428462
Tianyuan.AG.BY.AA	8.365	-0.01761006289308176	160	0.0011017060443354954
Tianyuan.AG.BY.AA	8.375	0.01547489676157357	215	0.0011017048468493723
Tianyuan.AG.BY.AA	8.385	0.015632183908045976	175	0.001101703670504526
Tianyuan.AG.BY.AA	8.395	0.12997444322745527	166	0.001101702514927713
Tianyuan.AG.BY.AA	8.405	0.12546583850931675	161	0.0011017013797522798
Tianyuan.AG.BY.AA	8.415	0.0989247311827957	156	0.0011017002646180457
Tianyuan.AG.BY.AA	8.424999999999999	-0.01307687424617533	178	0.0011016991691711892
Tianyuan.AG.BY.AA	8.435	0.05304559693699965	170	0.001101698093064135
Tianyuan.AG.BY.AA	8.445	-0.0015871870716398573	167	0.0011016970359554448
Tianyuan.AG.BY.AA	8.455	0.058560794044665014	156	0.0011016959975097074
Tianyuan.AG.BY.AA	8.465	0.029940119760479042	168	0.0011016949773974339
Tianyuan.AG.BY.AA	8.475	-0.04096029127318239	188	0.0011016939752949522
Tianyuan.AG.BY.AA	8.485	0.03852535892071279	167	0.0011016929908843045
Tianyuan.AG.BY.AA	8.495	0.024782457361642883	170	0.0011016920238531467
Tianyuan.AG.BY.AA	8.504999999999999	0.0008255933952528406	171	0.0011016910738946488
Tianyuan.AG.BY.AA	8.515	0.12181818181818183	176	0.0011016901407073978
Tianyuan.AG.BY.AA	8.525	-0.01548012577602193	158	0.001101689223995302
Tianyuan.AG.BY.AA	8.535	0.07516871090094084	202	0.0011016883234674973
Tianyuan.AG.BY.AA	8.545	-0.005674411471512924	162	0.0011016874388382546
Tianyuan.AG.BY.AA	8.555	-0.028784119106699754	156	0.0011016865698268894
Tianyuan.AG.BY.AA	8.565	-0.00332620574958422	184	0.0011016857161576727
Tianyuan.AG.BY.AA	8.575	0.01692501047339757	155	0.0011016848775597427
Tianyuan.AG.BY.AA	8.584999999999999	-0.006251149108291968	148	0.0011016840537670207
Tianyuan.AG.BY.AA	8.595	-0.004201216141514651	135	0.0011016832445181247
Tianyuan.AG.BY.AA	8.605	-0.02668507016333103	162	0.0011016824495562875
Tianyuan.AG.BY.AA	8.615	-0.02830188679245283	160	0.0011016816686292752
Tianyuan.AG.BY.AA	8.625	0.06514552930742563	158	0.001101680901489307
Tianyuan.AG.BY.AA	8.635	0.05515719801434087	148	0.0011016801478929768
Tianyuan.AG.BY.AA	8.645	0.007239819004524887	170	0.0011016794076011752
Tianyuan.AG.BY.AA	8.655	0.050314465408805034	160	0.0011016786803790147
Tianyuan.AG.BY.AA	8.665	0.01241939336040124	159	0.0011016779659957544
Tianyuan.AG.BY.AA	8.674999999999999	-0.008062565508344756	158	0.001101677264224727
Tianyuan.AG.BY.AA	8.685	0.018767594619956206	139	0.0011016765748432676
Tianyuan.AG.BY.AA	8.695	-0.022958057395143488	151	0.0011016758976326417
Tianyuan.AG.BY.AA	8.705	0.006896212009260627	202	0.0011016752323779763
Tianyuan.AG.BY.AA	8.715	0.007566204287515764	183	0.001101674578868193
Tianyuan.AG.BY.AA	8.725	0.015418102666424812	149	0.0011016739368959387
Tianyuan.AG.BY.AA	8.735	0.01757176399303189	163	0.0011016733062575218
Tianyuan.AG.BY.AA	8.745	0.025994888645491054	166	0.0011016726867528468
Tianyuan.AG.BY.AA	8.754999999999999	-0.01866311178823081	178	0.0011016720781853505
Tianyuan.AG.BY.AA	8.765	0.013001083423618633	143	0.00110167148036194
Tianyuan.AG.BY.AA	8.775	0.0018204573899192151	188	0.0011016708930929315
Tianyuan.AG.BY.AA	8.785	0.1199764982373678	185	0.0011016703161919905
Tianyuan.AG.BY.AA	8.795	0.056158940397351	151	0.0011016697494760713
Tianyuan.AG.BY.AA	8.805	0.028832144774173757	162	0.0011016691927653603
Tianyuan.AG.BY.AA	8.815	0.00349040139616056	192	0.0011016686458832183
Tianyuan.AG.BY.AA	8.825	-0.014271356783919597	200	0.001101668108656125
Tianyuan.AG.BY.AA	8.834999999999999	-0.00033822348116517787	218	0.0011016675809136232
Tianyuan.AG.BY.AA	8.845	0.02358490566037736	160	0.001101667062488265
Tianyuan.AG.BY.AA	8.855	0.06086956521739131	161	0.0011016665532155587
Tianyuan.AG.BY.AA	8.865	0.02305890830480994	183	0.0011016660529339173
Tianyuan.AG.BY.AA	8.875	0.07477203647416414	141	0.001101665561484606
Tianyuan.AG.BY.AA	8.885	-0.006971070059254094	152	0.001101665078711692
Tianyuan.AG.BY.AA	8.895	-0.06553260937794238	179	0.0011016646044619968
Tianyuan.AG.BY.AA	8.905	-0.011301072152999135	204	0.0011016641385850447
Tianyuan.AG.BY.AA	8.915	-0.027987421383647796	160	0.0011016636809330176
Tianyuan.AG.BY.AA	8.924999999999999	0.03316133470932233	171	0.001101663231360707
Tianyuan.AG.BY.AA	8.935	-0.046511627906976744	130	0.0011016627897254673
Tianyuan.AG.BY.AA	8.945	-0.03789260385005066	141	0.0011016623558871722
Tianyuan.AG.BY.AA	8.955	-0.03547671840354767	165	0.0011016619297081686
Tianyuan.AG.BY.AA	8.965	-0.032995875515560553	127	0.0011016615110532341
Tianyuan.AG.BY.AA	8.975	-0.03463203463203463	154	0.0011016610997895333
Tianyuan.AG.BY.AA	8.985	-0.037615621788283655	140	0.001101660695786576
Tianyuan.AG.BY.AA	8.995	-0.02896627971254837	135	0.0011016602989161758
Tianyuan.AG.BY.AA	9.004999999999999	0.010883366588064576	149	0.0011016599090524098
Tianyuan.AG.BY.AA	9.015	-0.013198069536097706	143	0.0011016595260715776
Tianyuan.AG.BY.AA	9.025	0.07513443914261911	163	0.0011016591498521629
Tianyuan.AG.BY.AA	9.035	-0.03795224689813367	139	0.0011016587802747948
Tianyuan.AG.BY.AA	9.045	0.016676453317674696	131	0.00110165841722221
Tianyuan.AG.BY.AA	9.055	0.027908973808501502	137	0.0011016580605792152
Tianyuan.AG.BY.AA	9.065	-0.0058834344548630265	148	0.0011016577102326511
Tianyuan.AG.BY.AA	9.075	-0.00344639941955378	149	0.0011016573660713558
Tianyuan.AG.BY.AA	9.084999999999999	0.09552323923581409	168	0.0011016570279861302
Tianyuan.AG.BY.AA	9.095	0.07368272752888137	169	0.001101656695869703
Tianyuan.AG.BY.AA	9.105	0.0055768560474032764	152	0.0011016563696166967
Tianyuan.AG.BY.AA	9.115	0.04468990033644385	178	0.0011016560491235944
Tianyuan.AG.BY.AA	9.125	0.06486101211689238	184	0.0011016557342887067
Tianyuan.AG.BY.AA	9.135	0.12252854358117514	190	0.0011016554250121394
Tianyuan.AG.BY.AA	9.145	0.12510794473229706	193	0.0011016551211957615
Tianyuan.AG.BY.AA	9.155	-0.00031446540880503035	160	0.0011016548227431755
Tianyuan.AG.BY.AA	9.165	0.007371401100368572	194	0.001101654529559685
Tianyuan.AG.BY.AA	9.174999999999999	-0.022084195997239476	162	0.0011016542415522657
Tianyuan.AG.BY.AA	9.185	-0.024379129642287535	133	0.001101653958629535
Tianyuan.AG.BY.AA	9.195	-0.01854266261045922	118	0.001101653680701725
Tianyuan.AG.BY.AA	9.205	-0.008998875140607423	127	0.0011016534076806511
Tianyuan.AG.BY.AA	9.215	-0.02075285919866697	163	0.0011016531394796867
Tianyuan.AG.BY.AA	9.225	-0.004295302013422823	150	0.0011016528760137338
Tianyuan.AG.BY.AA	9.235	-0.050544401158725404	142	0.0011016526171991976
Tianyuan.AG.BY.AA	9.245	-0.0197805175450481	122	0.0011016523629539582
Tianyuan.AG.BY.AA	9.254999999999999	0.027361449982572325	152	0.001101652113197346
Tianyuan.AG.BY.AA	9.265	-0.016141514648977336	135	0.001101651867850116
Tianyuan.AG.BY.AA	9.275	0.02573694448600928	164	0.001101651626834421
Tianyuan.AG.BY.AA	9.285	0.06179441473559121	154	0.00110165139007379
Tianyuan.AG.BY.AA	9.295	0.07452851624630766	163	0.0011016511574931003
Tianyuan.AG.BY.AA	9.305	-0.03338469440164355	177	0.0011016509290185566
Tianyuan.AG.BY.AA	9.315	0.012575722720650257	162	0.0011016507045776658
Tianyuan.AG.BY.AA	9.325	-0.0033436828278003337	159	0.0011016504840992152
Tianyuan.AG.BY.AA	9.334999999999999	-0.00028176951253874475	169	0.0011016502675132488
Tianyuan.AG.BY.AA	9.345	0.006210709687192307	163	0.001101650054751046
Tianyuan.AG.BY.AA	9.355	0.019863438857852266	180	0.0011016498457450993
Tianyuan.AG.BY.AA	9.365	0.049910873440285206	154	0.0011016496404290931
Tianyuan.AG.BY.AA	9.375	0.010738255033557045	150	0.0011016494387378825
Tianyuan.AG.BY.AA	9.385	0.025060911938739994	170	0.0011016492406074729
Tianyuan.AG.BY.AA	9.395	0.034010392064241855	146	0.0011016490459749993
Tianyuan.AG.BY.AA	9.405	0.016483516483516487	169	0.0011016488547787066
Tianyuan.AG.BY.AA	9.415	-0.036093418259023353	157	0.00110164866695793
Tianyuan.AG.BY.AA	9.424999999999999	0.03484056653790805	163	0.0011016484824530757
Tianyuan.AG.BY.AA	9.435	0.01532567049808429	145	0.0011016483012056021
Tianyuan.AG.BY.AA	9.445	-0.038766191408070076	147	0.0011016481231580012
Tianyuan.AG.BY.AA	9.455	0.009472480810060429	157	0.0011016479482537798
Tianyuan.AG.BY.AA	9.465	0.03639846743295019	145	0.0011016477764374429
Tianyuan.AG.BY.AA	9.475	0.00811241489207591	118	0.0011016476076544744
Tianyuan.AG.BY.AA	9.485	0.008237547892720305	145	0.001101647441851321
Tianyuan.AG.BY.AA	9.495	0.028051948051948054	176	0.0011016472789753752
Tianyuan.AG.BY.AA	9.504999999999999	0.056099151989562945	147	0.0011016471189749578
Tianyuan.AG.BY.AA	9.515	0.019045891529113006	149	0.0011016469617993025
Tianyuan.AG.BY.AA	9.525	-0.07172413793103448	175	0.0011016468073985384
Tianyuan.AG.BY.AA	9.535	-0.027423347933726906	178	0.0011016466557236758
Tianyuan.AG.BY.AA	9.545	-0.022839088241931847	211	0.00110164650672659
Tianyuan.AG.BY.AA	9.555	-0.0050998725031874215	182	0.001101646360360005
Tianyuan.AG.BY.AA	9.565	0.06359611293197631	187	0.0011016462165774805
Tianyuan.AG.BY.AA	9.575	0.009745910198398886	170	0.0011016460753333957
Tianyuan.AG.BY.AA	9.584999999999999	0.0068008948545861285	150	0.001101645936582935
Tianyuan.AG.BY.AA	9.595	0.011195521791283485	123	0.001101645800282074
Tianyuan.AG.BY.AA	9.605	0.037410303958719665	158	0.001101645666387566
Tianyuan.AG.BY.AA	9.615	0.015582858855259212	142	0.0011016455348569275
Tianyuan.AG.BY.AA	9.625	0.05378151260504202	120	0.0011016454056484248
Tianyuan.AG.BY.AA	9.635	0.04417426545086119	141	0.0011016452787210617
Tianyuan.AG.BY.AA	9.645	-0.01487603305785124	121	0.0011016451540345649
Tianyuan.AG.BY.AA	9.655	0.07900386431945042	137	0.0011016450315493725
Tianyuan.AG.BY.AA	9.665	0.031240789861479514	117	0.0011016449112266216
Tianyuan.AG.BY.AA	9.674999999999999	-0.012527964205816556	150	0.0011016447930281346
Tianyuan.AG.BY.AA	9.685	0.019455953882183394	183	0.0011016446769164083
Tianyuan.AG.BY.AA	9.695	0.03634330444506569	147	0.0011016445628546012
Tianyuan.AG.BY.AA	9.705	0.02173913043478261	161	0.0011016444508065231
Tianyuan.AG.BY.AA	9.715	0.05645851154833191	168	0.0011016443407366218
Tianyuan.AG.BY.AA	9.725	-0.0053676865271068165	162	0.0011016442326099733
Tianyuan.AG.BY.AA	9.735	0.032128514056224904	166	0.00110164412639227
Tianyuan.AG.BY.AA	9.745	0.010688591983556013	140	0.00110164402204981
Tianyuan.AG.BY.AA	9.754999999999999	-0.003302373581011352	171	0.0011016439195494865
Tianyuan.AG.BY.AA	9.765	-0.03374689826302729	156	0.001101643818858777
Tianyuan.AG.BY.AA	9.775	0.010063919488644088	172	0.0011016437199457333
Tianyuan.AG.BY.AA	9.785	0.11937358416231655	143	0.0011016436227789712
Tianyuan.AG.BY.AA	9.795	0.04031282754172378	158	0.0011016435273276607
Tianyuan.AG.BY.AA	9.805	0.03628166595105196	137	0.001101643433561516
Tianyuan.AG.BY.AA	9.815	0.03407372024520341	159	0.0011016433414507856
Tianyuan.AG.BY.AA	9.825	0.03336824779290738	164	0.0011016432509662441
Tianyuan.AG.BY.AA	9.834999999999999	0.04304635761589404	152	0.0011016431620791815
Tianyuan.AG.BY.AA	9.845	0.05228758169934641	136	0.0011016430747613946
Tianyuan.AG.BY.AA	9.855	0.0754611903933171	170	0.0011016429889851784
Tianyuan.AG.BY.AA	9.865	0.02037758465687743	142	0.001101642904723317
Tianyuan.AG.BY.AA	9.875	-0.023291925465838508	161	0.0011016428219490747
Tianyuan.AG.BY.AA	9.885	0.007627765064836002	115	0.001101642740636188
Tianyuan.AG.BY.AA	9.895	0.0276013143483023	166	0.001101642660758857
Tianyuan.AG.BY.AA	9.905	0.03755868544600939	142	0.001101642582291738
Tianyuan.AG.BY.AA	9.915	0.0177717019822283	133	0.0011016425052099332
Tianyuan.AG.BY.AA	9.924999999999999	-0.02219938335046249	140	0.001101642429488986
Tianyuan.AG.BY.AA	9.935	0.0070899801897612354	139	0.0011016423551048705
Tianyuan.AG.BY.AA	9.945	-0.0026656004264960682	123	0.0011016422820339855
Tianyuan.AG.BY.AA	9.955	0.09711207541523267	164	0.001101642210253146
Tianyuan.AG.BY.AA	9.965	0.011335403726708073	161	0.0011016421397395768
Tianyuan.AG.BY.AA	9.975	0.04728922856460473	159	0.0011016420704709046
Tianyuan.AG.BY.AA	9.985	0.024426277947404706	143	0.0011016420024251511
Tianyuan.AG.BY.AA	9.995	-0.04720692368214005	124	0.0011016419355807262
Kostenki14_d.AG.BY.AA	0.025	0.09762787052193247	1370	0.09413400448762697
Kostenki14_d.AG.BY.AA	0.035	0.0865180915615211	1162	0.09256673210820807
Kostenki14_d.AG.BY.AA	0.045	0.08822462142347116	1013	0.09102537864202029
Kostenki14_d.AG.BY.AA	0.05500000000000001	0.08573384317613181	921	0.08950951545261734
Kostenki14_d.AG.BY.AA	0.065	0.11180007060262846	862	0.08801872099216819
Kostenki14_d.AG.BY.AA	0.075	0.0865928425455064	795	0.08655258068422833
Kostenki14_d.AG.BY.AA	0.085	0.11169129654644061	772	0.08511068680844996
Kostenki14_d.AG.BY.AA	0.095	0.12442862703664573	735	0.08369263838719858
Kostenki14_d.AG.BY.AA	0.10500000000000001	0.08674849178281673	760	0.08229804107404465
Kostenki14_d.AG.BY.AA	0.115	0.07774200122274302	701	0.08092650704409962
Kostenki14_d.AG.BY.AA	0.125	0.102160859083936	676	0.07957765488616517
Kostenki14_d.AG.BY.AA	0.135	0.15080626845332729	630	0.07825110949666625
Kostenki14_d.AG.BY.AA	0.145	0.11151862752496666	631	0.07694650197533823
Kostenki14_d.AG.BY.AA	0.155	0.12624276765290715	634	0.07566346952263901
Kostenki14_d.AG.BY.AA	0.16499999999999998	0.1335905599907984	619	0.07440165533885777
Kostenki14_d.AG.BY.AA	0.175	0.07734658122735018	646	0.0731607085248922
Kostenki14_d.AG.BY.AA	0.185	0.12945904051025345	637	0.07194028398466668
Kostenki14_d.AG.BY.AA	0.195	0.08586658841940532	640	0.07074004232916407
Kostenki14_d.AG.BY.AA	0.205	0.07034251665973823	564	0.06955964978204483
Kostenki14_d.AG.BY.AA	0.215	0.03432497245446886	556	0.0683987780868268
Kostenki14_d.AG.BY.AA	0.225	0.04903422348975888	609	0.06725710441559997
Kostenki14_d.AG.BY.AA	0.235	0.07622039283651068	577	0.06613431127925103
Kostenki14_d.AG.BY.AA	0.245	0.039663326653306616	500	0.06503008643917253
Kostenki14_d.AG.BY.AA	0.255	0.08965077894249146	558	0.06394412282043213
Kostenki14_d.AG.BY.AA	0.265	0.0703736742987412	532	0.06287611842637783
Kostenki14_d.AG.BY.AA	0.275	0.07272991217246134	599	0.06182577625465544
Kostenki14_d.AG.BY.AA	0.28500000000000003	0.07307914500288851	577	0.06079280421461491
Kostenki14_d.AG.BY.AA	0.29500000000000004	0.06668295861844249	496	0.05977691504608262
Kostenki14_d.AG.BY.AA	0.30500000000000005	0.026281593733413863	468	0.0587778262394768
Kostenki14_d.AG.BY.AA	0.315	-0.002487801437538874	559	0.057795259957244334
Kostenki14_d.AG.BY.AA	0.325	0.012689914125786602	588	0.056828942956596504
Kostenki14_d.AG.BY.AA	0.335	0.04137308815947757	529	0.05587860651352274
Kostenki14_d.AG.BY.AA	0.34500000000000003	0.029795962431177804	472	0.05494398634806089
Kostenki14_d.AG.BY.AA	0.35500000000000004	0.012675138481590093	496	0.05402482255080329
Kostenki14_d.AG.BY.AA	0.36500000000000005	0.015466291726261181	498	0.053120859510618415
Kostenki14_d.AG.BY.AA	0.375	0.026676848669975817	486	0.05223184584356763
Kostenki14_d.AG.BY.AA	0.385	0.031591911554104374	529	0.05135753432299768
Kostenki14_d.AG.BY.AA	0.395	0.020038994800693242	577	0.05049768181078914
Kostenki14_d.AG.BY.AA	0.405	0.024760076775431863	521	0.04965204918974193
Kostenki14_d.AG.BY.AA	0.41500000000000004	0.01728608470181504	534	0.048820401297078986
Kostenki14_d.AG.BY.AA	0.42500000000000004	0.04980622385940677	511	0.04800250685904961
Kostenki14_d.AG.BY.AA	0.43500000000000005	0.016755023234504875	463	0.04719813842661434
Kostenki14_d.AG.BY.AA	0.445	0.03123353293413174	501	0.04640707231219343
Kostenki14_d.AG.BY.AA	0.455	0.036104208416833664	500	0.04562908852746135
Kostenki14_d.AG.BY.AA	0.465	0.019131370301938865	507	0.04486397072217005
Kostenki14_d.AG.BY.AA	0.47500000000000003	0.02028928594803325	463	0.04411150612398387
Kostenki14_d.AG.BY.AA	0.48500000000000004	0.05046972860125261	480	0.04337148547930954
Kostenki14_d.AG.BY.AA	0.49500000000000005	0.031873298688443456	450	0.04264370299510459
Kostenki14_d.AG.BY.AA	0.505	0.02183521589664161	515	0.041927956281648214
Kostenki14_d.AG.BY.AA	0.515	0.051658022945151656	505	0.04122404629625846
Kostenki14_d.AG.BY.AA	0.525	0.03600720790607096	498	0.040531777287940364
Kostenki14_d.AG.BY.AA	0.535	0.01666454541597726	486	0.03985095674294927
Kostenki14_d.AG.BY.AA	0.545	0.047320882363525135	472	0.03918139533125454
Kostenki14_d.AG.BY.AA	0.555	0.04273161157946385	424	0.038522906853888594
Kostenki14_d.AG.BY.AA	0.5650000000000001	0.02592205984690327	480	0.03787530819116667
Kostenki14_d.AG.BY.AA	0.5750000000000001	0.0018197463640339116	533	0.03723841925176284
Kostenki14_d.AG.BY.AA	0.5850000000000001	0.012552362325398102	524	0.03661206292262832
Kostenki14_d.AG.BY.AA	0.5950000000000001	0.014711257309941519	513	0.0359960650197379
Kostenki14_d.AG.BY.AA	0.605	0.0003627752305134268	446	0.0353902542396509
Kostenki14_d.AG.BY.AA	0.615	0.01614299189932997	454	0.03479446211187334
Kostenki14_d.AG.BY.AA	0.625	0.04476821534209065	394	0.034208522952007686
Kostenki14_d.AG.BY.AA	0.635	0.02615868494451368	411	0.03363227381567764
Kostenki14_d.AG.BY.AA	0.645	0.01701821435170328	454	0.03306555445321473
Kostenki14_d.AG.BY.AA	0.655	0.04837440463864154	440	0.0325082072650943
Kostenki14_d.AG.BY.AA	0.665	0.004684309873261683	510	0.03196007725810855
Kostenki14_d.AG.BY.AA	0.675	0.025499760208676937	414	0.03142101200226436
Kostenki14_d.AG.BY.AA	0.685	0.02317720907774022	437	0.030890861588393787
Kostenki14_d.AG.BY.AA	0.6950000000000001	0.011803686063367161	440	0.03036947858646577
Kostenki14_d.AG.BY.AA	0.7050000000000001	0.06712713144830564	452	0.02985671800458715
Kostenki14_d.AG.BY.AA	0.7150000000000001	0.010975157582499073	435	0.029352437248681702
Kostenki14_d.AG.BY.AA	0.725	0.03686029290768471	413	0.028856496082836094
Kostenki14_d.AG.BY.AA	0.735	-0.036206511212098634	434	0.02836875659030145
Kostenki14_d.AG.BY.AA	0.745	0.026932512135288897	392	0.02788908313514002
Kostenki14_d.AG.BY.AA	0.755	0.025367794267705142	394	0.027417342324506027
Kostenki14_d.AG.BY.AA	0.765	0.016708735461519426	450	0.026953402971550335
Kostenki14_d.AG.BY.AA	0.775	0.009667440061871618	432	0.026497136058938563
Kostenki14_d.AG.BY.AA	0.785	0.09784717112744022	458	0.02604841470297254
Kostenki14_d.AG.BY.AA	0.795	0.04155478839023142	396	0.025607114118305085
Kostenki14_d.AG.BY.AA	0.805	-0.015785536159601002	401	0.025173111583238362
Kostenki14_d.AG.BY.AA	0.8150000000000001	-0.007238568863102638	381	0.024746286405596032
Kostenki14_d.AG.BY.AA	0.8250000000000001	0.002540799374572461	379	0.02432651988915992
Kostenki14_d.AG.BY.AA	0.8350000000000001	0.017992146750278378	453	0.023913695300661612
Kostenki14_d.AG.BY.AA	0.8450000000000001	0.02890659137507983	423	0.023507697837320023
Kostenki14_d.AG.BY.AA	0.855	0.03326930912054013	415	0.023108414594915788
Kostenki14_d.AG.BY.AA	0.865	-0.016860698514652748	424	0.02271573453639356
Kostenki14_d.AG.BY.AA	0.875	0.007514336563179752	390	0.02232954846098371
Kostenki14_d.AG.BY.AA	0.885	0.018469656992084433	380	0.021949748973834497
Kostenki14_d.AG.BY.AA	0.895	0.005081739297185866	409	0.021576230456146567
Kostenki14_d.AG.BY.AA	0.905	0.01927978563492582	429	0.02120888903580133
Kostenki14_d.AG.BY.AA	0.915	0.021024498886414254	450	0.020847622558475026
Kostenki14_d.AG.BY.AA	0.925	0.015486183155710646	461	0.020492330559230575
Kostenki14_d.AG.BY.AA	0.935	-0.015340664501232731	506	0.02014291423457917
Kostenki14_d.AG.BY.AA	0.9450000000000001	0.017429193899782137	460	0.019799276415003925
Kostenki14_d.AG.BY.AA	0.9550000000000001	0.07744572975071656	419	0.01946132153793787
Kostenki14_d.AG.BY.AA	0.9650000000000001	0.012191118212261156	428	0.019128955621188957
Kostenki14_d.AG.BY.AA	0.9750000000000001	0.024522629564646372	442	0.01880208623680438
Kostenki14_d.AG.BY.AA	0.985	0.011275055679287304	449	0.018480622485367224
Kostenki14_d.AG.BY.AA	0.995	0.01284796573875803	467	0.01816447497071818
Kostenki14_d.AG.BY.AA	1.005	0.022042225468065328	443	0.01785355577509525
Kostenki14_d.AG.BY.AA	1.015	0.010230179028132993	460	0.017547778434684642
Kostenki14_d.AG.BY.AA	1.0250000000000001	0.009500161934578432	472	0.01724705791557594
Kostenki14_d.AG.BY.AA	1.0350000000000001	0.016574136212962397	444	0.01695131059011499
Kostenki14_d.AG.BY.AA	1.045	-0.0201294033069734	429	0.016660454213647726
Kostenki14_d.AG.BY.AA	1.055	0.0047869674185463664	400	0.01637440790164875
Kostenki14_d.AG.BY.AA	1.065	-0.002692003167062548	421	0.016093092107228053
Kostenki14_d.AG.BY.AA	1.075	-0.002378605073314243	358	0.01581642859900973
Kostenki14_d.AG.BY.AA	1.085	0.043183692706492284	369	0.015544340439376558
Kostenki14_d.AG.BY.AA	1.095	0.07170345416476588	414	0.01527675196307436
Kostenki14_d.AG.BY.AA	1.105	0.0018647273502224334	388	0.015013588756170126
Kostenki14_d.AG.BY.AA	1.115	0.029457892942379812	420	0.01475477763535823
Kostenki14_d.AG.BY.AA	1.125	0.03611608546471095	383	0.014500246627608794
Kostenki14_d.AG.BY.AA	1.135	0.006110496218409884	417	0.014249924950152622
Kostenki14_d.AG.BY.AA	1.145	-0.0005350454788657017	357	0.01400374299079718
Kostenki14_d.AG.BY.AA	1.155	0.034407324919574364	450	0.013761632288568068
Kostenki14_d.AG.BY.AA	1.165	0.031902972777008765	390	0.013523525514670627
Kostenki14_d.AG.BY.AA	1.175	0.016554254572923977	431	0.01328935645376643
Kostenki14_d.AG.BY.AA	1.185	0.018042553191489362	376	0.01305905998555939
Kostenki14_d.AG.BY.AA	1.195	0.005641617636106354	464	0.01283257206668639
Kostenki14_d.AG.BY.AA	1.205	0.050649350649350645	441	0.012609829712907404
Kostenki14_d.AG.BY.AA	1.215	0.015216955515462977	469	0.01239077098159016
Kostenki14_d.AG.BY.AA	1.225	0.001265422334704206	436	0.012175334954484446
Kostenki14_d.AG.BY.AA	1.235	-0.007156061780666708	410	0.011963461720781289
Kostenki14_d.AG.BY.AA	1.245	0.004045999906630772	359	0.011755092360452331
Kostenki14_d.AG.BY.AA	1.2550000000000001	0.01312435086394108	357	0.01155016892786466
Kostenki14_d.AG.BY.AA	1.2650000000000001	-0.00012449230481940648	359	0.011348634435666673
Kostenki14_d.AG.BY.AA	1.2750000000000001	-0.024017332095326527	360	0.011150432838940445
Kostenki14_d.AG.BY.AA	1.2850000000000001	0.004260418053521502	407	0.010955509019616071
Kostenki14_d.AG.BY.AA	1.2950000000000002	0.030124111338715506	387	0.01076380877114389
Kostenki14_d.AG.BY.AA	1.305	0.018888189326321244	403	0.010575278783420128
Kostenki14_d.AG.BY.AA	1.315	0.013062388591800353	375	0.010389866627961795
Kostenki14_d.AG.BY.AA	1.325	0.01869248928072458	408	0.01020752074332686
Kostenki14_d.AG.BY.AA	1.335	0.006091628241465377	308	0.010028190420775423
Kostenki14_d.AG.BY.AA	1.345	0.00481540930979133	357	0.009851825790168136
Kostenki14_d.AG.BY.AA	1.355	-0.006711341764498413	446	0.009678377806097715
Kostenki14_d.AG.BY.AA	1.365	0.01569854718469328	397	0.009507798234249862
Kostenki14_d.AG.BY.AA	1.375	0.027097927296837614	373	0.009340039637989784
Kostenki14_d.AG.BY.AA	1.385	0.013792873681931004	347	0.009175055365170449
Kostenki14_d.AG.BY.AA	1.395	0.023275372201386525	420	0.00901279953515904
Kostenki14_d.AG.BY.AA	1.405	0.04133738601823708	330	0.008853227026078023
Kostenki14_d.AG.BY.AA	1.415	0.026150905661810313	398	0.008696293462257107
Kostenki14_d.AG.BY.AA	1.425	0.023350179447740423	370	0.008541955201892772
Kostenki14_d.AG.BY.AA	1.435	0.04853128991060026	378	0.008390169324911927
Kostenki14_d.AG.BY.AA	1.445	0.03756093662590906	388	0.00824089362103618
Kostenki14_d.AG.BY.AA	1.455	0.03679653679653679	385	0.008094086578043554
Kostenki14_d.AG.BY.AA	1.465	0.014776932911647937	386	0.007949707370224325
Kostenki14_d.AG.BY.AA	1.475	-0.004357245736556081	407	0.007807715847027748
Kostenki14_d.AG.BY.AA	1.485	0.007229786721291721	387	0.00766807252189656
Kostenki14_d.AG.BY.AA	1.495	0.01557926541403078	357	0.00753073856128612
Kostenki14_d.AG.BY.AA	1.5050000000000001	0.008855067450709096	295	0.007395675773865162
Kostenki14_d.AG.BY.AA	1.5150000000000001	0.018410939315399052	335	0.00726284659989512
Kostenki14_d.AG.BY.AA	1.5250000000000001	0.047269280890889706	368	0.007132214100785107
Kostenki14_d.AG.BY.AA	1.5350000000000001	0.04499472000734608	362	0.007003741948819639
Kostenki14_d.AG.BY.AA	1.5450000000000002	0.020646276468046287	354	0.006877394417056212
Kostenki14_d.AG.BY.AA	1.5550000000000002	0.0031040126417969404	377	0.006753136369389956
Kostenki14_d.AG.BY.AA	1.565	-0.021587301587301586	351	0.006630933250782641
Kostenki14_d.AG.BY.AA	1.575	0.001078145589585911	317	0.0065107510776531785
Kostenki14_d.AG.BY.AA	1.585	-0.017888245539707196	292	0.006392556428427141
Kostenki14_d.AG.BY.AA	1.595	-0.021283392564788565	317	0.006276316434242499
Kostenki14_d.AG.BY.AA	1.605	0.028077242032934487	368	0.0061619987698090985
Kostenki14_d.AG.BY.AA	1.615	0.05821733821733821	351	0.006049571644419295
Kostenki14_d.AG.BY.AA	1.625	0.04497663551401869	321	0.005939003793107224
Kostenki14_d.AG.BY.AA	1.635	0.005562536650749772	346	0.005830264467954319
Kostenki14_d.AG.BY.AA	1.645	-0.011845115293391155	378	0.005723323429538595
Kostenki14_d.AG.BY.AA	1.655	0.06270495875981318	348	0.005618150938525312
Kostenki14_d.AG.BY.AA	1.665	0.016648570394498734	307	0.005514717747396762
Kostenki14_d.AG.BY.AA	1.675	0.024582324332024175	314	0.005412995092318802
Kostenki14_d.AG.BY.AA	1.685	-0.009705793145283591	315	0.005312954685141861
Kostenki14_d.AG.BY.AA	1.695	0.0442871587462083	345	0.005214568705534288
Kostenki14_d.AG.BY.AA	1.705	0.013551789430856142	358	0.005117809793245775
Kostenki14_d.AG.BY.AA	1.715	0.02903772785078423	337	0.005022651040498687
Kostenki14_d.AG.BY.AA	1.725	0.004021271945800248	371	0.004929065984505284
Kostenki14_d.AG.BY.AA	1.735	0.021147646679561573	330	0.004837028600108653
Kostenki14_d.AG.BY.AA	1.745	0.062446273767028486	371	0.0047465132925453265
Kostenki14_d.AG.BY.AA	1.7550000000000001	0.0723886958232247	303	0.004657494890327634
Kostenki14_d.AG.BY.AA	1.7650000000000001	0.028804442130834638	340	0.004569948638243743
Kostenki14_d.AG.BY.AA	1.7750000000000001	0.04963608161317265	290	0.004483850190473426
Kostenki14_d.AG.BY.AA	1.7850000000000001	0.007416507416507417	297	0.0043991756038177406
Kostenki14_d.AG.BY.AA	1.7950000000000002	0.012349805044959018	355	0.0043159013310406355
Kostenki14_d.AG.BY.AA	1.8050000000000002	-0.0044128738841170325	422	0.004234004214320662
Kostenki14_d.AG.BY.AA	1.815	-0.012188365650969531	361	0.004153461478811013
Kostenki14_d.AG.BY.AA	1.825	0.029555587516180065	409	0.004074250726306033
Kostenki14_d.AG.BY.AA	1.835	-0.014575741801145237	340	0.003996349929012484
Kostenki14_d.AG.BY.AA	1.845	-0.015341765216200174	363	0.003919737423423807
Kostenki14_d.AG.BY.AA	1.855	-0.013648293963254595	381	0.003844391904295717
Kostenki14_d.AG.BY.AA	1.865	-0.005016249823371487	337	0.0037702924187213876
Kostenki14_d.AG.BY.AA	1.875	0.00989543820298842	427	0.003697418360304639
Kostenki14_d.AG.BY.AA	1.885	-0.009496520671305773	350	0.003625749463429503
Kostenki14_d.AG.BY.AA	1.895	-0.018729688671807396	323	0.00355526579762452
Kostenki14_d.AG.BY.AA	1.905	-0.017935440350772772	318	0.0034859477620202577
Kostenki14_d.AG.BY.AA	1.915	0.044937655860349125	401	0.0034177760798985005
Kostenki14_d.AG.BY.AA	1.925	0.023153120897481803	343	0.0033507317933315563
Kostenki14_d.AG.BY.AA	1.935	0.04452354438434617	449	0.0032847962579102235
Kostenki14_d.AG.BY.AA	1.945	-0.006144008024826808	438	0.0032199511375589685
Kostenki14_d.AG.BY.AA	1.955	0.0031317152804384413	347	0.0031561783994368147
Kostenki14_d.AG.BY.AA	1.965	0.017180504495322678	332	0.0030934603089225686
Kostenki14_d.AG.BY.AA	1.975	0.021789661319073086	375	0.0030317794246830006
Kostenki14_d.AG.BY.AA	1.985	0.0228353288217942	340	0.002971118593822553
Kostenki14_d.AG.BY.AA	1.995	0.011134134548970852	381	0.0029114609471132718
Kostenki14_d.AG.BY.AA	2.005	0.026276753549480822	364	0.0028527898943036486
Kostenki14_d.AG.BY.AA	2.015	0.04862698333830204	348	0.0027950891195049946
Kostenki14_d.AG.BY.AA	2.025	0.0381119024510273	383	0.002738342576654159
Kostenki14_d.AG.BY.AA	2.035	0.014812470327583479	356	0.0026825344850512542
Kostenki14_d.AG.BY.AA	2.045	0.021350798198935737	350	0.002627649324971199
Kostenki14_d.AG.BY.AA	2.055	0.0777000777000777	352	0.0025736718333478
Kostenki14_d.AG.BY.AA	2.065	0.04823364163994382	389	0.0025205869995292575
Kostenki14_d.AG.BY.AA	2.075	0.024858063526162343	343	0.0024683800611038187
Kostenki14_d.AG.BY.AA	2.085	0.04530648504589872	308	0.0024170364997944957
Kostenki14_d.AG.BY.AA	2.095	0.009020372281466195	324	0.002366542037421661
Kostenki14_d.AG.BY.AA	2.105	0.059818968909878006	364	0.002316882631932419
Kostenki14_d.AG.BY.AA	2.115	0.003996865203761756	320	0.0022680444734956245
Kostenki14_d.AG.BY.AA	2.125	0.021144155715838355	349	0.002220013980661516
Kostenki14_d.AG.BY.AA	2.1350000000000002	0.026096877917228502	311	0.0021727777965848123
Kostenki14_d.AG.BY.AA	2.145	0.04769949319288482	348	0.002126322785310319
Kostenki14_d.AG.BY.AA	2.1550000000000002	0.06766169154228854	336	0.002080636028119916
Kostenki14_d.AG.BY.AA	2.165	0.03286384976525822	285	0.0020357048199399993
Kostenki14_d.AG.BY.AA	2.1750000000000003	0.03198653198653199	297	0.0019915166658082983
Kostenki14_d.AG.BY.AA	2.185	0.017241379310344827	320	0.001948059277399152
Kostenki14_d.AG.BY.AA	2.1950000000000003	0.04026394317656453	309	0.0019053205696062253
Kostenki14_d.AG.BY.AA	2.205	-0.0015485869144405736	288	0.0018632886571817646
Kostenki14_d.AG.BY.AA	2.215	-0.00599561858641762	295	0.001821951851431405
Kostenki14_d.AG.BY.AA	2.225	0.027829924579257648	349	0.0017812986569636534
Kostenki14_d.AG.BY.AA	2.235	0.002133241085070194	373	0.001741317768493136
Kostenki14_d.AG.BY.AA	2.245	0.0021696386195674297	344	0.0017019980676966804
Kostenki14_d.AG.BY.AA	2.255	0.050965250965250966	371	0.0016633286201214272
Kostenki14_d.AG.BY.AA	2.265	-0.01571335039580977	318	0.0016252986721440469
Kostenki14_d.AG.BY.AA	2.275	0.07828008840667068	316	0.0015878976479802658
Kostenki14_d.AG.BY.AA	2.285	-0.004287245444801714	312	0.0015511151467438216
Kostenki14_d.AG.BY.AA	2.295	-0.0386800153254152	347	0.0015149409395540884
Kostenki14_d.AG.BY.AA	2.305	0.027691573167820484	355	0.0014793649666914998
Kostenki14_d.AG.BY.AA	2.315	0.024107888769542903	343	0.0014443773348000464
Kostenki14_d.AG.BY.AA	2.325	-0.020801364023870415	391	0.0014099683141360108
Kostenki14_d.AG.BY.AA	2.335	-0.015172975172975172	351	0.0013761283358622286
Kostenki14_d.AG.BY.AA	2.345	-0.01163536417773706	296	0.0013428479893870635
Kostenki14_d.AG.BY.AA	2.355	0.0005665187423283926	357	0.0013101180197474267
Kostenki14_d.AG.BY.AA	2.365	0.005857162591518166	381	0.0012779293250350372
Kostenki14_d.AG.BY.AA	2.375	0.010288970288970292	351	0.0012462729538652742
Kostenki14_d.AG.BY.AA	2.3850000000000002	0.0022001716133858433	302	0.0012151401028878761
Kostenki14_d.AG.BY.AA	2.395	-0.028429282160625444	336	0.0011845221143388083
Kostenki14_d.AG.BY.AA	2.4050000000000002	-0.016994933065199818	319	0.001154410473632613
Kostenki14_d.AG.BY.AA	2.415	-0.01813834611262264	312	0.0011247968069945883
Kostenki14_d.AG.BY.AA	2.4250000000000003	-0.01185089420383538	273	0.0010956728791321128
Kostenki14_d.AG.BY.AA	2.435	-0.018301982714794104	281	0.0010670305909444826
Kostenki14_d.AG.BY.AA	2.4450000000000003	0.0724406181931335	311	0.0010388619772706271
Kostenki14_d.AG.BY.AA	2.455	0.0014544321221722988	278	0.0010111592046740748
Kostenki14_d.AG.BY.AA	2.465	-0.02393739450667485	343	0.0009839145692645368
Kostenki14_d.AG.BY.AA	2.475	-0.003154574132492111	317	0.0009571204945555267
Kostenki14_d.AG.BY.AA	2.485	-0.019229659827317655	323	0.000930769529357419
Kostenki14_d.AG.BY.AA	2.495	0.008511296812132467	360	0.0009048543457053244
Kostenki14_d.AG.BY.AA	2.505	0.013195013195013195	297	0.0008793677368212582
Kostenki14_d.AG.BY.AA	2.515	0.03125052056437507	347	0.0008543026151099992
Kostenki14_d.AG.BY.AA	2.525	-0.014499163509797514	323	0.0008296520101880967
Kostenki14_d.AG.BY.AA	2.535	-0.021726700971983988	319	0.0008054090669454606
Kostenki14_d.AG.BY.AA	2.545	-0.009789590254706534	301	0.0007815670436390323
Kostenki14_d.AG.BY.AA	2.555	0.026531390990101232	299	0.0007581193100179509
Kostenki14_d.AG.BY.AA	2.565	-0.012255617157864022	299	0.0007350593454797501
Kostenki14_d.AG.BY.AA	2.575	-0.029984508004197833	347	0.0007123807372570343
Kostenki14_d.AG.BY.AA	2.585	0.03529231241368728	343	0.0006900771786341506
Kostenki14_d.AG.BY.AA	2.595	0.0008115236356258869	372	0.0006681424671933395
Kostenki14_d.AG.BY.AA	2.605	0.009900990099009901	304	0.0006465705030899107
Kostenki14_d.AG.BY.AA	2.615	0.026756897449245184	340	0.0006253552873559197
Kostenki14_d.AG.BY.AA	2.625	0.025427719353319733	277	0.0006044909202319136
Kostenki14_d.AG.BY.AA	2.6350000000000002	0.013976436710972205	338	0.0005839715995262664
Kostenki14_d.AG.BY.AA	2.645	0.030070921985815603	376	0.0005637916190016338
Kostenki14_d.AG.BY.AA	2.6550000000000002	0.06095238095238096	351	0.0005439453667881036
Kostenki14_d.AG.BY.AA	2.665	0.060054595086442224	315	0.0005244273238225915
Kostenki14_d.AG.BY.AA	2.6750000000000003	0.002949800712868505	338	0.0005052320623140282
Kostenki14_d.AG.BY.AA	2.685	0.004840434513423764	327	0.0004863542442339468
Kostenki14_d.AG.BY.AA	2.6950000000000003	-0.011534025374855823	289	0.0004677886198320274
Kostenki14_d.AG.BY.AA	2.705	-0.009619789280806229	296	0.0004495300261761823
Kostenki14_d.AG.BY.AA	2.715	-0.018808777429467086	320	0.0004315733857167969
Kostenki14_d.AG.BY.AA	2.725	-0.014349279342573077	307	0.00041391370487470485
Kostenki14_d.AG.BY.AA	2.735	0.004432376312742084	317	0.00039654607265252647
Kostenki14_d.AG.BY.AA	2.745	0.024488778054862843	401	0.00037946565926895383
Kostenki14_d.AG.BY.AA	2.755	-0.003982571321543345	319	0.0003626677148156422
Kostenki14_d.AG.BY.AA	2.765	0.00017112299465240656	375	0.0003461475679362966
Kostenki14_d.AG.BY.AA	2.775	0.005121120014737038	330	0.0003299006245276138
Kostenki14_d.AG.BY.AA	2.785	-0.018311329902289848	328	0.00031392236646170127
Kostenki14_d.AG.BY.AA	2.795	-0.00019357336430507094	288	0.0002982083503296323
Kostenki14_d.AG.BY.AA	2.805	0.0013644891693672194	287	0.0002827542062057648
Kostenki14_d.AG.BY.AA	2.815	-0.008904279000742026	312	0.00026755563643251394
Kostenki14_d.AG.BY.AA	2.825	0.07206276757008878	347	0.0002526084144252054
Kostenki14_d.AG.BY.AA	2.835	0.016429825433104773	348	0.00023790838349670358
Kostenki14_d.AG.BY.AA	2.845	-0.0018816420639758294	389	0.00022345145570147585
Kostenki14_d.AG.BY.AA	2.855	0.005448413041598202	373	0.0002092336106987705
Kostenki14_d.AG.BY.AA	2.865	-0.015595673458330914	322	0.0001952508946345934
Kostenki14_d.AG.BY.AA	2.875	-0.02061122956645345	336	0.00018149941904218312
Kostenki14_d.AG.BY.AA	2.8850000000000002	-0.024854226289772116	362	0.00016797535976065812
Kostenki14_d.AG.BY.AA	2.895	-0.014256014256014258	260	0.00015467495587155415
Kostenki14_d.AG.BY.AA	2.9050000000000002	0.005210004719207176	326	0.0001415945086529482
Kostenki14_d.AG.BY.AA	2.915	-0.02088651659317707	279	0.00012873038055087648
Kostenki14_d.AG.BY.AA	2.9250000000000003	-0.009557696802846533	278	0.00011607899416776128
Kostenki14_d.AG.BY.AA	2.935	0.02188034188034188	325	0.00010363683126757392
Kostenki14_d.AG.BY.AA	2.9450000000000003	0.0048316894940702	317	9.140043179743944e-05
Kostenki14_d.AG.BY.AA	2.955	0.004251510405012308	328	7.936639292543306e-05
Kostenki14_d.AG.BY.AA	2.965	-0.007191892775416803	323	6.753136809427849e-05
Kostenki14_d.AG.BY.AA	2.975	0.005203701873991371	349	5.5892066090702775e-05
Kostenki14_d.AG.BY.AA	2.985	-0.009849209417797766	314	4.444525013018116e-05
Kostenki14_d.AG.BY.AA	2.995	0.0064197530864197536	325	3.318773695681302e-05
Kostenki14_d.AG.BY.AA	3.005	-0.019831661478150586	295	2.211639595809127e-05
Kostenki14_d.AG.BY.AA	3.015	-0.021606254442075336	336	1.1228148294303224e-05
Kostenki14_d.AG.BY.AA	3.025	-0.027077076298221314	359	5.199660423375278e-07
Kostenki14_d.AG.BY.AA	3.035	-0.0020149571821598796	394	-1.0011128646358848e-05
Kostenki14_d.AG.BY.AA	3.045	-0.005697439464705687	348	-2.0368064373887723e-05
Kostenki14_d.AG.BY.AA	3.055	0.007063596229566876	290	-3.0553721310323e-05
Kostenki14_d.AG.BY.AA	3.065	0.028805601973422457	355	-4.057093199465471e-05
Kostenki14_d.AG.BY.AA	3.075	0.0035139559956874184	317	-5.042248212249758e-05
Kostenki14_d.AG.BY.AA	3.085	-0.020193331694929137	313	-6.0111111320762674e-05
Kostenki14_d.AG.BY.AA	3.095	0.04079112643971813	307	-6.963951390952748e-05
Kostenki14_d.AG.BY.AA	3.105	-0.0046059462010382265	326	-7.901033965129799e-05
Kostenki14_d.AG.BY.AA	3.115	-0.005650319829424308	336	-8.822619448788668e-05
Kostenki14_d.AG.BY.AA	3.125	-0.02203719016210603	323	-9.728964126510067e-05
Kostenki14_d.AG.BY.AA	3.1350000000000002	0.002793770646531383	326	-0.0001062032004454426
Kostenki14_d.AG.BY.AA	3.145	-0.01073294732382432	292	-0.00011496935080903409
Kostenki14_d.AG.BY.AA	3.1550000000000002	0.02411938226618081	340	-0.0001235905301429387
Kostenki14_d.AG.BY.AA	3.165	0.005947145788834441	379	-0.00013206913591908747
Kostenki14_d.AG.BY.AA	3.1750000000000003	-0.0091113787505891	339	-0.00014040752596099703
Kostenki14_d.AG.BY.AA	3.185	-0.00014413791115339166	373	-0.00014860801909945736
Kostenki14_d.AG.BY.AA	3.1950000000000003	-0.013937282229965157	288	-0.00015667289581737835
Kostenki14_d.AG.BY.AA	3.205	0.019753086419753086	325	-0.00016460439888396855
Kostenki14_d.AG.BY.AA	3.2150000000000003	-0.013029315960912053	307	-0.00017240473397843464
Kostenki14_d.AG.BY.AA	3.225	0.017907168360340567	331	-0.00018007607030335503
Kostenki14_d.AG.BY.AA	3.235	0.0353280295168915	295	-0.00018762054118791972
Kostenki14_d.AG.BY.AA	3.245	0.0008978474108325284	299	-0.00019504024468118742
Kostenki14_d.AG.BY.AA	3.255	-0.012730722787648783	341	-0.00020233724413553576
Kostenki14_d.AG.BY.AA	3.265	-0.008651059085841696	300	-0.0002095135687804575
Kostenki14_d.AG.BY.AA	3.275	0.030278493436388176	286	-0.0002165712142868754
Kostenki14_d.AG.BY.AA	3.285	0.016586921850079747	286	-0.000223512143322118
Kostenki14_d.AG.BY.AA	3.295	-0.006268869103705556	323	-0.00023033828609571853
Kostenki14_d.AG.BY.AA	3.305	-0.0033418636158362184	365	-0.0002370515408961909
Kostenki14_d.AG.BY.AA	3.315	-0.018198629849115286	309	-0.00024365377461892617
Kostenki14_d.AG.BY.AA	3.325	-0.0016754628466113762	346	-0.0002501468232853563
Kostenki14_d.AG.BY.AA	3.335	0.017672635466828745	293	-0.0002565324925535397
Kostenki14_d.AG.BY.AA	3.345	-0.004459308807134893	300	-0.0002628125582202958
Kostenki14_d.AG.BY.AA	3.355	0.022921754514162646	323	-0.0002689887667150373
Kostenki14_d.AG.BY.AA	3.365	0.05763012181616832	301	-0.000275062835585439
Kostenki14_d.AG.BY.AA	3.375	0.00020480052428934343	313	-0.0002810364539750693
Kostenki14_d.AG.BY.AA	3.3850000000000002	-0.012210724787322392	299	-0.0002869112830931286
Kostenki14_d.AG.BY.AA	3.395	-0.03322259136212625	301	-0.0002926889566764137
Kostenki14_d.AG.BY.AA	3.4050000000000002	0.034226454525738845	319	-0.0002983710814436481
Kostenki14_d.AG.BY.AA	3.415	0.004569810939237692	315	-0.00030395923754229315
Kostenki14_d.AG.BY.AA	3.4250000000000003	0.0005618668024511441	338	-0.00030945497898797534
Kostenki14_d.AG.BY.AA	3.435	0.020055710306406682	360	-0.00031485983409664143
Kostenki14_d.AG.BY.AA	3.4450000000000003	0.026655751125665164	350	-0.0003201753059095719
Kostenki14_d.AG.BY.AA	3.455	0.021312826146663	331	-0.0003254028726113606
Kostenki14_d.AG.BY.AA	3.4650000000000003	0.021548117154811718	240	-0.0003305439879409867
Kostenki14_d.AG.BY.AA	3.475	-0.0025827280064568215	295	-0.0003356000815960848
Kostenki14_d.AG.BY.AA	3.485	0.00037054191755442204	255	-0.0003405725596305312
Kostenki14_d.AG.BY.AA	3.495	-0.006405693950177936	281	-0.00034546280484545563
Kostenki14_d.AG.BY.AA	3.505	0.007568897866313762	294	-0.0003502721771737851
Kostenki14_d.AG.BY.AA	3.515	0.0030858244937319195	306	-0.0003550020140584281
Kostenki14_d.AG.BY.AA	3.525	0.0214771506980074	290	-0.00035965363082420714
Kostenki14_d.AG.BY.AA	3.535	-0.017063633131887666	291	-0.0003642283210436377
Kostenki14_d.AG.BY.AA	3.545	-0.038308838893919346	294	-0.0003687273568966579
Kostenki14_d.AG.BY.AA	3.555	-0.015029134016475789	316	-0.0003731519895244127
Kostenki14_d.AG.BY.AA	3.565	-0.012484048160683572	269	-0.0003775034493771834
Kostenki14_d.AG.BY.AA	3.575	0.0786792308281621	229	-0.00038178294655656425
Kostenki14_d.AG.BY.AA	3.585	-0.003236749556503067	254	-0.0003859916711519821
Kostenki14_d.AG.BY.AA	3.595	-0.009765299894579148	269	-0.0003901307935716492
Kostenki14_d.AG.BY.AA	3.605	0.025168858869534304	291	-0.0003942014648680413
Kostenki14_d.AG.BY.AA	3.615	-0.002925402242808385	294	-0.0003982048170579979
Kostenki14_d.AG.BY.AA	3.625	0.0012793176972281444	336	-0.00040214196343752394
Kostenki14_d.AG.BY.AA	3.6350000000000002	-0.011291623458923839	264	-0.00040601399889138724
Kostenki14_d.AG.BY.AA	3.645	0.0021293070073557865	288	-0.00040982200019759737
Kostenki14_d.AG.BY.AA	3.6550000000000002	0.00032915308910174074	247	-0.0004135670263268471
Kostenki14_d.AG.BY.AA	3.665	0.014825796886582657	285	-0.00041725011873700144
Kostenki14_d.AG.BY.AA	3.6750000000000003	0.055295429208472684	300	-0.00042087230166271985
Kostenki14_d.AG.BY.AA	3.685	0.004031149793861657	296	-0.00042443458240028523
Kostenki14_d.AG.BY.AA	3.6950000000000003	0.012307293690892602	249	-0.0004279379515877244
Kostenki14_d.AG.BY.AA	3.705	0.011694895725313978	264	-0.00043138338348029475
Kostenki14_d.AG.BY.AA	3.7150000000000003	0.007352941176470588	256	-0.00043477183622141734
Kostenki14_d.AG.BY.AA	3.725	0.008823529411764706	256	-0.0004381042521091259
Kostenki14_d.AG.BY.AA	3.735	0.02380773375435431	283	-0.0004413815578581133
Kostenki14_d.AG.BY.AA	3.745	0.022527810386270893	268	-0.0004446046648574415
Kostenki14_d.AG.BY.AA	3.755	0.02594299368492917	217	-0.00044777446942399096
Kostenki14_d.AG.BY.AA	3.765	-0.01810637495284798	242	-0.0004508918530517176
Kostenki14_d.AG.BY.AA	3.775	-0.029181494661921707	281	-0.0004539576826567891
Kostenki14_d.AG.BY.AA	3.785	0.0046287367405978795	306	-0.0004569728108186666
Kostenki14_d.AG.BY.AA	3.795	0.002211845662324896	313	-0.00045993807601719754
Kostenki14_d.AG.BY.AA	3.805	0.005936186000494681	312	-0.00046285430286579186
Kostenki14_d.AG.BY.AA	3.815	-0.005790700527542631	286	-0.00046572230234073796
Kostenki14_d.AG.BY.AA	3.825	-0.0008244702778464864	312	-0.0004685428720067278
Kostenki14_d.AG.BY.AA	3.835	-0.0002843938855314601	291	-0.0004713167962386532
Kostenki14_d.AG.BY.AA	3.845	0.03129849408781937	303	-0.00047404484643973326
Kostenki14_d.AG.BY.AA	3.855	0.028640608785887235	295	-0.0004767277812560334
Kostenki14_d.AG.BY.AA	3.865	0.013884051914281072	294	-0.00047936634678743986
Kostenki14_d.AG.BY.AA	3.875	0.01981599433828733	315	-0.000481961276795142
Kostenki14_d.AG.BY.AA	3.8850000000000002	-0.011067193675889328	276	-0.0004845132929056854
Kostenki14_d.AG.BY.AA	3.895	-0.024413145539906103	285	-0.0004870231048116487
Kostenki14_d.AG.BY.AA	3.9050000000000002	-0.028458498023715414	276	-0.0004894914104690037
Kostenki14_d.AG.BY.AA	3.915	0.0016270083384177351	298	-0.0004919188962912099
Kostenki14_d.AG.BY.AA	3.9250000000000003	0.006116094595596412	329	-0.0004943062373401006
Kostenki14_d.AG.BY.AA	3.935	0.016718428003366908	263	-0.0004966540975136106
Kostenki14_d.AG.BY.AA	3.9450000000000003	0.024433524433524433	297	-0.0004989631297304012
Kostenki14_d.AG.BY.AA	3.955	-0.0029911554627265924	279	-0.0005012339761114295
Kostenki14_d.AG.BY.AA	3.9650000000000003	-0.02395654659805603	265	-0.0005034672681585183
Kostenki14_d.AG.BY.AA	3.975	0.05683563748079877	280	-0.0005056636269299694
Kostenki14_d.AG.BY.AA	3.9850000000000003	0.0034231921266581083	247	-0.0005078236632132753
Kostenki14_d.AG.BY.AA	3.995	0.01474072124243222	262	-0.0005099479776949733
Kostenki14_d.AG.BY.AA	4.005	-0.0033955857385398985	248	-0.0005120371611276914
Kostenki14_d.AG.BY.AA	4.015	0.0013924344395451385	279	-0.0005140917944944298
Kostenki14_d.AG.BY.AA	4.0249999999999995	0.00996610626024107	299	-0.0005161124491701293
Kostenki14_d.AG.BY.AA	4.034999999999999	0.003959602034934716	283	-0.0005180996870805636
Kostenki14_d.AG.BY.AA	4.045	0.044767970882620564	315	-0.0005200540608586068
Kostenki14_d.AG.BY.AA	4.055	0.019319492502883513	289	-0.0005219761139979152
Kostenki14_d.AG.BY.AA	4.0649999999999995	-0.000501215447460088	283	-0.0005238663810040679
Kostenki14_d.AG.BY.AA	4.074999999999999	0.0004472021912907386	268	-0.0005257253875432084
Kostenki14_d.AG.BY.AA	4.085	-0.03210640981538814	324	-0.0005275536505882271
Kostenki14_d.AG.BY.AA	4.095	-0.01567687975454966	309	-0.0005293516785625267
Kostenki14_d.AG.BY.AA	4.1049999999999995	-0.005909299129638112	296	-0.000531119971481411
Kostenki14_d.AG.BY.AA	4.114999999999999	0.022295952222959523	275	-0.0005328590210911336
Kostenki14_d.AG.BY.AA	4.125	0.027867272476937904	270	-0.0005345693110056491
Kostenki14_d.AG.BY.AA	4.135	0.027349870780000406	314	-0.0005362513168411003
Kostenki14_d.AG.BY.AA	4.145	0.03969138635717877	303	-0.0005379055063480844
Kostenki14_d.AG.BY.AA	4.154999999999999	0.016358109975131253	330	-0.0005395323395417293
Kostenki14_d.AG.BY.AA	4.165	0.0374384236453202	406	-0.0005411322688296196
Kostenki14_d.AG.BY.AA	4.175	0.058818097876269626	361	-0.0005427057391376074
Kostenki14_d.AG.BY.AA	4.185	0.03974136571518688	374	-0.000544253188033542
Kostenki14_d.AG.BY.AA	4.194999999999999	0.034467833956325	391	-0.0005457750458489535
Kostenki14_d.AG.BY.AA	4.205	-0.010555818439922832	332	-0.0005472717357987244
Kostenki14_d.AG.BY.AA	4.215	0.03762504354750411	284	-0.0005487436740987809
Kostenki14_d.AG.BY.AA	4.225	0.016268292213910737	323	-0.0005501912700818403
Kostenki14_d.AG.BY.AA	4.234999999999999	0.009345241615898742	319	-0.0005516149263112414
Kostenki14_d.AG.BY.AA	4.244999999999999	0.02976704055220017	305	-0.0005530150386928944
Kostenki14_d.AG.BY.AA	4.255	0.013687707641196013	301	-0.0005543919965853789
Kostenki14_d.AG.BY.AA	4.265	0.027464905953503857	269	-0.0005557461829082196
Kostenki14_d.AG.BY.AA	4.2749999999999995	0.02303872889771599	266	-0.0005570779742483748
Kostenki14_d.AG.BY.AA	4.284999999999999	0.04560480334615125	244	-0.0005583877409649606
Kostenki14_d.AG.BY.AA	4.295	-0.008532226449901996	295	-0.0005596758472922448
Kostenki14_d.AG.BY.AA	4.305	0.05889079473985134	265	-0.0005609426514409364
Kostenki14_d.AG.BY.AA	4.3149999999999995	-0.0021293070073557865	288	-0.000562188505697802
Kostenki14_d.AG.BY.AA	4.324999999999999	0.0007267035608474478	268	-0.0005634137565236326
Kostenki14_d.AG.BY.AA	4.335	0.04960369687929572	262	-0.0005646187446495918
Kostenki14_d.AG.BY.AA	4.345	0.08619563797832049	248	-0.0005658038051719695
Kostenki14_d.AG.BY.AA	4.3549999999999995	-0.007321537522879805	298	-0.0005669692676453695
Kostenki14_d.AG.BY.AA	4.364999999999999	-0.0035567352355673526	275	-0.0005681154561743557
Kostenki14_d.AG.BY.AA	4.375	0.022226480168614678	307	-0.0005692426895035826
Kostenki14_d.AG.BY.AA	4.385	-0.01123401313515382	264	-0.0005703512811064349
Kostenki14_d.AG.BY.AA	4.395	-0.017477911646586346	250	-0.0005714415392722022
Kostenki14_d.AG.BY.AA	4.404999999999999	-0.018862363689949896	261	-0.0005725137671918111
Kostenki14_d.AG.BY.AA	4.415	0.00328843356731803	252	-0.0005735682630421403
Kostenki14_d.AG.BY.AA	4.425	0.015614834092387769	319	-0.0005746053200689399
Kostenki14_d.AG.BY.AA	4.435	-0.015602145294978059	294	-0.0005756252266683816
Kostenki14_d.AG.BY.AA	4.444999999999999	-0.014083477498111644	287	-0.0005766282664672582
Kostenki14_d.AG.BY.AA	4.455	-0.023064654643602012	286	-0.0005776147184018581
Kostenki14_d.AG.BY.AA	4.465	-0.01075141075141075	260	-0.0005785848567955347
Kostenki14_d.AG.BY.AA	4.475	0.04839523981247747	236	-0.0005795389514349935
Kostenki14_d.AG.BY.AA	4.484999999999999	0.005166458653818244	263	-0.0005804772676453169
Kostenki14_d.AG.BY.AA	4.495	0.0011938354677664413	272	-0.0005814000663637493
Kostenki14_d.AG.BY.AA	4.505	0.032636326363263635	271	-0.0005823076042122609
Kostenki14_d.AG.BY.AA	4.515	-0.01716552470248828	236	-0.0005832001335689119
Kostenki14_d.AG.BY.AA	4.5249999999999995	0.006870136186770428	257	-0.0005840779026380374
Kostenki14_d.AG.BY.AA	4.534999999999999	0.008401284902396838	285	-0.0005849411555192694
Kostenki14_d.AG.BY.AA	4.545	-0.007227671657201857	299	-0.0005857901322754202
Kostenki14_d.AG.BY.AA	4.555	-0.03753910323253389	274	-0.0005866250689992403
Kostenki14_d.AG.BY.AA	4.5649999999999995	-0.020292862907875013	295	-0.0005874461978790747
Kostenki14_d.AG.BY.AA	4.574999999999999	-0.021715526601520086	307	-0.0005882537472634317
Kostenki14_d.AG.BY.AA	4.585	-0.01252740369558409	310	-0.0005890479417244853
Kostenki14_d.AG.BY.AA	4.595	0.011188811188811187	286	-0.0005898290021205255
Kostenki14_d.AG.BY.AA	4.6049999999999995	-0.008217481848370574	327	-0.0005905971456573784
Kostenki14_d.AG.BY.AA	4.614999999999999	-0.026690931149529876	315	-0.0005913525859488081
Kostenki14_d.AG.BY.AA	4.625	-0.005201933316949292	313	-0.0005920955330759214
Kostenki14_d.AG.BY.AA	4.635	-0.016772010152789528	284	-0.0005928261936455887
Kostenki14_d.AG.BY.AA	4.645	-0.030033124769966876	286	-0.0005935447708479005
Kostenki14_d.AG.BY.AA	4.654999999999999	-0.023001508295625944	273	-0.0005942514645126721
Kostenki14_d.AG.BY.AA	4.665	-0.01717580664949086	286	-0.0005949464711650146
Kostenki14_d.AG.BY.AA	4.675	-0.03264992557737552	354	-0.0005956299840799865
Kostenki14_d.AG.BY.AA	4.685	-0.03188128568530273	372	-0.0005963021933363422
Kostenki14_d.AG.BY.AA	4.694999999999999	-0.006379585326953749	286	-0.000596963285869391
Kostenki14_d.AG.BY.AA	4.705	0.023850674040788108	264	-0.0005976134455229819
Kostenki14_d.AG.BY.AA	4.715	-0.014014598540145985	275	-0.0005982528531006293
Kostenki14_d.AG.BY.AA	4.725	-0.006926406926406927	231	-0.0005988816864157923
Kostenki14_d.AG.BY.AA	4.734999999999999	0.03632677198614514	267	-0.0005995001203413236
Kostenki14_d.AG.BY.AA	4.745	-0.012193301149654109	284	-0.0006001083268580997
Kostenki14_d.AG.BY.AA	4.755	0.04956019590165932	287	-0.0006007064751028474
Kostenki14_d.AG.BY.AA	4.765	0.0032830739299610882	257	-0.0006012947314151789
Kostenki14_d.AG.BY.AA	4.7749999999999995	-0.032391318602058884	303	-0.0006018732593838496
Kostenki14_d.AG.BY.AA	4.784999999999999	-0.00949088197410345	298	-0.0006024422198922507
Kostenki14_d.AG.BY.AA	4.795	-0.024622199062011463	304	-0.0006030017711631492
Kostenki14_d.AG.BY.AA	4.805	-0.014241796850492502	253	-0.0006035520688026884
Kostenki14_d.AG.BY.AA	4.8149999999999995	0.005152193071656159	298	-0.0006040932658436604
Kostenki14_d.AG.BY.AA	4.824999999999999	-0.01930186776780141	354	-0.0006046255127880634
Kostenki14_d.AG.BY.AA	4.835	0.03580353710111496	289	-0.0006051489576489545
Kostenki14_d.AG.BY.AA	4.845	-0.020982275053936295	308	-0.0006056637459916111
Kostenki14_d.AG.BY.AA	4.8549999999999995	-0.01594835769887982	230	-0.0006061700209740114
Kostenki14_d.AG.BY.AA	4.864999999999999	-0.02538197382172896	284	-0.0006066679233866452
Kostenki14_d.AG.BY.AA	4.875	-0.011015934420189739	330	-0.0006071575916916662
Kostenki14_d.AG.BY.AA	4.885	-0.028672073400507907	313	-0.0006076391620613976
Kostenki14_d.AG.BY.AA	4.895	0.0004530438886267108	326	-0.0006081127684161998
Kostenki14_d.AG.BY.AA	4.904999999999999	-0.0035964107820395234	334	-0.0006085785424617128
Kostenki14_d.AG.BY.AA	4.915	0.021026110856619335	296	-0.0006090366137254826
Kostenki14_d.AG.BY.AA	4.925	-0.013120131201312012	271	-0.000609487109592981
Kostenki14_d.AG.BY.AA	4.935	0.01107011070110701	272	-0.0006099301553430307
Kostenki14_d.AG.BY.AA	4.944999999999999	-0.015550792249821376	309	-0.0006103658741826444
Kostenki14_d.AG.BY.AA	4.955	-0.02073578595317726	300	-0.000610794387281287
Kostenki14_d.AG.BY.AA	4.965	-0.012367179021226119	282	-0.0006112158138045725
Kostenki14_d.AG.BY.AA	4.975	-0.018767705382436262	353	-0.0006116302709474018
Kostenki14_d.AG.BY.AA	4.984999999999999	-0.018023553507424475	280	-0.0006120378739665549
Kostenki14_d.AG.BY.AA	4.995	-0.018544009557696802	278	-0.0006124387362127416
Kostenki14_d.AG.BY.AA	5.005	-0.007957559681697611	261	-0.0006128329691621238
Kostenki14_d.AG.BY.AA	5.015	-0.02025819265143992	266	-0.0006132206824473161
Kostenki14_d.AG.BY.AA	5.0249999999999995	-0.011051519583942793	294	-0.0006136019838878736
Kostenki14_d.AG.BY.AA	5.034999999999999	-0.014704677643974767	313	-0.000613976979520275
Kostenki14_d.AG.BY.AA	5.045	-0.012556898446083818	277	-0.0006143457736274115
Kostenki14_d.AG.BY.AA	5.055	-0.03910806174957118	265	-0.0006147084687675856
Kostenki14_d.AG.BY.AA	5.0649999999999995	-0.017977029351384344	269	-0.0006150651658030326
Kostenki14_d.AG.BY.AA	5.074999999999999	-0.028496013790131437	273	-0.0006154159639279693
Kostenki14_d.AG.BY.AA	5.085	-0.004516241097793989	304	-0.0006157609606961787
Kostenki14_d.AG.BY.AA	5.095	-0.016799292661361626	261	-0.0006161002520481389
Kostenki14_d.AG.BY.AA	5.1049999999999995	0.01862020653966963	298	-0.0006164339323377039
Kostenki14_d.AG.BY.AA	5.114999999999999	-0.011625746516257465	275	-0.0006167620943583413
Kostenki14_d.AG.BY.AA	5.125	-0.0068726915704333995	293	-0.0006170848293689387
Kostenki14_d.AG.BY.AA	5.135	0.003541389995573262	252	-0.0006174022271191811
Kostenki14_d.AG.BY.AA	5.145	-0.008738828202581927	266	-0.0006177143758745094
Kostenki14_d.AG.BY.AA	5.154999999999999	-0.01893347229459788	304	-0.0006180213624406671
Kostenki14_d.AG.BY.AA	5.165	0.0038552464084378978	235	-0.0006183232721878392
Kostenki14_d.AG.BY.AA	5.175	-0.008765564682320842	263	-0.0006186201890743935
Kostenki14_d.AG.BY.AA	5.185	-0.01474072124243222	262	-0.0006189121956702284
Kostenki14_d.AG.BY.AA	5.194999999999999	0.007116887135452928	279	-0.0006191993731797349
Kostenki14_d.AG.BY.AA	5.205	0.01574038087835212	249	-0.0006194818014643788
Kostenki14_d.AG.BY.AA	5.215	-0.023161764705882354	256	-0.0006197595590649094
Kostenki14_d.AG.BY.AA	5.225	-0.02938031181403726	327	-0.0006200327232232011
Kostenki14_d.AG.BY.AA	5.234999999999999	-0.039199121399003126	267	-0.0006203013699037336
Kostenki14_d.AG.BY.AA	5.245	-0.026881720430107527	280	-0.000620565573814717
Kostenki14_d.AG.BY.AA	5.255	-0.0030354771390627964	252	-0.0006208254084288672
Kostenki14_d.AG.BY.AA	5.265	-0.020272410516312955	287	-0.0006210809460038383
Kostenki14_d.AG.BY.AA	5.2749999999999995	0.002156334231805929	266	-0.0006213322576023168
Kostenki14_d.AG.BY.AA	5.284999999999999	0.02865205122639462	272	-0.0006215794131117833
Kostenki14_d.AG.BY.AA	5.295	0.005317324185248712	265	-0.0006218224812639477
Kostenki14_d.AG.BY.AA	5.305	-0.02804780876494024	251	-0.0006220615296538627
Kostenki14_d.AG.BY.AA	5.3149999999999995	-0.002788027880278801	271	-0.0006222966247587218
Kostenki14_d.AG.BY.AA	5.324999999999999	0.006396063960639606	271	-0.0006225278319563453
Kostenki14_d.AG.BY.AA	5.335	0.030370822317131046	298	-0.0006227552155433621
Kostenki14_d.AG.BY.AA	5.345	-0.01968019680196802	271	-0.0006229788387530894
Kostenki14_d.AG.BY.AA	5.3549999999999995	0.00833237778542216	324	-0.0006231987637731175
Kostenki14_d.AG.BY.AA	5.364999999999999	-0.006295655517108805	289	-0.0006234150517626036
Kostenki14_d.AG.BY.AA	5.375	0.021710048541833886	324	-0.0006236277628692799
Kostenki14_d.AG.BY.AA	5.385	-0.010173849851864276	268	-0.0006238369562461794
Kostenki14_d.AG.BY.AA	5.395	-0.008278438201963608	282	-0.0006240426900680868
Kostenki14_d.AG.BY.AA	5.404999999999999	0.027540360873694207	325	-0.0006242450215477154
Kostenki14_d.AG.BY.AA	5.415	-0.009716855354439247	298	-0.0006244440069516182
Kostenki14_d.AG.BY.AA	5.425	-0.03134796238244514	232	-0.000624639701615835
Kostenki14_d.AG.BY.AA	5.435	0.007708797097864623	312	-0.0006248321599612801
Kostenki14_d.AG.BY.AA	5.444999999999999	-0.016035066304166897	269	-0.0006250214355088775
Kostenki14_d.AG.BY.AA	5.455	-0.019563284260448573	349	-0.0006252075808944434
Kostenki14_d.AG.BY.AA	5.465	0.011852383945407201	259	-0.0006253906478833245
Kostenki14_d.AG.BY.AA	5.475	0.00038267049337160013	271	-0.0006255706873847934
Kostenki14_d.AG.BY.AA	5.484999999999999	-0.012319481284998527	261	-0.0006257477494662056
Kostenki14_d.AG.BY.AA	5.495	-0.004573804573804574	260	-0.0006259218833669232
Kostenki14_d.AG.BY.AA	5.505	0.015654456508769836	290	-0.0006260931375120077
Kostenki14_d.AG.BY.AA	5.515	0.0035577878930570807	277	-0.0006262615595256866
Kostenki14_d.AG.BY.AA	5.5249999999999995	-0.025951557093425604	289	-0.0006264271962445971
Kostenki14_d.AG.BY.AA	5.534999999999999	-0.01432713627835579	287	-0.0006265900937308117
Kostenki14_d.AG.BY.AA	5.545	0.010250344963532429	267	-0.0006267502972846466
Kostenki14_d.AG.BY.AA	5.555	0.029058561897702003	285	-0.0006269078514572598
Kostenki14_d.AG.BY.AA	5.5649999999999995	0.007883817427385894	241	-0.0006270628000630406
Kostenki14_d.AG.BY.AA	5.574999999999999	-0.017523017523017523	260	-0.0006272151861917937
Kostenki14_d.AG.BY.AA	5.585	0.021853388658367907	241	-0.000627365052220722
Kostenki14_d.AG.BY.AA	5.595	-0.016365601358653694	255	-0.0006275124398262115
Kostenki14_d.AG.BY.AA	5.6049999999999995	0.030866908916663337	317	-0.0006276573899954212
Kostenki14_d.AG.BY.AA	5.614999999999999	0.0363567765944676	342	-0.0006277999430376808
Kostenki14_d.AG.BY.AA	5.625	-0.009754640919723286	284	-0.0006279401385957012
Kostenki14_d.AG.BY.AA	5.635	-0.0056022408963585435	273	-0.000628078015656598
Kostenki14_d.AG.BY.AA	5.645	-0.015534529021324673	292	-0.0006282136125627336
Kostenki14_d.AG.BY.AA	5.654999999999999	-0.03444034440344403	271	-0.0006283469670223801
Kostenki14_d.AG.BY.AA	5.665	-0.027825207108075633	252	-0.0006284781161202058
Kostenki14_d.AG.BY.AA	5.675	0.008207152689400827	278	-0.0006286070963275874
Kostenki14_d.AG.BY.AA	5.685	-0.008846058808994316	285	-0.0006287339435127532
Kostenki14_d.AG.BY.AA	5.694999999999999	0.009410913039543932	258	-0.0006288586929507569
Kostenki14_d.AG.BY.AA	5.705	-0.01622925237622358	266	-0.0006289813793332882
Kostenki14_d.AG.BY.AA	5.715	0.0020163613319506856	264	-0.0006291020367783195
Kostenki14_d.AG.BY.AA	5.725	-0.01909550746760049	259	-0.0006292206988395938
Kostenki14_d.AG.BY.AA	5.734999999999999	-0.026499815973500183	286	-0.0006293373985159564
Kostenki14_d.AG.BY.AA	5.745	-0.0125	256	-0.0006294521682605308
Kostenki14_d.AG.BY.AA	5.755	-0.0004938160759578936	299	-0.0006295650399897442
Kostenki14_d.AG.BY.AA	5.765	-0.02220190675199164	248	-0.0006296760450922026
Kostenki14_d.AG.BY.AA	5.7749999999999995	-0.017683465959328026	261	-0.0006297852144374201
Kostenki14_d.AG.BY.AA	5.784999999999999	0.006512656672401082	313	-0.0006298925783844035
Kostenki14_d.AG.BY.AA	5.795	-0.013138904095953814	284	-0.0006299981667900946
Kostenki14_d.AG.BY.AA	5.805	-0.018964727439303712	296	-0.0006301020090176731
Kostenki14_d.AG.BY.AA	5.8149999999999995	-0.02235990637477626	270	-0.0006302041339447227
Kostenki14_d.AG.BY.AA	5.824999999999999	-0.007427055702917773	261	-0.0006303045699712609
Kostenki14_d.AG.BY.AA	5.835	-0.007835967088938228	248	-0.0006304033450276376
Kostenki14_d.AG.BY.AA	5.845	-0.03092006033182504	273	-0.0006305004865823019
Kostenki14_d.AG.BY.AA	5.8549999999999995	-0.02469362745098039	256	-0.0006305960216494408
Kostenki14_d.AG.BY.AA	5.864999999999999	-0.013132422958195993	277	-0.0006306899767964916
Kostenki14_d.AG.BY.AA	5.875	-0.0198531332539982	263	-0.0006307823781515303
Kostenki14_d.AG.BY.AA	5.885	-0.014808362369337979	288	-0.0006308732514105371
Kostenki14_d.AG.BY.AA	5.895	-0.0393598615916955	289	-0.0006309626218445431
Kostenki14_d.AG.BY.AA	5.904999999999999	-0.003267973856209151	289	-0.0006310505143066566
Kostenki14_d.AG.BY.AA	5.915	-0.007908487501765288	292	-0.0006311369532389758
Kostenki14_d.AG.BY.AA	5.925	-0.01745318546606758	278	-0.0006312219626793854
Kostenki14_d.AG.BY.AA	5.935	-0.013112491373360938	253	-0.0006313055662682413
Kostenki14_d.AG.BY.AA	5.944999999999999	-0.023704767890814403	259	-0.0006313877872549446
Kostenki14_d.AG.BY.AA	5.955	-0.014374814374814375	260	-0.0006314686485044076
Kostenki14_d.AG.BY.AA	5.965	-0.03193177927857832	254	-0.0006315481725034115
Kostenki14_d.AG.BY.AA	5.975	-0.017041325213643085	283	-0.000631626381366861
Kostenki14_d.AG.BY.AA	5.984999999999999	-0.021947942069377394	284	-0.0006317032968439326
Kostenki14_d.AG.BY.AA	5.995	-0.01264720942140297	280	-0.0006317789403241246
Kostenki14_d.AG.BY.AA	6.005	-0.016927704594959028	311	-0.000631853332843204
Kostenki14_d.AG.BY.AA	6.015	-0.016425516425516425	297	-0.0006319264950890568
Kostenki14_d.AG.BY.AA	6.0249999999999995	-0.034047382607462054	266	-0.0006319984474074413
Kostenki14_d.AG.BY.AA	6.035	-0.02651792828685259	251	-0.000632069209807646
Kostenki14_d.AG.BY.AA	6.045	-0.02971916103803768	291	-0.0006321388019680539
Kostenki14_d.AG.BY.AA	6.055	-0.0020355356218733837	341	-0.0006322072432416148
Kostenki14_d.AG.BY.AA	6.0649999999999995	-0.024129565274408238	303	-0.0006322745526612272
Kostenki14_d.AG.BY.AA	6.074999999999999	-0.02302079030703566	270	-0.0006323407489450315
Kostenki14_d.AG.BY.AA	6.085	-0.027605244996549344	253	-0.0006324058505016152
Kostenki14_d.AG.BY.AA	6.095	-0.015343256179922627	303	-0.0006324698754351315
Kostenki14_d.AG.BY.AA	6.1049999999999995	-0.0051890289103039295	285	-0.0006325328415503351
Kostenki14_d.AG.BY.AA	6.114999999999999	-0.007378836156297167	268	-0.0006325947663575324
Kostenki14_d.AG.BY.AA	6.125	0.006031137500584414	293	-0.0006326556670774521
Kostenki14_d.AG.BY.AA	6.135	0.0013076168682576018	323	-0.0006327155606460329
Kostenki14_d.AG.BY.AA	6.145	-0.004179146061154836	294	-0.0006327744637191341
Kostenki14_d.AG.BY.AA	6.154999999999999	-0.0159468438538206	301	-0.000632832392677167
Kostenki14_d.AG.BY.AA	6.165	-0.003436186761393978	294	-0.0006328893636296506
Kostenki14_d.AG.BY.AA	6.175	-0.0035567352355673526	275	-0.000632945392419691
Kostenki14_d.AG.BY.AA	6.185	-0.024229575225259332	282	-0.0006330004946283876
Kostenki14_d.AG.BY.AA	6.194999999999999	-0.02292401894247881	258	-0.0006330546855791658
Kostenki14_d.AG.BY.AA	6.205	0.009040005397018148	244	-0.0006331079803420384
Kostenki14_d.AG.BY.AA	6.215	-0.03035573122529644	276	-0.0006331603937377966
Kostenki14_d.AG.BY.AA	6.225	0.00047197640117994173	226	-0.0006332119403421313
Kostenki14_d.AG.BY.AA	6.234999999999999	-0.00369218810726778	249	-0.0006332626344896865
Kostenki14_d.AG.BY.AA	6.245	-0.016323357947920714	249	-0.0006333124902780458
Kostenki14_d.AG.BY.AA	6.255	-0.018288281062003687	274	-0.0006333615215716525
Kostenki14_d.AG.BY.AA	6.265	-0.014104740760088807	248	-0.0006334097420056658
Kostenki14_d.AG.BY.AA	6.2749999999999995	-0.01082625366513796	283	-0.0006334571649897516
Kostenki14_d.AG.BY.AA	6.285	-0.016985138004246284	315	-0.0006335038037118127
Kostenki14_d.AG.BY.AA	6.295	-0.021021897810218976	275	-0.0006335496711416553
Kostenki14_d.AG.BY.AA	6.305	-0.025567089580930413	289	-0.0006335947800345966
Kostenki14_d.AG.BY.AA	6.3149999999999995	-0.016946758932354186	292	-0.0006336391429350115
Kostenki14_d.AG.BY.AA	6.324999999999999	-0.01199422684516996	284	-0.0006336827721798207
Kostenki14_d.AG.BY.AA	6.335	-0.035840091750634885	313	-0.0006337256799019225
Kostenki14_d.AG.BY.AA	6.345	-0.006713643677523165	269	-0.0006337678780335659
Kostenki14_d.AG.BY.AA	6.3549999999999995	-0.02014509651509263	249	-0.0006338093783096694
Kostenki14_d.AG.BY.AA	6.364999999999999	-0.014773949226237787	293	-0.0006338501922710841
Kostenki14_d.AG.BY.AA	6.375	-0.020438256575563255	242	-0.0006338903312678031
Kostenki14_d.AG.BY.AA	6.385	-0.019860973187686197	266	-0.0006339298064621182
Kostenki14_d.AG.BY.AA	6.395	-0.02365316983598394	254	-0.0006339686288317235
Kostenki14_d.AG.BY.AA	6.404999999999999	-0.0019787286668315595	312	-0.0006340068091727685
Kostenki14_d.AG.BY.AA	6.415	-0.01173500397400533	293	-0.0006340443581028607
Kostenki14_d.AG.BY.AA	6.425	-0.0090595340811044	305	-0.0006340812860640173
Kostenki14_d.AG.BY.AA	6.435	0.030127571435296333	292	-0.0006341176033255702
Kostenki14_d.AG.BY.AA	6.444999999999999	0.0013644891693672194	287	-0.0006341533199870211
Kostenki14_d.AG.BY.AA	6.455	-0.0182720953326713	266	-0.0006341884459808503
Kostenki14_d.AG.BY.AA	6.465	-0.0017660961483520782	278	-0.0006342229910752785
Kostenki14_d.AG.BY.AA	6.475	-0.02131936976950769	293	-0.0006342569648769839
Kostenki14_d.AG.BY.AA	6.484999999999999	-0.03432601880877743	320	-0.0006342903768337732
Kostenki14_d.AG.BY.AA	6.495	-0.022690348340905966	270	-0.0006343232362372092
Kostenki14_d.AG.BY.AA	6.505	0.024818040806586325	290	-0.0006343555522251944
Kostenki14_d.AG.BY.AA	6.515	-0.0076038903625110545	261	-0.0006343873337845125
Kostenki14_d.AG.BY.AA	6.5249999999999995	-0.03511848835995406	310	-0.0006344185897533276
Kostenki14_d.AG.BY.AA	6.535	-0.02149966821499668	275	-0.0006344493288236417
Kostenki14_d.AG.BY.AA	6.545	-0.011345174170452983	270	-0.0006344795595437119
Kostenki14_d.AG.BY.AA	6.555	-0.03247876099541388	283	-0.0006345092903204279
Kostenki14_d.AG.BY.AA	6.5649999999999995	-0.022177729862929308	302	-0.0006345385294216495
Kostenki14_d.AG.BY.AA	6.574999999999999	-0.023047000672691647	262	-0.000634567284978506
Kostenki14_d.AG.BY.AA	6.585	-0.015262876291853229	267	-0.0006345955649876576
Kostenki14_d.AG.BY.AA	6.595	-0.005219136835061895	245	-0.0006346233773135187
Kostenki14_d.AG.BY.AA	6.6049999999999995	-0.0004941932295527567	285	-0.0006346507296904456
Kostenki14_d.AG.BY.AA	6.614999999999999	-0.03495865758754864	257	-0.0006346776297248864
Kostenki14_d.AG.BY.AA	6.625	-0.02475685234305924	261	-0.0006347040848974975
Kostenki14_d.AG.BY.AA	6.635	-0.0001492760113449762	232	-0.0006347301025652227
Kostenki14_d.AG.BY.AA	6.645	-0.00231631113984055	273	-0.00063475568996334
Kostenki14_d.AG.BY.AA	6.654999999999999	0.0028372818839551683	266	-0.0006347808542074731
Kostenki14_d.AG.BY.AA	6.665	-0.03240115718418515	306	-0.0006348056022955705
Kostenki14_d.AG.BY.AA	6.675	-0.01847378898473789	275	-0.0006348299411098516
Kostenki14_d.AG.BY.AA	6.685	-0.013942921166474744	254	-0.0006348538774187203
Kostenki14_d.AG.BY.AA	6.694999999999999	-0.0035674470457079145	300	-0.0006348774178786472
Kostenki14_d.AG.BY.AA	6.705	0.003367003367003367	297	-0.0006349005690360214
Kostenki14_d.AG.BY.AA	6.715	-0.026690175097276267	257	-0.00063492333732897
Kostenki14_d.AG.BY.AA	6.725	-0.0033487424016306905	332	-0.0006349457290891493
Kostenki14_d.AG.BY.AA	6.734999999999999	-0.02057837163977315	338	-0.000634967750543505
Kostenki14_d.AG.BY.AA	6.745	-0.005879167633635028	279	-0.0006349894078160044
Kostenki14_d.AG.BY.AA	6.755	-0.034219211394823694	304	-0.0006350107069293387
Kostenki14_d.AG.BY.AA	6.765	-0.009356492310754989	284	-0.0006350316538065986
Kostenki14_d.AG.BY.AA	6.7749999999999995	-0.02751672806555898	283	-0.0006350522542729212
Kostenki14_d.AG.BY.AA	6.785	-0.0018585790318492873	267	-0.0006350725140571095
Kostenki14_d.AG.BY.AA	6.795	-0.010374300029472443	261	-0.0006350924387932261
Kostenki14_d.AG.BY.AA	6.805	-0.013932023336139089	263	-0.0006351120340221598
Kostenki14_d.AG.BY.AA	6.8149999999999995	-0.03150213410436459	270	-0.0006351313051931665
Kostenki14_d.AG.BY.AA	6.824999999999999	0.015437392795883362	265	-0.0006351502576653843
Kostenki14_d.AG.BY.AA	6.835	-0.00918044747081712	257	-0.0006351688967093241
Kostenki14_d.AG.BY.AA	6.845	-0.02327464076097956	244	-0.0006351872275083354
Kostenki14_d.AG.BY.AA	6.8549999999999995	-0.006551431663303209	262	-0.0006352052551600474
Kostenki14_d.AG.BY.AA	6.864999999999999	-0.017768355165190177	282	-0.000635222984677787
Kostenki14_d.AG.BY.AA	6.875	-0.016948080693100616	252	-0.0006352404209919723
Kostenki14_d.AG.BY.AA	6.885	-0.017387293900611094	295	-0.0006352575689514847
Kostenki14_d.AG.BY.AA	6.895	-0.02327091395475677	278	-0.0006352744333250165
Kostenki14_d.AG.BY.AA	6.904999999999999	-0.002679528403001071	312	-0.0006352910188023972
Kostenki14_d.AG.BY.AA	6.915	0.0	288	-0.000635307329995898
Kostenki14_d.AG.BY.AA	6.925	-0.008261753327650646	303	-0.0006353233714415141
Kostenki14_d.AG.BY.AA	6.935	-0.014333112143331122	275	-0.0006353391476002264
Kostenki14_d.AG.BY.AA	6.944999999999999	-0.02350386408635115	307	-0.0006353546628592416
Kostenki14_d.AG.BY.AA	6.955	-0.02616020509600795	277	-0.0006353699215332132
Kostenki14_d.AG.BY.AA	6.965	-0.016632016632016633	260	-0.00063538492786544
Kostenki14_d.AG.BY.AA	6.975	-0.02257434339049273	272	-0.0006353996860290472
Kostenki14_d.AG.BY.AA	6.984999999999999	0.010353848272063884	270	-0.0006354142001281464
Kostenki14_d.AG.BY.AA	6.995	-0.017020667953944073	237	-0.0006354284741989775
Kostenki14_d.AG.BY.AA	7.005	-0.012204234122042341	220	-0.00063544251221103
Kostenki14_d.AG.BY.AA	7.015	-0.011415297826447653	246	-0.0006354563180681484
Kostenki14_d.AG.BY.AA	7.0249999999999995	-0.017092183365515268	237	-0.0006354698956096163
Kostenki14_d.AG.BY.AA	7.035	-0.02344258736705014	272	-0.000635483248611225
Kostenki14_d.AG.BY.AA	7.045	-0.03037782418834251	230	-0.0006354963807863235
Kostenki14_d.AG.BY.AA	7.055	-0.012987012987012986	253	-0.0006355092957868509
Kostenki14_d.AG.BY.AA	7.0649999999999995	-0.006372549019607843	256	-0.0006355219972043519
Kostenki14_d.AG.BY.AA	7.074999999999999	-0.02116336248482774	254	-0.0006355344885709757
Kostenki14_d.AG.BY.AA	7.085	-0.02440318302387268	261	-0.0006355467733604581
Kostenki14_d.AG.BY.AA	7.095	-0.013184347094300811	293	-0.0006355588549890883
Kostenki14_d.AG.BY.AA	7.1049999999999995	-0.01900041305245766	270	-0.0006355707368166573
Kostenki14_d.AG.BY.AA	7.114999999999999	-0.0035413899955732643	252	-0.0006355824221473943
Kostenki14_d.AG.BY.AA	7.125	-0.025785822954539593	279	-0.0006355939142308836
Kostenki14_d.AG.BY.AA	7.135	-0.005687520910003345	245	-0.0006356052162629699
Kostenki14_d.AG.BY.AA	7.145	-0.024709661477637757	285	-0.0006356163313866458
Kostenki14_d.AG.BY.AA	7.154999999999999	-0.015749223896418564	282	-0.0006356272626929267
Kostenki14_d.AG.BY.AA	7.165	-0.013833564922031805	255	-0.0006356380132217099
Kostenki14_d.AG.BY.AA	7.175	-0.0010665662839575891	253	-0.00063564858596262
Kostenki14_d.AG.BY.AA	7.185	0.015924096987183042	269	-0.0006356589838558408
Kostenki14_d.AG.BY.AA	7.194999999999999	-0.013161358252171625	262	-0.000635669209792932
Kostenki14_d.AG.BY.AA	7.205	-0.007168458781362007	280	-0.0006356792666176343
Kostenki14_d.AG.BY.AA	7.215	-0.017226017226017225	260	-0.0006356891571266597
Kostenki14_d.AG.BY.AA	7.225	-0.02777242044358727	306	-0.000635698884070469
Kostenki14_d.AG.BY.AA	7.234999999999999	-0.010797106200686293	303	-0.0006357084501540374
Kostenki14_d.AG.BY.AA	7.245	-0.02790697674418605	301	-0.0006357178580376062
Kostenki14_d.AG.BY.AA	7.255	0.010068107787977494	308	-0.0006357271103374225
Kostenki14_d.AG.BY.AA	7.265	-0.00796812749003984	252	-0.000635736209626467
Kostenki14_d.AG.BY.AA	7.2749999999999995	-0.014374814374814375	260	-0.0006357451584351699
Kostenki14_d.AG.BY.AA	7.285	-0.019572953736654804	281	-0.0006357539592521138
Kostenki14_d.AG.BY.AA	7.295	-0.01670682730923695	250	-0.0006357626145247262
Kostenki14_d.AG.BY.AA	7.305	-0.008727010457987738	236	-0.00063577112665996
Kostenki14_d.AG.BY.AA	7.3149999999999995	-0.006148440931049626	253	-0.0006357794980249631
Kostenki14_d.AG.BY.AA	7.324999999999999	-0.01864732869616694	233	-0.0006357877309477363
Kostenki14_d.AG.BY.AA	7.335	-0.007003622563394859	341	-0.0006357958277177808
Kostenki14_d.AG.BY.AA	7.345	0.006206415620641562	240	-0.0006358037905867351
Kostenki14_d.AG.BY.AA	7.3549999999999995	-0.017201037121355844	252	-0.0006358116217690009
Kostenki14_d.AG.BY.AA	7.364999999999999	-0.010049019607843138	256	-0.0006358193234423593
Kostenki14_d.AG.BY.AA	7.375	-0.015547310769541405	282	-0.0006358268977485757
Kostenki14_d.AG.BY.AA	7.385	0.01632239545224292	327	-0.0006358343467939963
Kostenki14_d.AG.BY.AA	7.395	-0.013472292831723437	281	-0.0006358416726501331
Kostenki14_d.AG.BY.AA	7.404999999999999	-0.008540259132520253	262	-0.0006358488773542404
Kostenki14_d.AG.BY.AA	7.415	-0.01974558572242263	230	-0.0006358559629098812
Kostenki14_d.AG.BY.AA	7.425	0.06446978540001796	259	-0.0006358629312874845
Kostenki14_d.AG.BY.AA	7.435	0.012313566400190904	290	-0.0006358697844248927
Kostenki14_d.AG.BY.AA	7.444999999999999	0.0027610008628127704	305	-0.0006358765242279016
Kostenki14_d.AG.BY.AA	7.455	-0.021204573034425495	307	-0.0006358831525707892
Kostenki14_d.AG.BY.AA	7.465	-0.02181482762596564	295	-0.0006358896712968378
Kostenki14_d.AG.BY.AA	7.475	0.00834557492921164	307	-0.000635896082218846
Kostenki14_d.AG.BY.AA	7.484999999999999	-0.0011534025374855816	289	-0.0006359023871196333
Kostenki14_d.AG.BY.AA	7.495	-0.023166023166023165	260	-0.0006359085877525354
Kostenki14_d.AG.BY.AA	7.505	0.04252657911194497	247	-0.0006359146858418923
Kostenki14_d.AG.BY.AA	7.515	-0.023889572229055623	271	-0.0006359206830835273
Kostenki14_d.AG.BY.AA	7.5249999999999995	-0.02115711114013321	248	-0.0006359265811452192
Kostenki14_d.AG.BY.AA	7.535	-0.002481389578163773	248	-0.0006359323816671654
Kostenki14_d.AG.BY.AA	7.545	-0.014226653696498054	257	-0.0006359380862624387
Kostenki14_d.AG.BY.AA	7.555	-0.027724240177909563	285	-0.0006359436965174352
Kostenki14_d.AG.BY.AA	7.5649999999999995	0.02671523982999393	244	-0.0006359492139923163
Kostenki14_d.AG.BY.AA	7.574999999999999	0.042595571899180264	229	-0.0006359546402214416
Kostenki14_d.AG.BY.AA	7.585	-0.004114365411436541	240	-0.0006359599767137963
Kostenki14_d.AG.BY.AA	7.595	0.015876421368804978	237	-0.0006359652249534108
Kostenki14_d.AG.BY.AA	7.6049999999999995	0.01003818876159302	235	-0.0006359703863997728
Kostenki14_d.AG.BY.AA	7.614999999999999	0.05243296921549156	266	-0.000635975462488234
Kostenki14_d.AG.BY.AA	7.625	0.029354274544768695	242	-0.0006359804546304086
Kostenki14_d.AG.BY.AA	7.635	-0.014517029592406475	199	-0.0006359853642145661
Kostenki14_d.AG.BY.AA	7.645	-0.006003466790681942	218	-0.0006359901926060174
Kostenki14_d.AG.BY.AA	7.654999999999999	0.00961965369246707	233	-0.0006359949411474945
Kostenki14_d.AG.BY.AA	7.665	0.023681674239295056	270	-0.0006359996111595238
Kostenki14_d.AG.BY.AA	7.675	0.001930916112422228	237	-0.0006360042039407934
Kostenki14_d.AG.BY.AA	7.685	-0.023700623700623702	260	-0.0006360087207685141
Kostenki14_d.AG.BY.AA	7.694999999999999	0.00108200015457145	228	-0.0006360131628987749
Kostenki14_d.AG.BY.AA	7.705	0.0010936431989063571	210	-0.000636017531566892
Kostenki14_d.AG.BY.AA	7.715	-0.004142541072353244	292	-0.0006360218279877524
Kostenki14_d.AG.BY.AA	7.725	-0.03228919891199438	262	-0.0006360260533561519
Kostenki14_d.AG.BY.AA	7.734999999999999	0.013081036610448377	221	-0.0006360302088471272
Kostenki14_d.AG.BY.AA	7.745	-0.027124538143881768	215	-0.0006360342956162826
Kostenki14_d.AG.BY.AA	7.755	-0.004312668463611861	266	-0.0006360383148001119
Kostenki14_d.AG.BY.AA	7.765	-0.020707203650083356	262	-0.0006360422675163134
Kostenki14_d.AG.BY.AA	7.7749999999999995	0.021912907373246127	268	-0.0006360461548641019
Kostenki14_d.AG.BY.AA	7.785	0.052020127275418084	233	-0.0006360499779245136
Kostenki14_d.AG.BY.AA	7.795	-0.029419862340216322	226	-0.0006360537377607069
Kostenki14_d.AG.BY.AA	7.805	-0.028534649216906245	237	-0.0006360574354182584
Kostenki14_d.AG.BY.AA	7.8149999999999995	-0.014906146485093854	209	-0.0006360610719254531
Kostenki14_d.AG.BY.AA	7.825	-0.02540473225404732	220	-0.0006360646482935706
Kostenki14_d.AG.BY.AA	7.835	-0.016002909619930897	235	-0.0006360681655171666
Kostenki14_d.AG.BY.AA	7.845	-0.024417670682730923	250	-0.0006360716245743494
Kostenki14_d.AG.BY.AA	7.8549999999999995	-0.029784413863007293	227	-0.000636075026427051
Kostenki14_d.AG.BY.AA	7.864999999999999	-0.0021816481832584466	278	-0.0006360783720212961
Kostenki14_d.AG.BY.AA	7.875	-0.02328098037495247	262	-0.0006360816622874643
Kostenki14_d.AG.BY.AA	7.885	0.02242721443023216	242	-0.0006360848981405486
Kostenki14_d.AG.BY.AA	7.895	-0.03820816864295125	253	-0.0006360880804804106
Kostenki14_d.AG.BY.AA	7.904999999999999	0.0036362664099890366	274	-0.0006360912101920301
Kostenki14_d.AG.BY.AA	7.915	-0.01896143072613661	273	-0.0006360942881457516
Kostenki14_d.AG.BY.AA	7.925	-0.02117590438758322	274	-0.0006360973151975264
Kostenki14_d.AG.BY.AA	7.935	-0.026664661804876828	283	-0.0006361002921891497
Kostenki14_d.AG.BY.AA	7.944999999999999	-0.03183023872679045	261	-0.0006361032199484964
Kostenki14_d.AG.BY.AA	7.955	-0.013085764809902742	261	-0.0006361060992897497
Kostenki14_d.AG.BY.AA	7.965	-0.012344449975111997	246	-0.0006361089310136283
Kostenki14_d.AG.BY.AA	7.975	-0.019617742517129465	236	-0.000636111715907609
Kostenki14_d.AG.BY.AA	7.984999999999999	-0.0080133319150445	238	-0.0006361144547461456
Kostenki14_d.AG.BY.AA	7.995	-0.01670373115888312	285	-0.0006361171482908843
Kostenki14_d.AG.BY.AA	8.005	-0.03231850117096019	245	-0.0006361197972908755
Kostenki14_d.AG.BY.AA	8.015	0.009876204519735263	242	-0.0006361224024827822
Kostenki14_d.AG.BY.AA	8.025	0.003185664509706321	246	-0.0006361249645910846
Kostenki14_d.AG.BY.AA	8.035	-0.007172743574417213	239	-0.0006361274843282819
Kostenki14_d.AG.BY.AA	8.045	-0.02841611069928342	285	-0.0006361299623950901
Kostenki14_d.AG.BY.AA	8.055	-0.026470844338664267	263	-0.0006361323994806372
Kostenki14_d.AG.BY.AA	8.065	0.004028940275216342	266	-0.0006361347962626547
Kostenki14_d.AG.BY.AA	8.075	-0.007825676313836606	244	-0.0006361371534076659
Kostenki14_d.AG.BY.AA	8.084999999999999	-0.01671672978973488	248	-0.0006361394715711715
Kostenki14_d.AG.BY.AA	8.094999999999999	-0.0051678015564202325	257	-0.0006361417513978318
Kostenki14_d.AG.BY.AA	8.105	-0.021478382147838218	240	-0.000636143993521646
Kostenki14_d.AG.BY.AA	8.115	0.0006385510695730419	263	-0.0006361461985661283
Kostenki14_d.AG.BY.AA	8.125	-0.019066534260178746	266	-0.0006361483671444817
Kostenki14_d.AG.BY.AA	8.135	-0.007113326848249026	257	-0.0006361504998597683
Kostenki14_d.AG.BY.AA	8.145	-0.0069837515136155	267	-0.0006361525973050768
Kostenki14_d.AG.BY.AA	8.155	0.037024944495233116	248	-0.0006361546600636877
Kostenki14_d.AG.BY.AA	8.165	-0.0032961858420970007	277	-0.0006361566887092356
Kostenki14_d.AG.BY.AA	8.174999999999999	0.03947744331610524	278	-0.0006361586838058685
Kostenki14_d.AG.BY.AA	8.185	-0.0017283097131005896	264	-0.0006361606459084047
Kostenki14_d.AG.BY.AA	8.195	0.03594884203249222	264	-0.000636162575562487
Kostenki14_d.AG.BY.AA	8.205	-0.015088150881508815	271	-0.0006361644733047349
Kostenki14_d.AG.BY.AA	8.215	-0.01578386064699609	291	-0.0006361663396628933
Kostenki14_d.AG.BY.AA	8.225	-0.025186729199235713	304	-0.0006361681751559793
Kostenki14_d.AG.BY.AA	8.235	-0.010491177873152123	234	-0.0006361699802944274
Kostenki14_d.AG.BY.AA	8.245	0.004218533886583679	241	-0.0006361717555802297
Kostenki14_d.AG.BY.AA	8.254999999999999	0.0076045627376425855	264	-0.0006361735015070775
Kostenki14_d.AG.BY.AA	8.265	-0.021318714786051466	199	-0.0006361752185604971
Kostenki14_d.AG.BY.AA	8.275	-0.00880952380952381	225	-0.0006361769072179855
Kostenki14_d.AG.BY.AA	8.285	-0.00937690728513566	269	-0.0006361785679491432
Kostenki14_d.AG.BY.AA	8.295	0.0036344362837889004	282	-0.0006361802012158044
Kostenki14_d.AG.BY.AA	8.305	0.009099483992676025	269	-0.0006361818074721657
Kostenki14_d.AG.BY.AA	8.315	0.02160832940930257	277	-0.0006361833871649126
Kostenki14_d.AG.BY.AA	8.325	-0.004493605254061527	264	-0.0006361849407333431
Kostenki14_d.AG.BY.AA	8.334999999999999	0.05002315886984716	255	-0.0006361864686094909
Kostenki14_d.AG.BY.AA	8.344999999999999	0.040465714884319534	259	-0.0006361879712182443
Kostenki14_d.AG.BY.AA	8.355	0.01868987631699496	296	-0.0006361894489774652
Kostenki14_d.AG.BY.AA	8.365	0.003110957483581058	264	-0.0006361909022981051
Kostenki14_d.AG.BY.AA	8.375	0.018332242128444733	318	-0.0006361923315843192
Kostenki14_d.AG.BY.AA	8.385	-0.003101169293340113	281	-0.0006361937372335793
Kostenki14_d.AG.BY.AA	8.395	-0.0113480155596502	262	-0.0006361951196367834
Kostenki14_d.AG.BY.AA	8.405	-0.018889218889218892	260	-0.0006361964791783656
Kostenki14_d.AG.BY.AA	8.415	-0.007660505836575875	257	-0.0006361978162364021
Kostenki14_d.AG.BY.AA	8.424999999999999	0.018552450755840586	296	-0.0006361991311827164
Kostenki14_d.AG.BY.AA	8.435	0.004846482169902244	270	-0.0006362004243829835
Kostenki14_d.AG.BY.AA	8.445	0.04932650350977044	252	-0.0006362016961968303
Kostenki14_d.AG.BY.AA	8.455	0.013693940431359124	254	-0.000636202946977937
Kostenki14_d.AG.BY.AA	8.465	-0.00895296402356736	247	-0.0006362041770741345
Kostenki14_d.AG.BY.AA	8.475	0.043897772311056446	271	-0.0006362053868275013
Kostenki14_d.AG.BY.AA	8.485	0.037998540856031125	257	-0.0006362065765744589
Kostenki14_d.AG.BY.AA	8.495	-0.015384615384615385	261	-0.0006362077466458651
Kostenki14_d.AG.BY.AA	8.504999999999999	0.03720817120622568	257	-0.0006362088973671063
Kostenki14_d.AG.BY.AA	8.515	0.0670570305606802	274	-0.0006362100290581876
Kostenki14_d.AG.BY.AA	8.525	0.017428651458093428	254	-0.000636211142033822
Kostenki14_d.AG.BY.AA	8.535	0.04603116182063551	286	-0.000636212236603518
Kostenki14_d.AG.BY.AA	8.545	0.025739771567756163	247	-0.0006362133130716654
Kostenki14_d.AG.BY.AA	8.555	-0.0005309440849510565	246	-0.0006362143717376206
Kostenki14_d.AG.BY.AA	8.565	0.0027536830510808195	270	-0.0006362154128957886
Kostenki14_d.AG.BY.AA	8.575	0.0008156095112616839	253	-0.0006362164368357063
Kostenki14_d.AG.BY.AA	8.584999999999999	0.09411428162769077	237	-0.0006362174438421219
Kostenki14_d.AG.BY.AA	8.595	-0.017300586828950228	215	-0.0006362184341950751
Kostenki14_d.AG.BY.AA	8.605	0.028280542986425336	273	-0.0006362194081699739
Kostenki14_d.AG.BY.AA	8.615	0.013044368401041208	262	-0.0006362203660376719
Kostenki14_d.AG.BY.AA	8.625	-0.020922399274517427	249	-0.0006362213080645435
Kostenki14_d.AG.BY.AA	8.635	-0.0028731879326106876	248	-0.0006362222345125577
Kostenki14_d.AG.BY.AA	8.645	0.05160311136406754	252	-0.0006362231456393515
Kostenki14_d.AG.BY.AA	8.655	0.062882096069869	230	-0.0006362240416983009
Kostenki14_d.AG.BY.AA	8.665	0.001646034086622542	242	-0.0006362249229385917
Kostenki14_d.AG.BY.AA	8.674999999999999	0.06360179744210162	264	-0.0006362257896052891
Kostenki14_d.AG.BY.AA	8.685	0.04993334141316204	223	-0.000636226641939405
Kostenki14_d.AG.BY.AA	8.695	-0.010655616397809679	233	-0.000636227480177966
Kostenki14_d.AG.BY.AA	8.705	0.0042500617741536946	285	-0.0006362283045540785
Kostenki14_d.AG.BY.AA	8.715	0.06081949801554028	268	-0.0006362291152969942
Kostenki14_d.AG.BY.AA	8.725	0.0010632238465919876	230	-0.0006362299126321733
Kostenki14_d.AG.BY.AA	8.735	0.018863241499131298	238	-0.0006362306967813474
Kostenki14_d.AG.BY.AA	8.745	0.07407140281283808	236	-0.0006362314679625812
Kostenki14_d.AG.BY.AA	8.754999999999999	-0.0047716806303057194	269	-0.0006362322263903336
Kostenki14_d.AG.BY.AA	8.765	0.0011904761904761901	225	-0.0006362329722755162
Kostenki14_d.AG.BY.AA	8.775	0.005814099190537053	283	-0.000636233705825553
Kostenki14_d.AG.BY.AA	8.785	-0.006663133186946317	282	-0.0006362344272444376
Kostenki14_d.AG.BY.AA	8.795	-0.012587412587412587	221	-0.0006362351367327901
Kostenki14_d.AG.BY.AA	8.805	0.022153128643606683	249	-0.0006362358344879128
Kostenki14_d.AG.BY.AA	8.815	0.008356848274365097	272	-0.0006362365207038449
Kostenki14_d.AG.BY.AA	8.825	0.0058287795992714025	306	-0.0006362371955714171
Kostenki14_d.AG.BY.AA	8.834999999999999	0.0008674907829104306	319	-0.0006362378592783038
Kostenki14_d.AG.BY.AA	8.845	0.003890362511052165	261	-0.000636238512009076
Kostenki14_d.AG.BY.AA	8.855	-0.008823529411764706	256	-0.0006362391539452521
Kostenki14_d.AG.BY.AA	8.865	-0.0007117437722419938	281	-0.0006362397852653488
Kostenki14_d.AG.BY.AA	8.875	0.033578016186711836	231	-0.0006362404061449303
Kostenki14_d.AG.BY.AA	8.885	-0.017167381974248927	234	-0.000636241016756658
Kostenki14_d.AG.BY.AA	8.895	-0.026350461133069828	253	-0.0006362416172703372
Kostenki14_d.AG.BY.AA	8.905	0.018076513518427137	278	-0.0006362422078529654
Kostenki14_d.AG.BY.AA	8.915	-0.009518190757128812	226	-0.0006362427886687783
Kostenki14_d.AG.BY.AA	8.924999999999999	-0.02271907681211684	236	-0.0006362433598792954
Kostenki14_d.AG.BY.AA	8.935	-0.012327773749093546	197	-0.0006362439216433653
Kostenki14_d.AG.BY.AA	8.945	-0.011338471078040572	213	-0.0006362444741172096
Kostenki14_d.AG.BY.AA	8.955	-0.013579781214635985	242	-0.0006362450174544661
Kostenki14_d.AG.BY.AA	8.965	-0.02739613327848622	221	-0.0006362455518062319
Kostenki14_d.AG.BY.AA	8.975	0.009113347256502754	230	-0.0006362460773211056
Kostenki14_d.AG.BY.AA	8.985	-0.007936507936507936	225	-0.000636246594145228
Kostenki14_d.AG.BY.AA	8.995	-0.006587301587301586	225	-0.0006362471024223233
Kostenki14_d.AG.BY.AA	9.004999999999999	-0.002905770029057702	220	-0.0006362476022937386
Kostenki14_d.AG.BY.AA	9.015	-0.002391708743024184	213	-0.0006362480938984838
Kostenki14_d.AG.BY.AA	9.025	-0.011709601873536299	245	-0.0006362485773732696
Kostenki14_d.AG.BY.AA	9.035	-0.02162075592568866	224	-0.0006362490528525461
Kostenki14_d.AG.BY.AA	9.045	0.021850460908159782	203	-0.0006362495204685395
Kostenki14_d.AG.BY.AA	9.055	-0.012693833393436708	236	-0.00063624998035129
Kostenki14_d.AG.BY.AA	9.065	-0.0007933645870897961	236	-0.0006362504326286866
Kostenki14_d.AG.BY.AA	9.075	0.01793028827575547	228	-0.0006362508774265034
Kostenki14_d.AG.BY.AA	9.084999999999999	-0.00640116384797236	235	-0.0006362513148684348
Kostenki14_d.AG.BY.AA	9.095	0.015325215325215325	260	-0.0006362517450761295
Kostenki14_d.AG.BY.AA	9.105	0.01215168657029122	259	-0.0006362521681692243
Kostenki14_d.AG.BY.AA	9.115	-0.015258281085279917	269	-0.0006362525842653775
Kostenki14_d.AG.BY.AA	9.125	0.04226153063362366	259	-0.0006362529934803018
Kostenki14_d.AG.BY.AA	9.135	0.034845393187882594	277	-0.0006362533959277961
Kostenki14_d.AG.BY.AA	9.145	-0.025846282634855857	277	-0.0006362537917197774
Kostenki14_d.AG.BY.AA	9.155	-0.008368200836820083	240	-0.0006362541809663119
Kostenki14_d.AG.BY.AA	9.165	-0.01471699032674642	287	-0.0006362545637756455
Kostenki14_d.AG.BY.AA	9.174999999999999	-0.014134524102528039	239	-0.000636254940254234
Kostenki14_d.AG.BY.AA	9.185	-0.013878601224123818	227	-0.0006362553105067727
Kostenki14_d.AG.BY.AA	9.195	-0.03076424870466321	193	-0.0006362556746362255
Kostenki14_d.AG.BY.AA	9.205	-0.013539074166251866	246	-0.0006362560327438535
Kostenki14_d.AG.BY.AA	9.215	0.039290240811153364	264	-0.0006362563849292432
Kostenki14_d.AG.BY.AA	9.225	-0.00571887550200803	250	-0.0006362567312903341
Kostenki14_d.AG.BY.AA	9.235	0.01492760113449769	232	-0.0006362570719234462
Kostenki14_d.AG.BY.AA	9.245	0.016839230856752756	188	-0.0006362574069233063
Kostenki14_d.AG.BY.AA	9.254999999999999	-0.007525083612040134	208	-0.0006362577363830752
Kostenki14_d.AG.BY.AA	9.265	-0.011190817790530846	205	-0.0006362580603943722
Kostenki14_d.AG.BY.AA	9.275	-0.0030637254901960784	256	-0.0006362583790473022
Kostenki14_d.AG.BY.AA	9.285	0.004743083003952569	231	-0.0006362586924304797
Kostenki14_d.AG.BY.AA	9.295	0.007000217060994139	272	-0.0006362590006310536
Kostenki14_d.AG.BY.AA	9.305	0.019098143236074273	261	-0.0006362593037347317
Kostenki14_d.AG.BY.AA	9.315	0.05848735408560311	257	-0.0006362596018258045
Kostenki14_d.AG.BY.AA	9.325	0.07406669985067198	246	-0.0006362598949871684
Kostenki14_d.AG.BY.AA	9.334999999999999	0.04002459612052099	268	-0.0006362601833003488
Kostenki14_d.AG.BY.AA	9.345	0.01995219123505976	251	-0.0006362604668455231
Kostenki14_d.AG.BY.AA	9.355	0.013036020583190392	265	-0.0006362607457015427
Kostenki14_d.AG.BY.AA	9.365	0.015496558505408061	226	-0.0006362610199459548
Kostenki14_d.AG.BY.AA	9.375	0.052447552447552455	209	-0.0006362612896550243
Kostenki14_d.AG.BY.AA	9.385	0.007550249974492399	243	-0.0006362615549037549
Kostenki14_d.AG.BY.AA	9.395	-0.018548574078367724	228	-0.00063626181576591
Kostenki14_d.AG.BY.AA	9.405	0.03312144529943124	245	-0.0006362620723140327
Kostenki14_d.AG.BY.AA	9.415	-0.011828344752975116	236	-0.0006362623246194669
Kostenki14_d.AG.BY.AA	9.424999999999999	-0.004254366323331839	232	-0.0006362625727523765
Kostenki14_d.AG.BY.AA	9.435	-0.007826831356243121	222	-0.0006362628167817649
Kostenki14_d.AG.BY.AA	9.445	-0.0069947293236786385	202	-0.0006362630567754945
Kostenki14_d.AG.BY.AA	9.455	0.007762352589938797	232	-0.0006362632928003055
Kostenki14_d.AG.BY.AA	9.465	0.008454106280193236	208	-0.0006362635249218341
Kostenki14_d.AG.BY.AA	9.475	-0.010922744339515303	188	-0.0006362637532046312
Kostenki14_d.AG.BY.AA	9.485	-0.018649410983905754	246	-0.0006362639777121804
Kostenki14_d.AG.BY.AA	9.495	-0.01671672978973488	248	-0.0006362641985069149
Kostenki14_d.AG.BY.AA	9.504999999999999	-0.0015807392996108963	257	-0.000636264415650236
Kostenki14_d.AG.BY.AA	9.515	0.000895656068069861	232	-0.000636264629202529
Kostenki14_d.AG.BY.AA	9.525	0.003890362511052167	261	-0.0006362648392231812
Kostenki14_d.AG.BY.AA	9.535	0.04223717799953586	279	-0.0006362650457705972
Kostenki14_d.AG.BY.AA	9.545	-0.017387293900611094	295	-0.000636265248902216
Kostenki14_d.AG.BY.AA	9.555	-0.0034188034188034205	261	-0.0006362654486745267
Kostenki14_d.AG.BY.AA	9.565	-9.746351209765764e-05	287	-0.0006362656451430843
Kostenki14_d.AG.BY.AA	9.575	0.0198399085191538	265	-0.0006362658383625246
Kostenki14_d.AG.BY.AA	9.584999999999999	-0.029258964143426294	251	-0.0006362660283865804
Kostenki14_d.AG.BY.AA	9.595	0.004408928079360706	191	-0.0006362662152680958
Kostenki14_d.AG.BY.AA	9.605	-0.020390237781542128	253	-0.0006362663990590405
Kostenki14_d.AG.BY.AA	9.615	-0.018588724471077414	222	-0.0006362665798105255
Kostenki14_d.AG.BY.AA	9.625	-0.012388430961322734	203	-0.0006362667575728158
Kostenki14_d.AG.BY.AA	9.635	0.019414447779813652	227	-0.0006362669323953457
Kostenki14_d.AG.BY.AA	9.645	0.01129099211290992	220	-0.0006362671043267316
Kostenki14_d.AG.BY.AA	9.655	-0.01990049751243781	201	-0.0006362672734147863
Kostenki14_d.AG.BY.AA	9.665	-0.016649426136643514	202	-0.0006362674397065315
Kostenki14_d.AG.BY.AA	9.674999999999999	-0.010877608406097382	233	-0.0006362676032482114
Kostenki14_d.AG.BY.AA	9.685	0.01716261578455869	282	-0.0006362677640853055
Kostenki14_d.AG.BY.AA	9.695	0.010097367472051928	236	-0.0006362679222625412
Kostenki14_d.AG.BY.AA	9.705	-0.02938487658351835	248	-0.000636268077823906
Kostenki14_d.AG.BY.AA	9.715	-0.01976020533736507	239	-0.0006362682308126603
Kostenki14_d.AG.BY.AA	9.725	0.03312412831241283	240	-0.0006362683812713487
Kostenki14_d.AG.BY.AA	9.735	-0.005637254901960784	256	-0.0006362685292418126
Kostenki14_d.AG.BY.AA	9.745	-0.011251352326000722	236	-0.0006362686747652012
Kostenki14_d.AG.BY.AA	9.754999999999999	0.0025964659213847823	236	-0.0006362688178819831
Kostenki14_d.AG.BY.AA	9.765	-0.0074425669261439144	230	-0.0006362689586319578
Kostenki14_d.AG.BY.AA	9.775	-0.007720588235294118	256	-0.0006362690970542668
Kostenki14_d.AG.BY.AA	9.785	-0.03738156761412575	216	-0.0006362692331874038
Kostenki14_d.AG.BY.AA	9.795	-0.012657782778383319	239	-0.0006362693670692264
Kostenki14_d.AG.BY.AA	9.805	0.019088132635253052	192	-0.000636269498736966
Kostenki14_d.AG.BY.AA	9.815	-0.019712675031823973	235	-0.0006362696282272379
Kostenki14_d.AG.BY.AA	9.825	0.018835366031996727	262	-0.0006362697555760524
Kostenki14_d.AG.BY.AA	9.834999999999999	-0.027643820011391682	230	-0.000636269880818824
Kostenki14_d.AG.BY.AA	9.845	-0.0177717019822283	210	-0.0006362700039903816
Kostenki14_d.AG.BY.AA	9.855	-0.010565117696572143	263	-0.000636270125124978
Kostenki14_d.AG.BY.AA	9.865	0.013190715765442014	218	-0.0006362702442562997
Kostenki14_d.AG.BY.AA	9.875	0.010821984435797665	257	-0.0006362703614174761
Kostenki14_d.AG.BY.AA	9.885	-0.006144043690977356	188	-0.0006362704766410887
Kostenki14_d.AG.BY.AA	9.895	-0.008145414787481209	271	-0.0006362705899591799
Kostenki14_d.AG.BY.AA	9.905	-0.01650709805216243	234	-0.0006362707014032627
Kostenki14_d.AG.BY.AA	9.915	0.002318168646769053	204	-0.0006362708110043286
Kostenki14_d.AG.BY.AA	9.924999999999999	-0.006346446424690284	215	-0.0006362709187928566
Kostenki14_d.AG.BY.AA	9.935	0.019786073648163024	218	-0.0006362710247988216
Kostenki14_d.AG.BY.AA	9.945	-0.012692892849380568	215	-0.0006362711290517032
Kostenki14_d.AG.BY.AA	9.955	-0.017624521072796932	261	-0.0006362712315804931
Kostenki14_d.AG.BY.AA	9.965	-0.01279879540749106	253	-0.0006362713324137035
Kostenki14_d.AG.BY.AA	9.975	-0.020184824902723733	257	-0.0006362714315793753
Kostenki14_d.AG.BY.AA	9.985	-0.018931710615280595	204	-0.0006362715291050856
Kostenki14_d.AG.BY.AA	9.995	-0.019416573764399852	208	-0.0006362716250179552
F6-620.AG.BY.AA	0.025	0.23643521515861943	1222	0.2258278190194905
F6-620.AG.BY.AA	0.035	0.20099476782686526	1049	0.2243287170496871
F6-620.AG.BY.AA	0.045	0.21941624517224473	915	0.22284001894548944
F6-620.AG.BY.AA	0.05500000000000001	0.21779141104294478	816	0.22136165250339054
F6-620.AG.BY.AA	0.065	0.24953256859871648	771	0.21989354602098055
F6-620.AG.BY.AA	0.075	0.23823327687276669	727	0.21843562829346888
F6-620.AG.BY.AA	0.085	0.17637351477607394	688	0.21698782861023094
F6-620.AG.BY.AA	0.095	0.1442987426474556	639	0.21555007675137847
F6-620.AG.BY.AA	0.10500000000000001	0.15864466143069414	673	0.2141223029843538
F6-620.AG.BY.AA	0.115	0.1442909969058939	631	0.2127044380605478
F6-620.AG.BY.AA	0.125	0.15649415692821367	600	0.21129641321194118
F6-620.AG.BY.AA	0.135	0.19218050962847696	583	0.2098981601477692
F6-620.AG.BY.AA	0.145	0.0997203881670152	584	0.20850961105120955
F6-620.AG.BY.AA	0.155	0.15168235012534168	564	0.207130698576093
F6-620.AG.BY.AA	0.16499999999999998	0.20649545568248143	537	0.2057613558436372
F6-620.AG.BY.AA	0.175	0.15779500660537235	548	0.20440151643920287
F6-620.AG.BY.AA	0.185	0.2042177210969409	559	0.20305111440907272
F6-620.AG.BY.AA	0.195	0.20733384262796029	561	0.20171008425725256
F6-620.AG.BY.AA	0.205	0.1668563135935619	493	0.20037836094229464
F6-620.AG.BY.AA	0.215	0.11796392785571143	500	0.1990558798741431
F6-620.AG.BY.AA	0.225	0.18093737967727255	535	0.19774257691100136
F6-620.AG.BY.AA	0.235	0.19621858936174907	522	0.19643838835622104
F6-620.AG.BY.AA	0.245	0.18991519639467805	463	0.19514325095521265
F6-620.AG.BY.AA	0.255	0.1773027649879524	502	0.19385710189237773
F6-620.AG.BY.AA	0.265	0.15678727921579255	471	0.19257987878806213
F6-620.AG.BY.AA	0.275	0.15338081764074543	555	0.19131151969553062
F6-620.AG.BY.AA	0.28500000000000003	0.16726006466972249	531	0.19005196309796235
F6-620.AG.BY.AA	0.29500000000000004	0.22974589405144527	439	0.1888011479054672
F6-620.AG.BY.AA	0.30500000000000005	0.2759795188957234	423	0.18755901345212286
F6-620.AG.BY.AA	0.315	0.2669784749339982	522	0.1863254994930326
F6-620.AG.BY.AA	0.325	0.2532795948211292	530	0.18510054620140304
F6-620.AG.BY.AA	0.335	0.17140860715949405	473	0.18388409416564275
F6-620.AG.BY.AA	0.34500000000000003	0.2154831158996248	418	0.1826760843864807
F6-620.AG.BY.AA	0.35500000000000004	0.10794501448707057	429	0.18147645827410447
F6-620.AG.BY.AA	0.36500000000000005	0.23135542426577618	459	0.18028515764531888
F6-620.AG.BY.AA	0.375	0.18159860162084857	435	0.179102124720724
F6-620.AG.BY.AA	0.385	0.23207281504576083	489	0.17792730212191252
F6-620.AG.BY.AA	0.395	0.220186815614251	504	0.17676063286868718
F6-620.AG.BY.AA	0.405	0.16523625389040839	461	0.17560206037629697
F6-620.AG.BY.AA	0.41500000000000004	0.18817859318450567	473	0.17445152845269268
F6-620.AG.BY.AA	0.42500000000000004	0.17474119311834366	464	0.17330898129580172
F6-620.AG.BY.AA	0.43500000000000005	0.17546618185391738	404	0.1721743634908214
F6-620.AG.BY.AA	0.445	0.2068550352116041	458	0.17104762000753151
F6-620.AG.BY.AA	0.455	0.15189451170457	452	0.16992869619762502
F6-620.AG.BY.AA	0.465	0.11394541137688127	452	0.16881753779205785
F6-620.AG.BY.AA	0.47500000000000003	0.18050234142188165	406	0.16771409089841655
F6-620.AG.BY.AA	0.48500000000000004	0.19574708743354824	421	0.16661830199830457
F6-620.AG.BY.AA	0.49500000000000005	0.1322247660360686	387	0.1655301179447465
F6-620.AG.BY.AA	0.505	0.12662876789935337	453	0.1644494859596105
F6-620.AG.BY.AA	0.515	0.17014275538969312	447	0.16337635363104833
F6-620.AG.BY.AA	0.525	0.12410943719453821	446	0.16231066891095336
F6-620.AG.BY.AA	0.535	0.16676056338028167	426	0.16125238011243634
F6-620.AG.BY.AA	0.545	0.10312898006953289	418	0.16020143590731833
F6-620.AG.BY.AA	0.555	0.13002270563246174	370	0.1591577853236413
F6-620.AG.BY.AA	0.5650000000000001	0.21180152772002012	428	0.158121377743196
F6-620.AG.BY.AA	0.5750000000000001	0.16690449764811582	477	0.15709216289906683
F6-620.AG.BY.AA	0.5850000000000001	0.17179162347882837	457	0.15607009087319385
F6-620.AG.BY.AA	0.5950000000000001	0.08629367301744174	468	0.15505511209395165
F6-620.AG.BY.AA	0.605	0.15442964917343446	382	0.15404717733374537
F6-620.AG.BY.AA	0.615	0.1402043307845531	395	0.15304623770662257
F6-620.AG.BY.AA	0.625	0.24402610206093608	358	0.15205224466590272
F6-620.AG.BY.AA	0.635	0.15540032534550874	383	0.15106515000182236
F6-620.AG.BY.AA	0.645	0.23438487685610354	410	0.15008490583919698
F6-620.AG.BY.AA	0.655	0.1447439176339432	391	0.14911146463509892
F6-620.AG.BY.AA	0.665	0.19676343556940573	469	0.14814477917655156
F6-620.AG.BY.AA	0.675	0.19011034419430373	362	0.14718480257823943
F6-620.AG.BY.AA	0.685	0.17332691381800672	403	0.14623148828023425
F6-620.AG.BY.AA	0.6950000000000001	0.23783824022034464	402	0.14528479004573658
F6-620.AG.BY.AA	0.7050000000000001	0.19001810057845903	398	0.1443446619588335
F6-620.AG.BY.AA	0.7150000000000001	0.1687844641572764	388	0.14341105842227148
F6-620.AG.BY.AA	0.725	0.18944531776330564	366	0.14248393415524488
F6-620.AG.BY.AA	0.735	0.1917638741604807	369	0.14156324419119987
F6-620.AG.BY.AA	0.745	0.18909780921166122	341	0.14064894387565338
F6-620.AG.BY.AA	0.755	0.22245358320319278	340	0.13974098886402744
F6-620.AG.BY.AA	0.765	0.22442011400191886	377	0.13883933511949825
F6-620.AG.BY.AA	0.775	0.1954448525056273	368	0.13794393891086057
F6-620.AG.BY.AA	0.785	0.13063007283493375	422	0.13705475681040644
F6-620.AG.BY.AA	0.795	0.058119658119658114	351	0.13617174569181914
F6-620.AG.BY.AA	0.805	0.13500388500388502	352	0.13529486272808136
F6-620.AG.BY.AA	0.8150000000000001	0.13304904051172708	336	0.13442406538939813
F6-620.AG.BY.AA	0.8250000000000001	0.08839054683456961	341	0.13355931144113395
F6-620.AG.BY.AA	0.8350000000000001	0.15374064837905238	401	0.13270055894176452
F6-620.AG.BY.AA	0.8450000000000001	0.11147948611686698	381	0.13184776624084246
F6-620.AG.BY.AA	0.855	0.07564469914040114	350	0.13100089197697717
F6-620.AG.BY.AA	0.865	0.16584708462961104	374	0.13015989507582887
F6-620.AG.BY.AA	0.875	0.08909026297085998	336	0.12932473474811626
F6-620.AG.BY.AA	0.885	0.11690052730360175	335	0.12849537048763846
F6-620.AG.BY.AA	0.895	0.12648418169651887	359	0.1276717620693102
F6-620.AG.BY.AA	0.905	0.10451063829787233	376	0.1268538695472109
F6-620.AG.BY.AA	0.915	0.11040163222125667	399	0.12604165325264735
F6-620.AG.BY.AA	0.925	0.13158306800981262	392	0.12523507379222965
F6-620.AG.BY.AA	0.935	0.09507539808077613	436	0.12443409204596055
F6-620.AG.BY.AA	0.9450000000000001	0.112236259084562	427	0.12363866916533814
F6-620.AG.BY.AA	0.9550000000000001	0.08457051961823966	369	0.1228487665714717
F6-620.AG.BY.AA	0.9650000000000001	0.13788232580933438	373	0.12206434595321049
F6-620.AG.BY.AA	0.9750000000000001	0.18199575917239608	395	0.12128536926528571
F6-620.AG.BY.AA	0.985	0.12721804511278198	400	0.12051179872646517
F6-620.AG.BY.AA	0.995	0.11992271849073759	420	0.11974359681772087
F6-620.AG.BY.AA	1.005	0.1623825102560108	393	0.11898072628040939
F6-620.AG.BY.AA	1.015	0.08384017758046615	425	0.11822315011446466
F6-620.AG.BY.AA	1.0250000000000001	0.09575692837220343	411	0.11747083157660354
F6-620.AG.BY.AA	1.0350000000000001	0.08630165878835251	402	0.11672373417854362
F6-620.AG.BY.AA	1.045	0.10193069939905383	396	0.11598182168523366
F6-620.AG.BY.AA	1.055	0.09150657229524772	345	0.11524505811309589
F6-620.AG.BY.AA	1.065	0.1442566844919786	375	0.11451340772828104
F6-620.AG.BY.AA	1.075	0.043265691363850875	326	0.11378683504493504
F6-620.AG.BY.AA	1.085	0.09983564575927836	324	0.11306530482347797
F6-620.AG.BY.AA	1.095	0.08743423088826989	360	0.11234878206889491
F6-620.AG.BY.AA	1.105	0.13758887013451998	343	0.11163723202903861
F6-620.AG.BY.AA	1.115	0.10189620605745243	362	0.11093062019294397
F6-620.AG.BY.AA	1.125	0.02791098844229774	341	0.11022891228915432
F6-620.AG.BY.AA	1.135	0.03909489396990878	368	0.10953207428405912
F6-620.AG.BY.AA	1.145	0.049052660633662586	319	0.10884007238024321
F6-620.AG.BY.AA	1.155	0.12011216700420627	393	0.10815287301484781
F6-620.AG.BY.AA	1.165	0.1668295861844249	342	0.10747044285794254
F6-620.AG.BY.AA	1.175	0.10585476606989988	402	0.1067927488109089
F6-620.AG.BY.AA	1.185	0.08134652090924865	340	0.10611975800483495
F6-620.AG.BY.AA	1.195	0.11426138782460621	406	0.10545143779892122
F6-620.AG.BY.AA	1.205	0.0587180306119942	404	0.10478775577889744
F6-620.AG.BY.AA	1.215	0.08055460847823616	420	0.10412867975545054
F6-620.AG.BY.AA	1.225	0.11545774384310202	366	0.10347417776266334
F6-620.AG.BY.AA	1.235	0.0981484269155502	365	0.10282421805646427
F6-620.AG.BY.AA	1.245	0.12468847352024923	321	0.10217876911308767
F6-620.AG.BY.AA	1.2550000000000001	0.06530373831775702	321	0.10153779962754483
F6-620.AG.BY.AA	1.2650000000000001	0.14467617073480266	308	0.10090127851210577
F6-620.AG.BY.AA	1.2750000000000001	0.08633733867378728	322	0.10026917489479138
F6-620.AG.BY.AA	1.2850000000000001	0.14584586168697578	356	0.09964145811787604
F6-620.AG.BY.AA	1.2950000000000002	0.12008666047663263	360	0.09901809773640083
F6-620.AG.BY.AA	1.305	0.14229839595693253	370	0.09839906351669679
F6-620.AG.BY.AA	1.315	0.022952477249747222	345	0.09778432543491855
F6-620.AG.BY.AA	1.325	0.1162842221870549	356	0.0971738536755883
F6-620.AG.BY.AA	1.335	0.09257552483358936	280	0.09656761863014951
F6-620.AG.BY.AA	1.345	0.07098862094164317	310	0.09596559089553101
F6-620.AG.BY.AA	1.355	0.18209202128316235	403	0.09536774127272082
F6-620.AG.BY.AA	1.365	0.13514760881674226	355	0.09477404076535005
F6-620.AG.BY.AA	1.375	0.12951577255374724	316	0.09418446057828651
F6-620.AG.BY.AA	1.385	0.16840177982159205	307	0.09359897211623806
F6-620.AG.BY.AA	1.395	0.12655906089508437	377	0.09301754698236578
F6-620.AG.BY.AA	1.405	0.05750712666382348	299	0.09244015697690672
F6-620.AG.BY.AA	1.415	0.02151053920391799	354	0.09186677409580604
F6-620.AG.BY.AA	1.425	0.11191588785046729	321	0.09129737052935892
F6-620.AG.BY.AA	1.435	0.17088172509859256	333	0.09073191866086171
F6-620.AG.BY.AA	1.445	0.09873814129133278	330	0.09017039106527246
F6-620.AG.BY.AA	1.455	0.06796667582166072	331	0.0896127605078808
F6-620.AG.BY.AA	1.465	0.113888614432039	349	0.0890589999429871
F6-620.AG.BY.AA	1.475	0.12331248192624386	363	0.08850908251259056
F6-620.AG.BY.AA	1.485	0.03830319797121496	349	0.08796298154508671
F6-620.AG.BY.AA	1.495	0.11711657061975532	315	0.08742067055397376
F6-620.AG.BY.AA	1.5050000000000001	0.13612597276264593	257	0.08688212323656794
F6-620.AG.BY.AA	1.5150000000000001	0.10934514504081988	304	0.08634731347272785
F6-620.AG.BY.AA	1.5250000000000001	0.0916100994173413	323	0.08581621532358759
F6-620.AG.BY.AA	1.5350000000000001	0.052535612535612536	325	0.08528880303029865
F6-620.AG.BY.AA	1.5450000000000002	0.13319317338609943	312	0.0847650510127806
F6-620.AG.BY.AA	1.5550000000000002	0.10300120479761199	334	0.08424493386848053
F6-620.AG.BY.AA	1.565	0.08581538772621575	315	0.08372842637114082
F6-620.AG.BY.AA	1.575	0.09961806100559828	277	0.08321550346957572
F6-620.AG.BY.AA	1.585	0.11190540825867945	258	0.08270614028645638
F6-620.AG.BY.AA	1.595	0.10921658986175116	280	0.0822003121171043
F6-620.AG.BY.AA	1.605	0.1046200535079663	317	0.08169799442829288
F6-620.AG.BY.AA	1.615	0.13934599602352046	308	0.0811991628570579
F6-620.AG.BY.AA	1.625	0.17678760217632347	279	0.08070379320951564
F6-620.AG.BY.AA	1.635	0.17008821831972956	312	0.0802118614596895
F6-620.AG.BY.AA	1.645	0.15745086403769037	334	0.07972334374834472
F6-620.AG.BY.AA	1.655	0.08182052655595898	318	0.0792382163818312
F6-620.AG.BY.AA	1.665	0.2689883070665989	281	0.07875645583093435
F6-620.AG.BY.AA	1.675	0.12387612387612389	287	0.07827803872973381
F6-620.AG.BY.AA	1.685	0.13312620627971566	292	0.07780294187447027
F6-620.AG.BY.AA	1.695	0.07106082497303677	314	0.07733114222242002
F6-620.AG.BY.AA	1.705	0.11401869158878504	321	0.07686261689077736
F6-620.AG.BY.AA	1.715	0.10626194198367205	304	0.07639734315554474
F6-620.AG.BY.AA	1.725	0.055700156168662154	340	0.07593529845043068
F6-620.AG.BY.AA	1.735	0.03651729826226471	298	0.07547646036575517
F6-620.AG.BY.AA	1.745	0.07456477593107393	319	0.0750208066473629
F6-620.AG.BY.AA	1.7550000000000001	0.03082266116778815	272	0.0745683151955438
F6-620.AG.BY.AA	1.7650000000000001	0.08043352934394096	295	0.07411896406396132
F6-620.AG.BY.AA	1.7750000000000001	0.022338049143708117	238	0.07367273145858784
F6-620.AG.BY.AA	1.7850000000000001	0.114742273761305	269	0.07322959573664771
F6-620.AG.BY.AA	1.7950000000000002	0.059661960449821555	299	0.07278953540556761
F6-620.AG.BY.AA	1.8050000000000002	0.11640577704747902	373	0.07235252912193406
F6-620.AG.BY.AA	1.815	0.11403919334160885	314	0.07191855569045827
F6-620.AG.BY.AA	1.825	0.1431872790437857	362	0.07148759406294808
F6-620.AG.BY.AA	1.835	0.04491236371522644	319	0.07105962333728728
F6-620.AG.BY.AA	1.845	0.05529595015576324	321	0.0706346227564216
F6-620.AG.BY.AA	1.855	0.10518397592868232	354	0.07021257170735212
F6-620.AG.BY.AA	1.865	0.11592682447052653	303	0.06979344972013551
F6-620.AG.BY.AA	1.875	0.12681159420289856	369	0.06937723646689115
F6-620.AG.BY.AA	1.885	0.0863170584689572	316	0.06896391176081522
F6-620.AG.BY.AA	1.895	0.006635700066357001	275	0.06855345555520169
F6-620.AG.BY.AA	1.905	0.061265969802555165	288	0.06814584794246996
F6-620.AG.BY.AA	1.915	0.030110607145699055	355	0.06774106915319932
F6-620.AG.BY.AA	1.925	0.026486660237865636	306	0.06733909955517015
F6-620.AG.BY.AA	1.935	0.08134394341290892	378	0.06693991965241168
F6-620.AG.BY.AA	1.945	0.11112012987012987	385	0.06654351008425655
F6-620.AG.BY.AA	1.955	0.06776936418630229	308	0.06614985162440158
F6-620.AG.BY.AA	1.965	0.08806730655290912	291	0.06575892517997543
F6-620.AG.BY.AA	1.975	0.179066592311982	323	0.06537071179061259
F6-620.AG.BY.AA	1.985	0.05607973421926911	301	0.06498519262753363
F6-620.AG.BY.AA	1.995	0.08461525269674676	342	0.06460234899263215
F6-620.AG.BY.AA	2.005	0.08607195738707382	323	0.0642221623175678
F6-620.AG.BY.AA	2.015	0.032650546742645926	302	0.06384461416286574
F6-620.AG.BY.AA	2.025	0.005160425567563037	346	0.06346968621702231
F6-620.AG.BY.AA	2.035	0.031987140847900344	316	0.06309736029561681
F6-620.AG.BY.AA	2.045	0.0755523285966186	311	0.06272761834042968
F6-620.AG.BY.AA	2.055	0.02299003322259136	301	0.06236044241856651
F6-620.AG.BY.AA	2.065	0.08701472556894244	333	0.061995814721588466
F6-620.AG.BY.AA	2.075	0.07339977851605758	301	0.06163371756464831
F6-620.AG.BY.AA	2.085	0.039322593969434126	270	0.0612741333856329
F6-620.AG.BY.AA	2.095	0.005817728488689195	278	0.06091704474431125
F6-620.AG.BY.AA	2.105	0.03408667114194078	328	0.06056243432148874
F6-620.AG.BY.AA	2.115	0.0030888030888030914	260	0.06021028491816706
F6-620.AG.BY.AA	2.125	0.07125669800829036	315	0.05986057945471014
F6-620.AG.BY.AA	2.1350000000000002	0.11177815894797027	265	0.05951330097001562
F6-620.AG.BY.AA	2.145	0.1535597952536063	308	0.059168432620692366
F6-620.AG.BY.AA	2.1550000000000002	0.03710144927536232	276	0.058825957680243415
F6-620.AG.BY.AA	2.165	0.07770667363197076	248	0.058485859538254865
F6-620.AG.BY.AA	2.1750000000000003	0.005125829859502859	255	0.05814812169959009
F6-620.AG.BY.AA	2.185	0.02796993978002289	284	0.05781272778358985
F6-620.AG.BY.AA	2.1950000000000003	0.04156674660271782	279	0.05747966152327768
F6-620.AG.BY.AA	2.205	0.08827901658090338	265	0.05714890676457111
F6-620.AG.BY.AA	2.215	0.13214342629482073	251	0.05682044746549794
F6-620.AG.BY.AA	2.225	0.056571260454755606	309	0.056494267695418356
F6-620.AG.BY.AA	2.235	0.06343055628283675	339	0.05617035163425225
F6-620.AG.BY.AA	2.245	0.13090688504701242	315	0.055848683571711834
F6-620.AG.BY.AA	2.255	0.034211307186119984	339	0.05552924790653982
F6-620.AG.BY.AA	2.265	0.09720849220919832	292	0.05521202914575262
F6-620.AG.BY.AA	2.275	0.19822999385043183	274	0.05489701190388899
F6-620.AG.BY.AA	2.285	0.08635942159737364	283	0.05458418090226371
F6-620.AG.BY.AA	2.295	0.08105225737646642	291	0.054273520968226796
F6-620.AG.BY.AA	2.305	0.03444526809982703	285	0.053965017034427284
F6-620.AG.BY.AA	2.315	0.030841058562097373	299	0.05365865413808272
F6-620.AG.BY.AA	2.325	0.05945273631840795	336	0.05335441742025326
F6-620.AG.BY.AA	2.335	0.13524590163934427	305	0.05305229212512111
F6-620.AG.BY.AA	2.345	0.040203772545779976	270	0.052752263599274825
F6-620.AG.BY.AA	2.355	0.0390840605653763	328	0.052454317290998594
F6-620.AG.BY.AA	2.365	0.07221592850335365	334	0.0521584387495664
F6-620.AG.BY.AA	2.375	0.10974978429680758	305	0.05186461362454133
F6-620.AG.BY.AA	2.3850000000000002	0.006029157400543612	285	0.051572827665079306
F6-620.AG.BY.AA	2.395	0.09662898039622446	311	0.05128306671923815
F6-620.AG.BY.AA	2.4050000000000002	0.011547991958483331	293	0.05099531673329102
F6-620.AG.BY.AA	2.415	0.02689269083869618	277	0.05070956375104487
F6-620.AG.BY.AA	2.4250000000000003	-0.001226108907320592	236	0.05042579391316355
F6-620.AG.BY.AA	2.435	-0.031524805043968804	246	0.050143993456495645
F6-620.AG.BY.AA	2.4450000000000003	0.061098999385097	268	0.04986414871340683
F6-620.AG.BY.AA	2.455	0.11079491557579207	252	0.04958624611111714
F6-620.AG.BY.AA	2.465	0.03797001720324404	313	0.049310272171042537
F6-620.AG.BY.AA	2.475	0.025452562138015222	278	0.04903621350814122
F6-620.AG.BY.AA	2.485	0.0018136260589428474	290	0.04876405683026454
F6-620.AG.BY.AA	2.495	0.044842870263147386	317	0.04849378893751211
F6-620.AG.BY.AA	2.505	0.06018860188601886	271	0.04822539672159182
F6-620.AG.BY.AA	2.515	0.0006556947085437026	303	0.04795886716518389
F6-620.AG.BY.AA	2.525	0.07863873635685716	298	0.047694187341309646
F6-620.AG.BY.AA	2.535	0.05279654523925611	294	0.047431344412704426
F6-620.AG.BY.AA	2.545	0.016129032258064516	280	0.0471703256311951
F6-620.AG.BY.AA	2.555	0.05164596885472107	267	0.04691111833708162
F6-620.AG.BY.AA	2.565	0.01899606545873744	283	0.04665370995852313
F6-620.AG.BY.AA	2.575	0.1015852343257158	314	0.04639808801092815
F6-620.AG.BY.AA	2.585	0.05574778931180316	289	0.04614424009634909
F6-620.AG.BY.AA	2.595	0.009705793145283591	315	0.04589215390288093
F6-620.AG.BY.AA	2.605	0.016892168921689214	271	0.045641817204064065
F6-620.AG.BY.AA	2.615	0.06561691113028473	305	0.04539321785829131
F6-620.AG.BY.AA	2.625	0.02843247287691732	243	0.04514634380821907
F6-620.AG.BY.AA	2.6350000000000002	0.010051768766177744	305	0.04490118308018242
F6-620.AG.BY.AA	2.645	0.044685150220278906	348	0.044657723783614545
F6-620.AG.BY.AA	2.6550000000000002	0.11854122756594496	307	0.044415954110469884
F6-620.AG.BY.AA	2.665	0.014132209254160475	287	0.044175862334651504
F6-620.AG.BY.AA	2.6750000000000003	0.009987840889352095	304	0.043937436811442326
F6-620.AG.BY.AA	2.685	0.02601923957856162	296	0.04370066597694041
F6-620.AG.BY.AA	2.6950000000000003	0.044825614636935386	265	0.04346553834749802
F6-620.AG.BY.AA	2.705	0.017463235294117647	256	0.04323204251916469
F6-620.AG.BY.AA	2.715	0.06646116833320803	283	0.043000167167134125
F6-620.AG.BY.AA	2.725	-0.008261583636092173	284	0.04276990104519489
F6-620.AG.BY.AA	2.735	0.09106311895955137	290	0.04254123298518508
F6-620.AG.BY.AA	2.745	-0.012596929893970564	356	0.04231415189645045
F6-620.AG.BY.AA	2.755	0.04065040650406504	288	0.0420886467653067
F6-620.AG.BY.AA	2.765	-0.007408606211001422	334	0.04186470665450519
F6-620.AG.BY.AA	2.775	0.013558371125344804	293	0.0416423207027025
F6-620.AG.BY.AA	2.785	0.01879151879151879	297	0.04142147812393364
F6-620.AG.BY.AA	2.795	-0.003708657587548639	257	0.04120216820708894
F6-620.AG.BY.AA	2.805	0.011752506049083995	264	0.04098438031539452
F6-620.AG.BY.AA	2.815	0.02990623092714864	269	0.040768103885896384
F6-620.AG.BY.AA	2.825	-0.006428801028608165	306	0.04055332842894817
F6-620.AG.BY.AA	2.835	0.045328511151295964	316	0.04034004352770231
F6-620.AG.BY.AA	2.845	0.039181984562743695	355	0.04012823883760486
F6-620.AG.BY.AA	2.855	0.03769443158237725	342	0.03991790408589375
F6-620.AG.BY.AA	2.865	0.03240458274015321	298	0.03970902907110052
F6-620.AG.BY.AA	2.875	0.09881358686819437	294	0.03950160366255565
F6-620.AG.BY.AA	2.8850000000000002	0.03614481143940713	322	0.03929561779989702
F6-620.AG.BY.AA	2.895	0.05342201244368161	237	0.03909106149258219
F6-620.AG.BY.AA	2.9050000000000002	0.02145962878114919	293	0.038887924819403626
F6-620.AG.BY.AA	2.915	0.03410358565737052	251	0.038686197928007725
F6-620.AG.BY.AA	2.9250000000000003	0.044692041953253867	254	0.03848587103441679
F6-620.AG.BY.AA	2.935	0.06105610561056106	304	0.03828693442255459
F6-620.AG.BY.AA	2.9450000000000003	0.027870600782083185	291	0.038089378443775114
F6-620.AG.BY.AA	2.955	0.07627264883520275	305	0.03789319351639457
F6-620.AG.BY.AA	2.965	0.017517517517517518	297	0.03769837012522669
F6-620.AG.BY.AA	2.975	0.06472355006556961	308	0.03750489882112117
F6-620.AG.BY.AA	2.985	0.012634372926343729	275	0.03731277022050552
F6-620.AG.BY.AA	2.995	0.005863490609253321	296	0.037121975004929766
F6-620.AG.BY.AA	3.005	-0.018608134577716325	264	0.03693250392061462
F6-620.AG.BY.AA	3.015	0.026391063785363822	310	0.036744347778002645
F6-620.AG.BY.AA	3.025	0.0175612169181301	312	0.03655749745131252
F6-620.AG.BY.AA	3.035	0.03882709807886754	345	0.03637194387809643
F6-620.AG.BY.AA	3.045	0.06702160977137489	310	0.03618767805880057
F6-620.AG.BY.AA	3.055	0.03571320845775646	258	0.03600469105632855
F6-620.AG.BY.AA	3.065	0.00988547317661242	316	0.03582297399560814
F6-620.AG.BY.AA	3.075	0.03399897593445981	280	0.035642518063160565
F6-620.AG.BY.AA	3.085	0.00546309594210245	267	0.03546331450667325
F6-620.AG.BY.AA	3.095	0.02973735619709138	272	0.0352853546345752
F6-620.AG.BY.AA	3.105	0.023844113916753142	295	0.03510862981561551
F6-620.AG.BY.AA	3.115	0.024062278839348902	315	0.03493313147844472
F6-620.AG.BY.AA	3.125	-0.02882508935777701	295	0.03475885111119908
F6-620.AG.BY.AA	3.1350000000000002	-0.023821132548582574	294	0.034585780261087745
F6-620.AG.BY.AA	3.145	0.08337103731185716	258	0.034413910533982794
F6-620.AG.BY.AA	3.1550000000000002	0.016607516607516606	297	0.03424323359401208
F6-620.AG.BY.AA	3.165	0.010094431781178768	333	0.03407374116315497
F6-620.AG.BY.AA	3.1750000000000003	-0.00897847410832529	299	0.033905425020840846
F6-620.AG.BY.AA	3.185	0.01991241397801412	335	0.03373827700355035
F6-620.AG.BY.AA	3.1950000000000003	-0.002895665550628904	258	0.03357228900441953
F6-620.AG.BY.AA	3.205	-0.01040143019665204	294	0.033407452972846564
F6-620.AG.BY.AA	3.2150000000000003	0.05727660746248107	270	0.03324376091410134
F6-620.AG.BY.AA	3.225	0.01783102319426064	294	0.0330812048889377
F6-620.AG.BY.AA	3.235	0.011122144985104271	266	0.03291977701320838
F6-620.AG.BY.AA	3.245	-0.011873716917272372	269	0.03275946945748259
F6-620.AG.BY.AA	3.255	0.13082554609844652	318	0.03260027444666633
F6-620.AG.BY.AA	3.265	0.06481110130745167	274	0.03244218425962522
F6-620.AG.BY.AA	3.275	0.04596869061623382	258	0.03228519122881012
F6-620.AG.BY.AA	3.285	0.08150233651641366	263	0.03212928773988511
F6-620.AG.BY.AA	3.295	0.057511036869108696	290	0.031974466231358335
F6-620.AG.BY.AA	3.305	0.006430868167202572	312	0.0318207191942151
F6-620.AG.BY.AA	3.315	0.002931564782775854	289	0.03166803917155385
F6-620.AG.BY.AA	3.325	0.04003729936710117	318	0.03151641875822434
F6-620.AG.BY.AA	3.335	0.0690796157083563	263	0.0313658506004686
F6-620.AG.BY.AA	3.345	0.03874538745387454	272	0.0312163273955642
F6-620.AG.BY.AA	3.355	-0.026982950333580433	285	0.03106784189147009
F6-620.AG.BY.AA	3.365	-0.0032016496635554575	272	0.030920386886474853
F6-620.AG.BY.AA	3.375	0.035986159169550176	290	0.030773955228847426
F6-620.AG.BY.AA	3.3850000000000002	-0.027976111479761114	275	0.030628539816490212
F6-620.AG.BY.AA	3.395	0.02349186417621514	277	0.030484133596594645
F6-620.AG.BY.AA	3.4050000000000002	-0.005773154830040311	284	0.030340729565299117
F6-620.AG.BY.AA	3.415	-0.012015810276679842	276	0.030198320767349282
F6-620.AG.BY.AA	3.4250000000000003	0.00040950040950040915	297	0.03005690029576067
F6-620.AG.BY.AA	3.435	0.0014906547414287364	324	0.0299164612914838
F6-620.AG.BY.AA	3.4450000000000003	-0.026359214868855306	304	0.029776996943071392
F6-620.AG.BY.AA	3.455	0.01697951171635382	286	0.029638500486348085
F6-620.AG.BY.AA	3.4650000000000003	0.015836464266957537	223	0.029500965204082318
F6-620.AG.BY.AA	3.475	0.02657876837754408	277	0.029364384425660563
F6-620.AG.BY.AA	3.485	0.008077893977641545	236	0.029228751526763797
F6-620.AG.BY.AA	3.495	0.01063900970224155	245	0.029094059929046172
F6-620.AG.BY.AA	3.505	0.02498784046692607	257	0.028960303099816023
F6-620.AG.BY.AA	3.515	0.10131332082551595	287	0.028827474551718968
F6-620.AG.BY.AA	3.525	0.05116554106626	254	0.028695567842423317
F6-620.AG.BY.AA	3.535	-0.007720588235294118	256	0.028564576574307547
F6-620.AG.BY.AA	3.545	0.03342739309746039	272	0.02843449439415008
F6-620.AG.BY.AA	3.555	0.021521521521521522	297	0.02830531499282108
F6-620.AG.BY.AA	3.565	0.028604196181609663	244	0.02817703210497651
F6-620.AG.BY.AA	3.575	-0.00966183574879227	208	0.02804963950875422
F6-620.AG.BY.AA	3.585	-0.030519790176442536	234	0.027923131025472184
F6-620.AG.BY.AA	3.595	-0.0022549554464448094	235	0.027797500519328847
F6-620.AG.BY.AA	3.605	-0.015389762462361994	245	0.027672741897105495
F6-620.AG.BY.AA	3.615	0.0005783132530120487	250	0.027548849107870768
F6-620.AG.BY.AA	3.625	0.004971414367387519	298	0.027425816142687173
F6-620.AG.BY.AA	3.6350000000000002	-0.02805808515874969	239	0.02730363703431961
F6-620.AG.BY.AA	3.645	0.031924019607843135	256	0.02718230585694599
F6-620.AG.BY.AA	3.6550000000000002	0.05111793821471241	217	0.02706181672586984
F6-620.AG.BY.AA	3.665	-0.008977006746523474	270	0.026942163797234832
F6-620.AG.BY.AA	3.6750000000000003	-0.021220159151193636	261	0.026823341267741385
F6-620.AG.BY.AA	3.685	0.011122144985104271	266	0.026705343374365226
F6-620.AG.BY.AA	3.6950000000000003	0.0004113533525298237	221	0.026588164394077823
F6-620.AG.BY.AA	3.705	0.03338102050548403	234	0.02647179864356885
F6-620.AG.BY.AA	3.7150000000000003	0.018588724471077414	222	0.02635624047897049
F6-620.AG.BY.AA	3.725	-0.019549242291058682	239	0.026241484295583782
F6-620.AG.BY.AA	3.735	0.05906532599759692	252	0.026127524527606742
F6-620.AG.BY.AA	3.745	0.07667775453516683	242	0.026014355647864355
F6-620.AG.BY.AA	3.755	0.01148260722728808	189	0.025901972167540636
F6-620.AG.BY.AA	3.765	0.013154036278329352	219	0.025790368635912303
F6-620.AG.BY.AA	3.775	-0.003743675236173261	262	0.02567953964008446
F6-620.AG.BY.AA	3.785	-0.01652262328418912	281	0.025569479804728026
F6-620.AG.BY.AA	3.795	0.020759779692133877	292	0.02546018379181913
F6-620.AG.BY.AA	3.805	0.026948661095002557	287	0.02535164630038004
F6-620.AG.BY.AA	3.815	0.02562914929751428	255	0.025243862066222224
F6-620.AG.BY.AA	3.825	0.002371541501976284	276	0.025136825861690935
F6-620.AG.BY.AA	3.835	0.012777089357015006	270	0.025030532495411702
F6-620.AG.BY.AA	3.845	0.007691100298226338	277	0.02492497681203851
F6-620.AG.BY.AA	3.855	0.025554178714030013	270	0.024820153692003816
F6-620.AG.BY.AA	3.865	0.0005940005940005919	260	0.02471605805127019
F6-620.AG.BY.AA	3.875	-0.002986114567262233	284	0.02461268484108376
F6-620.AG.BY.AA	3.8850000000000002	-0.005046206225680933	257	0.02451002904772932
F6-620.AG.BY.AA	3.895	-0.02462305447470817	257	0.024408085692287196
F6-620.AG.BY.AA	3.9050000000000002	0.0024419120911647178	233	0.02430684983039172
F6-620.AG.BY.AA	3.915	0.024024994613229905	273	0.024206316551991486
F6-620.AG.BY.AA	3.9250000000000003	-0.011701608971233545	294	0.024106480981111116
F6-620.AG.BY.AA	3.935	0.09550827423167849	235	0.02400733827561485
F6-620.AG.BY.AA	3.9450000000000003	0.03577617530325898	268	0.023908883626971654
F6-620.AG.BY.AA	3.955	-0.014304536043666478	253	0.023811112260022006
F6-620.AG.BY.AA	3.9650000000000003	-0.008030875989240184	227	0.02371401943274634
F6-620.AG.BY.AA	3.975	-0.0055210489993098725	253	0.02361760043603498
F6-620.AG.BY.AA	3.9850000000000003	-0.04109415296156936	218	0.023521850593459785
F6-620.AG.BY.AA	3.995	0.008152756919116069	237	0.02342676526104733
F6-620.AG.BY.AA	4.005	0.09791692144633321	222	0.023332339827053683
F6-620.AG.BY.AA	4.015	-0.002341920374707259	245	0.023238569711740695
F6-620.AG.BY.AA	4.0249999999999995	0.013192464643076753	268	0.023145450367153937
F6-620.AG.BY.AA	4.034999999999999	-0.026664253612041142	258	0.023052977276902014
F6-620.AG.BY.AA	4.045	-0.004881025015253205	298	0.02296114595593765
F6-620.AG.BY.AA	4.055	-0.014814306779602897	242	0.022869951950340063
F6-620.AG.BY.AA	4.0649999999999995	-0.00789481322381215	263	0.02277939083709897
F6-620.AG.BY.AA	4.074999999999999	0.0133195204972621	233	0.02268945822390006
F6-620.AG.BY.AA	4.085	-0.005953408110440037	305	0.02260014974891198
F6-620.AG.BY.AA	4.095	-0.01561455576054116	274	0.022511461080574797
F6-620.AG.BY.AA	4.1049999999999995	-0.0007767852188869769	269	0.02242338791738984
F6-620.AG.BY.AA	4.114999999999999	0.009362840466926071	257	0.022335925987711152
F6-620.AG.BY.AA	4.125	0.02040608101214162	243	0.02224907104953825
F6-620.AG.BY.AA	4.135	-0.0035016049022468607	299	0.022162818890310458
F6-620.AG.BY.AA	4.145	-0.023296158612143746	270	0.022077165326702494
F6-620.AG.BY.AA	4.154999999999999	-0.011177278973889144	296	0.02199210620442167
F6-620.AG.BY.AA	4.165	0.02116991643454039	360	0.021907637398006316
F6-620.AG.BY.AA	4.175	0.020413903958207757	316	0.02182375481062579
F6-620.AG.BY.AA	4.185	0.03876533323626834	332	0.02174045437388167
F6-620.AG.BY.AA	4.194999999999999	0.07592999592999593	351	0.021657732047610526
F6-620.AG.BY.AA	4.205	0.04058270296963031	299	0.02157558381968788
F6-620.AG.BY.AA	4.215	0.0008714325729046717	254	0.02149400570583372
F6-620.AG.BY.AA	4.225	-0.008710801393728223	288	0.02141299374941915
F6-620.AG.BY.AA	4.234999999999999	0.047805852683901466	287	0.021332544021274553
F6-620.AG.BY.AA	4.244999999999999	0.04857496902106567	270	0.02125265261949901
F6-620.AG.BY.AA	4.255	0.024907749077490774	272	0.021173315669271026
F6-620.AG.BY.AA	4.265	0.015928322548531607	246	0.021094529322660673
F6-620.AG.BY.AA	4.2749999999999995	0.0204323570432357	240	0.02101628975844285
F6-620.AG.BY.AA	4.284999999999999	0.03199612168222034	223	0.02093859318191204
F6-620.AG.BY.AA	4.295	-0.031187333512914913	259	0.020861435824698203
F6-620.AG.BY.AA	4.305	-0.014099709910274573	244	0.020784813944584087
F6-620.AG.BY.AA	4.3149999999999995	0.05001316135825217	262	0.020708723825323613
F6-620.AG.BY.AA	4.324999999999999	0.002962377801915672	247	0.020633161776461732
F6-620.AG.BY.AA	4.335	-0.04768717215069146	234	0.020558124133155355
F6-620.AG.BY.AA	4.345	-0.0348334401024984	224	0.020483607255995698
F6-620.AG.BY.AA	4.3549999999999995	-0.028531727651690594	255	0.02040960753083166
F6-620.AG.BY.AA	4.364999999999999	-0.03274096666770408	254	0.02033612136859462
F6-620.AG.BY.AA	4.375	0.018492065553333506	278	0.02026314520512429
F6-620.AG.BY.AA	4.385	0.006315543253674318	227	0.020190675500995937
F6-620.AG.BY.AA	4.395	0.0010317460317460306	225	0.02011870874134864
F6-620.AG.BY.AA	4.404999999999999	-0.02861230329041488	234	0.020047241435714833
F6-620.AG.BY.AA	4.415	-0.008373205741626793	209	0.01997627011785103
F6-620.AG.BY.AA	4.425	-0.026046793367153785	282	0.019905791345569714
F6-620.AG.BY.AA	4.435	0.002791802791802792	260	0.019835801700572364
F6-620.AG.BY.AA	4.444999999999999	-0.012104369306777827	255	0.01976629778828367
F6-620.AG.BY.AA	4.455	-0.04009084625259208	247	0.019697276237686905
F6-620.AG.BY.AA	4.465	-0.017305801376597835	226	0.01962873370116041
F6-620.AG.BY.AA	4.475	0.05063402220174631	214	0.019560666854315262
F6-620.AG.BY.AA	4.484999999999999	0.02192571222502705	236	0.019493072395833963
F6-620.AG.BY.AA	4.495	0.021503235440517666	246	0.019425947047310432
F6-620.AG.BY.AA	4.505	0.02708931673935397	238	0.019359287553090906
F6-620.AG.BY.AA	4.515	0.09531402249977855	213	0.019293090680116087
F6-620.AG.BY.AA	4.5249999999999995	0.02165887275412257	239	0.019227353217764316
F6-620.AG.BY.AA	4.534999999999999	0.01870117334781166	258	0.019162071977695837
F6-620.AG.BY.AA	4.545	0.026470671059671647	267	0.019097243793698225
F6-620.AG.BY.AA	4.555	0.03302418621567558	235	0.019032865521532733
F6-620.AG.BY.AA	4.5649999999999995	0.03500065299725741	248	0.018968934038781866
F6-620.AG.BY.AA	4.574999999999999	0.007490424173641652	266	0.018905446244697886
F6-620.AG.BY.AA	4.585	0.031549958557257826	274	0.01884239906005246
F6-620.AG.BY.AA	4.595	0.013399993197973	243	0.018779789426987305
F6-620.AG.BY.AA	4.6049999999999995	0.0313588850174216	288	0.018717614308865878
F6-620.AG.BY.AA	4.614999999999999	0.028880866425992777	277	0.018655870690126065
F6-620.AG.BY.AA	4.625	0.001871607711023768	274	0.01859455557613398
F6-620.AG.BY.AA	4.635	0.033184005309440844	246	0.01853366599303867
F6-620.AG.BY.AA	4.645	0.00012254901960784314	256	0.01847319898762792
F6-620.AG.BY.AA	4.654999999999999	0.014430014430014432	253	0.018413151627184987
F6-620.AG.BY.AA	4.665	-0.0150093808630394	247	0.01835352099934638
F6-620.AG.BY.AA	4.675	0.020711974110032363	310	0.018294304211960613
F6-620.AG.BY.AA	4.685	0.014074315279134558	333	0.018235498392947892
F6-620.AG.BY.AA	4.694999999999999	-0.01026466182100649	269	0.018177100690160868
F6-620.AG.BY.AA	4.705	0.10718017614569339	232	0.018119108271246256
F6-620.AG.BY.AA	4.715	0.009714632665452342	244	0.018061518323507525
F6-620.AG.BY.AA	4.725	-0.0032840722495894883	204	0.018004328053768417
F6-620.AG.BY.AA	4.734999999999999	-0.009684164190601963	234	0.017947534688237503
F6-620.AG.BY.AA	4.745	0.009714632665452342	244	0.017891135472373632
F6-620.AG.BY.AA	4.755	0.00374111485222597	243	0.01783512767075239
F6-620.AG.BY.AA	4.765	-0.003709714815673549	228	0.017779508566933354
F6-620.AG.BY.AA	4.7749999999999995	0.030659760372521317	277	0.01772427546332838
F6-620.AG.BY.AA	4.784999999999999	0.027111574556830033	274	0.017669425681070765
F6-620.AG.BY.AA	4.795	0.014978684180205093	264	0.017614956559885313
F6-620.AG.BY.AA	4.805	-0.002019473494410388	236	0.017560865457959325
F6-620.AG.BY.AA	4.8149999999999995	0.005066776813988711	270	0.017507149751814437
F6-620.AG.BY.AA	4.824999999999999	-0.010143954650555677	328	0.017453806836179406
F6-620.AG.BY.AA	4.835	-0.018218562422706842	258	0.017400834123863736
F6-620.AG.BY.AA	4.845	0.05121850475010327	270	0.017348229045632216
F6-620.AG.BY.AA	4.8549999999999995	0.013964610234337637	205	0.017295989050080274
F6-620.AG.BY.AA	4.864999999999999	-0.016456234926939987	266	0.01724411160351027
F6-620.AG.BY.AA	4.875	0.02153000458085204	296	0.01719259418980857
F6-620.AG.BY.AA	4.885	-0.03747116697264981	292	0.01714143431032357
F6-620.AG.BY.AA	4.895	-0.010024308949201814	283	0.017090629483744433
F6-620.AG.BY.AA	4.904999999999999	0.022207357859531776	300	0.017040177245980802
F6-620.AG.BY.AA	4.915	-0.0021801106825423433	268	0.016990075150043252
F6-620.AG.BY.AA	4.925	-0.025381086280893892	233	0.01694032076592466
F6-620.AG.BY.AA	4.935	-0.02131296599381706	235	0.016890911680482262
F6-620.AG.BY.AA	4.944999999999999	-0.023342175066312996	261	0.016841845497320703
F6-620.AG.BY.AA	4.955	-0.02755227552275523	271	0.016793119836675738
F6-620.AG.BY.AA	4.965	-0.004445614342955746	262	0.01674473233529887
F6-620.AG.BY.AA	4.975	0.058598726114649675	315	0.016696680646342686
F6-620.AG.BY.AA	4.984999999999999	0.028239043824701198	251	0.01664896243924703
F6-620.AG.BY.AA	4.995	-0.014571948998178508	244	0.016601575399626024
F6-620.AG.BY.AA	5.005	0.03305785123966942	243	0.01655451722915575
F6-620.AG.BY.AA	5.015	-0.010041841004184102	240	0.016507785645462823
F6-620.AG.BY.AA	5.0249999999999995	-0.033179825778172335	269	0.016461378382013666
F6-620.AG.BY.AA	5.034999999999999	-0.01912527798369162	285	0.016415293188004602
F6-620.AG.BY.AA	5.045	-0.030263812842210053	246	0.01636952782825267
F6-620.AG.BY.AA	5.055	-0.013539074166251868	246	0.016324080083087243
F6-620.AG.BY.AA	5.0649999999999995	0.007705367637455923	248	0.01627894774824233
F6-620.AG.BY.AA	5.074999999999999	-0.014453665283540803	241	0.016234128634749715
F6-620.AG.BY.AA	5.085	0.019785567230822705	274	0.016189620568832733
F6-620.AG.BY.AA	5.095	-0.026350461133069828	231	0.016145421391800897
F6-620.AG.BY.AA	5.1049999999999995	0.0	276	0.016101528959945172
F6-620.AG.BY.AA	5.114999999999999	0.001646034086622542	242	0.016057941144433985
F6-620.AG.BY.AA	5.125	-0.027033876826898708	267	0.01601465583121001
F6-620.AG.BY.AA	5.135	-0.04548622574373647	234	0.015971670920887606
F6-620.AG.BY.AA	5.145	-0.04730290456431536	241	0.015928984328651023
F6-620.AG.BY.AA	5.154999999999999	-0.019357068786726585	264	0.01588659398415324
F6-620.AG.BY.AA	5.165	0.0	216	0.01584449783141561
F6-620.AG.BY.AA	5.175	0.054006539854435494	239	0.015802693828728086
F6-620.AG.BY.AA	5.185	0.027078148332503736	246	0.015761179948550252
F6-620.AG.BY.AA	5.194999999999999	0.00835836489486744	248	0.01571995417741292
F6-620.AG.BY.AA	5.205	0.007356360715342661	218	0.01567901451582053
F6-620.AG.BY.AA	5.215	-0.03189671539775964	230	0.015638358978154156
F6-620.AG.BY.AA	5.225	0.056486286137879906	285	0.015597985592575185
F6-620.AG.BY.AA	5.234999999999999	-0.005192931842769565	236	0.015557892400929701
F6-620.AG.BY.AA	5.245	0.018952355883127138	262	0.015518077458653495
F6-620.AG.BY.AA	5.255	0.04772849153451313	229	0.015478538834677771
F6-620.AG.BY.AA	5.265	-0.0036317208114626186	266	0.01543927461133547
F6-620.AG.BY.AA	5.2749999999999995	0.004401892813909981	234	0.015400282884268271
F6-620.AG.BY.AA	5.284999999999999	0.05625676163000361	236	0.015361561762334223
F6-620.AG.BY.AA	5.295	0.010624169986719788	252	0.015323109367516019
F6-620.AG.BY.AA	5.305	-0.00496894409937888	231	0.015284923834829926
F6-620.AG.BY.AA	5.3149999999999995	0.02442026169192901	249	0.015247003312235309
F6-620.AG.BY.AA	5.324999999999999	0.055616392898622864	246	0.01520934596054482
F6-620.AG.BY.AA	5.335	-0.01962093286506255	263	0.015171949953335193
F6-620.AG.BY.AA	5.345	0.03919678714859438	250	0.015134813476858657
F6-620.AG.BY.AA	5.3549999999999995	-0.006295655517108805	289	0.015097934729954972
F6-620.AG.BY.AA	5.364999999999999	0.014021869931460262	277	0.01506131192396406
F6-620.AG.BY.AA	5.375	-0.013743708865660086	288	0.015024943282639265
F6-620.AG.BY.AA	5.385	0.008024416172284901	242	0.014988827042061208
F6-620.AG.BY.AA	5.395	0.030303030303030304	253	0.014952961450552213
F6-620.AG.BY.AA	5.404999999999999	-0.03339140534262486	288	0.014917344768591367
F6-620.AG.BY.AA	5.415	-0.007166556071665558	275	0.014881975268730138
F6-620.AG.BY.AA	5.425	-0.017714700093235263	197	0.014846851235508617
F6-620.AG.BY.AA	5.435	0.0007465286418155551	284	0.01481197096537228
F6-620.AG.BY.AA	5.444999999999999	0.010069850725100169	238	0.014777332766589395
F6-620.AG.BY.AA	5.455	0.02032308494007295	304	0.014742934959168952
F6-620.AG.BY.AA	5.465	-0.01809242871189774	226	0.014708775874779196
F6-620.AG.BY.AA	5.475	0.022618473895582327	250	0.014674853856666694
F6-620.AG.BY.AA	5.484999999999999	0.02755696873343932	222	0.014641167259575996
F6-620.AG.BY.AA	5.495	0.010747872816838332	232	0.014607714449669826
F6-620.AG.BY.AA	5.505	0.002886002886002887	253	0.014574493804449858
F6-620.AG.BY.AA	5.515	-0.0023760023760023745	260	0.014541503712678
F6-620.AG.BY.AA	5.5249999999999995	-0.006671848685062832	249	0.01450874257429826
F6-620.AG.BY.AA	5.534999999999999	-0.007603890362511051	261	0.014476208800359141
F6-620.AG.BY.AA	5.545	0.01377752682100508	231	0.014443900812936561
F6-620.AG.BY.AA	5.555	0.014256014256014254	260	0.01441181704505736
F6-620.AG.BY.AA	5.5649999999999995	0.016286345233713657	209	0.01437995594062325
F6-620.AG.BY.AA	5.574999999999999	0.02989492378274382	233	0.014348315954335378
F6-620.AG.BY.AA	5.585	-0.026532663316582914	200	0.014316895551619361
F6-620.AG.BY.AA	5.595	0.03862520458265139	235	0.01428569320855087
F6-620.AG.BY.AA	5.6049999999999995	-0.041049545146981434	283	0.0142547074117817
F6-620.AG.BY.AA	5.614999999999999	0.009384998222538212	291	0.014223936658466392
F6-620.AG.BY.AA	5.625	-0.02517023346303502	257	0.014193379456189321
F6-620.AG.BY.AA	5.635	-0.04075235109717868	232	0.01416303432289234
F6-620.AG.BY.AA	5.645	-0.053975605990427666	255	0.014132899786802863
F6-620.AG.BY.AA	5.654999999999999	-0.01767523443297578	244	0.01410297438636252
F6-620.AG.BY.AA	5.665	-0.028684359119141727	231	0.014073256670156235
F6-620.AG.BY.AA	5.675	0.026645418326693225	251	0.014043745196841862
F6-620.AG.BY.AA	5.685	-0.0010038270907836138	253	0.014014438535080258
F6-620.AG.BY.AA	5.694999999999999	0.015420985633751591	235	0.013985335263465862
F6-620.AG.BY.AA	5.705	-0.018154097081870726	238	0.013956433970457769
F6-620.AG.BY.AA	5.715	0.02510460251046025	240	0.01392773325431125
F6-620.AG.BY.AA	5.725	-0.034706672637707124	232	0.013899231723009792
F6-620.AG.BY.AA	5.734999999999999	-0.0005940005940005954	260	0.013870927994197549
F6-620.AG.BY.AA	5.745	0.01452624628590294	234	0.013842820695112328
F6-620.AG.BY.AA	5.755	0.009930486593843098	266	0.013814908462518989
F6-620.AG.BY.AA	5.765	0.0012229423994129871	222	0.013787189942643337
F6-620.AG.BY.AA	5.7749999999999995	-0.04460176991150442	226	0.013759663791106453
F6-620.AG.BY.AA	5.784999999999999	0.003762074224707674	281	0.013732328672859503
F6-620.AG.BY.AA	5.795	-0.011639849366655255	254	0.013705183262118965
F6-620.AG.BY.AA	5.805	0.004681261186837396	270	0.013678226242302362
F6-620.AG.BY.AA	5.8149999999999995	-0.009556993529118965	246	0.013651456305964373
F6-620.AG.BY.AA	5.824999999999999	0.012378976486860305	241	0.013624872154733429
F6-620.AG.BY.AA	5.835	-0.017773429538135425	222	0.013598472499248754
F6-620.AG.BY.AA	5.845	0.022100547536087603	246	0.013572256059097813
F6-620.AG.BY.AA	5.8549999999999995	0.006003664574480526	227	0.013546221562754222
F6-620.AG.BY.AA	5.864999999999999	0.03472733355637337	245	0.013520367747516072
F6-620.AG.BY.AA	5.875	0.06259097525473072	229	0.013494693359444688
F6-620.AG.BY.AA	5.885	0.01226210952671586	269	0.013469197153303811
F6-620.AG.BY.AA	5.895	-0.02034769970372855	268	0.0134438778924992
F6-620.AG.BY.AA	5.904999999999999	0.023346303501945526	258	0.013418734349018665
F6-620.AG.BY.AA	5.915	0.006083472258781554	262	0.013393765303372496
F6-620.AG.BY.AA	5.925	0.015865178894703926	247	0.01336896954453432
F6-620.AG.BY.AA	5.935	0.011161374878450935	218	0.013344345869882373
F6-620.AG.BY.AA	5.944999999999999	0.03381101656963726	232	0.013319893085141159
F6-620.AG.BY.AA	5.955	0.09032396481441751	237	0.01329561000432353
F6-620.AG.BY.AA	5.965	-0.013986013986013984	221	0.013271495449673178
F6-620.AG.BY.AA	5.975	0.0049896049896049925	260	0.013247548251607486
F6-620.AG.BY.AA	5.984999999999999	-0.003939410752926817	269	0.013223767248660824
F6-620.AG.BY.AA	5.995	-0.014469844357976654	257	0.013200151287428208
F6-620.AG.BY.AA	6.005	0.029697900665642596	280	0.013176699222509362
F6-620.AG.BY.AA	6.015	0.022979156075241487	281	0.013153409916453161
F6-620.AG.BY.AA	6.0249999999999995	0.010285629717330174	233	0.013130282239702466
F6-620.AG.BY.AA	6.035	0.00991619498925014	214	0.013107315070539333
F6-620.AG.BY.AA	6.045	0.0015925680159256806	275	0.013084507295030624
F6-620.AG.BY.AA	6.055	-0.0224012929002716	299	0.013061857806973961
F6-620.AG.BY.AA	6.0649999999999995	-0.010180995475113126	273	0.013039365507844092
F6-620.AG.BY.AA	6.074999999999999	-0.00578313253012048	250	0.013017029306739588
F6-620.AG.BY.AA	6.085	0.06423463822566962	223	0.012994848120329954
F6-620.AG.BY.AA	6.095	-0.012370549014044545	266	0.01297282087280309
F6-620.AG.BY.AA	6.1049999999999995	0.0019008019008019009	260	0.012950946495813086
F6-620.AG.BY.AA	6.114999999999999	0.05269709543568465	241	0.012929223928428435
F6-620.AG.BY.AA	6.125	0.09069290692906928	271	0.012907652117080549
F6-620.AG.BY.AA	6.135	0.02259567857647225	292	0.012886230015512694
F6-620.AG.BY.AA	6.145	0.03634861627426683	270	0.012864956584729206
F6-620.AG.BY.AA	6.154999999999999	-0.02637734534414971	284	0.012843830792945142
F6-620.AG.BY.AA	6.165	0.004760107973180855	263	0.012822851615536186
F6-620.AG.BY.AA	6.175	0.04103143233578017	253	0.01280201803498901
F6-620.AG.BY.AA	6.185	0.02959843233599485	262	0.012781329040851873
F6-620.AG.BY.AA	6.194999999999999	0.0472988638998377	228	0.012760783629685645
F6-620.AG.BY.AA	6.205	0.04746031746031746	225	0.012740380805015127
F6-620.AG.BY.AA	6.215	0.019986168741355465	241	0.012720119577280729
F6-620.AG.BY.AA	6.225	0.0008608321377331428	205	0.01269999896379046
F6-620.AG.BY.AA	6.234999999999999	0.055912414656809274	223	0.012680017988672278
F6-620.AG.BY.AA	6.245	0.05857875813032763	223	0.012660175682826756
F6-620.AG.BY.AA	6.255	0.04703614457831325	250	0.012640471083880092
F6-620.AG.BY.AA	6.265	0.026726896292113684	231	0.012620903236137408
F6-620.AG.BY.AA	6.2749999999999995	-0.01277113985714756	247	0.012601471190536409
F6-620.AG.BY.AA	6.285	0.05702367807630966	286	0.012582174004601366
F6-620.AG.BY.AA	6.295	-0.036022156193830014	234	0.012563010742397383
F6-620.AG.BY.AA	6.305	-0.011092052601486565	265	0.012543980474485017
F6-620.AG.BY.AA	6.3149999999999995	0.010097839167059072	277	0.0125250822778752
F6-620.AG.BY.AA	6.324999999999999	0.06909215399458467	254	0.012506315235984462
F6-620.AG.BY.AA	6.335	0.029150373266974762	291	0.012487678438590482
F6-620.AG.BY.AA	6.345	0.022645732530199792	247	0.012469170981787948
F6-620.AG.BY.AA	6.3549999999999995	0.03695217312238589	235	0.012450791967944701
F6-620.AG.BY.AA	6.364999999999999	0.07101283963616155	262	0.012432540505658219
F6-620.AG.BY.AA	6.375	0.006085633557922189	215	0.012414415709712356
F6-620.AG.BY.AA	6.385	-0.00567081604426003	241	0.012396416701034441
F6-620.AG.BY.AA	6.395	0.012459464072367298	217	0.012378542606652613
F6-620.AG.BY.AA	6.404999999999999	-0.006144393241167436	280	0.012360792559653498
F6-620.AG.BY.AA	6.415	0.05076605058365759	257	0.012343165699140155
F6-620.AG.BY.AA	6.425	0.020280661284121496	289	0.012325661170190327
F6-620.AG.BY.AA	6.435	0.010560444650301063	255	0.01230827812381497
F6-620.AG.BY.AA	6.444999999999999	0.03474598578573308	262	0.012291015716917078
F6-620.AG.BY.AA	6.455	0.03063503882565685	238	0.012273873112250802
F6-620.AG.BY.AA	6.465	0.020634713334204	248	0.012256849478380825
F6-620.AG.BY.AA	6.475	0.022410415946537622	264	0.012239943989642049
F6-620.AG.BY.AA	6.484999999999999	0.0371708828084667	299	0.01222315582609954
F6-620.AG.BY.AA	6.495	0.058347273335563735	245	0.012206484173508779
F6-620.AG.BY.AA	6.505	-0.012660182183109464	255	0.012189928223276145
F6-620.AG.BY.AA	6.515	0.009520375045077531	236	0.012173487172419714
F6-620.AG.BY.AA	6.5249999999999995	0.020658761528326748	276	0.012157160223530313
F6-620.AG.BY.AA	6.535	-0.031017369727047144	248	0.012140946584732828
F6-620.AG.BY.AA	6.545	0.04221005475360876	246	0.012124845469647826
F6-620.AG.BY.AA	6.555	-0.02466325175488522	252	0.01210885609735339
F6-620.AG.BY.AA	6.5649999999999995	-0.023334902945639092	277	0.012092977692347254
F6-620.AG.BY.AA	6.574999999999999	0.0720501922687715	244	0.012077209484509185
F6-620.AG.BY.AA	6.585	0.01582984658298466	240	0.012061550709063637
F6-620.AG.BY.AA	6.595	-0.01569506726457399	224	0.012046000606542658
F6-620.AG.BY.AA	6.6049999999999995	0.030200803212851405	250	0.012030558422749055
F6-620.AG.BY.AA	6.614999999999999	-0.019712675031823973	235	0.012015223408719806
F6-620.AG.BY.AA	6.625	-0.007159585145533622	245	0.011999994820689745
F6-620.AG.BY.AA	6.635	0.005596930715414126	211	0.011984871920055488
F6-620.AG.BY.AA	6.645	0.07285145133750712	252	0.011969853973339602
F6-620.AG.BY.AA	6.654999999999999	0.02897648686030429	241	0.011954940252155035
F6-620.AG.BY.AA	6.665	-0.009417596034696406	270	0.011940130033169792
F6-620.AG.BY.AA	6.675	0.0041841004184100415	240	0.01192542259807185
F6-620.AG.BY.AA	6.685	0.025898738942217208	231	0.011910817233534316
F6-620.AG.BY.AA	6.694999999999999	-0.021130303538487338	268	0.011896313231180828
F6-620.AG.BY.AA	6.705	0.03996983408748115	273	0.011881909887551211
F6-620.AG.BY.AA	6.715	-0.008229598893499309	241	0.011867606504067346
F6-620.AG.BY.AA	6.725	0.001877934272300469	285	0.01185340238699929
F6-620.AG.BY.AA	6.734999999999999	-0.015165301789505614	315	0.011839296847431627
F6-620.AG.BY.AA	6.745	0.006769537083125934	246	0.011825289201230074
F6-620.AG.BY.AA	6.755	0.0009282896263634246	279	0.011811378769008268
F6-620.AG.BY.AA	6.765	0.032532875929102346	265	0.01179756487609484
F6-620.AG.BY.AA	6.7749999999999995	0.0275157460888747	263	0.011783846852500685
F6-620.AG.BY.AA	6.785	0.016596945889875182	243	0.011770224032886464
F6-620.AG.BY.AA	6.795	0.014249597793610663	229	0.011756695756530332
F6-620.AG.BY.AA	6.805	-0.012910575280045565	230	0.011743261367295907
F6-620.AG.BY.AA	6.8149999999999995	0.06426253155427335	236	0.011729920213600429
F6-620.AG.BY.AA	6.824999999999999	0.002552919902138069	238	0.011716671648383165
F6-620.AG.BY.AA	6.835	0.030678466076696165	226	0.011703515029074029
F6-620.AG.BY.AA	6.845	0.09615384615384616	209	0.011690449717562413
F6-620.AG.BY.AA	6.8549999999999995	-0.006602839220864971	234	0.011677475080166234
F6-620.AG.BY.AA	6.864999999999999	0.013068013068013069	260	0.011664590487601212
F6-620.AG.BY.AA	6.875	0.1139560043274432	236	0.01165179531495033
F6-620.AG.BY.AA	6.885	0.0016090550962658827	269	0.011639088941633544
F6-620.AG.BY.AA	6.895	-0.013231954181889997	247	0.011626470751377679
F6-620.AG.BY.AA	6.904999999999999	-0.0230193475497811	292	0.011613940132186525
F6-620.AG.BY.AA	6.915	0.045327754532775454	240	0.011601496476311176
F6-620.AG.BY.AA	6.925	-0.006524797222471638	259	0.011589139180220538
F6-620.AG.BY.AA	6.935	-0.03660086985613918	245	0.01157686764457206
F6-620.AG.BY.AA	6.944999999999999	-0.011008704557091653	280	0.011564681274182679
F6-620.AG.BY.AA	6.955	0.007903614457831325	250	0.011552579477999923
F6-620.AG.BY.AA	6.965	-0.008885232414644178	221	0.011540561669073279
F6-620.AG.BY.AA	6.975	-0.013739883305100694	253	0.011528627264525703
F6-620.AG.BY.AA	6.984999999999999	0.032426778242677826	240	0.011516775685525352
F6-620.AG.BY.AA	6.995	0.020671834625323	216	0.011505006357257519
F6-620.AG.BY.AA	7.005	0.005267521826074231	203	0.011493318708896747
F6-620.AG.BY.AA	7.015	0.04476190476190477	225	0.01148171217357915
F6-620.AG.BY.AA	7.0249999999999995	0.03658001268107106	203	0.0114701861883749
F6-620.AG.BY.AA	7.035	0.021426385062748698	243	0.011458740194260951
F6-620.AG.BY.AA	7.045	0.0657286432160804	200	0.011447373636093914
F6-620.AG.BY.AA	7.055	0.021502698215026983	220	0.011436085962583126
F6-620.AG.BY.AA	7.0649999999999995	0.0052652362774779525	214	0.01142487662626392
F6-620.AG.BY.AA	7.074999999999999	-0.020603563204460072	223	0.011413745083471066
F6-620.AG.BY.AA	7.085	-0.010045662100456617	220	0.011402690794312411
F6-620.AG.BY.AA	7.095	-0.02037980546549328	255	0.011391713222642685
F6-620.AG.BY.AA	7.1049999999999995	0.001731601731601731	231	0.011380811836037508
F6-620.AG.BY.AA	7.114999999999999	0.01795036830436959	237	0.01136998610576755
F6-620.AG.BY.AA	7.125	-0.03260768874478926	255	0.011359235506772902
F6-620.AG.BY.AA	7.135	0.0010317460317460306	225	0.011348559517637606
F6-620.AG.BY.AA	7.145	0.03874855678522148	267	0.011337957620564366
F6-620.AG.BY.AA	7.154999999999999	0.0065751858204688395	265	0.011327429301349428
F6-620.AG.BY.AA	7.165	-0.017592791246513625	237	0.01131697404935765
F6-620.AG.BY.AA	7.175	0.01408605700451194	234	0.011306591357497729
F6-620.AG.BY.AA	7.185	0.01714618840231816	242	0.011296280722197611
F6-620.AG.BY.AA	7.194999999999999	0.058131987017670396	236	0.011286041643380063
F6-620.AG.BY.AA	7.205	0.0020194734944103863	236	0.01127587362443842
F6-620.AG.BY.AA	7.215	0.07907949790794978	240	0.011265776172212503
F6-620.AG.BY.AA	7.225	-0.000857632933104631	265	0.011255748796964693
F6-620.AG.BY.AA	7.234999999999999	0.06730392978925596	268	0.011245791012356185
F6-620.AG.BY.AA	7.245	-0.005685390187235204	271	0.011235902335423395
F6-620.AG.BY.AA	7.255	0.01954143417558052	287	0.011226082286554539
F6-620.AG.BY.AA	7.265	0.012379689147365914	243	0.011216330389466372
F6-620.AG.BY.AA	7.2749999999999995	0.03979494968672869	230	0.01120664617118108
F6-620.AG.BY.AA	7.285	0.023103112840466927	257	0.011197029162003352
F6-620.AG.BY.AA	7.295	0.027546444586803328	224	0.01118747889549759
F6-620.AG.BY.AA	7.305	0.006459948320413439	216	0.011177994908465291
F6-620.AG.BY.AA	7.3149999999999995	0.058507670850767086	240	0.01116857674092258
F6-620.AG.BY.AA	7.324999999999999	-0.026532702531336876	203	0.011159223936077895
F6-620.AG.BY.AA	7.335	0.050077877013465825	319	0.011149936040309845
F6-620.AG.BY.AA	7.345	0.023693953105717813	221	0.0111407126031452
F6-620.AG.BY.AA	7.3549999999999995	0.023693953105717813	221	0.011131553177237036
F6-620.AG.BY.AA	7.364999999999999	0.032352382760584775	230	0.011122457318343056
F6-620.AG.BY.AA	7.375	0.0392156862745098	256	0.011113424585304024
F6-620.AG.BY.AA	7.385	0.010879511947127605	281	0.011104454540022388
F6-620.AG.BY.AA	7.395	0.019545742466745092	258	0.011095546747441013
F6-620.AG.BY.AA	7.404999999999999	0.012446819732076933	239	0.011086700775522092
F6-620.AG.BY.AA	7.415	0.03612626307788607	212	0.011077916195226191
F6-620.AG.BY.AA	7.425	0.050256534561467295	223	0.011069192580491431
F6-620.AG.BY.AA	7.435	0.005330882352941177	256	0.011060529508212843
F6-620.AG.BY.AA	7.444999999999999	-0.015770609318996417	280	0.01105192655822182
F6-620.AG.BY.AA	7.455	-0.014618232009536358	253	0.011043383313265756
F6-620.AG.BY.AA	7.465	0.08278609442594378	254	0.011034899358987816
F6-620.AG.BY.AA	7.475	0.006194347657762292	288	0.011026474283906814
F6-620.AG.BY.AA	7.484999999999999	0.009472669695718023	270	0.011018107679397279
F6-620.AG.BY.AA	7.495	0.0014424810674359897	236	0.011009799139669624
F6-620.AG.BY.AA	7.505	0.023412698412698413	225	0.01100154826175047
F6-620.AG.BY.AA	7.515	0.005878284923928071	241	0.010993354645463102
F6-620.AG.BY.AA	7.5249999999999995	-0.013488752875131573	227	0.01098521789340805
F6-620.AG.BY.AA	7.535	-0.03126285479226656	221	0.010977137610943828
F6-620.AG.BY.AA	7.545	-0.012188965019834117	236	0.01096911340616779
F6-620.AG.BY.AA	7.555	0.04338057379882475	264	0.01096114488989711
F6-620.AG.BY.AA	7.5649999999999995	0.028654015332411714	219	0.01095323167564993
F6-620.AG.BY.AA	7.574999999999999	0.0338409475465313	198	0.010945373379626587
F6-620.AG.BY.AA	7.585	0.01637186343068696	221	0.010937569620691024
F6-620.AG.BY.AA	7.595	0.041724267940178465	219	0.010929820020352289
F6-620.AG.BY.AA	7.6049999999999995	-0.020221169036334915	211	0.010922124202746183
F6-620.AG.BY.AA	7.614999999999999	0.09197786998616873	241	0.010914481794617022
F6-620.AG.BY.AA	7.625	0.01904260453687859	214	0.010906892425299554
F6-620.AG.BY.AA	7.635	0.03841067218676327	187	0.010899355726700956
F6-620.AG.BY.AA	7.645	0.036984924623115575	200	0.010891871333283
F6-620.AG.BY.AA	7.654999999999999	-0.0018054615211013333	211	0.010884438882044316
F6-620.AG.BY.AA	7.665	0.04197619906238731	236	0.010877058012502784
F6-620.AG.BY.AA	7.675	0.004396905255147337	218	0.010869728366678058
F6-620.AG.BY.AA	7.685	0.0064188684878340035	232	0.010862449589074197
F6-620.AG.BY.AA	7.694999999999999	-0.03686506261432391	207	0.010855221326662425
F6-620.AG.BY.AA	7.705	0.038013779995248284	184	0.010848043228864008
F6-620.AG.BY.AA	7.715	-0.006985294117647059	256	0.010840914947533252
F6-620.AG.BY.AA	7.725	0.06068134763786938	231	0.010833836136940618
F6-620.AG.BY.AA	7.734999999999999	0.04013961605584642	192	0.01082680645375595
F6-620.AG.BY.AA	7.745	0.04647811205188254	183	0.010819825557031829
F6-620.AG.BY.AA	7.755	0.047807265198569544	231	0.01081289310818703
F6-620.AG.BY.AA	7.765	0.030914711765775597	235	0.010806008770990106
F6-620.AG.BY.AA	7.7749999999999995	-0.0005223978059292146	248	0.010799172211543077
F6-620.AG.BY.AA	7.785	0.08796019900497512	201	0.01079238309826524
F6-620.AG.BY.AA	7.795	0.07331208345407128	204	0.010785641101877078
F6-620.AG.BY.AA	7.805	-0.00840561566663686	212	0.010778945895384303
F6-620.AG.BY.AA	7.8149999999999995	0.013949433304272016	186	0.010772297154061977
F6-620.AG.BY.AA	7.825	0.027597145122918318	195	0.01076569455543879
F6-620.AG.BY.AA	7.835	0.0398810271878011	219	0.010759137779281388
F6-620.AG.BY.AA	7.845	0.010335917312661496	216	0.010752626507578869
F6-620.AG.BY.AA	7.8549999999999995	0.012117629673415104	202	0.010746160424527343
F6-620.AG.BY.AA	7.864999999999999	0.0053322800434482094	247	0.01073973921651462
F6-620.AG.BY.AA	7.875	0.04410241231315673	233	0.010733362572104997
F6-620.AG.BY.AA	7.885	0.029240501026349966	219	0.01072703018202416
F6-620.AG.BY.AA	7.895	0.04932735426008968	224	0.010720741739144174
F6-620.AG.BY.AA	7.904999999999999	0.03621532294926339	239	0.010714496938468595
F6-620.AG.BY.AA	7.915	0.054348195762337174	243	0.010708295477117673
F6-620.AG.BY.AA	7.925	0.01128256180520989	246	0.010702137054313665
F6-620.AG.BY.AA	7.935	0.051277108433734946	250	0.010696021371366242
F6-620.AG.BY.AA	7.944999999999999	0.043652103737940644	234	0.010689948131658009
F6-620.AG.BY.AA	7.955	0.06497541789577188	226	0.010683917040630108
F6-620.AG.BY.AA	7.965	0.037212834630719574	230	0.010677927805767951
F6-620.AG.BY.AA	7.975	0.14216137949190472	214	0.010671980136587008
F6-620.AG.BY.AA	7.984999999999999	0.05778894472361809	200	0.01066607374461874
F6-620.AG.BY.AA	7.995	0.018835366031996727	262	0.010660208343396592
F6-620.AG.BY.AA	8.005	0.10785714285714286	225	0.010654383648442107
F6-620.AG.BY.AA	8.015	0.08070628768303187	216	0.010648599377251131
F6-620.AG.BY.AA	8.025	0.025944907110826396	224	0.010642855249280103
F6-620.AG.BY.AA	8.035	0.11738437001594895	210	0.010637150985932453
F6-620.AG.BY.AA	8.045	0.011406844106463879	264	0.010631486310545092
F6-620.AG.BY.AA	8.055	-0.0012764599510690382	238	0.010625860948374989
F6-620.AG.BY.AA	8.065	0.06501834642159048	242	0.010620274626585848
F6-620.AG.BY.AA	8.075	0.09034443817052512	231	0.010614727074234874
F6-620.AG.BY.AA	8.084999999999999	0.044680432645034414	226	0.010609218022259632
F6-620.AG.BY.AA	8.094999999999999	0.047245355541319665	224	0.010603747203465004
F6-620.AG.BY.AA	8.105	-0.003334649642402701	214	0.010598314352510213
F6-620.AG.BY.AA	8.115	0.037898363479758834	216	0.010592919205895973
F6-620.AG.BY.AA	8.125	0.0176171654432524	231	0.010587561501951698
F6-620.AG.BY.AA	8.135	0.0471002531088368	234	0.010582240980822812
F6-620.AG.BY.AA	8.145	-0.009474412171507606	241	0.010576957384458147
F6-620.AG.BY.AA	8.155	0.025336067441330597	210	0.010571710456597425
F6-620.AG.BY.AA	8.165	0.014677137272384348	242	0.010566499942758835
F6-620.AG.BY.AA	8.174999999999999	0.02099737532808399	255	0.010561325590226685
F6-620.AG.BY.AA	8.185	-0.026825396825396825	225	0.010556187148039143
F6-620.AG.BY.AA	8.195	0.056841709015622056	231	0.010551084366976077
F6-620.AG.BY.AA	8.205	0.04992241786413007	244	0.010546016999546947
F6-620.AG.BY.AA	8.215	0.0021084170226932254	269	0.010540984799978824
F6-620.AG.BY.AA	8.225	0.047319296722378994	272	0.010535987524204454
F6-620.AG.BY.AA	8.235	0.05518394648829431	208	0.010531024929850427
F6-620.AG.BY.AA	8.245	0.02432263256728964	212	0.010526096776225421
F6-620.AG.BY.AA	8.254999999999999	0.03678326721961774	236	0.010521202824308525
F6-620.AG.BY.AA	8.265	0.024782457361642883	170	0.010516342836737648
F6-620.AG.BY.AA	8.275	0.0666564118340768	198	0.010511516577798016
F6-620.AG.BY.AA	8.285	-0.00278745644599303	246	0.01050672381341072
F6-620.AG.BY.AA	8.295	0.019069345734257552	262	0.010501964311121381
F6-620.AG.BY.AA	8.305	-0.018175261449693475	236	0.010497237840088864
F6-620.AG.BY.AA	8.315	0.026216867469879515	250	0.01049254417107409
F6-620.AG.BY.AA	8.325	-0.006162649939473974	234	0.010487883076428913
F6-620.AG.BY.AA	8.334999999999999	0.03923766816143498	224	0.010483254330085082
F6-620.AG.BY.AA	8.344999999999999	-0.003995856149178626	233	0.010478657707543266
F6-620.AG.BY.AA	8.355	0.029379726743643208	254	0.010474092985862186
F6-620.AG.BY.AA	8.365	0.010525905422790534	227	0.010469559943647783
F6-620.AG.BY.AA	8.375	0.057766243752402927	289	0.010465058361042489
F6-620.AG.BY.AA	8.385	-0.03017729158807997	242	0.010460588019714561
F6-620.AG.BY.AA	8.395	0.06244686606383801	228	0.010456148702847494
F6-620.AG.BY.AA	8.405	0.012640772236267521	229	0.010451740195129502
F6-620.AG.BY.AA	8.415	0.0004439840165754046	233	0.010447362282743075
F6-620.AG.BY.AA	8.424999999999999	0.09527743356739639	270	0.010443014753354619
F6-620.AG.BY.AA	8.435	-0.009218877424387477	238	0.01043869739610414
F6-620.AG.BY.AA	8.445	0.02926253687315634	226	0.010434410001595028
F6-620.AG.BY.AA	8.455	0.030952380952380953	225	0.010430152361883901
F6-620.AG.BY.AA	8.465	0.002853532265296972	222	0.01042592427047052
F6-620.AG.BY.AA	8.475	0.030544488711819386	252	0.010421725522287767
F6-620.AG.BY.AA	8.485	0.1384370796135502	222	0.010417555913691702
F6-620.AG.BY.AA	8.495	0.001858360602755221	223	0.010413415242451691
F6-620.AG.BY.AA	8.504999999999999	0.04460518384569017	238	0.010409303307740593
F6-620.AG.BY.AA	8.515	0.09490763052208835	250	0.01040521991012502
F6-620.AG.BY.AA	8.525	0.0403668114606643	214	0.010401164851555665
F6-620.AG.BY.AA	8.535	0.011130082843230256	252	0.010397137935357698
F6-620.AG.BY.AA	8.545	-0.01543247283157597	223	0.010393138966221219
F6-620.AG.BY.AA	8.555	-0.004134366925064602	216	0.010389167750191797
F6-620.AG.BY.AA	8.565	0.01181925035914849	248	0.010385224094661055
F6-620.AG.BY.AA	8.575	0.027390180878552974	216	0.010381307808357334
F6-620.AG.BY.AA	8.584999999999999	0.11678622668579627	205	0.010377418701336408
F6-620.AG.BY.AA	8.595	0.005344677137870856	192	0.010373556584972281
F6-620.AG.BY.AA	8.605	0.019900847368235997	239	0.01036972127194803
F6-620.AG.BY.AA	8.615	-0.0034242387183563666	222	0.010365912576246727
F6-620.AG.BY.AA	8.625	-0.00921619293712317	216	0.01036213031314241
F6-620.AG.BY.AA	8.635	0.061810689613380196	223	0.01035837429919113
F6-620.AG.BY.AA	8.645	0.0737145207733443	221	0.010354644352222048
F6-620.AG.BY.AA	8.655	0.07266026062919574	214	0.010350940291328608
F6-620.AG.BY.AA	8.665	0.046098638203901365	209	0.010347261936859753
F6-620.AG.BY.AA	8.674999999999999	0.0013670020884754127	230	0.010343609110411215
F6-620.AG.BY.AA	8.685	0.046967133261549505	198	0.010339981634816866
F6-620.AG.BY.AA	8.695	0.03464755077658304	217	0.010336379334140123
F6-620.AG.BY.AA	8.705	0.09644607843137255	256	0.010332802033665413
F6-620.AG.BY.AA	8.715	0.048962531721152405	232	0.0103292495598897
F6-620.AG.BY.AA	8.725	0.033771884388273075	197	0.010325721740514071
F6-620.AG.BY.AA	8.735	0.053678102065198845	217	0.010322218404435379
F6-620.AG.BY.AA	8.745	-0.0022188086704215764	217	0.010318739381737944
F6-620.AG.BY.AA	8.754999999999999	0.013716962194713949	245	0.010315284503685311
F6-620.AG.BY.AA	8.765	0.05313432835820896	201	0.010311853602712067
F6-620.AG.BY.AA	8.775	-0.019669478074134016	254	0.010308446512415718
F6-620.AG.BY.AA	8.785	0.028331119964586097	252	0.010305063067548607
F6-620.AG.BY.AA	8.795	-0.010925230454079891	203	0.010301703104009912
F6-620.AG.BY.AA	8.805	0.006926406926406924	231	0.010298366458837681
F6-620.AG.BY.AA	8.815	0.02216691554670649	246	0.010295052970200926
F6-620.AG.BY.AA	8.825	0.04063241106719368	276	0.010291762477391778
F6-620.AG.BY.AA	8.834999999999999	-0.02710893688104045	290	0.01028849482081769
F6-620.AG.BY.AA	8.845	0.04552129221732745	228	0.0102852498419937
F6-620.AG.BY.AA	8.855	0.02049427365883062	238	0.010282027383534743
F6-620.AG.BY.AA	8.865	0.0024813895781637713	248	0.01027882728914801
F6-620.AG.BY.AA	8.875	0.016350798959494612	208	0.010275649403625383
F6-620.AG.BY.AA	8.885	-0.022510822510822513	210	0.01027249357283589
F6-620.AG.BY.AA	8.895	-0.0038436899423446532	224	0.010269359643718246
F6-620.AG.BY.AA	8.905	-0.0004608825901601563	264	0.010266247464273414
F6-620.AG.BY.AA	8.915	-0.015920398009950248	201	0.010263156883557247
F6-620.AG.BY.AA	8.924999999999999	-0.011082169074117925	206	0.010260087751673157
F6-620.AG.BY.AA	8.935	0.014727353519964452	178	0.010257039919764845
F6-620.AG.BY.AA	8.945	-0.0007964501080896557	188	0.01025401324000909
F6-620.AG.BY.AA	8.955	-0.023693953105717813	221	0.010251007565608572
F6-620.AG.BY.AA	8.965	-0.0009516256938937317	195	0.010248022750784751
F6-620.AG.BY.AA	8.975	0.010411332991978153	217	0.010245058650770803
F6-620.AG.BY.AA	8.985	0.00340989817665167	206	0.010242115121804595
F6-620.AG.BY.AA	8.995	0.02472361809045226	200	0.010239192021121713
F6-620.AG.BY.AA	9.004999999999999	-0.021484992101105847	211	0.010236289206948534
F6-620.AG.BY.AA	9.015	0.07177300644637329	199	0.010233406538495353
F6-620.AG.BY.AA	9.025	-0.0016563146997929626	231	0.010230543875949561
F6-620.AG.BY.AA	9.035	0.03848797250859107	195	0.010227701080468854
F6-620.AG.BY.AA	9.045	-0.01774593551942684	191	0.0102248780141745
F6-620.AG.BY.AA	9.055	-0.007956429078853895	206	0.01022207454014466
F6-620.AG.BY.AA	9.065	0.008564631245043615	195	0.010219290522407732
F6-620.AG.BY.AA	9.075	-0.0158025654782227	203	0.01021652582593578
F6-620.AG.BY.AA	9.084999999999999	0.013038788049341027	207	0.010213780316637958
F6-620.AG.BY.AA	9.095	0.02989634478996181	235	0.010211053861354024
F6-620.AG.BY.AA	9.105	0.01425585908344529	232	0.01020834632784788
F6-620.AG.BY.AA	9.115	0.016596931659693167	240	0.010205657584801148
F6-620.AG.BY.AA	9.125	-0.004934563398412358	237	0.010202987501806815
F6-620.AG.BY.AA	9.135	0.028331119964586097	252	0.010200335949362897
F6-620.AG.BY.AA	9.145	0.03722261989978526	254	0.010197702798866165
F6-620.AG.BY.AA	9.155	0.02478496596143655	222	0.010195087922605902
F6-620.AG.BY.AA	9.165	0.011810116372854017	264	0.010192491193757713
F6-620.AG.BY.AA	9.174999999999999	0.034869240348692404	220	0.010189912486377373
F6-620.AG.BY.AA	9.185	-0.01086239277194051	199	0.010187351675394718
F6-620.AG.BY.AA	9.195	-0.012873563218390807	175	0.01018480863660758
F6-620.AG.BY.AA	9.205	-0.025998645903859176	211	0.010182283246675757
F6-620.AG.BY.AA	9.215	-0.0018264840182648419	220	0.010179775383115043
F6-620.AG.BY.AA	9.225	-0.002550390785684902	221	0.010177284924291279
F6-620.AG.BY.AA	9.235	0.029078853895335068	206	0.010174811749414451
F6-620.AG.BY.AA	9.245	0.012820512820512822	169	0.01017235573853284
F6-620.AG.BY.AA	9.254999999999999	-0.002702702702702704	185	0.010169916772527198
F6-620.AG.BY.AA	9.265	0.06381865736704447	186	0.010167494733104968
F6-620.AG.BY.AA	9.275	0.03983758522944917	229	0.010165089502794562
F6-620.AG.BY.AA	9.285	0.002979011509817196	211	0.01016270096493964
F6-620.AG.BY.AA	9.295	0.002552919902138069	238	0.010160329003693474
F6-620.AG.BY.AA	9.305	0.026430678466076697	226	0.010157973504013314
F6-620.AG.BY.AA	9.315	0.05107174565594216	218	0.010155634351654818
F6-620.AG.BY.AA	9.325	0.012365884706310237	235	0.010153311433166504
F6-620.AG.BY.AA	9.334999999999999	0.006456109460401305	234	0.010151004635884255
F6-620.AG.BY.AA	9.345	0.035201328352013284	220	0.010148713847925846
F6-620.AG.BY.AA	9.355	0.04482572068938867	228	0.010146438958185525
F6-620.AG.BY.AA	9.365	0.024364245469773105	199	0.010144179856328617
F6-620.AG.BY.AA	9.375	-0.052907042894527245	188	0.010141936432786183
F6-620.AG.BY.AA	9.385	0.011188811188811189	221	0.010139708578749695
F6-620.AG.BY.AA	9.395	0.01052128168340507	205	0.010137496186165763
F6-620.AG.BY.AA	9.405	0.03287671232876713	220	0.010135299147730899
F6-620.AG.BY.AA	9.415	0.015181431266728093	214	0.010133117356886304
F6-620.AG.BY.AA	9.424999999999999	-0.03146853146853147	209	0.010130950707812704
F6-620.AG.BY.AA	9.435	0.034875129303975176	202	0.01012879909542522
F6-620.AG.BY.AA	9.445	-0.002671361787383887	182	0.01012666241536827
F6-620.AG.BY.AA	9.455	0.021899153478100845	209	0.010124540564010505
F6-620.AG.BY.AA	9.465	-0.036427660737053	182	0.01012243343843978
F6-620.AG.BY.AA	9.475	0.03992015968063872	168	0.010120340936458173
F6-620.AG.BY.AA	9.485	-0.01909547738693467	200	0.01011826295657702
F6-620.AG.BY.AA	9.495	0.009926854754440962	232	0.010116199398011996
F6-620.AG.BY.AA	9.504999999999999	-0.011847351433453581	230	0.010114150160678223
F6-620.AG.BY.AA	9.515	0.0033495886902123054	202	0.010112115145185422
F6-620.AG.BY.AA	9.525	-0.008368200836820083	240	0.010110094252833088
F6-620.AG.BY.AA	9.535	-0.014779116465863452	250	0.010108087385605702
F6-620.AG.BY.AA	9.545	-0.012336500068842076	270	0.010106094446167982
F6-620.AG.BY.AA	9.555	-0.009297003504255167	237	0.010104115337860157
F6-620.AG.BY.AA	9.565	-0.005661433132549948	247	0.010102149964693281
F6-620.AG.BY.AA	9.575	-0.03476892822025565	226	0.010100198231344582
F6-620.AG.BY.AA	9.584999999999999	0.0023675643681562593	218	0.010098260043152826
F6-620.AG.BY.AA	9.595	-0.013686911890504704	168	0.010096335306113742
F6-620.AG.BY.AA	9.605	0.011129144447020635	228	0.010094423926875451
F6-620.AG.BY.AA	9.615	-0.013089005235602094	192	0.010092525812733944
F6-620.AG.BY.AA	9.625	-0.012583461736004109	177	0.010090640871628581
F6-620.AG.BY.AA	9.635	0.02578549312217654	199	0.01008876901213763
F6-620.AG.BY.AA	9.645	0.0362418151362875	199	0.010086910143473836
F6-620.AG.BY.AA	9.655	-0.03476101800124146	180	0.010085064175480005
F6-620.AG.BY.AA	9.665	-0.01988950276243094	181	0.010083231018624648
F6-620.AG.BY.AA	9.674999999999999	-0.02086351782092147	204	0.010081410583997627
F6-620.AG.BY.AA	9.685	-0.010196547238142119	239	0.010079602783305844
F6-620.AG.BY.AA	9.695	-0.019891072697134738	206	0.010077807528868965
F6-620.AG.BY.AA	9.705	-0.014307430921935082	212	0.010076024733615161
F6-620.AG.BY.AA	9.715	0.00365836499226115	207	0.010074254311076886
F6-620.AG.BY.AA	9.725	-0.007803790412486065	208	0.010072496175386688
F6-620.AG.BY.AA	9.735	-0.009563138448163443	215	0.010070750241273038
F6-620.AG.BY.AA	9.745	-0.009364483246354192	203	0.010069016424056196
F6-620.AG.BY.AA	9.754999999999999	0.027432216905901117	210	0.01006729463964411
F6-620.AG.BY.AA	9.765	0.0019288360996903705	199	0.010065584804528327
F6-620.AG.BY.AA	9.775	-0.00924397490921096	234	0.010063886835779948
F6-620.AG.BY.AA	9.785	-0.002937720329024676	185	0.01006220065104561
F6-620.AG.BY.AA	9.795	-0.013123718386876282	210	0.010060526168543487
F6-620.AG.BY.AA	9.805	-0.026111791105671155	172	0.010058863307059322
F6-620.AG.BY.AA	9.815	-0.01228878648233487	217	0.010057211985942489
F6-620.AG.BY.AA	9.825	-0.0017460317460317454	225	0.010055572125102087
F6-620.AG.BY.AA	9.834999999999999	-0.01716378859236002	196	0.01005394364500305
F6-620.AG.BY.AA	9.845	0.008647172602116282	188	0.010052326466662286
F6-620.AG.BY.AA	9.855	-0.02123094297007341	231	0.010050720511644858
F6-620.AG.BY.AA	9.865	-0.011721611721611722	196	0.010049125702060164
F6-620.AG.BY.AA	9.875	0.012483766913828492	219	0.010047541960558178
F6-620.AG.BY.AA	9.885	-0.013451589061345158	165	0.010045969210325679
F6-620.AG.BY.AA	9.895	-0.030377824188342513	230	0.010044407375082541
F6-620.AG.BY.AA	9.905	-0.04661763182430333	197	0.010042856379078025
F6-620.AG.BY.AA	9.915	0.00035252643948296004	185	0.010041316147087104
F6-620.AG.BY.AA	9.924999999999999	0.004581151832460733	192	0.010039786604406823
F6-620.AG.BY.AA	9.935	0.03309692671394799	189	0.010038267676852668
F6-620.AG.BY.AA	9.945	-0.01743679163034002	186	0.01003675929075497
F6-620.AG.BY.AA	9.955	-0.004968944099378884	231	0.01003526137295533
F6-620.AG.BY.AA	9.965	0.014705288247889144	223	0.010033773850803078
F6-620.AG.BY.AA	9.975	0.0364788623541232	228	0.010032296652151742
F6-620.AG.BY.AA	9.985	-0.025573961057832027	186	0.01003082970535555
F6-620.AG.BY.AA	9.995	-0.009607878460337477	183	0.010029372939265958
