replacement,label,fraction,alpha,D_VA_base,D_VA_mixed,realised,predicted,kappa,implied_source_D_VA
equidistant,Caucasus_Bronze,0.0,0.0183268110749185,0.07113024251146137,0.07113024251146137,0.0,-0.0,,3.88121218801715
equidistant,Caucasus_Bronze,0.02,0.0183268110749185,0.07113024251146137,0.07070186491077521,-0.00042837760068616115,-0.0014226048502292274,0.30112198803282286,3.88121218801715
equidistant,Caucasus_Bronze,0.05,0.0183268110749185,0.07113024251146137,0.0700592797939617,-0.0010709627174996655,-0.003556512125573069,0.3011272504313756,3.88121218801715
equidistant,Caucasus_Bronze,0.1,0.0183268110749185,0.07113024251146137,0.06898825468760429,-0.0021419878238570778,-0.007113024251146138,0.30113602150476776,3.88121218801715
equidistant,Caucasus_Bronze,0.133,0.0183268110749185,0.07113024251146137,0.06828134393814438,-0.0028488985733169936,-0.009460322254024362,0.30114181069308604,3.88121218801715
equidistant,Caucasus_Bronze,0.15,0.0183268110749185,0.07113024251146137,0.06791716718693774,-0.003213075324523626,-0.010669536376719205,0.3011447930890902,3.88121218801715
equidistant,Caucasus_Bronze,0.2,0.0183268110749185,0.07113024251146137,0.06684601728650945,-0.004284225224951921,-0.014226048502292275,0.3011535651844287,3.88121218801715
equidistant,Caucasus_Bronze,0.3,0.0183268110749185,0.07113024251146137,0.06470353026455372,-0.006426712246907648,-0.02133907275343841,0.3011711109083734,3.88121218801715
equidistant,Caucasus_Bronze,0.4,0.0183268110749185,0.07113024251146137,0.06256082861232369,-0.008569413899137679,-0.02845209700458455,0.30118742733644094,3.88121218801715
equidistant,Caucasus_Bronze,0.5,0.0183268110749185,0.07113024251146137,0.06042384133493135,-0.010706401176530017,-0.035565121255730685,0.30103654362783516,3.88121218801715
equidistant,Caucasus_Bronze,0.7,0.0183268110749185,0.07113024251146137,0.05616399099620225,-0.01496625151525912,-0.04979116975802295,0.30058043600888845,3.88121218801715
equidistant,Caucasus_Bronze,1.0,0.0183268110749185,0.07113024251146137,0.04979134697879971,-0.02133889553266166,-0.07113024251146137,0.2999975085031276,3.88121218801715
equidistant,Caucasus_Iron_Classical,0.0,0.0193248661417322,0.06868836838819892,0.06868836838819892,0.0,-0.0,,3.5544033208005437
equidistant,Caucasus_Iron_Classical,0.02,0.0193248661417322,0.06868836838819892,0.06823978228155153,-0.0004485861066473862,-0.0013737673677639785,0.32653716864561305,3.5544033208005437
equidistant,Caucasus_Iron_Classical,0.05,0.0193248661417322,0.06868836838819892,0.06756688765069352,-0.0011214807375053981,-0.003434418419409946,0.32654167330551276,3.5544033208005437
equidistant,Caucasus_Iron_Classical,0.1,0.0193248661417322,0.06868836838819892,0.06644535534166812,-0.002243013046530795,-0.006868836838819892,0.3265491813481711,3.5544033208005437
equidistant,Caucasus_Iron_Classical,0.133,0.0193248661417322,0.06868836838819892,0.06570511576510434,-0.0029832526230945816,-0.009135552995630456,0.3265541368455171,3.5544033208005437
equidistant,Caucasus_Iron_Classical,0.15,0.0193248661417322,0.06868836838819892,0.0653237714575649,-0.0033645969306340118,-0.010303255258229838,0.32655668973613977,3.5544033208005437
equidistant,Caucasus_Iron_Classical,0.2,0.0193248661417322,0.06868836838819892,0.06420213599482642,-0.004486232393372494,-0.013737673677639783,0.32656419846939155,3.5544033208005437
equidistant,Caucasus_Iron_Classical,0.3,0.0193248661417322,0.06868836838819892,0.06195871031921044,-0.006729658068988474,-0.020606510516459675,0.32657921697189274,3.5544033208005437
equidistant,Caucasus_Iron_Classical,0.4,0.0193248661417322,0.06868836838819892,0.059715078286352856,-0.008973290101846061,-0.027475347355279567,0.3265942368558185,3.5544033208005437
equidistant,Caucasus_Iron_Classical,0.5,0.0193248661417322,0.06868836838819892,0.057471239867779265,-0.011217128520419652,-0.03434418419409946,0.32660925812140335,3.5544033208005437
equidistant,Caucasus_Iron_Classical,0.7,0.0193248661417322,0.06868836838819892,0.052982943759566706,-0.01570542462863221,-0.04808185787173924,0.32663930479823006,3.5544033208005437
equidistant,Caucasus_Iron_Classical,1.0,0.0193248661417322,0.06868836838819892,0.046251106096866196,-0.02243726229133272,-0.06868836838819892,0.32665301007772346,3.5544033208005437
equidistant,Caucasus_Medieval_Recent,0.0,0.0198728333333333,0.07196202841290465,0.07196202841290465,0.0,-0.0,,3.621125745174976
equidistant,Caucasus_Medieval_Recent,0.02,0.0198728333333333,0.07196202841290465,0.07151595402004525,-0.0004460743928594024,-0.001439240568258093,0.3099373396619055,3.621125745174976
equidistant,Caucasus_Medieval_Recent,0.05,0.0198728333333333,0.07196202841290465,0.07084684617190634,-0.0011151822409983109,-0.003598101420645233,0.3099362999051677,3.621125745174976
equidistant,Caucasus_Medieval_Recent,0.1,0.0198728333333333,0.07196202841290465,0.06973167640129711,-0.0022303520116075393,-0.007196202841290466,0.3099345669927752,3.621125745174976
equidistant,Caucasus_Medieval_Recent,0.133,0.0198728333333333,0.07196202841290465,0.06899567118387225,-0.002966357229032407,-0.009570949778916319,0.3099334232812447,3.621125745174976
equidistant,Caucasus_Medieval_Recent,0.15,0.0198728333333333,0.07196202841290465,0.06861651910086745,-0.003345509312037198,-0.010794304261935698,0.30993283409979233,3.621125745174976
equidistant,Caucasus_Medieval_Recent,0.2,0.0198728333333333,0.07196202841290465,0.0675013742704072,-0.004460654142497453,-0.014392405682580931,0.3099311012262643,3.621125745174976
equidistant,Caucasus_Medieval_Recent,0.3,0.0198728333333333,0.07196202841290465,0.0652711220185614,-0.006690906394343249,-0.021588608523871396,0.3099276355372716,3.621125745174976
equidistant,Caucasus_Medieval_Recent,0.4,0.0198728333333333,0.07196202841290465,0.06304091964408588,-0.00892110876881877,-0.028784811365161863,0.3099241699258085,3.621125745174976
equidistant,Caucasus_Medieval_Recent,0.5,0.0198728333333333,0.07196202841290465,0.06081076714530801,-0.011151261267596642,-0.035981014206452326,0.30992070439184377,3.621125745174976
equidistant,Caucasus_Medieval_Recent,0.7,0.0198728333333333,0.07196202841290465,0.05635061176815269,-0.015611416644751963,-0.05037341988903325,0.30991377355641303,3.621125745174976
equidistant,Caucasus_Medieval_Recent,1.0,0.0198728333333333,0.07196202841290465,0.04966075272832557,-0.022301275684579083,-0.07196202841290465,0.30990337788449396,3.621125745174976
equidistant,Caucasus_Neolithic,0.0,0.0182660306122448,0.0696914335354593,0.0696914335354593,0.0,-0.0,,3.8153573162601084
equidistant,Caucasus_Neolithic,0.02,0.0182660306122448,0.0696914335354593,0.06927433887798315,-0.0004170946574761497,-0.001393828670709186,0.2992438498656583,3.8153573162601084
equidistant,Caucasus_Neolithic,0.05,0.0182660306122448,0.0696914335354593,0.06864868904449974,-0.001042744490959563,-0.003484571676772965,0.2992461018696107,3.8153573162601084
equidistant,Caucasus_Neolithic,0.1,0.0182660306122448,0.0696914335354593,0.06760591839545003,-0.002085515140009264,-0.00696914335354593,0.2992498552850323,3.8153573162601084
equidistant,Caucasus_Neolithic,0.133,0.0182660306122448,0.0696914335354593,0.06691767543719777,-0.002773758098261525,-0.009268960660216088,0.29925233259074596,3.8153573162601084
equidistant,Caucasus_Neolithic,0.15,0.0182660306122448,0.0696914335354593,0.06656312158732616,-0.003128311948133136,-0.010453715030318894,0.29925360879458623,3.8153573162601084
equidistant,Caucasus_Neolithic,0.2,0.0182660306122448,0.0696914335354593,0.06552029861914299,-0.0041711349163163075,-0.01393828670709186,0.29925736239835105,3.8153573162601084
equidistant,Caucasus_Neolithic,0.3,0.0182660306122448,0.0696914335354593,0.06343457419866311,-0.006256859336796192,-0.020907430060637788,0.2992648698883331,3.8153573162601084
equidistant,Caucasus_Neolithic,0.4,0.0182660306122448,0.0696914335354593,0.061348745126134044,-0.008342688409325255,-0.02787657341418372,0.2992723777550242,3.8153573162601084
equidistant,Caucasus_Neolithic,0.5,0.0182660306122448,0.0696914335354593,0.05926281139367952,-0.01042862214177978,-0.03484571676772965,0.299279885998432,3.8153573162601084
equidistant,Caucasus_Neolithic,0.7,0.0182660306122448,0.0696914335354593,0.05509062991748368,-0.014600803617975618,-0.04878400347482151,0.2992949036155143,3.8153573162601084
equidistant,Caucasus_Neolithic,1.0,0.0182660306122448,0.0696914335354593,0.04883157255678675,-0.020859860978672547,-0.0696914335354593,0.2993174328672542,3.8153573162601084
equidistant,CentralAsia_Bronze,0.0,0.0189954729729729,0.0677848126380172,0.0677848126380172,0.0,-0.0,,3.5684719582640896
equidistant,CentralAsia_Bronze,0.02,0.0189954729729729,0.0677848126380172,0.067355221716153,-0.0004295909218641897,-0.0013556962527603439,0.3168784460305885,3.5684719582640896
equidistant,CentralAsia_Bronze,0.05,0.0189954729729729,0.0677848126380172,0.06671083408995683,-0.0010739785480603642,-0.0033892406319008597,0.31687881289739583,3.5684719582640896
equidistant,CentralAsia_Bronze,0.1,0.0189954729729729,0.0677848126380172,0.06563685139721682,-0.0021479612408003695,-0.0067784812638017194,0.3168794243440429,3.5684719582640896
equidistant,CentralAsia_Bronze,0.133,0.0189954729729729,0.0677848126380172,0.06492802054954136,-0.0028567920884758347,-0.009015380080856287,0.31687982790011165,3.5684719582640896
equidistant,CentralAsia_Bronze,0.15,0.0189954729729729,0.0677848126380172,0.06456286455977332,-0.003221948078243872,-0.01016772189570258,0.31688003579303625,3.5684719582640896
equidistant,CentralAsia_Bronze,0.2,0.0189954729729729,0.0677848126380172,0.06348887357760184,-0.004295939060415352,-0.013556962527603439,0.31688064724442194,3.5684719582640896
equidistant,CentralAsia_Bronze,0.3,0.0189954729729729,0.0677848126380172,0.06134087917897958,-0.006443933459037612,-0.02033544379140516,0.31688187015427527,3.5684719582640896
equidistant,CentralAsia_Bronze,0.4,0.0189954729729729,0.0677848126380172,0.059192868201158266,-0.008591944436858928,-0.027113925055206878,0.3168830930735702,3.5684719582640896
equidistant,CentralAsia_Bronze,0.5,0.0189954729729729,0.0677848126380172,0.05704484064394573,-0.010739971994071465,-0.0338924063190086,0.31688431600231165,3.5684719582640896
equidistant,CentralAsia_Bronze,0.7,0.0189954729729729,0.0677848126380172,0.05274873579058081,-0.015036076847436387,-0.047449368846612036,0.31688676188808756,3.5684719582640896
equidistant,CentralAsia_Bronze,1.0,0.0189954729729729,0.0677848126380172,0.04630445416030194,-0.021480358477715254,-0.0677848126380172,0.3168904307875592,3.5684719582640896
equidistant,CentralAsia_Iron_Classical,0.0,0.0180061119402985,0.0715679413941012,0.0715679413941012,0.0,-0.0,,3.974647143780601
equidistant,CentralAsia_Iron_Classical,0.02,0.0180061119402985,0.0715679413941012,0.07114860154046804,-0.00041933985363316884,-0.0014313588278820242,0.29296626776226636,3.974647143780601
equidistant,CentralAsia_Iron_Classical,0.05,0.0180061119402985,0.0715679413941012,0.07051957658685909,-0.0010483648072421164,-0.0035783970697050604,0.2929705079734276,3.974647143780601
equidistant,CentralAsia_Iron_Classical,0.1,0.0180061119402985,0.0715679413941012,0.06947116120046597,-0.0020967801936352393,-0.007156794139410121,0.29297757526501395,3.974647143780601
equidistant,CentralAsia_Iron_Classical,0.133,0.0180061119402985,0.0715679413941012,0.06877917933640987,-0.002788762057691338,-0.009518536205415462,0.2929822398642245,3.974647143780601
equidistant,CentralAsia_Iron_Classical,0.15,0.0180061119402985,0.0715679413941012,0.06842269523126153,-0.0031452461628396766,-0.01073519120911518,0.29298464289756376,3.974647143780601
equidistant,CentralAsia_Iron_Classical,0.2,0.0180061119402985,0.0715679413941012,0.06737417867558632,-0.00419376271851489,-0.014313588278820242,0.29299171087101783,3.974647143780601
equidistant,CentralAsia_Iron_Classical,0.3,0.0180061119402985,0.0715679413941012,0.06527699379017464,-0.006290947603926567,-0.02147038241823036,0.2930058478411155,3.974647143780601
equidistant,CentralAsia_Iron_Classical,0.4,0.0180061119402985,0.0715679413941012,0.06317960651493866,-0.008388334879162546,-0.028627176557640483,0.29301998617546976,3.974647143780601
equidistant,CentralAsia_Iron_Classical,0.5,0.0180061119402985,0.0715679413941012,0.0610820168205784,-0.010485924573522806,-0.0357839706970506,0.2930341258743284,3.974647143780601
equidistant,CentralAsia_Iron_Classical,0.7,0.0180061119402985,0.0715679413941012,0.056886230057260886,-0.01468171133684032,-0.05009755897587084,0.293062409366326,3.974647143780601
equidistant,CentralAsia_Iron_Classical,1.0,0.0180061119402985,0.0715679413941012,0.050593917491839835,-0.02097402390226137,-0.0715679413941012,0.2930645131563069,3.974647143780601
equidistant,CentralAsia_Medieval_Recent,0.0,0.0190756046511627,0.0695164906601158,0.0695164906601158,0.0,-0.0,,3.644261449708679
equidistant,CentralAsia_Medieval_Recent,0.02,0.0190756046511627,0.0695164906601158,0.06908630704088077,-0.000430183619235025,-0.0013903298132023159,0.3094112023996613,3.644261449708679
equidistant,CentralAsia_Medieval_Recent,0.05,0.0190756046511627,0.0695164906601158,0.068441034156859,-0.0010754565032567998,-0.00347582453300579,0.3094104702479837,3.644261449708679
equidistant,CentralAsia_Medieval_Recent,0.1,0.0190756046511627,0.0695164906601158,0.06736558613631835,-0.002150904523797445,-0.00695164906601158,0.3094092500028197,3.644261449708679
equidistant,CentralAsia_Medieval_Recent,0.133,0.0190756046511627,0.0695164906601158,0.06665579508954482,-0.002860695570570976,-0.0092456932577954,0.30940844464626954,3.644261449708679
equidistant,CentralAsia_Medieval_Recent,0.15,0.0190756046511627,0.0695164906601158,0.0662901465983938,-0.0032263440617219946,-0.010427473599017368,0.30940802976725146,3.644261449708679
equidistant,CentralAsia_Medieval_Recent,0.2,0.0190756046511627,0.0695164906601158,0.06521471554298428,-0.0043017751171315205,-0.01390329813202316,0.3094068095413517,3.644261449708679
equidistant,CentralAsia_Medieval_Recent,0.3,0.0190756046511627,0.0695164906601158,0.0630638788793107,-0.006452611780805098,-0.020854947198034737,0.3094043691183816,3.644261449708679
equidistant,CentralAsia_Medieval_Recent,0.4,0.0190756046511627,0.0695164906601158,0.060913076144494566,-0.00860341451562123,-0.02780659626404632,0.30940192873391587,3.644261449708679
equidistant,CentralAsia_Medieval_Recent,0.5,0.0190756046511627,0.0695164906601158,0.0587623073377328,-0.010754183322382996,-0.0347582453300579,0.3093994883879566,3.644261449708679
equidistant,CentralAsia_Medieval_Recent,0.7,0.0190756046511627,0.0695164906601158,0.05446087150516323,-0.015055619154952564,-0.048661543462081056,0.3093946078114945,3.644261449708679
equidistant,CentralAsia_Medieval_Recent,1.0,0.0190756046511627,0.0695164906601158,0.04800897219664969,-0.02150751846346611,-0.0695164906601158,0.3093872872355131,3.644261449708679
equidistant,CentralAsia_Neolithic,0.0,0.0191142285714285,0.06271985453391833,0.06271985453391833,0.0,-0.0,,3.2813175953996123
equidistant,CentralAsia_Neolithic,0.02,0.0191142285714285,0.06271985453391833,0.06229617067247253,-0.00042368386144580467,-0.0012543970906783667,0.33775896372390357,3.2813175953996123
equidistant,CentralAsia_Neolithic,0.05,0.0191142285714285,0.06271985453391833,0.061660656220449084,-0.0010591983134692479,-0.0031359927266959168,0.3377553475977668,3.2813175953996123
equidistant,CentralAsia_Neolithic,0.1,0.0191142285714285,0.06271985453391833,0.06060149570638351,-0.002118358827534819,-0.0062719854533918335,0.3377493208931519,3.2813175953996123
equidistant,CentralAsia_Neolithic,0.133,0.0191142285714285,0.06271985453391833,0.05990247047263061,-0.002817384061287724,-0.008341740653011138,0.3377453433859426,3.2813175953996123
equidistant,CentralAsia_Neolithic,0.15,0.0191142285714285,0.06271985453391833,0.05954237298969782,-0.0031774815442205118,-0.00940797818008775,0.3377432944036521,3.2813175953996123
equidistant,CentralAsia_Neolithic,0.2,0.0191142285714285,0.06271985453391833,0.058483288068370165,-0.004236566465548167,-0.012543970906783667,0.3377372681291113,3.2813175953996123
equidistant,CentralAsia_Neolithic,0.3,0.0191142285714285,0.06271985453391833,0.05636523160369265,-0.0063546229302256785,-0.0188159563601755,0.33772521622527873,3.2813175953996123
equidistant,CentralAsia_Neolithic,0.4,0.0191142285714285,0.06271985453391833,0.0542473262961695,-0.008472528237748835,-0.025087941813567334,0.3377131651814884,3.2813175953996123
equidistant,CentralAsia_Neolithic,0.5,0.0191142285714285,0.06271985453391833,0.05212957212961895,-0.010590282404299385,-0.031359927266959166,0.33770111499771593,3.2813175953996123
equidistant,CentralAsia_Neolithic,0.7,0.0191142285714285,0.06271985453391833,0.04789451715472439,-0.014825337379193941,-0.04390389817374283,0.33767701720983817,3.2813175953996123
equidistant,CentralAsia_Neolithic,1.0,0.0191142285714285,0.06271985453391833,0.041543067845296405,-0.021176786688621926,-0.06271985453391833,0.3376408769757224,3.2813175953996123
equidistant,EastAsia_Bronze,0.0,0.022369858490566,0.07435554559714387,0.07435554559714387,0.0,-0.0,,3.3239166724501947
equidistant,EastAsia_Bronze,0.02,0.022369858490566,0.07435554559714387,0.07384068183291925,-0.0005148637642246184,-0.0014871109119428774,0.34621746104462403,3.3239166724501947
equidistant,EastAsia_Bronze,0.05,0.022369858490566,0.07435554559714387,0.07306837062615863,-0.0012871749709852387,-0.0037177772798571936,0.3462216464550242,3.3239166724501947
equidistant,EastAsia_Bronze,0.1,0.022369858490566,0.07435554559714387,0.07178114378542505,-0.002574401811718821,-0.007435554559714387,0.346228622363536,3.3239166724501947
equidistant,EastAsia_Bronze,0.133,0.022369858490566,0.07435554559714387,0.07093154565476899,-0.0034239999423748835,-0.009889287564420136,0.34623322661723527,3.3239166724501947
equidistant,EastAsia_Bronze,0.15,0.022369858490566,0.07435554559714387,0.07049386507180667,-0.0038616805253371966,-0.01115333183957158,0.34623559855325986,3.3239166724501947
equidistant,EastAsia_Bronze,0.2,0.022369858490566,0.07435554559714387,0.06920653448216933,-0.005149011114974539,-0.014871109119428775,0.34624257502404243,3.3239166724501947
equidistant,EastAsia_Bronze,0.3,0.022369858490566,0.07435554559714387,0.06663171766229156,-0.007723827934852309,-0.02230666367914316,0.3462565288091077,3.3239166724501947
equidistant,EastAsia_Bronze,0.4,0.022369858490566,0.07435554559714387,0.06405669330070175,-0.010298852296442118,-0.02974221823885755,0.3462704837188941,3.3239166724501947
equidistant,EastAsia_Bronze,0.5,0.022369858490566,0.07435554559714387,0.06148146137230476,-0.012874084224839114,-0.037177772798571936,0.34628443975357315,3.3239166724501947
equidistant,EastAsia_Bronze,0.7,0.022369858490566,0.07435554559714387,0.05635104225930102,-0.01800450333784285,-0.05204888191800071,0.3459152756865682,3.3239166724501947
equidistant,EastAsia_Bronze,1.0,0.022369858490566,0.07435554559714387,0.04872595801774906,-0.025629587579394812,-0.07435554559714387,0.344689657961158,3.3239166724501947
equidistant,EastAsia_Iron_Classical,0.0,0.0225171519607843,0.07516836646483106,0.07516836646483106,0.0,-0.0,,3.3382714916941416
equidistant,EastAsia_Iron_Classical,0.02,0.0225171519607843,0.07516836646483106,0.07464426256090463,-0.0005241039039264317,-0.0015033673292966212,0.3486199904128844,3.3382714916941416
equidistant,EastAsia_Iron_Classical,0.05,0.0225171519607843,0.07516836646483106,0.0738580829609879,-0.001310283503843157,-0.0037584183232415532,0.3486263079712389,3.3382714916941416
equidistant,EastAsia_Iron_Classical,0.1,0.0225171519607843,0.07516836646483106,0.072547720306563,-0.0026206461582680696,-0.0075168366464831065,0.3486368377439981,3.3382714916941416
equidistant,EastAsia_Iron_Classical,0.133,0.0225171519607843,0.07516836646483106,0.0716828375924696,-0.0034855288723614625,-0.009997392739822532,0.3486437877425365,3.3382714916941416
equidistant,EastAsia_Iron_Classical,0.15,0.0225171519607843,0.07516836646483106,0.0712372784943832,-0.003931087970447861,-0.011275254969724658,0.3486473681529401,3.3382714916941416
equidistant,EastAsia_Iron_Classical,0.2,0.0225171519607843,0.07516836646483106,0.06992675751727646,-0.005241608947554599,-0.015033673292966213,0.3486578991979947,3.3382714916941416
equidistant,EastAsia_Iron_Classical,0.3,0.0225171519607843,0.07516836646483106,0.06730547803958421,-0.00786288842524685,-0.022550509939449317,0.34867896319682345,3.3382714916941416
equidistant,EastAsia_Iron_Classical,0.4,0.0225171519607843,0.07516836646483106,0.06468388181608506,-0.010484484648746004,-0.030067346585932426,0.34870002974094716,3.3382714916941416
equidistant,EastAsia_Iron_Classical,0.5,0.0225171519607843,0.07516836646483106,0.06206196878936405,-0.013106397675467014,-0.03758418323241553,0.3487210988308251,3.3382714916941416
equidistant,EastAsia_Iron_Classical,0.7,0.0225171519607843,0.07516836646483106,0.0568383176174815,-0.01833004884734956,-0.05261785652538174,0.3483617550727771,3.3382714916941416
equidistant,EastAsia_Iron_Classical,1.0,0.0225171519607843,0.07516836646483106,0.049065739741507984,-0.02610262672332308,-0.07516836646483106,0.3472554739570626,3.3382714916941416
equidistant,EastAsia_LateGlacial_Meso,0.0,0.02095135,0.07089902976763633,0.07089902976763633,0.0,-0.0,,3.383983837205542
equidistant,EastAsia_LateGlacial_Meso,0.02,0.02095135,0.07089902976763633,0.07046559001751805,-0.00043343975011828073,-0.0014179805953527266,0.30567396446667267,3.383983837205542
equidistant,EastAsia_LateGlacial_Meso,0.05,0.02095135,0.07089902976763633,0.06981546633099199,-0.0010835634366443414,-0.003544951488381817,0.3056638264855245,3.383983837205542
equidistant,EastAsia_LateGlacial_Meso,0.1,0.02095135,0.07089902976763633,0.06873202267925825,-0.002167007088378081,-0.007089902976763634,0.3056469313445057,3.383983837205542
equidistant,EastAsia_LateGlacial_Meso,0.133,0.02095135,0.07089902976763633,0.06801701547764093,-0.002882014289995405,-0.009429570959095633,0.3056357815745004,3.383983837205542
equidistant,EastAsia_LateGlacial_Meso,0.15,0.02095135,0.07089902976763633,0.06764869879257403,-0.0032503309750623044,-0.010634854465145449,0.3056300380710335,3.383983837205542
equidistant,EastAsia_LateGlacial_Meso,0.2,0.02095135,0.07089902976763633,0.0665654946510814,-0.004333535116554932,-0.014179805953527268,0.30561314666488454,3.383983837205542
equidistant,EastAsia_LateGlacial_Meso,0.3,0.02095135,0.07089902976763633,0.06439944552426435,-0.006499584243371978,-0.021269708930290898,0.30557936945322767,3.383983837205542
equidistant,EastAsia_LateGlacial_Meso,0.4,0.02095135,0.07089902976763633,0.06223387514003583,-0.0086651546276005,-0.028359611907054535,0.3055455997070615,3.383983837205542
equidistant,EastAsia_LateGlacial_Meso,0.5,0.02095135,0.07089902976763633,0.060068783339696105,-0.010830246427940227,-0.035449514883818166,0.30551183742387317,3.383983837205542
equidistant,EastAsia_LateGlacial_Meso,0.7,0.02095135,0.07089902976763633,0.05574003485622732,-0.015158994911409013,-0.04962932083734543,0.3054443352366423,3.383983837205542
equidistant,EastAsia_LateGlacial_Meso,1.0,0.02095135,0.07089902976763633,0.049250497546696546,-0.021648532220939785,-0.07089902976763633,0.30534313786649037,3.383983837205542
equidistant,EastAsia_Medieval_Recent,0.0,0.0229177297297297,0.07421157579837374,0.07421157579837374,0.0,-0.0,,3.238173094523574
equidistant,EastAsia_Medieval_Recent,0.02,0.0229177297297297,0.07421157579837374,0.07368467310152672,-0.0005269026968470203,-0.0014842315159674748,0.35500034272184716,3.238173094523574
equidistant,EastAsia_Medieval_Recent,0.05,0.0229177297297297,0.07421157579837374,0.07289430347057922,-0.001317272327794522,-0.0037105787899186873,0.3550045430576582,3.238173094523574
equidistant,EastAsia_Medieval_Recent,0.1,0.0229177297297297,0.07421157579837374,0.07157697918888623,-0.002634596609487519,-0.007421157579837375,0.3550115438385898,3.238173094523574
equidistant,EastAsia_Medieval_Recent,0.133,0.0229177297297297,0.07421157579837374,0.07070751670113049,-0.003504059097243259,-0.009870139581183709,0.35501616450524637,3.238173094523574
equidistant,EastAsia_Medieval_Recent,0.15,0.0229177297297297,0.07421157579837374,0.07025960295022146,-0.0039519728481522826,-0.01113173636975606,0.35501854489560514,3.238173094523574
equidistant,EastAsia_Medieval_Recent,0.2,0.0229177297297297,0.07421157579837374,0.06894217475151022,-0.00526940104686352,-0.01484231515967475,0.35502554622879956,3.238173094523574
equidistant,EastAsia_Medieval_Recent,0.3,0.0229177297297297,0.07421157579837374,0.06630716246165413,-0.00790441333671961,-0.02226347273951212,0.35503954972358126,3.238173094523574
equidistant,EastAsia_Medieval_Recent,0.4,0.0229177297297297,0.07421157579837374,0.06367194229472048,-0.010539633503653265,-0.0296846303193495,0.35505355432313257,3.238173094523574
equidistant,EastAsia_Medieval_Recent,0.5,0.0229177297297297,0.07421157579837374,0.061036514226109666,-0.013175061572264078,-0.03710578789918687,0.35506756002755013,3.238173094523574
equidistant,EastAsia_Medieval_Recent,0.7,0.0229177297297297,0.07421157579837374,0.055765034285435396,-0.01844654151293835,-0.05194810305886162,0.35509557475153325,3.238173094523574
equidistant,EastAsia_Medieval_Recent,1.0,0.0229177297297297,0.07421157579837374,0.047862185899525164,-0.02634938989884858,-0.07421157579837374,0.35505767955173906,3.238173094523574
equidistant,EastAsia_Neolithic,0.0,0.0200613533333333,0.07590787659106202,0.07590787659106202,0.0,-0.0,,3.7837864340356306
equidistant,EastAsia_Neolithic,0.02,0.0200613533333333,0.07590787659106202,0.07545165497322472,-0.00045622161783730186,-0.0015181575318212405,0.30051006451879914,3.7837864340356306
equidistant,EastAsia_Neolithic,0.05,0.0200613533333333,0.07590787659106202,0.07476731785613917,-0.0011405587349228447,-0.003795393829553101,0.30051130031402906,3.7837864340356306
equidistant,EastAsia_Neolithic,0.1,0.0200613533333333,0.07590787659106202,0.07362674348661233,-0.0022811331044496896,-0.007590787659106202,0.30051335999540896,3.7837864340356306
equidistant,EastAsia_Neolithic,0.133,0.0200613533333333,0.07590787659106202,0.07287395583793192,-0.0030339207531300955,-0.01009574758661125,0.3005147194006328,3.7837864340356306
equidistant,EastAsia_Neolithic,0.15,0.0200613533333333,0.07590787659106202,0.07248615348215985,-0.0034217231089021666,-0.011386181488659303,0.3005154197050364,3.7837864340356306
equidistant,EastAsia_Neolithic,0.2,0.0200613533333333,0.07590787659106202,0.0713455478424607,-0.004562328748601324,-0.015181575318212404,0.300517479442873,3.7837864340356306
equidistant,EastAsia_Neolithic,0.3,0.0200613533333333,0.07590787659106202,0.06906428965603631,-0.006843586935025708,-0.022772362977318605,0.3005215990032285,3.7837864340356306
equidistant,EastAsia_Neolithic,0.4,0.0200613533333333,0.07590787659106202,0.06678296892476585,-0.009124907666296173,-0.030363150636424807,0.3005257186765586,3.7837864340356306
equidistant,EastAsia_Neolithic,0.5,0.0200613533333333,0.07590787659106202,0.06450158564607819,-0.011406290944983827,-0.03795393829553101,0.30052983846282144,3.7837864340356306
equidistant,EastAsia_Neolithic,0.7,0.0200613533333333,0.07590787659106202,0.05993863143615976,-0.015969245154902258,-0.05313551361374341,0.3005380783742314,3.7837864340356306
equidistant,EastAsia_Neolithic,1.0,0.0200613533333333,0.07590787659106202,0.053104377130509715,-0.022803499460552303,-0.07590787659106202,0.3004101877780278,3.7837864340356306
equidistant,Europe_Bronze,0.0,0.0207338002793296,0.07502880956317765,0.07502880956317765,0.0,-0.0,,3.6186713748746304
equidistant,Europe_Bronze,0.02,0.0207338002793296,0.07502880956317765,0.07453616374463183,-0.0004926458185458144,-0.001500576191263553,0.32830443493241374,3.6186713748746304
equidistant,Europe_Bronze,0.05,0.0207338002793296,0.07502880956317765,0.07379715652240368,-0.0012316530407739668,-0.0037514404781588823,0.32831469616663966,3.6186713748746304
equidistant,Europe_Bronze,0.1,0.0207338002793296,0.07502880956317765,0.07256632303967138,-0.002462486523506266,-0.0075028809563177645,0.3282054637202715,3.6186713748746304
equidistant,Europe_Bronze,0.133,0.0207338002793296,0.07502880956317765,0.07175692747441127,-0.003271882088766373,-0.009978831671902628,0.3278822808464646,3.6186713748746304
equidistant,Europe_Bronze,0.15,0.0207338002793296,0.07502880956317765,0.0713406379489466,-0.003688171614231045,-0.011254321434476647,0.3277115937823357,3.6186713748746304
equidistant,Europe_Bronze,0.2,0.0207338002793296,0.07502880956317765,0.07011927780864302,-0.004909531754534624,-0.015005761912635529,0.3271764394982554,3.6186713748746304
equidistant,Europe_Bronze,0.3,0.0207338002793296,0.07502880956317765,0.06768813650407757,-0.007340673059100078,-0.022508642868953294,0.32612686166100413,3.6186713748746304
equidistant,Europe_Bronze,0.4,0.0207338002793296,0.07502880956317765,0.06526805396143202,-0.009760755601745622,-0.030011523825271058,0.32523358888983256,3.6186713748746304
equidistant,Europe_Bronze,0.5,0.0207338002793296,0.07502880956317765,0.06285453752260806,-0.01217427204056959,-0.03751440478158882,0.3245225963586241,3.6186713748746304
equidistant,Europe_Bronze,0.7,0.0207338002793296,0.07502880956317765,0.058042215989289346,-0.0169865935738883,-0.05252016669422435,0.32342992498072776,3.6186713748746304
equidistant,Europe_Bronze,1.0,0.0207338002793296,0.07502880956317765,0.05085372562035376,-0.02417508394282389,-0.07502880956317765,0.3222106825840996,3.6186713748746304
equidistant,Europe_Iron_Classical,0.0,0.0206666561360874,0.07481129484582384,0.07481129484582384,0.0,-0.0,,3.6199032080081377
equidistant,Europe_Iron_Classical,0.02,0.0206666561360874,0.07481129484582384,0.07431683142425072,-0.0004944634215731242,-0.001496225896916477,0.33047377577954484,3.6199032080081377
equidistant,Europe_Iron_Classical,0.05,0.0206666561360874,0.07481129484582384,0.07357509448183672,-0.001236200363987125,-0.003740564742291192,0.33048495325064753,3.6199032080081377
equidistant,Europe_Iron_Classical,0.1,0.0206666561360874,0.07481129484582384,0.0723413021713523,-0.0024699926744715384,-0.007481129484582384,0.3301630695688219,3.6199032080081377
equidistant,Europe_Iron_Classical,0.133,0.0206666561360874,0.07481129484582384,0.0715307422222282,-0.0032805526235956395,-0.009949902214494571,0.32970702152395803,3.6199032080081377
equidistant,Europe_Iron_Classical,0.15,0.0206666561360874,0.07481129484582384,0.07111372581199547,-0.0036975690338283684,-0.011221694226873576,0.32950185231152307,3.6199032080081377
equidistant,Europe_Iron_Classical,0.2,0.0206666561360874,0.07481129484582384,0.06989135561900146,-0.0049199392268223785,-0.014962258969164768,0.3288232904511091,3.6199032080081377
equidistant,Europe_Iron_Classical,0.3,0.0206666561360874,0.07481129484582384,0.06745723880188202,-0.00735405604394182,-0.022443388453747153,0.3276713789941993,3.6199032080081377
equidistant,Europe_Iron_Classical,0.4,0.0206666561360874,0.07481129484582384,0.06503425121601793,-0.009777043629805915,-0.029924517938329537,0.3267235131391291,3.6199032080081377
equidistant,Europe_Iron_Classical,0.5,0.0206666561360874,0.07481129484582384,0.06261845793288283,-0.012192836912941013,-0.03740564742291192,0.3259624616328011,3.6199032080081377
equidistant,Europe_Iron_Classical,0.7,0.0206666561360874,0.07481129484582384,0.0578007464707846,-0.017010548375039243,-0.05236790639207669,0.32482773414086596,3.6199032080081377
equidistant,Europe_Iron_Classical,1.0,0.0206666561360874,0.07481129484582384,0.05060313154751989,-0.02420816329830395,-0.07481129484582384,0.32358968452816866,3.6199032080081377
equidistant,Europe_LateGlacial_Meso,0.0,0.022846248275862,0.07648466856194479,0.07648466856194479,0.0,-0.0,,3.3477999380210703
equidistant,Europe_LateGlacial_Meso,0.02,0.022846248275862,0.07648466856194479,0.07596083786198493,-0.0005238306999598569,-0.001529693371238896,0.3424416355649154,3.3477999380210703
equidistant,Europe_LateGlacial_Meso,0.05,0.022846248275862,0.07648466856194479,0.07517507342537784,-0.001309595136566949,-0.0038242334280972397,0.34244644350032327,3.3477999380210703
equidistant,Europe_LateGlacial_Meso,0.1,0.022846248275862,0.07648466856194479,0.07386541699762171,-0.0026192515643230774,-0.0076484668561944795,0.34245445702647587,3.3477999380210703
equidistant,Europe_LateGlacial_Meso,0.133,0.022846248275862,0.07648466856194479,0.0730010101778994,-0.0034836583840453933,-0.010172460918738658,0.3424597461591774,3.3477999380210703
equidistant,Europe_LateGlacial_Meso,0.15,0.022846248275862,0.07648466856194479,0.07255569927437432,-0.003928969287570472,-0.011472700284291718,0.34246247092761317,3.3477999380210703
equidistant,Europe_LateGlacial_Meso,0.2,0.022846248275862,0.07648466856194479,0.07124592025133146,-0.005238748310613328,-0.015296933712388959,0.34247048520387297,3.3477999380210703
equidistant,Europe_LateGlacial_Meso,0.3,0.022846248275862,0.07648466856194479,0.0686261782886466,-0.007858490273298185,-0.022945400568583435,0.34248651488167675,3.3477999380210703
equidistant,Europe_LateGlacial_Meso,0.4,0.022846248275862,0.07648466856194479,0.06600619107513156,-0.010478477486813229,-0.030593867424777918,0.3425025460601535,3.3477999380210703
equidistant,Europe_LateGlacial_Meso,0.5,0.022846248275862,0.07648466856194479,0.06338595857634625,-0.013098709985598533,-0.038242334280972394,0.3425185787394741,3.3477999380210703
equidistant,Europe_LateGlacial_Meso,0.7,0.022846248275862,0.07648466856194479,0.058144780785418036,-0.018339887776526752,-0.053539267993361346,0.3425502152700486,3.3477999380210703
equidistant,Europe_LateGlacial_Meso,1.0,0.022846248275862,0.07648466856194479,0.05034144881713999,-0.026143219744804796,-0.07648466856194479,0.34180993702850987,3.3477999380210703
equidistant,Europe_Medieval_Recent,0.0,0.0221288254021447,0.07624286889799806,0.07624286889799806,0.0,-0.0,,3.445409664202452
equidistant,Europe_Medieval_Recent,0.02,0.0221288254021447,0.07624286889799806,0.0757084121464313,-0.0005344567515667559,-0.0015248573779599612,0.350496222985642,3.445409664202452
equidistant,Europe_Medieval_Recent,0.05,0.0221288254021447,0.07624286889799806,0.0749074721673868,-0.0013353967306112546,-0.003812143444899903,0.35030075596914445,3.445409664202452
equidistant,Europe_Medieval_Recent,0.1,0.0221288254021447,0.07624286889799806,0.07358053369600522,-0.002662335201992841,-0.007624286889799806,0.3491913723176735,3.445409664202452
equidistant,Europe_Medieval_Recent,0.133,0.0221288254021447,0.07624286889799806,0.07270779535620638,-0.0035350735417916807,-0.010140301563433742,0.34861621419024375,3.445409664202452
equidistant,Europe_Medieval_Recent,0.15,0.0221288254021447,0.07624286889799806,0.07225895711645298,-0.003983911781545071,-0.011436430334699708,0.3483527346341046,3.445409664202452
equidistant,Europe_Medieval_Recent,0.2,0.0221288254021447,0.07624286889799806,0.07094114497067575,-0.0053017239273223105,-0.015248573779599612,0.3476865445878782,3.445409664202452
equidistant,Europe_Medieval_Recent,0.3,0.0221288254021447,0.07624286889799806,0.06831591822713058,-0.007926950670867475,-0.022872860669399416,0.34656577441022013,3.445409664202452
equidistant,Europe_Medieval_Recent,0.4,0.0221288254021447,0.07624286889799806,0.06569928883360358,-0.010543580064394473,-0.030497147559199224,0.34572348262826585,3.445409664202452
equidistant,Europe_Medieval_Recent,0.5,0.0221288254021447,0.07624286889799806,0.06308855088833576,-0.013154318009662297,-0.03812143444899903,0.34506356331530164,3.445409664202452
equidistant,Europe_Medieval_Recent,0.7,0.0221288254021447,0.07624286889799806,0.05788120064294054,-0.018361668255057514,-0.05337000822859864,0.34404469597249016,3.445409664202452
equidistant,Europe_Medieval_Recent,1.0,0.0221288254021447,0.07624286889799806,0.050102822336467706,-0.02614004656153035,-0.07624286889799806,0.3428523472339683,3.445409664202452
equidistant,Europe_Neolithic,0.0,0.0206025615595075,0.07441892564956344,0.07441892564956344,0.0,-0.0,,3.612120048015156
equidistant,Europe_Neolithic,0.02,0.0206025615595075,0.07441892564956344,0.07393167951449504,-0.00048724613506839765,-0.0014883785129912689,0.3273670849286548,3.612120048015156
equidistant,Europe_Neolithic,0.05,0.0206025615595075,0.07441892564956344,0.07320077607518688,-0.001218149574376562,-0.003720946282478172,0.3273762860035881,3.612120048015156
equidistant,Europe_Neolithic,0.1,0.0206025615595075,0.07441892564956344,0.07198450476694644,-0.002434420882617,-0.007441892564956344,0.3271238950802135,3.612120048015156
equidistant,Europe_Neolithic,0.133,0.0206025615595075,0.07441892564956344,0.07118585745942729,-0.0032330681901361485,-0.009897717111391938,0.32664786776083915,3.612120048015156
equidistant,Europe_Neolithic,0.15,0.0206025615595075,0.07441892564956344,0.07077496736770375,-0.003643958281859691,-0.011162838847434516,0.3264365213600802,3.612120048015156
equidistant,Europe_Neolithic,0.2,0.0206025615595075,0.07441892564956344,0.06956995177683879,-0.004848973872724649,-0.014883785129912688,0.32578902681008365,3.612120048015156
equidistant,Europe_Neolithic,0.3,0.0206025615595075,0.07441892564956344,0.0671702716941929,-0.00724865395537054,-0.022325677694869032,0.32467789128015817,3.612120048015156
equidistant,Europe_Neolithic,0.4,0.0206025615595075,0.07441892564956344,0.06478001332688656,-0.009638912322676885,-0.029767570259825377,0.3238058141307442,3.612120048015156
equidistant,Europe_Neolithic,0.5,0.0206025615595075,0.07441892564956344,0.06239558186524905,-0.01202334378431439,-0.03720946282478172,0.32312597042671554,3.612120048015156
equidistant,Europe_Neolithic,0.7,0.0206025615595075,0.07441892564956344,0.05764014629837615,-0.016778779351187288,-0.05209324795469441,0.3220912500172733,3.612120048015156
equidistant,Europe_Neolithic,1.0,0.0206025615595075,0.07441892564956344,0.050534419984771706,-0.023884505664791736,-0.07441892564956344,0.32094666049417564,3.612120048015156
equidistant,Europe_Palaeolithic,0.0,0.0274552857142857,0.07078026275301048,0.07078026275301048,0.0,-0.0,,2.5780195292661503
equidistant,Europe_Palaeolithic,0.02,0.0274552857142857,0.07078026275301048,0.07018011393493476,-0.000600148818075727,-0.0014156052550602096,0.42395209817881113,2.5780195292661503
equidistant,Europe_Palaeolithic,0.05,0.0274552857142857,0.07078026275301048,0.06927991785882294,-0.0015003448941875441,-0.0035390131376505244,0.4239444262655637,2.5780195292661503
equidistant,Europe_Palaeolithic,0.1,0.0274552857142857,0.07078026275301048,0.06777966346361065,-0.00300059928939983,-0.007078026275301049,0.42393164036003894,2.5780195292661503
equidistant,Europe_Palaeolithic,0.133,0.0274552857142857,0.07078026275301048,0.06678954513413209,-0.003990717618878398,-0.009413774946150396,0.4239232020848697,2.5780195292661503
equidistant,Europe_Palaeolithic,0.15,0.0274552857142857,0.07078026275301048,0.06627949955918565,-0.004500763193824836,-0.010617039412951572,0.4239188552257252,2.5780195292661503
equidistant,Europe_Palaeolithic,0.2,0.0274552857142857,0.07078026275301048,0.06477942613736137,-0.0060008366156491105,-0.014156052550602097,0.42390607086252147,2.5780195292661503
equidistant,Europe_Palaeolithic,0.3,0.0274552857142857,0.07078026275301048,0.061779550708771024,-0.00900071204423946,-0.021234078825903144,0.42388050444927344,2.5780195292661503
equidistant,Europe_Palaeolithic,0.4,0.0274552857142857,0.07078026275301048,0.058780037112364306,-0.012000225640646178,-0.028312105101204195,0.4238549411197182,2.5780195292661503
equidistant,Europe_Palaeolithic,0.5,0.0274552857142857,0.07078026275301048,0.05578088528268047,-0.014999377470330012,-0.03539013137650524,0.4238293808733296,2.5780195292661503
equidistant,Europe_Palaeolithic,0.7,0.0274552857142857,0.07078026275301048,0.0497836666617209,-0.020996596091289586,-0.049546183927107336,0.42377826962778636,2.5780195292661503
equidistant,Europe_Palaeolithic,1.0,0.0274552857142857,0.07078026275301048,0.04079055034511189,-0.02998971240789859,-0.07078026275301048,0.4237016258691841,2.5780195292661503
equidistant,InnerAsia_Bronze,0.0,0.0204402372881356,0.07525517662769106,0.07525517662769106,0.0,-0.0,,3.681717367898289
equidistant,InnerAsia_Bronze,0.02,0.0204402372881356,0.07525517662769106,0.07479550910673456,-0.0004596675209564971,-0.0015051035325538212,0.305405914619405,3.681717367898289
equidistant,InnerAsia_Bronze,0.05,0.0204402372881356,0.07525517662769106,0.07410600599789044,-0.0011491706298006193,-0.003762758831384553,0.3054064002761952,3.681717367898289
equidistant,InnerAsia_Bronze,0.1,0.0204402372881356,0.07525517662769106,0.07295682927669953,-0.0022983473509915336,-0.007525517662769106,0.3054072097075949,3.681717367898289
equidistant,InnerAsia_Bronze,0.133,0.0204402372881356,0.07525517662769106,0.07219836930382642,-0.003056807323864638,-0.010008938491482912,0.3054077439346663,3.681717367898289
equidistant,InnerAsia_Bronze,0.15,0.0204402372881356,0.07525517662769106,0.07180764646406945,-0.0034475301636216066,-0.011288276494153659,0.3054080191433233,3.681717367898289
equidistant,InnerAsia_Bronze,0.2,0.0204402372881356,0.07525517662769106,0.07065845755995262,-0.004596719067738439,-0.015051035325538212,0.30540882858329643,3.681717367898289
equidistant,InnerAsia_Bronze,0.3,0.0204402372881356,0.07525517662769106,0.06836006147706189,-0.006895115150629169,-0.022576552988307318,0.30541044747620405,3.681717367898289
equidistant,InnerAsia_Bronze,0.4,0.0204402372881356,0.07525517662769106,0.0660616410276408,-0.009193535600050262,-0.030102070651076424,0.30541206638625407,3.681717367898289
equidistant,InnerAsia_Bronze,0.5,0.0204402372881356,0.07525517662769106,0.0637631962113015,-0.01149198041638956,-0.03762758831384553,0.3054136853134684,3.681717367898289
equidistant,InnerAsia_Bronze,0.7,0.0204402372881356,0.07525517662769106,0.05916623347631749,-0.016088943151373568,-0.05267862363938374,0.30541692321940445,3.681717367898289
equidistant,InnerAsia_Bronze,1.0,0.0204402372881356,0.07525517662769106,0.052270606612267394,-0.022984570015423665,-0.07525517662769106,0.30542178020702715,3.681717367898289
equidistant,InnerAsia_Iron_Classical,0.0,0.0220423045454545,0.07390310417903177,0.07390310417903177,0.0,-0.0,,3.352784824591849
equidistant,InnerAsia_Iron_Classical,0.02,0.0220423045454545,0.07390310417903177,0.07338484264809904,-0.0005182615309327343,-0.0014780620835806355,0.35063583369734724,3.352784824591849
equidistant,InnerAsia_Iron_Classical,0.05,0.0220423045454545,0.07390310417903177,0.07260741870148209,-0.001295685477549685,-0.003695155208951589,0.35064439902574607,3.352784824591849
equidistant,InnerAsia_Iron_Classical,0.1,0.0220423045454545,0.07390310417903177,0.07131162771633145,-0.002591476462700318,-0.007390310417903178,0.3506586755033203,3.352784824591849
equidistant,InnerAsia_Iron_Classical,0.133,0.0220423045454545,0.07390310417903177,0.07045634786280897,-0.003446756316222807,-0.009829112855811227,0.35066809861532877,3.352784824591849
equidistant,InnerAsia_Iron_Classical,0.15,0.0220423045454545,0.07390310417903177,0.07001573121069278,-0.0038873729683389924,-0.011085465626854765,0.35067295314341623,3.352784824591849
equidistant,InnerAsia_Iron_Classical,0.2,0.0220423045454545,0.07390310417903177,0.06871972917167617,-0.005183375007355606,-0.014780620835806356,0.3506872319462234,3.352784824591849
equidistant,InnerAsia_Iron_Classical,0.3,0.0220423045454545,0.07390310417903177,0.066127408441938,-0.007775695737093774,-0.02217093125370953,0.35071579304061856,3.352784824591849
equidistant,InnerAsia_Iron_Classical,0.4,0.0220423045454545,0.07390310417903177,0.0635346654239572,-0.010368438755074566,-0.029561241671612712,0.3507443587875826,3.352784824591849
equidistant,InnerAsia_Iron_Classical,0.5,0.0220423045454545,0.07390310417903177,0.06094204268154761,-0.012961061497484161,-0.036951552089515886,0.3507582432826022,3.352784824591849
equidistant,InnerAsia_Iron_Classical,0.7,0.0220423045454545,0.07390310417903177,0.05577230916703298,-0.018130795011998796,-0.051732172925322235,0.350474259764256,3.352784824591849
equidistant,InnerAsia_Iron_Classical,1.0,0.0220423045454545,0.07390310417903177,0.04804489008358478,-0.025858214095446995,-0.07390310417903177,0.3498934771779673,3.352784824591849
equidistant,InnerAsia_Medieval_Recent,0.0,0.0202949508196721,0.07364600344905935,0.07364600344905935,0.0,-0.0,,3.62878452396512
equidistant,InnerAsia_Medieval_Recent,0.02,0.0202949508196721,0.07364600344905935,0.0731834775724361,-0.0004625258766232515,-0.001472920068981187,0.314019671782447,3.62878452396512
equidistant,InnerAsia_Medieval_Recent,0.05,0.0202949508196721,0.07364600344905935,0.07248968434522206,-0.0011563191038372889,-0.0036823001724529676,0.31402087002239304,3.62878452396512
equidistant,InnerAsia_Medieval_Recent,0.1,0.0202949508196721,0.07364600344905935,0.0713333505336399,-0.002312652915419447,-0.007364600344905935,0.31402286710902105,3.62878452396512
equidistant,InnerAsia_Medieval_Recent,0.133,0.0202949508196721,0.07364600344905935,0.0705701621609565,-0.003075841288102843,-0.009794918458724893,0.31402418520013464,3.62878452396512
equidistant,InnerAsia_Medieval_Recent,0.15,0.0202949508196721,0.07364600344905935,0.07017700201403192,-0.00346900143502743,-0.011046900517358902,0.314024864221082,3.62878452396512
equidistant,InnerAsia_Medieval_Recent,0.2,0.0202949508196721,0.07364600344905935,0.06902063878611762,-0.004625364662941722,-0.01472920068981187,0.31402686135854396,3.62878452396512
equidistant,InnerAsia_Medieval_Recent,0.3,0.0202949508196721,0.07364600344905935,0.06670786820424715,-0.006938135244812196,-0.022093801034717805,0.31403085570969586,3.62878452396512
equidistant,InnerAsia_Medieval_Recent,0.4,0.0202949508196721,0.07364600344905935,0.06439503878578376,-0.009250964663275588,-0.02945840137962374,0.31403485016245464,3.62878452396512
equidistant,InnerAsia_Medieval_Recent,0.5,0.0202949508196721,0.07364600344905935,0.06208215052848154,-0.011563852920577808,-0.03682300172452967,0.31403884471684823,3.62878452396512
equidistant,InnerAsia_Medieval_Recent,0.7,0.0202949508196721,0.07364600344905935,0.05745619748838152,-0.016189805960677824,-0.05155220241434154,0.3140468341304834,3.62878452396512
equidistant,InnerAsia_Medieval_Recent,1.0,0.0202949508196721,0.07364600344905935,0.05051682658080708,-0.02312917686825227,-0.07364600344905935,0.3140588190131815,3.62878452396512
equidistant,NearEast_Bronze,0.0,0.0190267924528301,0.0675090313620291,0.0675090313620291,0.0,-0.0,,3.548103629626107
equidistant,NearEast_Bronze,0.02,0.0190267924528301,0.0675090313620291,0.06707639179003301,-0.00043263957199608793,-0.001350180627240582,0.3204308840368201,3.548103629626107
equidistant,NearEast_Bronze,0.05,0.0190267924528301,0.0675090313620291,0.06642742950854172,-0.0010816018534873795,-0.003375451568101455,0.32043175014231756,3.548103629626107
equidistant,NearEast_Bronze,0.1,0.0190267924528301,0.0675090313620291,0.06534581790999354,-0.002163213452035559,-0.00675090313620291,0.3204331936618887,3.548103629626107
equidistant,NearEast_Bronze,0.133,0.0190267924528301,0.0675090313620291,0.06463194891654334,-0.0028770824454857624,-0.00897870117114987,0.3204341463919446,3.548103629626107
equidistant,NearEast_Bronze,0.15,0.0190267924528301,0.0675090313620291,0.06426419656625265,-0.0032448347957764467,-0.010126354704304364,0.3204346371944861,3.548103629626107
equidistant,NearEast_Bronze,0.2,0.0190267924528301,0.0675090313620291,0.06318256547718674,-0.004326465884842354,-0.01350180627240582,0.3204360807401395,3.548103629626107
equidistant,NearEast_Bronze,0.3,0.0190267924528301,0.0675090313620291,0.061019274062555584,-0.006489757299473514,-0.020252709408608727,0.32043896787038983,3.548103629626107
equidistant,NearEast_Bronze,0.4,0.0190267924528301,0.0675090313620291,0.05885594366504511,-0.008653087696983988,-0.02700361254481164,0.32044185505270684,3.548103629626107
equidistant,NearEast_Bronze,0.5,0.0190267924528301,0.0675090313620291,0.0566925742836028,-0.010816457078426302,-0.03375451568101455,0.3204447422870324,3.548103629626107
equidistant,NearEast_Bronze,0.7,0.0190267924528301,0.0675090313620291,0.05236571856470579,-0.01514331279732331,-0.04725632195342037,0.32045051691178544,3.548103629626107
equidistant,NearEast_Bronze,1.0,0.0190267924528301,0.0675090313620291,0.045875142580522235,-0.021633888781506863,-0.0675090313620291,0.32045917923916456,3.548103629626107
equidistant,NearEast_Iron_Classical,0.0,0.0206668620689655,0.07084801367528111,0.07084801367528111,0.0,-0.0,,3.428097281477017
equidistant,NearEast_Iron_Classical,0.02,0.0206668620689655,0.07084801367528111,0.07039751334585236,-0.0004505003294287546,-0.0014169602735056223,0.31793434004624344,3.428097281477017
equidistant,NearEast_Iron_Classical,0.05,0.0206668620689655,0.07084801367528111,0.06972178245625793,-0.00112623121902318,-0.0035424006837640556,0.3179288057912405,3.428097281477017
equidistant,NearEast_Iron_Classical,0.1,0.0206668620689655,0.07084801367528111,0.06859561658269599,-0.0022523970925851233,-0.007084801367528111,0.3179195824612067,3.428097281477017
equidistant,NearEast_Iron_Classical,0.133,0.0206668620689655,0.07084801367528111,0.0678523828996265,-0.002995630775654609,-0.009422785818812389,0.3179134953565321,3.428097281477017
equidistant,NearEast_Iron_Classical,0.15,0.0206668620689655,0.07084801367528111,0.06746951604890832,-0.003378497626372795,-0.010627202051292165,0.3179103596663058,3.428097281477017
equidistant,NearEast_Iron_Classical,0.2,0.0206668620689655,0.07084801367528111,0.066343480849209,-0.004504532826072105,-0.014169602735056222,0.3179011374064632,3.428097281477017
equidistant,NearEast_Iron_Classical,0.3,0.0206668620689655,0.07084801367528111,0.06409160642933248,-0.0067564072459486285,-0.02125440410258433,0.31788269449187306,3.428097281477017
equidistant,NearEast_Iron_Classical,0.4,0.0206668620689655,0.07084801367528111,0.06183999327758887,-0.009008020397692239,-0.028339205470112445,0.31786425371707844,3.428097281477017
equidistant,NearEast_Iron_Classical,0.5,0.0206668620689655,0.07084801367528111,0.05958864134851191,-0.011259372326769199,-0.035424006837640555,0.31784581508168935,3.428097281477017
equidistant,NearEast_Iron_Classical,0.7,0.0206668620689655,0.07084801367528111,0.055086720976540875,-0.015761292698740235,-0.049593609572696776,0.31780894422771444,3.428097281477017
equidistant,NearEast_Iron_Classical,1.0,0.0206668620689655,0.07084801367528111,0.04833579845251597,-0.022512215222765142,-0.07084801367528111,0.317753653983099,3.428097281477017
equidistant,NearEast_Medieval_Recent,0.0,0.0192772083333333,0.06721860334235924,0.06721860334235924,0.0,-0.0,,3.4869469780086257
equidistant,NearEast_Medieval_Recent,0.02,0.0192772083333333,0.06721860334235924,0.06679469604131366,-0.0004239073010455785,-0.0013443720668471848,0.3153199263056127,3.4869469780086257
equidistant,NearEast_Medieval_Recent,0.05,0.0192772083333333,0.06721860334235924,0.06615885408260955,-0.0010597492597496927,-0.003360930167117962,0.3153142752318595,3.4869469780086257
equidistant,NearEast_Medieval_Recent,0.1,0.0192772083333333,0.06721860334235924,0.06509916812938207,-0.0021194352129771665,-0.006721860334235924,0.3153048572256721,3.4869469780086257
equidistant,NearEast_Medieval_Recent,0.133,0.0192772083333333,0.06721860334235924,0.06439981007680913,-0.0028187932655501097,-0.00894007424453378,0.3152986416498276,3.4869469780086257
equidistant,NearEast_Medieval_Recent,0.15,0.0192772083333333,0.06721860334235924,0.06403954547700405,-0.0031790578653551893,-0.010082790501353885,0.3152954397821035,3.4869469780086257
equidistant,NearEast_Medieval_Recent,0.2,0.0192772083333333,0.06721860334235924,0.06297998611980363,-0.004238617222555613,-0.013443720668471848,0.3152860229010856,3.4869469780086257
equidistant,NearEast_Medieval_Recent,0.3,0.0192772083333333,0.06721860334235924,0.06086105726825276,-0.0063575460741064765,-0.02016558100270777,0.31526719082642873,3.4869469780086257
equidistant,NearEast_Medieval_Recent,0.4,0.0192772083333333,0.06721860334235924,0.0587423815293686,-0.00847622181299064,-0.026887441336943697,0.3152483610013199,3.4869469780086257
equidistant,NearEast_Medieval_Recent,0.5,0.0192772083333333,0.06721860334235924,0.05662395885780061,-0.01059464448455863,-0.03360930167117962,0.3152295334253751,3.4869469780086257
equidistant,NearEast_Medieval_Recent,0.7,0.0192772083333333,0.06721860334235924,0.052387872535270184,-0.014830730807089056,-0.04705302233965147,0.31519188501928036,3.4869469780086257
equidistant,NearEast_Medieval_Recent,1.0,0.0192772083333333,0.06721860334235924,0.04603563992322339,-0.02118296341913585,-0.06721860334235924,0.3151354292686851,3.4869469780086257
equidistant,Siberia_Bronze,0.0,0.0222216827586206,0.07490525707975076,0.07490525707975076,0.0,-0.0,,3.37081839811129
equidistant,Siberia_Bronze,0.02,0.0222216827586206,0.07490525707975076,0.07438789983089872,-0.0005173572488520461,-0.0014981051415950152,0.34534108086781,3.37081839811129
equidistant,Siberia_Bronze,0.05,0.0222216827586206,0.07490525707975076,0.07361183801619188,-0.0012934190635588844,-0.0037452628539875383,0.34534800733192755,3.37081839811129
equidistant,Siberia_Bronze,0.1,0.0222216827586206,0.07490525707975076,0.07231833247657876,-0.002586924603172003,-0.007490525707975077,0.34535955205623736,3.37081839811129
equidistant,Siberia_Bronze,0.133,0.0222216827586206,0.07490525707975076,0.07146457144463907,-0.0034406856351116982,-0.009962399191606852,0.3453671719971245,3.37081839811129
equidistant,Siberia_Bronze,0.15,0.0222216827586206,0.07490525707975076,0.07102474045223878,-0.0038805166275119873,-0.011235788561962614,0.3453710975524229,3.37081839811129
equidistant,Siberia_Bronze,0.2,0.0222216827586206,0.07490525707975076,0.06973106193449732,-0.005174195145253441,-0.014981051415950153,0.3453826438206156,3.37081839811129
equidistant,Siberia_Bronze,0.3,0.0222216827586206,0.07490525707975076,0.06714344538411067,-0.0077618116956400945,-0.022471577123925227,0.3454057386731519,3.37081839811129
equidistant,Siberia_Bronze,0.4,0.0222216827586206,0.07490525707975076,0.06455548275600338,-0.010349774323747382,-0.029962102831900306,0.34542883661450147,3.37081839811129
equidistant,Siberia_Bronze,0.5,0.0222216827586206,0.07490525707975076,0.06196717398074301,-0.012938083099007756,-0.03745262853987538,0.3454519376452504,3.37081839811129
equidistant,Siberia_Bronze,0.7,0.0222216827586206,0.07490525707975076,0.05678964332896712,-0.018115613750783646,-0.052433679955825534,0.3454957532266615,3.37081839811129
equidistant,Siberia_Bronze,1.0,0.0222216827586206,0.07490525707975076,0.04906868691156208,-0.02583657016818868,-0.07490525707975076,0.3449233228140554,3.37081839811129
equidistant,Siberia_Iron_Classical,0.0,0.0222237864077669,0.07435887703218291,0.07435887703218291,0.0,-0.0,,3.3459139530874693
equidistant,Siberia_Iron_Classical,0.02,0.0222237864077669,0.07435887703218291,0.07384427981282422,-0.0005145972193586895,-0.0014871775406436582,0.34602272109083165,3.3459139530874693
equidistant,Siberia_Iron_Classical,0.05,0.0222237864077669,0.07435887703218291,0.07307236215178277,-0.0012865148804001442,-0.0037179438516091456,0.3460285931546098,3.3459139530874693
equidistant,Siberia_Iron_Classical,0.1,0.0222237864077669,0.07435887703218291,0.07178577449474165,-0.002573102537441266,-0.007435887703218291,0.34603838037086193,3.3459139530874693
equidistant,Siberia_Iron_Classical,0.133,0.0222237864077669,0.07435887703218291,0.07093658677105133,-0.003422290261131583,-0.009889730645280329,0.34604484023685733,3.3459139530874693
equidistant,Siberia_Iron_Classical,0.15,0.0222237864077669,0.07435887703218291,0.07049911405488477,-0.003859762977298148,-0.011153831554827437,0.34604816814071593,3.3459139530874693
equidistant,Siberia_Iron_Classical,0.2,0.0222237864077669,0.07435887703218291,0.06921238082603481,-0.005146496206148099,-0.014871775406436583,0.34605795646434173,3.3459139530874693
equidistant,Siberia_Iron_Classical,0.3,0.0222237864077669,0.07435887703218291,0.06663869597665029,-0.007720181055532627,-0.022307663109654874,0.34607753477285086,3.3459139530874693
equidistant,Siberia_Iron_Classical,0.4,0.0222237864077669,0.07435887703218291,0.06406471989716311,-0.010294157135019799,-0.029743550812873165,0.34609711529682036,3.3459139530874693
equidistant,Siberia_Iron_Classical,0.5,0.0222237864077669,0.07435887703218291,0.06149045253814005,-0.012868424494042865,-0.037179438516091456,0.34611669803655976,3.3459139530874693
equidistant,Siberia_Iron_Classical,0.7,0.0222237864077669,0.07435887703218291,0.056341043783688725,-0.018017833248494187,-0.05205121392252804,0.34615587016494104,3.3459139530874693
equidistant,Siberia_Iron_Classical,1.0,0.0222237864077669,0.07435887703218291,0.04861523937550363,-0.02574363765667928,-0.07435887703218291,0.34620799404403724,3.3459139530874693
equidistant,Siberia_Neolithic,0.0,0.0203088333333333,0.07454179061633062,0.07454179061633062,0.0,-0.0,,3.6704122483482924
equidistant,Siberia_Neolithic,0.02,0.0203088333333333,0.07454179061633062,0.07409308544838834,-0.00044870516794227877,-0.0014908358123266125,0.3009755764063819,3.6704122483482924
equidistant,Siberia_Neolithic,0.05,0.0203088333333333,0.07454179061633062,0.07342003439225495,-0.0011217562240756762,-0.003727089530816531,0.3009737798892966,3.6704122483482924
equidistant,Siberia_Neolithic,0.1,0.0203088333333333,0.07454179061633062,0.07229830048709064,-0.0022434901292399806,-0.007454179061633062,0.3009707857418274,3.6704122483482924
equidistant,Siberia_Neolithic,0.133,0.0203088333333333,0.07454179061633062,0.07155796833565838,-0.0029838222806722464,-0.009914058151971973,0.30096880963712563,3.6704122483482924
equidistant,Siberia_Neolithic,0.15,0.0203088333333333,0.07454179061633062,0.07117658890017174,-0.0033652017161588804,-0.011181268592449592,0.3009677916539193,3.6704122483482924
equidistant,Siberia_Neolithic,0.2,0.0203088333333333,0.07454179061633062,0.07005489963083211,-0.0044868909854985095,-0.014908358123266125,0.30096479762558326,3.6704122483482924
equidistant,Siberia_Neolithic,0.3,0.0203088333333333,0.07454179061633062,0.06781158804222659,-0.006730202574104033,-0.022362537184899185,0.3009588097476147,3.6704122483482924
equidistant,Siberia_Neolithic,0.4,0.0203088333333333,0.07454179061633062,0.06556836571594639,-0.008973424900384233,-0.02981671624653225,0.30095282210789603,3.6704122483482924
equidistant,Siberia_Neolithic,0.5,0.0203088333333333,0.07454179061633062,0.06332523264666341,-0.01121655796966721,-0.03727089530816531,0.3009468347064334,3.6704122483482924
equidistant,Siberia_Neolithic,0.7,0.0203088333333333,0.07454179061633062,0.05883923425778237,-0.015702556358548253,-0.052179253431431434,0.3009348606181751,3.6704122483482924
equidistant,Siberia_Neolithic,1.0,0.0203088333333333,0.07454179061633062,0.05211090596877753,-0.022430884647553093,-0.07454179061633062,0.3009169012722768,3.6704122483482924
equidistant,SouthAsia_Iron_Classical,0.0,0.0201930597014925,0.07067936888113358,0.07067936888113358,0.0,-0.0,,3.500181246723574
equidistant,SouthAsia_Iron_Classical,0.02,0.0201930597014925,0.07067936888113358,0.07023036212303195,-0.00044900675810162494,-0.0014135873776226716,0.31763636631840253,3.500181246723574
equidistant,SouthAsia_Iron_Classical,0.05,0.0201930597014925,0.07067936888113358,0.06955686136635382,-0.0011225075147797553,-0.0035339684440566788,0.31763371194430284,3.500181246723574
equidistant,SouthAsia_Iron_Classical,0.1,0.0201930597014925,0.07067936888113358,0.06843438511912482,-0.0022449837620087537,-0.0070679368881133575,0.31762928808607493,3.500181246723574
equidistant,SouthAsia_Iron_Classical,0.133,0.0201930597014925,0.07067936888113358,0.06769356792368265,-0.002985800957450921,-0.009400356061190766,0.3176263684072305,3.500181246723574
equidistant,SouthAsia_Iron_Classical,0.15,0.0201930597014925,0.07067936888113358,0.06731194013813918,-0.003367428742994394,-0.010601905332170036,0.3176248643511644,3.500181246723574
equidistant,SouthAsia_Iron_Classical,0.2,0.0201930597014925,0.07067936888113358,0.0661895264220907,-0.004489842459042881,-0.014135873776226715,0.31762044073948664,3.500181246723574
equidistant,SouthAsia_Iron_Classical,0.3,0.0201930597014925,0.07067936888113358,0.06394479277958086,-0.006734576101552717,-0.021203810664340073,0.3176115938857501,3.500181246723574
equidistant,SouthAsia_Iron_Classical,0.4,0.0201930597014925,0.07067936888113358,0.06170018418114586,-0.008979184699987715,-0.02827174755245343,0.31760274752483414,3.500181246723574
equidistant,SouthAsia_Iron_Classical,0.5,0.0201930597014925,0.07067936888113358,0.059455700616337905,-0.01122366826479567,-0.03533968444056679,0.3175939016566856,3.500181246723574
equidistant,SouthAsia_Iron_Classical,0.7,0.0201930597014925,0.07067936888113358,0.054967108545814165,-0.01571226033531941,-0.0494755582167935,0.31757621139858494,3.500181246723574
equidistant,SouthAsia_Iron_Classical,1.0,0.0201930597014925,0.07067936888113358,0.04823515793109055,-0.022444210950043023,-0.07067936888113358,0.31754967970623815,3.500181246723574
equidistant,SouthAsia_Medieval_Recent,0.0,0.0212968999999999,0.07101367134645936,0.07101367134645936,0.0,-0.0,,3.3344604776497846
equidistant,SouthAsia_Medieval_Recent,0.02,0.0212968999999999,0.07101367134645936,0.07055803200788184,-0.0004556393385775209,-0.0014202734269291872,0.3208110001485217,3.3344604776497846
equidistant,SouthAsia_Medieval_Recent,0.05,0.0212968999999999,0.07101367134645936,0.06987459927888871,-0.0011390720675706484,-0.0035506835673229683,0.32080359907414946,3.3344604776497846
equidistant,SouthAsia_Medieval_Recent,0.1,0.0212968999999999,0.07101367134645936,0.06873561480217341,-0.00227805654428595,-0.007101367134645937,0.32079126470899333,3.3344604776497846
equidistant,SouthAsia_Medieval_Recent,0.133,0.0212968999999999,0.07101367134645936,0.06798393302490507,-0.0030297383215542872,-0.009444818289079096,0.3207831245475129,3.3344604776497846
equidistant,SouthAsia_Medieval_Recent,0.15,0.0212968999999999,0.07101367134645936,0.06759671790621115,-0.0034169534402482132,-0.010652050701968905,0.32077893129222806,3.3344604776497846
equidistant,SouthAsia_Medieval_Recent,0.2,0.0212968999999999,0.07101367134645936,0.06645790858090032,-0.004555762765559038,-0.014202734269291873,0.3207665988238039,3.3344604776497846
equidistant,SouthAsia_Medieval_Recent,0.3,0.0212968999999999,0.07101367134645936,0.06418055260183596,-0.006833118744623404,-0.02130410140393781,0.32074193673150575,3.3344604776497846
equidistant,SouthAsia_Medieval_Recent,0.4,0.0212968999999999,0.07101367134645936,0.06190354678420189,-0.009110124562257474,-0.028405468538583747,0.32071727843119363,3.3344604776497846
equidistant,SouthAsia_Medieval_Recent,0.5,0.0212968999999999,0.07101367134645936,0.05962689104724429,-0.011386780299215069,-0.03550683567322968,0.3206926239219935,3.3344604776497846
equidistant,SouthAsia_Medieval_Recent,0.7,0.0212968999999999,0.07101367134645936,0.05507462949246662,-0.01593904185399274,-0.04970956994252155,0.3206433262734484,3.3344604776497846
equidistant,SouthAsia_Medieval_Recent,1.0,0.0212968999999999,0.07101367134645936,0.04824886074795142,-0.02276481059850794,-0.07101367134645936,0.320569408212169,3.3344604776497846
equidistant,WestSiberia_Bronze,0.0,0.0220137368421052,0.07334390045842067,0.07334390045842067,0.0,-0.0,,3.3317333165415772
equidistant,WestSiberia_Bronze,0.02,0.0220137368421052,0.07334390045842067,0.07283097604219425,-0.0005129244162264124,-0.0014668780091684134,0.34967080631142183,3.3317333165415772
equidistant,WestSiberia_Bronze,0.05,0.0220137368421052,0.07334390045842067,0.07206156134142117,-0.0012823391169995008,-0.0036671950229210334,0.34967846241732686,3.3317333165415772
equidistant,WestSiberia_Bronze,0.1,0.0220137368421052,0.07334390045842067,0.07077912863084543,-0.002564771827575238,-0.007334390045842067,0.3496912233389102,3.3317333165415772
equidistant,WestSiberia_Bronze,0.133,0.0220137368421052,0.07334390045842067,0.06993267176632696,-0.003411228692093704,-0.00975473876096995,0.3496996460574115,3.3317333165415772
equidistant,WestSiberia_Bronze,0.15,0.0220137368421052,0.07334390045842067,0.06949660231644585,-0.00384729814197482,-0.011001585068763099,0.34970398519196005,3.3317333165415772
equidistant,WestSiberia_Bronze,0.2,0.0220137368421052,0.07334390045842067,0.06821398238797487,-0.005129918070445799,-0.014668780091684134,0.3497167479764726,3.3317333165415772
equidistant,WestSiberia_Bronze,0.3,0.0220137368421052,0.07334390045842067,0.06564846164781434,-0.007695438810606331,-0.022003170137526198,0.34974227634052757,3.3317333165415772
equidistant,WestSiberia_Bronze,0.4,0.0220137368421052,0.07334390045842067,0.06308256632834724,-0.010261334130073421,-0.029337560183368267,0.3497678084318227,3.3317333165415772
equidistant,WestSiberia_Bronze,0.5,0.0220137368421052,0.07334390045842067,0.06051640346076606,-0.012827496997654605,-0.03667195022921033,0.34979042340205596,3.3317333165415772
equidistant,WestSiberia_Bronze,0.7,0.0220137368421052,0.07334390045842067,0.05540821736105292,-0.017935683097367747,-0.051340730320894465,0.34934608419600816,3.3317333165415772
equidistant,WestSiberia_Bronze,1.0,0.0220137368421052,0.07334390045842067,0.047784484842242674,-0.025559415616177993,-0.07334390045842067,0.3484872696492036,3.3317333165415772
equidistant,WestSiberia_Iron_Classical,0.0,0.021913362745098,0.07368772531967363,0.07368772531967363,0.0,-0.0,,3.3626845033703243
equidistant,WestSiberia_Iron_Classical,0.02,0.021913362745098,0.07368772531967363,0.07318137852894359,-0.0005063467907300417,-0.0014737545063934726,0.3435760762958807,3.3626845033703243
equidistant,WestSiberia_Iron_Classical,0.05,0.021913362745098,0.07368772531967363,0.07242183883116649,-0.0012658864885071452,-0.0036843862659836817,0.34358137207125067,3.3626845033703243
equidistant,WestSiberia_Iron_Classical,0.1,0.021913362745098,0.07368772531967363,0.07115588730104445,-0.002531838018629176,-0.007368772531967363,0.34359019872651836,3.3626845033703243
equidistant,WestSiberia_Iron_Classical,0.133,0.021913362745098,0.07368772531967363,0.07032032365893298,-0.0033674016607406487,-0.009800467467516593,0.3435960245673809,3.3626845033703243
equidistant,WestSiberia_Iron_Classical,0.15,0.021913362745098,0.07368772531967363,0.0698898707242955,-0.003797854595378125,-0.011053158797951044,0.34359902583523405,3.3626845033703243
equidistant,WestSiberia_Iron_Classical,0.2,0.021913362745098,0.07368772531967363,0.06862378909590564,-0.005063936223767995,-0.014737545063934727,0.34360785339753136,3.3626845033703243
equidistant,WestSiberia_Iron_Classical,0.3,0.021913362745098,0.07368772531967363,0.06609143066414797,-0.007596294655525665,-0.02210631759590209,0.34362550988292195,3.3626845033703243
equidistant,WestSiberia_Iron_Classical,0.4,0.021913362745098,0.07368772531967363,0.06355881196565304,-0.010128913354020594,-0.029475090127869454,0.34364316818300233,3.3626845033703243
equidistant,WestSiberia_Iron_Classical,0.5,0.021913362745098,0.07368772531967363,0.06102593296029563,-0.012661792359377998,-0.036843862659836815,0.34366082829801964,3.3626845033703243
equidistant,WestSiberia_Iron_Classical,0.7,0.021913362745098,0.07368772531967363,0.05595939386844631,-0.01772833145122732,-0.05158140772377154,0.3436961539740439,3.3626845033703243
equidistant,WestSiberia_Iron_Classical,1.0,0.021913362745098,0.07368772531967363,0.04835763192557674,-0.025330093394096892,-0.07368772531967363,0.343749156107199,3.3626845033703243
equidistant,WestSiberia_LateGlacial_Meso,0.0,0.0251099729729729,0.07534567814230977,0.07534567814230977,0.0,-0.0,,3.0006276081383296
equidistant,WestSiberia_LateGlacial_Meso,0.02,0.0251099729729729,0.07534567814230977,0.07480944487531076,-0.0005362332669990172,-0.0015069135628461956,0.3558487229925797,3.0006276081383296
equidistant,WestSiberia_LateGlacial_Meso,0.05,0.0251099729729729,0.07534567814230977,0.07400512494089753,-0.0013405532014122423,-0.003767283907115489,0.3558407686981757,3.0006276081383296
equidistant,WestSiberia_LateGlacial_Meso,0.1,0.0251099729729729,0.07534567814230977,0.07266467162048146,-0.0026810065218283163,-0.007534567814230978,0.3558275123311709,3.0006276081383296
equidistant,WestSiberia_LateGlacial_Meso,0.133,0.0251099729729729,0.07534567814230977,0.07178002713839421,-0.0035656510039155653,-0.0100209751929272,0.35581876367004683,3.0006276081383296
equidistant,WestSiberia_LateGlacial_Meso,0.15,0.0251099729729729,0.07534567814230977,0.07132431816989893,-0.004021359972410848,-0.011301851721346465,0.35581425695184726,3.0006276081383296
equidistant,WestSiberia_LateGlacial_Meso,0.2,0.0251099729729729,0.07534567814230977,0.0699840645779899,-0.00536161356431987,-0.015069135628461955,0.35580100256003255,3.0006276081383296
equidistant,WestSiberia_LateGlacial_Meso,0.3,0.0251099729729729,0.07534567814230977,0.06730385692555665,-0.00804182121675312,-0.02260370344269293,0.3557744967386213,3.0006276081383296
equidistant,WestSiberia_LateGlacial_Meso,0.4,0.0251099729729729,0.07534567814230977,0.06462404857392955,-0.010721629568380228,-0.03013827125692391,0.35574799486606457,3.0006276081383296
equidistant,WestSiberia_LateGlacial_Meso,0.5,0.0251099729729729,0.07534567814230977,0.06194463943388187,-0.013401038708427904,-0.03767283907115489,0.35572149694151217,3.0006276081383296
equidistant,WestSiberia_LateGlacial_Meso,0.7,0.0251099729729729,0.07534567814230977,0.056587018431755794,-0.01875865971055398,-0.05274197469961684,0.35566851293283597,3.0006276081383296
equidistant,WestSiberia_LateGlacial_Meso,1.0,0.0251099729729729,0.07534567814230977,0.04855357878629615,-0.02679209935601362,-0.07534567814230977,0.35558906650770095,3.0006276081383296
equidistant,WestSiberia_Medieval_Recent,0.0,0.0214901705426356,0.07411543933660765,0.07411543933660765,0.0,-0.0,,3.448806475945164
equidistant,WestSiberia_Medieval_Recent,0.02,0.0214901705426356,0.07411543933660765,0.07361618663116437,-0.0004992527054432788,-0.001482308786732153,0.3368074924145287,3.448806475945164
equidistant,WestSiberia_Medieval_Recent,0.05,0.0214901705426356,0.07411543933660765,0.07286728562277396,-0.0012481537138336884,-0.0037057719668303827,0.33681341566768286,3.448806475945164
equidistant,WestSiberia_Medieval_Recent,0.1,0.0214901705426356,0.07411543933660765,0.07161905873808927,-0.00249638059851838,-0.0074115439336607655,0.3368232882194289,3.448806475945164
equidistant,WestSiberia_Medieval_Recent,0.133,0.0214901705426356,0.07411543933660765,0.07079518890808002,-0.003320250428527627,-0.009857353431768818,0.3368298044206209,3.448806475945164
equidistant,WestSiberia_Medieval_Recent,0.15,0.0214901705426356,0.07411543933660765,0.07037075867611879,-0.0037446806604888583,-0.011117315900491148,0.33683316134998226,3.448806475945164
equidistant,WestSiberia_Medieval_Recent,0.2,0.0214901705426356,0.07411543933660765,0.06912238543042745,-0.004993053906180198,-0.014823087867321531,0.33684303505936253,3.448806475945164
equidistant,WestSiberia_Medieval_Recent,0.3,0.0214901705426356,0.07411543933660765,0.0666254193621369,-0.007490019974470755,-0.022234631800982296,0.3368627842148416,3.448806475945164
equidistant,WestSiberia_Medieval_Recent,0.4,0.0214901705426356,0.07411543933660765,0.06412816048172165,-0.009987278854885998,-0.029646175734643062,0.3368825356862253,3.448806475945164
equidistant,WestSiberia_Medieval_Recent,0.5,0.0214901705426356,0.07411543933660765,0.06163060873767233,-0.01248483059893532,-0.037057719668303825,0.33690228947394824,3.448806475945164
equidistant,WestSiberia_Medieval_Recent,0.7,0.0214901705426356,0.07411543933660765,0.05663462645257533,-0.017480812884032318,-0.05188080753562535,0.336941804000037,3.448806475945164
equidistant,WestSiberia_Medieval_Recent,1.0,0.0214901705426356,0.07411543933660765,0.049155204007389625,-0.024960235329218025,-0.07411543933660765,0.3367751112673966,3.448806475945164
equidistant,WestSiberia_Neolithic,0.0,0.0228018481675392,0.07420993734854381,0.07420993734854381,0.0,-0.0,,3.25455799912699
equidistant,WestSiberia_Neolithic,0.02,0.0228018481675392,0.07420993734854381,0.07368363155346397,-0.00052630579507984,-0.0014841987469708762,0.35460600957519034,3.25455799912699
equidistant,WestSiberia_Neolithic,0.05,0.0228018481675392,0.07420993734854381,0.07289414916575523,-0.0013157881827885742,-0.0037104968674271906,0.3546123955363758,3.25455799912699
equidistant,WestSiberia_Neolithic,0.1,0.0228018481675392,0.07420993734854381,0.07157828199554384,-0.002631655352999973,-0.007420993734854381,0.3546230393161237,3.25455799912699
equidistant,WestSiberia_Neolithic,0.133,0.0228018481675392,0.07420993734854381,0.07070976639043959,-0.003500170958104218,-0.009869921667356327,0.35463006456075996,3.25455799912699
equidistant,WestSiberia_Neolithic,0.15,0.0228018481675392,0.07420993734854381,0.07026233583079704,-0.003947601517746771,-0.011131490602281571,0.35463368373483145,3.25455799912699
equidistant,WestSiberia_Neolithic,0.2,0.0228018481675392,0.07420993734854381,0.06894631066440077,-0.005263626684143041,-0.014841987469708762,0.35464432879259983,3.25455799912699
equidistant,WestSiberia_Neolithic,0.3,0.0228018481675392,0.07420993734854381,0.06631402329820231,-0.007895914050341499,-0.022262981204563142,0.35466562082544045,3.25455799912699
equidistant,WestSiberia_Neolithic,0.4,0.0228018481675392,0.07420993734854381,0.06368141984002305,-0.010528517508520754,-0.029683974939417525,0.3546869154150873,3.25455799912699
equidistant,WestSiberia_Neolithic,0.5,0.0228018481675392,0.07420993734854381,0.061048500232923436,-0.013161437115620372,-0.037104968674271904,0.3547082125620103,3.25455799912699
equidistant,WestSiberia_Neolithic,0.7,0.0228018481675392,0.07420993734854381,0.055822057688783296,-0.018387879659760513,-0.05194695614398066,0.3539741502619534,3.25455799912699
equidistant,WestSiberia_Neolithic,1.0,0.0228018481675392,0.07420993734854381,0.04803444862634403,-0.026175488722199776,-0.07420993734854381,0.3527221509332457,3.25455799912699
altai,Caucasus_Bronze,0.0,0.0183268110749185,0.07113024251146137,0.07113024251146137,0.0,-0.0,,3.88121218801715
altai,Caucasus_Bronze,0.02,0.0183268110749185,0.07113024251146137,0.07027347732839538,-0.0008567651830659884,-0.0014226048502292274,0.6022509925563209,3.88121218801715
altai,Caucasus_Bronze,0.05,0.0183268110749185,0.07113024251146137,0.06898825468760429,-0.0021419878238570778,-0.003556512125573069,0.6022720430095355,3.88121218801715
altai,Caucasus_Bronze,0.1,0.0183268110749185,0.07113024251146137,0.06684601728650945,-0.004284225224951921,-0.007113024251146138,0.6023071303688574,3.88121218801715
altai,Caucasus_Bronze,0.133,0.0183268110749185,0.07113024251146137,0.06543200386218793,-0.005698238649273435,-0.009460322254024362,0.6023302902656873,3.88121218801715
altai,Caucasus_Bronze,0.15,0.0183268110749185,0.07113024251146137,0.06470353026455372,-0.006426712246907648,-0.010669536376719205,0.6023422218167468,3.88121218801715
altai,Caucasus_Bronze,0.2,0.0183268110749185,0.07113024251146137,0.06256082861232369,-0.008569413899137679,-0.014226048502292275,0.6023748546728819,3.88121218801715
altai,Caucasus_Bronze,0.3,0.0183268110749185,0.07113024251146137,0.058293034664602755,-0.012837207846858614,-0.02133907275343841,0.6015822709442765,3.88121218801715
altai,Caucasus_Bronze,0.4,0.0183268110749185,0.07113024251146137,0.05403606562121835,-0.01709417689024302,-0.02845209700458455,0.6008055183942539,3.88121218801715
altai,Caucasus_Bronze,0.5,0.0183268110749185,0.07113024251146137,0.04979134697879971,-0.02133889553266166,-0.035565121255730685,0.5999950170062552,3.88121218801715
altai,Caucasus_Bronze,0.7,0.0183268110749185,0.07113024251146137,0.04133010399565509,-0.029800138515806276,-0.04979116975802295,0.598502478664995,3.88121218801715
altai,Caucasus_Bronze,1.0,0.0183268110749185,0.07113024251146137,0.028720019940329848,-0.04241022257113152,-0.07113024251146137,0.596233347078746,3.88121218801715
altai,Caucasus_Iron_Classical,0.0,0.0193248661417322,0.06868836838819892,0.06868836838819892,0.0,-0.0,,3.5544033208005437
altai,Caucasus_Iron_Classical,0.02,0.0193248661417322,0.06868836838819892,0.06779118792380259,-0.0008971804643963244,-0.0013737673677639785,0.6530803434766587,3.5544033208005437
altai,Caucasus_Iron_Classical,0.05,0.0193248661417322,0.06868836838819892,0.06644535534166812,-0.002243013046530795,-0.003434418419409946,0.6530983626963422,3.5544033208005437
altai,Caucasus_Iron_Classical,0.1,0.0193248661417322,0.06868836838819892,0.06420213599482642,-0.004486232393372494,-0.006868836838819892,0.6531283969387831,3.5544033208005437
altai,Caucasus_Iron_Classical,0.133,0.0193248661417322,0.06868836838819892,0.06272149820077548,-0.005966870187423437,-0.009135552995630456,0.6531482210521242,3.5544033208005437
altai,Caucasus_Iron_Classical,0.15,0.0193248661417322,0.06868836838819892,0.06195871031921044,-0.006729658068988474,-0.010303255258229838,0.6531584339437855,3.5544033208005437
altai,Caucasus_Iron_Classical,0.2,0.0193248661417322,0.06868836838819892,0.059715078286352856,-0.008973290101846061,-0.013737673677639783,0.653188473711637,3.5544033208005437
altai,Caucasus_Iron_Classical,0.3,0.0193248661417322,0.06868836838819892,0.05522719503501186,-0.013461173353187056,-0.020606510516459675,0.6532485615376168,3.5544033208005437
altai,Caucasus_Iron_Classical,0.4,0.0193248661417322,0.06868836838819892,0.050738486012954734,-0.017949882375244183,-0.027475347355279567,0.6533086604197197,3.5544033208005437
altai,Caucasus_Iron_Classical,0.5,0.0193248661417322,0.06868836838819892,0.046251106096866196,-0.02243726229133272,-0.03434418419409946,0.6533060201554469,3.5544033208005437
altai,Caucasus_Iron_Classical,0.7,0.0193248661417322,0.06868836838819892,0.0373370599859332,-0.031351308402265715,-0.04808185787173924,0.6520402869185483,3.5544033208005437
altai,Caucasus_Iron_Classical,1.0,0.0193248661417322,0.06868836838819892,0.024046280105780006,-0.04464208828241891,-0.06868836838819892,0.6499220949625686,3.5544033208005437
altai,Caucasus_Medieval_Recent,0.0,0.0198728333333333,0.07196202841290465,0.07196202841290465,0.0,-0.0,,3.621125745174976
altai,Caucasus_Medieval_Recent,0.02,0.0198728333333333,0.07196202841290465,0.07106988162246836,-0.0008921467904362962,-0.001439240568258093,0.6198732929798233,3.621125745174976
altai,Caucasus_Medieval_Recent,0.05,0.0198728333333333,0.07196202841290465,0.06973167640129711,-0.0022303520116075393,-0.003598101420645233,0.6198691339855504,3.621125745174976
altai,Caucasus_Medieval_Recent,0.1,0.0198728333333333,0.07196202841290465,0.0675013742704072,-0.004460654142497453,-0.007196202841290466,0.6198622024525287,3.621125745174976
altai,Caucasus_Medieval_Recent,0.133,0.0198728333333333,0.07196202841290465,0.06602940218786402,-0.005932626225040635,-0.009570949778916319,0.6198576277256742,3.621125745174976
altai,Caucasus_Medieval_Recent,0.15,0.0198728333333333,0.07196202841290465,0.0652711220185614,-0.006690906394343249,-0.010794304261935698,0.6198552710745432,3.621125745174976
altai,Caucasus_Medieval_Recent,0.2,0.0198728333333333,0.07196202841290465,0.06304091964408588,-0.00892110876881877,-0.014392405682580931,0.619848339851617,3.621125745174976
altai,Caucasus_Medieval_Recent,0.3,0.0198728333333333,0.07196202841290465,0.058580664520554764,-0.013381363892349889,-0.021588608523871396,0.6198344778707519,3.621125745174976
altai,Caucasus_Medieval_Recent,0.4,0.0198728333333333,0.07196202841290465,0.05412060888642876,-0.017841419526475895,-0.028784811365161863,0.6198206165099032,3.621125745174976
altai,Caucasus_Medieval_Recent,0.5,0.0198728333333333,0.07196202841290465,0.04966075272832557,-0.022301275684579083,-0.035981014206452326,0.6198067557689879,3.621125745174976
altai,Caucasus_Medieval_Recent,0.7,0.0198728333333333,0.07196202841290465,0.04074163878665968,-0.031220389626244974,-0.05037341988903325,0.6197790361468377,3.621125745174976
altai,Caucasus_Medieval_Recent,1.0,0.0198728333333333,0.07196202841290465,0.027364463609815804,-0.04459756480308885,-0.07196202841290465,0.6197374613622113,3.621125745174976
altai,Caucasus_Neolithic,0.0,0.0182660306122448,0.0696914335354593,0.0696914335354593,0.0,-0.0,,3.8153573162601084
altai,Caucasus_Neolithic,0.02,0.0182660306122448,0.0696914335354593,0.06885724003530744,-0.0008341935001518613,-0.001393828670709186,0.5984907023955965,3.8153573162601084
altai,Caucasus_Neolithic,0.05,0.0182660306122448,0.0696914335354593,0.06760591839545003,-0.002085515140009264,-0.003484571676772965,0.5984997105700646,3.8153573162601084
altai,Caucasus_Neolithic,0.1,0.0182660306122448,0.0696914335354593,0.06552029861914299,-0.0041711349163163075,-0.00696914335354593,0.5985147247967021,3.8153573162601084
altai,Caucasus_Neolithic,0.133,0.0182660306122448,0.0696914335354593,0.06414373224319164,-0.005547701292267657,-0.009268960660216088,0.5985246345989262,3.8153573162601084
altai,Caucasus_Neolithic,0.15,0.0182660306122448,0.0696914335354593,0.06343457419866311,-0.006256859336796192,-0.010453715030318894,0.5985297397766662,3.8153573162601084
altai,Caucasus_Neolithic,0.2,0.0182660306122448,0.0696914335354593,0.061348745126134044,-0.008342688409325255,-0.01393828670709186,0.5985447555100484,3.8153573162601084
altai,Caucasus_Neolithic,0.3,0.0182660306122448,0.0696914335354593,0.05717677299342231,-0.012514660542036989,-0.020907430060637788,0.5985747892371629,3.8153573162601084
altai,Caucasus_Neolithic,0.4,0.0182660306122448,0.0696914335354593,0.053004382157984954,-0.016687051377474345,-0.02787657341418372,0.5986048259785007,3.8153573162601084
altai,Caucasus_Neolithic,0.5,0.0182660306122448,0.0696914335354593,0.04883157255678675,-0.020859860978672547,-0.03484571676772965,0.5986348657345084,3.8153573162601084
altai,Caucasus_Neolithic,0.7,0.0182660306122448,0.0696914335354593,0.04049100664619623,-0.029200426889263068,-0.04878400347482151,0.5985656118677108,3.8153573162601084
altai,Caucasus_Neolithic,1.0,0.0182660306122448,0.0696914335354593,0.02805806255483801,-0.04163337098062129,-0.0696914335354593,0.5973958185181835,3.8153573162601084
altai,CentralAsia_Bronze,0.0,0.0189954729729729,0.0677848126380172,0.0677848126380172,0.0,-0.0,,3.5684719582640896
altai,CentralAsia_Bronze,0.02,0.0189954729729729,0.0677848126380172,0.06692563013114251,-0.0008591825068746811,-0.0013556962527603439,0.6337573812166942,3.5684719582640896
altai,CentralAsia_Bronze,0.05,0.0189954729729729,0.0677848126380172,0.06563685139721682,-0.0021479612408003695,-0.0033892406319008597,0.6337588486880859,3.5684719582640896
altai,CentralAsia_Bronze,0.1,0.0189954729729729,0.0677848126380172,0.06348887357760184,-0.004295939060415352,-0.0067784812638017194,0.6337612944888439,3.5684719582640896
altai,CentralAsia_Bronze,0.133,0.0189954729729729,0.0677848126380172,0.06207119913468744,-0.005713613503329752,-0.009015380080856287,0.633762908727756,3.5684719582640896
altai,CentralAsia_Bronze,0.15,0.0189954729729729,0.0677848126380172,0.06134087917897958,-0.006443933459037612,-0.01016772189570258,0.6337637403085505,3.5684719582640896
altai,CentralAsia_Bronze,0.2,0.0189954729729729,0.0677848126380172,0.059192868201158266,-0.008591944436858928,-0.013556962527603439,0.6337661861471404,3.5684719582640896
altai,CentralAsia_Bronze,0.3,0.0189954729729729,0.0677848126380172,0.05489679650715105,-0.012888016130866146,-0.02033544379140516,0.6337710778809414,3.5684719582640896
altai,CentralAsia_Bronze,0.4,0.0189954729729729,0.0677848126380172,0.05060065849404399,-0.0171841541439732,-0.027113925055206878,0.6337759696902757,3.5684719582640896
altai,CentralAsia_Bronze,0.5,0.0189954729729729,0.0677848126380172,0.04630445416030194,-0.021480358477715254,-0.0338924063190086,0.6337808615751184,3.5684719582640896
altai,CentralAsia_Bronze,0.7,0.0189954729729729,0.0677848126380172,0.037711846524770186,-0.03007296611324701,-0.047449368846612036,0.6337906455713429,3.5684719582640896
altai,CentralAsia_Bronze,1.0,0.0189954729729729,0.0677848126380172,0.024854308846204716,-0.04293050379181248,-0.0677848126380172,0.6333351398501152,3.5684719582640896
altai,CentralAsia_Iron_Classical,0.0,0.0180061119402985,0.0715679413941012,0.0715679413941012,0.0,-0.0,,3.974647143780601
altai,CentralAsia_Iron_Classical,0.02,0.0180061119402985,0.0715679413941012,0.0707292535945219,-0.0008386877995793102,-0.0014313588278820242,0.5859381891124485,3.974647143780601
altai,CentralAsia_Iron_Classical,0.05,0.0180061119402985,0.0715679413941012,0.06947116120046597,-0.0020967801936352393,-0.0035783970697050604,0.5859551505300279,3.974647143780601
altai,CentralAsia_Iron_Classical,0.1,0.0180061119402985,0.0715679413941012,0.06737417867558632,-0.00419376271851489,-0.007156794139410121,0.5859834217420357,3.974647143780601
altai,CentralAsia_Iron_Classical,0.133,0.0180061119402985,0.0715679413941012,0.06599005935788492,-0.005577882036216286,-0.009518536205415462,0.5860020822364277,3.974647143780601
altai,CentralAsia_Iron_Classical,0.15,0.0180061119402985,0.0715679413941012,0.06527699379017464,-0.006290947603926567,-0.01073519120911518,0.586011695682231,3.974647143780601
altai,CentralAsia_Iron_Classical,0.2,0.0180061119402985,0.0715679413941012,0.06317960651493866,-0.008388334879162546,-0.014313588278820242,0.5860399723509395,3.974647143780601
altai,CentralAsia_Iron_Classical,0.3,0.0180061119402985,0.0715679413941012,0.058984224677789014,-0.012583716716312192,-0.02147038241823036,0.5860965338757749,3.974647143780601
altai,CentralAsia_Iron_Classical,0.4,0.0180061119402985,0.0715679413941012,0.05478803292967804,-0.016779908464423163,-0.028627176557640483,0.5861531063196894,3.974647143780601
altai,CentralAsia_Iron_Classical,0.5,0.0180061119402985,0.0715679413941012,0.050593917491839835,-0.02097402390226137,-0.0357839706970506,0.5861290263126138,3.974647143780601
altai,CentralAsia_Iron_Classical,0.7,0.0180061119402985,0.0715679413941012,0.04224599405580532,-0.029321947338295885,-0.05009755897587084,0.5852969273895882,3.974647143780601
altai,CentralAsia_Iron_Classical,1.0,0.0180061119402985,0.0715679413941012,0.029776340859642068,-0.04179160053445914,-0.0715679413941012,0.5839430298033373,3.974647143780601
altai,CentralAsia_Medieval_Recent,0.0,0.0190756046511627,0.0695164906601158,0.0695164906601158,0.0,-0.0,,3.644261449708679
altai,CentralAsia_Medieval_Recent,0.02,0.0190756046511627,0.0695164906601158,0.06865612477889002,-0.0008603658812257747,-0.0013903298132023159,0.6188214285962214,3.644261449708679
altai,CentralAsia_Medieval_Recent,0.05,0.0190756046511627,0.0695164906601158,0.06736558613631835,-0.002150904523797445,-0.00347582453300579,0.6188185000056394,3.644261449708679
altai,CentralAsia_Medieval_Recent,0.1,0.0190756046511627,0.0695164906601158,0.06521471554298428,-0.0043017751171315205,-0.00695164906601158,0.6188136190827034,3.644261449708679
altai,CentralAsia_Medieval_Recent,0.133,0.0190756046511627,0.0695164906601158,0.06379515953810155,-0.005721331122014242,-0.0092456932577954,0.6188103977157545,3.644261449708679
altai,CentralAsia_Medieval_Recent,0.15,0.0190756046511627,0.0695164906601158,0.0630638788793107,-0.006452611780805098,-0.010427473599017368,0.6188087382367632,3.644261449708679
altai,CentralAsia_Medieval_Recent,0.2,0.0190756046511627,0.0695164906601158,0.060913076144494566,-0.00860341451562123,-0.01390329813202316,0.6188038574678317,3.644261449708679
altai,CentralAsia_Medieval_Recent,0.3,0.0190756046511627,0.0695164906601158,0.05661157245822375,-0.012904918201892046,-0.020854947198034737,0.6187940961609406,3.644261449708679
altai,CentralAsia_Medieval_Recent,0.4,0.0190756046511627,0.0695164906601158,0.05231020447774934,-0.017206286182366456,-0.02780659626404632,0.6187843351620145,3.644261449708679
altai,CentralAsia_Medieval_Recent,0.5,0.0190756046511627,0.0695164906601158,0.04800897219664969,-0.02150751846346611,-0.0347582453300579,0.6187745744710262,3.644261449708679
altai,CentralAsia_Medieval_Recent,0.7,0.0190756046511627,0.0695164906601158,0.03940691470688952,-0.030109575953226275,-0.048661543462081056,0.618755054012802,3.644261449708679
altai,CentralAsia_Medieval_Recent,1.0,0.0190756046511627,0.0695164906601158,0.02650484605703706,-0.043011644603078734,-0.0695164906601158,0.6187257756346455,3.644261449708679
altai,CentralAsia_Neolithic,0.0,0.0191142285714285,0.06271985453391833,0.06271985453391833,0.0,-0.0,,3.2813175953996123
altai,CentralAsia_Neolithic,0.02,0.0191142285714285,0.06271985453391833,0.061872492859125654,-0.0008473616747926779,-0.0012543970906783667,0.6755131059291858,3.2813175953996123
altai,CentralAsia_Neolithic,0.05,0.0191142285714285,0.06271985453391833,0.06060149570638351,-0.002118358827534819,-0.0031359927266959168,0.6754986417863038,3.2813175953996123
altai,CentralAsia_Neolithic,0.1,0.0191142285714285,0.06271985453391833,0.058483288068370165,-0.004236566465548167,-0.0062719854533918335,0.6754745362582226,3.2813175953996123
altai,CentralAsia_Neolithic,0.133,0.0191142285714285,0.06271985453391833,0.05708535384103955,-0.005634500692878783,-0.008341740653011138,0.6754586275521385,3.2813175953996123
altai,CentralAsia_Neolithic,0.15,0.0191142285714285,0.06271985453391833,0.05636523160369265,-0.0063546229302256785,-0.00940797818008775,0.6754504324505575,3.2813175953996123
altai,CentralAsia_Neolithic,0.2,0.0191142285714285,0.06271985453391833,0.0542473262961695,-0.008472528237748835,-0.012543970906783667,0.6754263303629768,3.2813175953996123
altai,CentralAsia_Neolithic,0.3,0.0191142285714285,0.06271985453391833,0.050011969087862145,-0.012707885446056187,-0.0188159563601755,0.6753781313477525,3.2813175953996123
altai,CentralAsia_Neolithic,0.4,0.0191142285714285,0.06271985453391833,0.04577721631403145,-0.016942638219886882,-0.025087941813567334,0.6753299392110538,3.2813175953996123
altai,CentralAsia_Neolithic,0.5,0.0191142285714285,0.06271985453391833,0.041543067845296405,-0.021176786688621926,-0.031359927266959166,0.6752817539514449,3.2813175953996123
altai,CentralAsia_Neolithic,0.7,0.0191142285714285,0.06271985453391833,0.03307658330577531,-0.029643271228143024,-0.04390389817374283,0.675185404057617,3.2813175953996123
altai,CentralAsia_Neolithic,1.0,0.0191142285714285,0.06271985453391833,0.0203813855523229,-0.042338468981595434,-0.06271985453391833,0.6750409307582047,3.2813175953996123
altai,EastAsia_Bronze,0.0,0.022369858490566,0.07435554559714387,0.07435554559714387,0.0,-0.0,,3.3239166724501947
altai,EastAsia_Bronze,0.02,0.022369858490566,0.07435554559714387,0.07332580976983533,-0.001029735827308545,-0.0014871109119428774,0.692440502614037,3.3239166724501947
altai,EastAsia_Bronze,0.05,0.022369858490566,0.07435554559714387,0.07178114378542505,-0.002574401811718821,-0.0037177772798571936,0.692457244727072,3.3239166724501947
altai,EastAsia_Bronze,0.1,0.022369858490566,0.07435554559714387,0.06920653448216933,-0.005149011114974539,-0.007435554559714387,0.6924851500480849,3.3239166724501947
altai,EastAsia_Bronze,0.133,0.022369858490566,0.07435554559714387,0.06750717866597276,-0.006848366931171107,-0.009889287564420136,0.6925035687919815,3.3239166724501947
altai,EastAsia_Bronze,0.15,0.022369858490566,0.07435554559714387,0.06663171766229156,-0.007723827934852309,-0.01115333183957158,0.6925130576182154,3.3239166724501947
altai,EastAsia_Bronze,0.2,0.022369858490566,0.07435554559714387,0.06405669330070175,-0.010298852296442118,-0.014871109119428775,0.6925409674377881,3.3239166724501947
altai,EastAsia_Bronze,0.3,0.022369858490566,0.07435554559714387,0.058908728477371594,-0.015446817119772277,-0.02230666367914316,0.6924754567495061,3.3239166724501947
altai,EastAsia_Bronze,0.4,0.022369858490566,0.07435554559714387,0.05380307807154919,-0.020552467525594684,-0.02974221823885755,0.6910199959041166,3.3239166724501947
altai,EastAsia_Bronze,0.5,0.022369858490566,0.07435554559714387,0.04872595801774906,-0.025629587579394812,-0.037177772798571936,0.689379315922316,3.3239166724501947
altai,EastAsia_Bronze,0.7,0.022369858490566,0.07435554559714387,0.03862718507321047,-0.035728360523933404,-0.05204888191800071,0.6864385786465285,3.3239166724501947
altai,EastAsia_Bronze,1.0,0.022369858490566,0.07435554559714387,0.023627322578928356,-0.050728223018215515,-0.07435554559714387,0.6822385958010384,3.3239166724501947
altai,EastAsia_Iron_Classical,0.0,0.0225171519607843,0.07516836646483106,0.07516836646483106,0.0,-0.0,,3.3382714916941416
altai,EastAsia_Iron_Classical,0.02,0.0225171519607843,0.07516836646483106,0.07412014599357385,-0.0010482204712572163,-0.0015033673292966212,0.6972484041858525,3.3382714916941416
altai,EastAsia_Iron_Classical,0.05,0.0225171519607843,0.07516836646483106,0.072547720306563,-0.0026206461582680696,-0.0037584183232415532,0.6972736754879962,3.3382714916941416
altai,EastAsia_Iron_Classical,0.1,0.0225171519607843,0.07516836646483106,0.06992675751727646,-0.005241608947554599,-0.0075168366464831065,0.6973157983959895,3.3382714916941416
altai,EastAsia_Iron_Classical,0.133,0.0225171519607843,0.07516836646483106,0.0681967485980021,-0.006971617866828969,-0.009997392739822532,0.6973436023033267,3.3382714916941416
altai,EastAsia_Iron_Classical,0.15,0.0225171519607843,0.07516836646483106,0.06730547803958421,-0.00786288842524685,-0.011275254969724658,0.6973579263936469,3.3382714916941416
altai,EastAsia_Iron_Classical,0.2,0.0225171519607843,0.07516836646483106,0.06468388181608506,-0.010484484648746004,-0.015033673292966213,0.6974000594818943,3.3382714916941416
altai,EastAsia_Iron_Classical,0.3,0.0225171519607843,0.07516836646483106,0.05944384200270893,-0.015724524462122136,-0.022550509939449317,0.6973023893625586,3.3382714916941416
altai,EastAsia_Iron_Classical,0.4,0.0225171519607843,0.07516836646483106,0.054242146869300296,-0.020926219595530766,-0.030067346585932426,0.6959782611918769,3.3382714916941416
altai,EastAsia_Iron_Classical,0.5,0.0225171519607843,0.07516836646483106,0.049065739741507984,-0.02610262672332308,-0.03758418323241553,0.6945109479141252,3.3382714916941416
altai,EastAsia_Iron_Classical,0.7,0.0225171519607843,0.07516836646483106,0.038781978489458746,-0.03638638797537232,-0.05261785652538174,0.6915216692230762,3.3382714916941416
altai,EastAsia_Iron_Classical,1.0,0.0225171519607843,0.07516836646483106,0.023530303163945134,-0.051638063300885925,-0.07516836646483106,0.6869653516422466,3.3382714916941416
altai,EastAsia_LateGlacial_Meso,0.0,0.02095135,0.07089902976763633,0.07089902976763633,0.0,-0.0,,3.383983837205542
altai,EastAsia_LateGlacial_Meso,0.02,0.02095135,0.07089902976763633,0.07003216943489256,-0.000866860332743774,-0.0014179805953527266,0.6113344114755958,3.383983837205542
altai,EastAsia_LateGlacial_Meso,0.05,0.02095135,0.07089902976763633,0.06873202267925825,-0.002167007088378081,-0.003544951488381817,0.6112938626890114,3.383983837205542
altai,EastAsia_LateGlacial_Meso,0.1,0.02095135,0.07089902976763633,0.0665654946510814,-0.004333535116554932,-0.007089902976763634,0.6112262933297691,3.383983837205542
altai,EastAsia_LateGlacial_Meso,0.133,0.02095135,0.07089902976763633,0.06513584850450793,-0.0057631812631284,-0.009429570959095633,0.6111817057349058,3.383983837205542
altai,EastAsia_LateGlacial_Meso,0.15,0.02095135,0.07089902976763633,0.06439944552426435,-0.006499584243371978,-0.010634854465145449,0.6111587389064553,3.383983837205542
altai,EastAsia_LateGlacial_Meso,0.2,0.02095135,0.07089902976763633,0.06223387514003583,-0.0086651546276005,-0.014179805953527268,0.611091199414123,3.383983837205542
altai,EastAsia_LateGlacial_Meso,0.3,0.02095135,0.07089902976763633,0.057904169964613506,-0.012994859803022826,-0.021269708930290898,0.6109561652024498,3.383983837205542
altai,EastAsia_LateGlacial_Meso,0.4,0.02095135,0.07089902976763633,0.05357637785604824,-0.01732265191158809,-0.028359611907054535,0.6108211906552583,3.383983837205542
altai,EastAsia_LateGlacial_Meso,0.5,0.02095135,0.07089902976763633,0.049250497546696546,-0.021648532220939785,-0.035449514883818166,0.6106862757329807,3.383983837205542
altai,EastAsia_LateGlacial_Meso,0.7,0.02095135,0.07089902976763633,0.04060446726065609,-0.03029456250698024,-0.04962932083734543,0.6104166246051864,3.383983837205542
altai,EastAsia_LateGlacial_Meso,1.0,0.02095135,0.07089902976763633,0.02764972869891593,-0.0432493010687204,-0.07089902976763633,0.6100125941139839,3.383983837205542
altai,EastAsia_Medieval_Recent,0.0,0.0229177297297297,0.07421157579837374,0.07421157579837374,0.0,-0.0,,3.238173094523574
altai,EastAsia_Medieval_Recent,0.02,0.0229177297297297,0.07421157579837374,0.07315776209235143,-0.0010538137060223107,-0.0014842315159674748,0.7100062858693561,3.238173094523574
altai,EastAsia_Medieval_Recent,0.05,0.0229177297297297,0.07421157579837374,0.07157697918888623,-0.002634596609487519,-0.0037105787899186873,0.7100230876771796,3.238173094523574
altai,EastAsia_Medieval_Recent,0.1,0.0229177297297297,0.07421157579837374,0.06894217475151022,-0.00526940104686352,-0.007421157579837375,0.7100510924575991,3.238173094523574
altai,EastAsia_Medieval_Recent,0.133,0.0229177297297297,0.07421157579837374,0.06720308996278045,-0.007008485835593298,-0.009870139581183709,0.7100695768228216,3.238173094523574
altai,EastAsia_Medieval_Recent,0.15,0.0229177297297297,0.07421157579837374,0.06630716246165413,-0.00790441333671961,-0.01113173636975606,0.7100790994471625,3.238173094523574
altai,EastAsia_Medieval_Recent,0.2,0.0229177297297297,0.07421157579837374,0.06367194229472048,-0.010539633503653265,-0.01484231515967475,0.7101071086462651,3.238173094523574
altai,EastAsia_Medieval_Recent,0.3,0.0229177297297297,0.07421157579837374,0.05840087823121742,-0.015810697567156327,-0.02226347273951212,0.7101631336739428,3.238173094523574
altai,EastAsia_Medieval_Recent,0.4,0.0229177297297297,0.07421157579837374,0.05312898236415304,-0.021082593434220705,-0.0296846303193495,0.7102191675426835,3.238173094523574
altai,EastAsia_Medieval_Recent,0.5,0.0229177297297297,0.07421157579837374,0.047862185899525164,-0.02634938989884858,-0.03710578789918687,0.7101153591034781,3.238173094523574
altai,EastAsia_Medieval_Recent,0.7,0.0229177297297297,0.07421157579837374,0.03742942724096596,-0.03678214855740779,-0.05194810305886162,0.7080556630861089,3.238173094523574
altai,EastAsia_Medieval_Recent,1.0,0.0229177297297297,0.07421157579837374,0.02190298146690267,-0.05230859433147107,-0.07421157579837374,0.704857615119087,3.238173094523574
altai,EastAsia_Neolithic,0.0,0.0200613533333333,0.07590787659106202,0.07590787659106202,0.0,-0.0,,3.7837864340356306
altai,EastAsia_Neolithic,0.02,0.0200613533333333,0.07590787659106202,0.07499543085388151,-0.0009124457371805089,-0.0015181575318212405,0.6010217767624574,3.7837864340356306
altai,EastAsia_Neolithic,0.05,0.0200613533333333,0.07590787659106202,0.07362674348661233,-0.0022811331044496896,-0.003795393829553101,0.6010267199908179,3.7837864340356306
altai,EastAsia_Neolithic,0.1,0.0200613533333333,0.07590787659106202,0.0713455478424607,-0.004562328748601324,-0.007590787659106202,0.601034958885746,3.7837864340356306
altai,EastAsia_Neolithic,0.133,0.0200613533333333,0.07590787659106202,0.06983992445682304,-0.0060679521342389825,-0.01009574758661125,0.6010403966800995,3.7837864340356306
altai,EastAsia_Neolithic,0.15,0.0200613533333333,0.07590787659106202,0.06906428965603631,-0.006843586935025708,-0.011386181488659303,0.601043198006457,3.7837864340356306
altai,EastAsia_Neolithic,0.2,0.0200613533333333,0.07590787659106202,0.06678296892476585,-0.009124907666296173,-0.015181575318212404,0.6010514373531172,3.7837864340356306
altai,EastAsia_Neolithic,0.3,0.0200613533333333,0.07590787659106202,0.06222013981740013,-0.01368773677366189,-0.022772362977318605,0.6010679167240988,3.7837864340356306
altai,EastAsia_Neolithic,0.4,0.0200613533333333,0.07590787659106202,0.05765711933177709,-0.018250757259284926,-0.030363150636424807,0.6010824593871564,3.7837864340356306
altai,EastAsia_Neolithic,0.5,0.0200613533333333,0.07590787659106202,0.053104377130509715,-0.022803499460552303,-0.03795393829553101,0.6008203755560556,3.7837864340356306
altai,EastAsia_Neolithic,0.7,0.0200613533333333,0.07590787659106202,0.04407450111373782,-0.0318333754773242,-0.05313551361374341,0.5990979161080424,3.7837864340356306
altai,EastAsia_Neolithic,1.0,0.0200613533333333,0.07590787659106202,0.030648202811126114,-0.04525967377993591,-0.07590787659106202,0.5962447615780776,3.7837864340356306
altai,Europe_Bronze,0.0,0.0207338002793296,0.07502880956317765,0.07502880956317765,0.0,-0.0,,3.6186713748746304
altai,Europe_Bronze,0.02,0.0207338002793296,0.07502880956317765,0.0740434973959482,-0.0009853121672294407,-0.001500576191263553,0.6566225513679271,3.6186713748746304
altai,Europe_Bronze,0.05,0.0207338002793296,0.07502880956317765,0.07256632303967138,-0.002462486523506266,-0.0037514404781588823,0.656410927440543,3.6186713748746304
altai,Europe_Bronze,0.1,0.0207338002793296,0.07502880956317765,0.07011927780864302,-0.004909531754534624,-0.0075028809563177645,0.6543528789965108,3.6186713748746304
altai,Europe_Bronze,0.133,0.0207338002793296,0.07502880956317765,0.06851352919151447,-0.006515280371663171,-0.009978831671902628,0.6529101387698752,3.6186713748746304
altai,Europe_Bronze,0.15,0.0207338002793296,0.07502880956317765,0.06768813650407757,-0.007340673059100078,-0.011254321434476647,0.6522537233220083,3.6186713748746304
altai,Europe_Bronze,0.2,0.0207338002793296,0.07502880956317765,0.06526805396143202,-0.009760755601745622,-0.015005761912635529,0.6504671777796651,3.6186713748746304
altai,Europe_Bronze,0.3,0.0207338002793296,0.07502880956317765,0.06044580845623561,-0.014583001106942037,-0.022508642868953294,0.6478845122669176,3.6186713748746304
altai,Europe_Bronze,0.4,0.0207338002793296,0.07502880956317765,0.055642578473446946,-0.0193862310897307,-0.030011523825271058,0.645959572149636,3.6186713748746304
altai,Europe_Bronze,0.5,0.0207338002793296,0.07502880956317765,0.05085372562035376,-0.02417508394282389,-0.03751440478158882,0.6444213651681991,3.6186713748746304
altai,Europe_Bronze,0.7,0.0207338002793296,0.07502880956317765,0.04132326885940575,-0.033705540703771894,-0.05252016669422435,0.6417637799972652,3.6186713748746304
altai,Europe_Bronze,1.0,0.0207338002793296,0.07502880956317765,0.02713138275327384,-0.047897426809903804,-0.07502880956317765,0.6383871354052607,3.6186713748746304
altai,Europe_Iron_Classical,0.0,0.0206666561360874,0.07481129484582384,0.07481129484582384,0.0,-0.0,,3.6199032080081377
altai,Europe_Iron_Classical,0.02,0.0206666561360874,0.07481129484582384,0.07382234570423343,-0.000988949141590409,-0.001496225896916477,0.660962454685821,3.6199032080081377
altai,Europe_Iron_Classical,0.05,0.0206666561360874,0.07481129484582384,0.0723413021713523,-0.0024699926744715384,-0.003740564742291192,0.6603261391376438,3.6199032080081377
altai,Europe_Iron_Classical,0.1,0.0206666561360874,0.07481129484582384,0.06989135561900146,-0.0049199392268223785,-0.007481129484582384,0.6576465809022182,3.6199032080081377
altai,Europe_Iron_Classical,0.133,0.0206666561360874,0.07481129484582384,0.06828345011988142,-0.006527844725942422,-0.009949902214494571,0.6560712442412701,3.6199032080081377
altai,Europe_Iron_Classical,0.15,0.0206666561360874,0.07481129484582384,0.06745723880188202,-0.00735405604394182,-0.011221694226873576,0.6553427579883986,3.6199032080081377
altai,Europe_Iron_Classical,0.2,0.0206666561360874,0.07481129484582384,0.06503425121601793,-0.009777043629805915,-0.014962258969164768,0.6534470262782582,3.6199032080081377
altai,Europe_Iron_Classical,0.3,0.0206666561360874,0.07481129484582384,0.06020772886075499,-0.014603565985068852,-0.022443388453747153,0.6506845441438072,3.6199032080081377
altai,Europe_Iron_Classical,0.4,0.0206666561360874,0.07481129484582384,0.05539819211174914,-0.019413102734074705,-0.029924517938329537,0.648735688042913,3.6199032080081377
altai,Europe_Iron_Classical,0.5,0.0206666561360874,0.07481129484582384,0.05060313154751989,-0.02420816329830395,-0.03740564742291192,0.6471793690563373,3.6199032080081377
altai,Europe_Iron_Classical,0.7,0.0206666561360874,0.07481129484582384,0.041053803494168685,-0.03375749135165516,-0.05236790639207669,0.6446217478872269,3.6199032080081377
altai,Europe_Iron_Classical,1.0,0.0206666561360874,0.07481129484582384,0.026831355305014647,-0.047979939540809195,-0.07481129484582384,0.6413461983205809,3.6199032080081377
altai,Europe_LateGlacial_Meso,0.0,0.022846248275862,0.07648466856194479,0.07648466856194479,0.0,-0.0,,3.3477999380210703
altai,Europe_LateGlacial_Meso,0.02,0.022846248275862,0.07648466856194479,0.0754369973558483,-0.0010476712060964871,-0.001529693371238896,0.6848896816804404,3.3477999380210703
altai,Europe_LateGlacial_Meso,0.05,0.022846248275862,0.07648466856194479,0.07386541699762171,-0.0026192515643230774,-0.0038242334280972397,0.6849089140529517,3.3477999380210703
altai,Europe_LateGlacial_Meso,0.1,0.022846248275862,0.07648466856194479,0.07124592025133146,-0.005238748310613328,-0.0076484668561944795,0.6849409704077459,3.3477999380210703
altai,Europe_LateGlacial_Meso,0.133,0.022846248275862,0.07648466856194479,0.06951691807137635,-0.006967750490568442,-0.010172460918738658,0.6849621292457532,3.3477999380210703
altai,Europe_LateGlacial_Meso,0.15,0.022846248275862,0.07648466856194479,0.0686261782886466,-0.007858490273298185,-0.011472700284291718,0.6849730297633535,3.3477999380210703
altai,Europe_LateGlacial_Meso,0.2,0.022846248275862,0.07648466856194479,0.06600619107513156,-0.010478477486813229,-0.015296933712388959,0.685005092120307,3.3477999380210703
altai,Europe_LateGlacial_Meso,0.3,0.022846248275862,0.07648466856194479,0.06076548075784356,-0.015719187804101226,-0.022945400568583435,0.6850692258396982,3.3477999380210703
altai,Europe_LateGlacial_Meso,0.4,0.022846248275862,0.07648466856194479,0.055530611364667394,-0.020954057197277394,-0.030593867424777918,0.6849103745643723,3.3477999380210703
altai,Europe_LateGlacial_Meso,0.5,0.022846248275862,0.07648466856194479,0.05034144881713999,-0.026143219744804796,-0.038242334280972394,0.6836198740570197,3.3477999380210703
altai,Europe_LateGlacial_Meso,0.7,0.022846248275862,0.07648466856194479,0.040013875986364876,-0.03647079257557991,-0.053539267993361346,0.6811970716540642,3.3477999380210703
altai,Europe_LateGlacial_Meso,1.0,0.022846248275862,0.07648466856194479,0.02465514372282453,-0.05182952483912026,-0.07648466856194479,0.6776459362851737,3.3477999380210703
altai,Europe_Medieval_Recent,0.0,0.0221288254021447,0.07624286889799806,0.07624286889799806,0.0,-0.0,,3.445409664202452
altai,Europe_Medieval_Recent,0.02,0.0221288254021447,0.07624286889799806,0.07517395050546523,-0.0010689183925328277,-0.0015248573779599612,0.7009956524346468,3.445409664202452
altai,Europe_Medieval_Recent,0.05,0.0221288254021447,0.07624286889799806,0.07358053369600522,-0.002662335201992841,-0.003812143444899903,0.698382744635347,3.445409664202452
altai,Europe_Medieval_Recent,0.1,0.0221288254021447,0.07624286889799806,0.07094114497067575,-0.0053017239273223105,-0.007624286889799806,0.6953730891757564,3.445409664202452
altai,Europe_Medieval_Recent,0.133,0.0221288254021447,0.07624286889799806,0.06920751401295255,-0.007035354885045503,-0.010140301563433742,0.6938013471330302,3.445409664202452
altai,Europe_Medieval_Recent,0.15,0.0221288254021447,0.07624286889799806,0.06831591822713058,-0.007926950670867475,-0.011436430334699708,0.6931315488204403,3.445409664202452
altai,Europe_Medieval_Recent,0.2,0.0221288254021447,0.07624286889799806,0.06569928883360358,-0.010543580064394473,-0.015248573779599612,0.6914469652565317,3.445409664202452
altai,Europe_Medieval_Recent,0.3,0.0221288254021447,0.07624286889799806,0.060482759190300064,-0.015760109707697992,-0.022872860669399416,0.6890309846018842,3.445409664202452
altai,Europe_Medieval_Recent,0.4,0.0221288254021447,0.07624286889799806,0.05528342400270638,-0.020959444895291675,-0.030497147559199224,0.687259188899764,3.445409664202452
altai,Europe_Medieval_Recent,0.5,0.0221288254021447,0.07624286889799806,0.050102822336467706,-0.02614004656153035,-0.03812143444899903,0.6857046944679366,3.445409664202452
altai,Europe_Medieval_Recent,0.7,0.0221288254021447,0.07624286889799806,0.039799113140583535,-0.03644375575741452,-0.05337000822859864,0.6828508551341372,3.445409664202452
altai,Europe_Medieval_Recent,1.0,0.0221288254021447,0.07624286889799806,0.024454450194509817,-0.05178841870348824,-0.07624286889799806,0.6792559022506572,3.445409664202452
altai,Europe_Neolithic,0.0,0.0206025615595075,0.07441892564956344,0.07441892564956344,0.0,-0.0,,3.612120048015156
altai,Europe_Neolithic,0.02,0.0206025615595075,0.07441892564956344,0.07344441512002145,-0.0009745105295419915,-0.0014883785129912689,0.6547464378422588,3.612120048015156
altai,Europe_Neolithic,0.05,0.0206025615595075,0.07441892564956344,0.07198450476694644,-0.002434420882617,-0.003720946282478172,0.654247790160427,3.612120048015156
altai,Europe_Neolithic,0.1,0.0206025615595075,0.07441892564956344,0.06956995177683879,-0.004848973872724649,-0.007441892564956344,0.6515780536201673,3.612120048015156
altai,Europe_Neolithic,0.133,0.0206025615595075,0.07441892564956344,0.06798486377442572,-0.006434061875137717,-0.009897717111391938,0.6500551392535082,3.612120048015156
altai,Europe_Neolithic,0.15,0.0206025615595075,0.07441892564956344,0.0671702716941929,-0.00724865395537054,-0.011162838847434516,0.6493557825603163,3.612120048015156
altai,Europe_Neolithic,0.2,0.0206025615595075,0.07441892564956344,0.06478001332688656,-0.009638912322676885,-0.014883785129912688,0.6476116282614884,3.612120048015156
altai,Europe_Neolithic,0.3,0.0206025615595075,0.07441892564956344,0.060016410869880917,-0.014402514779682525,-0.022325677694869032,0.6451098585460885,3.612120048015156
altai,Europe_Neolithic,0.4,0.0206025615595075,0.07441892564956344,0.055267696205629054,-0.019151229443934388,-0.029767570259825377,0.6433588390578551,3.612120048015156
altai,Europe_Neolithic,0.5,0.0206025615595075,0.07441892564956344,0.050534419984771706,-0.023884505664791736,-0.03720946282478172,0.6418933209883513,3.612120048015156
altai,Europe_Neolithic,0.7,0.0206025615595075,0.07441892564956344,0.04111421518093281,-0.03330471046863063,-0.05209324795469441,0.6393287379123643,3.612120048015156
altai,Europe_Neolithic,1.0,0.0206025615595075,0.07441892564956344,0.02709601567399635,-0.047322909975567096,-0.07441892564956344,0.6358988599003607,3.612120048015156
altai,Europe_Palaeolithic,0.0,0.0274552857142857,0.07078026275301048,0.07078026275301048,0.0,-0.0,,2.5780195292661503
altai,Europe_Palaeolithic,0.02,0.0274552857142857,0.07078026275301048,0.06957997959748065,-0.0012002831555298354,-0.0014156052550602096,0.8478939670782616,2.5780195292661503
altai,Europe_Palaeolithic,0.05,0.0274552857142857,0.07078026275301048,0.06777966346361065,-0.00300059928939983,-0.0035390131376505244,0.8478632807200779,2.5780195292661503
altai,Europe_Palaeolithic,0.1,0.0274552857142857,0.07078026275301048,0.06477942613736137,-0.0060008366156491105,-0.007078026275301049,0.8478121417250429,2.5780195292661503
altai,Europe_Palaeolithic,0.133,0.0274552857142857,0.07078026275301048,0.06279946775363991,-0.007980794999370572,-0.009413774946150396,0.8477783933674964,2.5780195292661503
altai,Europe_Palaeolithic,0.15,0.0274552857142857,0.07078026275301048,0.061779550708771024,-0.00900071204423946,-0.010617039412951572,0.8477610088985469,2.5780195292661503
altai,Europe_Palaeolithic,0.2,0.0274552857142857,0.07078026275301048,0.058780037112364306,-0.012000225640646178,-0.014156052550602097,0.8477098822394364,2.5780195292661503
altai,Europe_Palaeolithic,0.3,0.0274552857142857,0.07078026275301048,0.052782095154275094,-0.01799816759873539,-0.021234078825903144,0.8476076474190953,2.5780195292661503
altai,Europe_Palaeolithic,0.4,0.0274552857142857,0.07078026275301048,0.04678559973960396,-0.023994663013406525,-0.028312105101204195,0.8475054372550335,2.5780195292661503
altai,Europe_Palaeolithic,0.5,0.0274552857142857,0.07078026275301048,0.04079055034511189,-0.02998971240789859,-0.03539013137650524,0.8474032517383682,2.5780195292661503
altai,Europe_Palaeolithic,0.7,0.0274552857142857,0.07078026275301048,0.028804787524972966,-0.04197547522803752,-0.049546183927107336,0.8471989546115621,2.5780195292661503
altai,Europe_Palaeolithic,1.0,0.0274552857142857,0.07078026275301048,0.010836975379649337,-0.059943287373361145,-0.07078026275301048,0.8468926935540598,2.5780195292661503
altai,InnerAsia_Bronze,0.0,0.0204402372881356,0.07525517662769106,0.07525517662769106,0.0,-0.0,,3.681717367898289
altai,InnerAsia_Bronze,0.02,0.0204402372881356,0.07525517662769106,0.07433584061116033,-0.0009193360165307279,-0.0015051035325538212,0.610812476780798,3.681717367898289
altai,InnerAsia_Bronze,0.05,0.0204402372881356,0.07525517662769106,0.07295682927669953,-0.0022983473509915336,-0.003762758831384553,0.6108144194151898,3.681717367898289
altai,InnerAsia_Bronze,0.1,0.0204402372881356,0.07525517662769106,0.07065845755995262,-0.004596719067738439,-0.007525517662769106,0.6108176571665929,3.681717367898289
altai,InnerAsia_Bronze,0.133,0.0204402372881356,0.07525517662769106,0.06914151887915009,-0.006113657748540974,-0.010008938491482912,0.6108197941013804,3.681717367898289
altai,InnerAsia_Bronze,0.15,0.0204402372881356,0.07525517662769106,0.06836006147706189,-0.006895115150629169,-0.011288276494153659,0.6108208949524081,3.681717367898289
altai,InnerAsia_Bronze,0.2,0.0204402372881356,0.07525517662769106,0.0660616410276408,-0.009193535600050262,-0.015051035325538212,0.6108241327725081,3.681717367898289
altai,InnerAsia_Bronze,0.3,0.0204402372881356,0.07525517662769106,0.06146472702765598,-0.01379044960003508,-0.022576552988307318,0.6108306085157167,3.681717367898289
altai,InnerAsia_Bronze,0.4,0.0204402372881356,0.07525517662769106,0.0568677155568983,-0.01838746107079276,-0.030102070651076424,0.6108370843962272,3.681717367898289
altai,InnerAsia_Bronze,0.5,0.0204402372881356,0.07525517662769106,0.052270606612267394,-0.022984570015423665,-0.03762758831384553,0.6108435604140543,3.681717367898289
altai,InnerAsia_Bronze,0.7,0.0204402372881356,0.07525517662769106,0.043076096288984116,-0.03217908033870694,-0.05267862363938374,0.6108565128616824,3.681717367898289
altai,InnerAsia_Bronze,1.0,0.0204402372881356,0.07525517662769106,0.029287164833881517,-0.04596801179380954,-0.07525517662769106,0.6108285682621739,3.681717367898289
altai,InnerAsia_Iron_Classical,0.0,0.0220423045454545,0.07390310417903177,0.07390310417903177,0.0,-0.0,,3.352784824591849
altai,InnerAsia_Iron_Classical,0.02,0.0220423045454545,0.07390310417903177,0.07286656423718771,-0.001036539941844064,-0.0014780620835806355,0.7012830877394709,3.352784824591849
altai,InnerAsia_Iron_Classical,0.05,0.0220423045454545,0.07390310417903177,0.07131162771633145,-0.002591476462700318,-0.003695155208951589,0.7013173510066406,3.352784824591849
altai,InnerAsia_Iron_Classical,0.1,0.0220423045454545,0.07390310417903177,0.06871972917167617,-0.005183375007355606,-0.007390310417903178,0.7013744638924468,3.352784824591849
altai,InnerAsia_Iron_Classical,0.133,0.0220423045454545,0.07390310417903177,0.06700884486561899,-0.006894259313412782,-0.009829112855811227,0.7014121634931393,3.352784824591849
altai,InnerAsia_Iron_Classical,0.15,0.0220423045454545,0.07390310417903177,0.066127408441938,-0.007775695737093774,-0.011085465626854765,0.7014315860812371,3.352784824591849
altai,InnerAsia_Iron_Classical,0.2,0.0220423045454545,0.07390310417903177,0.0635346654239572,-0.010368438755074566,-0.014780620835806356,0.7014887175751652,3.352784824591849
altai,InnerAsia_Iron_Classical,0.3,0.0220423045454545,0.07390310417903177,0.058354836982929946,-0.015548267196101827,-0.02217093125370953,0.70129066831599,3.352784824591849
altai,InnerAsia_Iron_Classical,0.4,0.0220423045454545,0.07390310417903177,0.05319387278287811,-0.02070923139615366,-0.029561241671612712,0.7005535026642834,3.352784824591849
altai,InnerAsia_Iron_Classical,0.5,0.0220423045454545,0.07390310417903177,0.04804489008358478,-0.025858214095446995,-0.036951552089515886,0.6997869543559346,3.352784824591849
altai,InnerAsia_Iron_Classical,0.7,0.0220423045454545,0.07390310417903177,0.03779153351513688,-0.03611157066389489,-0.051732172925322235,0.6980485957167042,3.352784824591849
altai,InnerAsia_Iron_Classical,1.0,0.0220423045454545,0.07390310417903177,0.02253759633995009,-0.051365507839081684,-0.07390310417903177,0.6950385698907545,3.352784824591849
altai,InnerAsia_Medieval_Recent,0.0,0.0202949508196721,0.07364600344905935,0.07364600344905935,0.0,-0.0,,3.62878452396512
altai,InnerAsia_Medieval_Recent,0.02,0.0202949508196721,0.07364600344905935,0.07272094934260051,-0.0009250541064588363,-0.001472920068981187,0.6280409412159701,3.62878452396512
altai,InnerAsia_Medieval_Recent,0.05,0.0202949508196721,0.07364600344905935,0.0713333505336399,-0.002312652915419447,-0.0036823001724529676,0.6280457342180421,3.62878452396512
altai,InnerAsia_Medieval_Recent,0.1,0.0202949508196721,0.07364600344905935,0.06902063878611762,-0.004625364662941722,-0.007364600344905935,0.6280537227170879,3.62878452396512
altai,InnerAsia_Medieval_Recent,0.133,0.0202949508196721,0.07364600344905935,0.06749421680343606,-0.006151786645623283,-0.009794918458724893,0.6280589952378354,3.62878452396512
altai,InnerAsia_Medieval_Recent,0.15,0.0202949508196721,0.07364600344905935,0.06670786820424715,-0.006938135244812196,-0.011046900517358902,0.6280617114193917,3.62878452396512
altai,InnerAsia_Medieval_Recent,0.2,0.0202949508196721,0.07364600344905935,0.06439503878578376,-0.009250964663275588,-0.01472920068981187,0.6280697003249093,3.62878452396512
altai,InnerAsia_Medieval_Recent,0.3,0.0202949508196721,0.07364600344905935,0.059769203430096125,-0.013876800018963222,-0.022093801034717805,0.6280856787457019,3.62878452396512
altai,InnerAsia_Medieval_Recent,0.4,0.0202949508196721,0.07364600344905935,0.05514313270109236,-0.018502870747966985,-0.02945840137962374,0.6281016579794906,3.62878452396512
altai,InnerAsia_Medieval_Recent,0.5,0.0202949508196721,0.07364600344905935,0.05051682658080708,-0.02312917686825227,-0.03682300172452967,0.628117638026363,3.62878452396512
altai,InnerAsia_Medieval_Recent,0.7,0.0202949508196721,0.07364600344905935,0.04126350809452269,-0.032382495354536654,-0.05155220241434154,0.6281496005596072,3.62878452396512
altai,InnerAsia_Medieval_Recent,1.0,0.0202949508196721,0.07364600344905935,0.027383403349104236,-0.046262600099955115,-0.07364600344905935,0.6281752971422919,3.62878452396512
altai,NearEast_Bronze,0.0,0.0190267924528301,0.0675090313620291,0.0675090313620291,0.0,-0.0,,3.548103629626107
altai,NearEast_Bronze,0.02,0.0190267924528301,0.0675090313620291,0.06664375065884,-0.0008652807031891002,-0.001350180627240582,0.6408629228798142,3.548103629626107
altai,NearEast_Bronze,0.05,0.0190267924528301,0.0675090313620291,0.06534581790999354,-0.002163213452035559,-0.003375451568101455,0.6408663873237774,3.548103629626107
altai,NearEast_Bronze,0.1,0.0190267924528301,0.0675090313620291,0.06318256547718674,-0.004326465884842354,-0.00675090313620291,0.640872161480279,3.548103629626107
altai,NearEast_Bronze,0.133,0.0190267924528301,0.0675090313620291,0.06175479751735637,-0.005754233844672725,-0.00897870117114987,0.6408759724805275,3.548103629626107
altai,NearEast_Bronze,0.15,0.0190267924528301,0.0675090313620291,0.061019274062555584,-0.006489757299473514,-0.010126354704304364,0.6408779357407797,3.548103629626107
altai,NearEast_Bronze,0.2,0.0190267924528301,0.0675090313620291,0.05885594366504511,-0.008653087696983988,-0.01350180627240582,0.6408837101054137,3.548103629626107
altai,NearEast_Bronze,0.3,0.0190267924528301,0.0675090313620291,0.05452916591717418,-0.012979865444854917,-0.020252709408608727,0.6408952591467897,3.548103629626107
altai,NearEast_Bronze,0.4,0.0190267924528301,0.0675090313620291,0.050202232225143514,-0.017306799136885584,-0.02700361254481164,0.6409068086044228,3.548103629626107
altai,NearEast_Bronze,0.5,0.0190267924528301,0.0675090313620291,0.045875142580522235,-0.021633888781506863,-0.03375451568101455,0.6409183584783291,3.548103629626107
altai,NearEast_Bronze,0.7,0.0190267924528301,0.0675090313620291,0.03723480488873501,-0.030274226473294086,-0.04725632195342037,0.6406386536627797,3.548103629626107
altai,NearEast_Bronze,1.0,0.0190267924528301,0.0675090313620291,0.02435574090138517,-0.04315329046064393,-0.0675090313620291,0.639222480163088,3.548103629626107
altai,NearEast_Iron_Classical,0.0,0.0206668620689655,0.07084801367528111,0.07084801367528111,0.0,-0.0,,3.428097281477017
altai,NearEast_Iron_Classical,0.02,0.0206668620689655,0.07084801367528111,0.06994702347224342,-0.0009009902030376882,-0.0014169602735056223,0.6358613010431116,3.428097281477017
altai,NearEast_Iron_Classical,0.05,0.0206668620689655,0.07084801367528111,0.06859561658269599,-0.0022523970925851233,-0.0035424006837640556,0.6358391649224134,3.428097281477017
altai,NearEast_Iron_Classical,0.1,0.0206668620689655,0.07084801367528111,0.066343480849209,-0.004504532826072105,-0.007084801367528111,0.6358022748129264,3.428097281477017
altai,NearEast_Iron_Classical,0.133,0.0206668620689655,0.07084801367528111,0.06485721441552704,-0.0059907992597540705,-0.009422785818812389,0.6357779296854619,3.428097281477017
altai,NearEast_Iron_Classical,0.15,0.0206668620689655,0.07084801367528111,0.06409160642933248,-0.0067564072459486285,-0.010627202051292165,0.6357653889837461,3.428097281477017
altai,NearEast_Iron_Classical,0.2,0.0206668620689655,0.07084801367528111,0.06183999327758887,-0.009008020397692239,-0.014169602735056222,0.6357285074341569,3.428097281477017
altai,NearEast_Iron_Classical,0.3,0.0206668620689655,0.07084801367528111,0.05733755059664429,-0.01351046307863682,-0.02125440410258433,0.6356547571707304,3.428097281477017
altai,NearEast_Iron_Classical,0.4,0.0206668620689655,0.07084801367528111,0.05283615244276614,-0.01801186123251497,-0.028339205470112445,0.6355810240167437,3.428097281477017
altai,NearEast_Iron_Classical,0.5,0.0206668620689655,0.07084801367528111,0.04833579845251597,-0.022512215222765142,-0.035424006837640555,0.635507307966198,3.428097281477017
altai,NearEast_Iron_Classical,0.7,0.0206668620689655,0.07084801367528111,0.039338221509982646,-0.031509792165298464,-0.049593609572696776,0.6353599271516998,3.428097281477017
altai,NearEast_Iron_Classical,1.0,0.0206668620689655,0.07084801367528111,0.02584967824709087,-0.04499833542819024,-0.07084801367528111,0.6351389840572224,3.428097281477017
altai,NearEast_Medieval_Recent,0.0,0.0192772083333333,0.06721860334235924,0.06721860334235924,0.0,-0.0,,3.4869469780086257
altai,NearEast_Medieval_Recent,0.02,0.0192772083333333,0.06721860334235924,0.06637079886985607,-0.0008478044725031691,-0.0013443720668471848,0.6306323178013036,3.4869469780086257
altai,NearEast_Medieval_Recent,0.05,0.0192772083333333,0.06721860334235924,0.06509916812938207,-0.0021194352129771665,-0.003360930167117962,0.6306097144513442,3.4869469780086257
altai,NearEast_Medieval_Recent,0.1,0.0192772083333333,0.06721860334235924,0.06297998611980363,-0.004238617222555613,-0.006721860334235924,0.6305720458021712,3.4869469780086257
altai,NearEast_Medieval_Recent,0.133,0.0192772083333333,0.06721860334235924,0.06158146467626582,-0.005637138666093423,-0.00894007424453378,0.630547186958781,3.4869469780086257
altai,NearEast_Medieval_Recent,0.15,0.0192772083333333,0.06721860334235924,0.06086105726825276,-0.0063575460741064765,-0.010082790501353885,0.6305343816528575,3.4869469780086257
altai,NearEast_Medieval_Recent,0.2,0.0192772083333333,0.06721860334235924,0.0587423815293686,-0.00847622181299064,-0.013443720668471848,0.6304967220026398,3.4869469780086257
altai,NearEast_Medieval_Recent,0.3,0.0192772083333333,0.06721860334235924,0.05450578920821072,-0.012712814134148522,-0.02016558100270777,0.6304214161963142,3.4869469780086257
altai,NearEast_Medieval_Recent,0.4,0.0192772083333333,0.06721860334235924,0.05027020879366135,-0.01694839454869789,-0.026887441336943697,0.6303461283766921,3.4869469780086257
altai,NearEast_Medieval_Recent,0.5,0.0192772083333333,0.06721860334235924,0.04603563992322339,-0.02118296341913585,-0.03360930167117962,0.6302708585373702,3.4869469780086257
altai,NearEast_Medieval_Recent,0.7,0.0192772083333333,0.06721860334235924,0.037569535365563476,-0.029649067976795764,-0.04705302233965147,0.6301203727738136,3.4869469780086257
altai,NearEast_Medieval_Recent,1.0,0.0192772083333333,0.06721860334235924,0.024877956057452445,-0.042340647284906795,-0.06721860334235924,0.6298947788197339,3.4869469780086257
altai,Siberia_Bronze,0.0,0.0222216827586206,0.07490525707975076,0.07490525707975076,0.0,-0.0,,3.37081839811129
altai,Siberia_Bronze,0.02,0.0222216827586206,0.07490525707975076,0.07387052874671066,-0.001034728333040108,-0.0014981051415950152,0.690691396959258,3.37081839811129
altai,Siberia_Bronze,0.05,0.0222216827586206,0.07490525707975076,0.07231833247657876,-0.002586924603172003,-0.0037452628539875383,0.6907191041124747,3.37081839811129
altai,Siberia_Bronze,0.1,0.0222216827586206,0.07490525707975076,0.06973106193449732,-0.005174195145253441,-0.007490525707975077,0.6907652876412312,3.37081839811129
altai,Siberia_Bronze,0.133,0.0222216827586206,0.07490525707975076,0.06802327383768299,-0.006881983242067777,-0.009962399191606852,0.6907957721535318,3.37081839811129
altai,Siberia_Bronze,0.15,0.0222216827586206,0.07490525707975076,0.06714344538411067,-0.0077618116956400945,-0.011235788561962614,0.6908114773463038,3.37081839811129
altai,Siberia_Bronze,0.2,0.0222216827586206,0.07490525707975076,0.06455548275600338,-0.010349774323747382,-0.014981051415950153,0.6908576732290029,3.37081839811129
altai,Siberia_Bronze,0.3,0.0222216827586206,0.07490525707975076,0.059378518988877124,-0.01552673809087364,-0.022471577123925227,0.6909500835320768,3.37081839811129
altai,Siberia_Bronze,0.4,0.0222216827586206,0.07490525707975076,0.05420857582494359,-0.020696681254807177,-0.029962102831900306,0.6907619725799639,3.37081839811129
altai,Siberia_Bronze,0.5,0.0222216827586206,0.07490525707975076,0.04906868691156208,-0.02583657016818868,-0.03745262853987538,0.6898466456281108,3.37081839811129
altai,Siberia_Bronze,0.7,0.0222216827586206,0.07490525707975076,0.03882839146269966,-0.036076865617051104,-0.052433679955825534,0.6880475611752834,3.37081839811129
altai,Siberia_Bronze,1.0,0.0222216827586206,0.07490525707975076,0.023590279793346245,-0.05131497728640452,-0.07490525707975076,0.6850650980580717,3.37081839811129
altai,Siberia_Iron_Classical,0.0,0.0222237864077669,0.07435887703218291,0.07435887703218291,0.0,-0.0,,3.3459139530874693
altai,Siberia_Iron_Classical,0.02,0.0222237864077669,0.07435887703218291,0.07332967094979626,-0.0010292060823866578,-0.0014871775406436582,0.6920532715557364,3.3459139530874693
altai,Siberia_Iron_Classical,0.05,0.0222237864077669,0.07435887703218291,0.07178577449474165,-0.002573102537441266,-0.0037179438516091456,0.6920767607417239,3.3459139530874693
altai,Siberia_Iron_Classical,0.1,0.0222237864077669,0.07435887703218291,0.06921238082603481,-0.005146496206148099,-0.007435887703218291,0.6921159129286835,3.3459139530874693
altai,Siberia_Iron_Classical,0.133,0.0222237864077669,0.07435887703218291,0.06751378149898117,-0.006845095533201742,-0.009889730645280329,0.6921417557988219,3.3459139530874693
altai,Siberia_Iron_Classical,0.15,0.0222237864077669,0.07435887703218291,0.06663869597665029,-0.007720181055532627,-0.011153831554827437,0.6921550695457017,3.3459139530874693
altai,Siberia_Iron_Classical,0.2,0.0222237864077669,0.07435887703218291,0.06406471989716311,-0.010294157135019799,-0.014871775406436583,0.6921942305936407,3.3459139530874693
altai,Siberia_Iron_Classical,0.3,0.0222237864077669,0.07435887703218291,0.058915893850134377,-0.015442983182048536,-0.022307663109654874,0.6922725659849477,3.3459139530874693
altai,Siberia_Iron_Classical,0.4,0.0222237864077669,0.07435887703218291,0.05376590228933433,-0.02059297474284858,-0.029743550812873165,0.692350919108684,3.3459139530874693
altai,Siberia_Iron_Classical,0.5,0.0222237864077669,0.07435887703218291,0.04861523937550363,-0.02574363765667928,-0.037179438516091456,0.6924159880880745,3.3459139530874693
altai,Siberia_Iron_Classical,0.7,0.0222237864077669,0.07435887703218291,0.03839863934225207,-0.03596023768993084,-0.05205121392252804,0.6908626135685004,3.3459139530874693
altai,Siberia_Iron_Classical,1.0,0.0222237864077669,0.07435887703218291,0.023169623286887153,-0.05118925374529576,-0.07435887703218291,0.6884081065820935,3.3459139530874693
altai,Siberia_Neolithic,0.0,0.0203088333333333,0.07454179061633062,0.07454179061633062,0.0,-0.0,,3.6704122483482924
altai,Siberia_Neolithic,0.02,0.0203088333333333,0.07454179061633062,0.07364438385153577,-0.0008974067647948558,-0.0014908358123266125,0.6019487574519385,3.6704122483482924
altai,Siberia_Neolithic,0.05,0.0203088333333333,0.07454179061633062,0.07229830048709064,-0.0022434901292399806,-0.003727089530816531,0.6019415714836548,3.6704122483482924
altai,Siberia_Neolithic,0.1,0.0203088333333333,0.07454179061633062,0.07005489963083211,-0.0044868909854985095,-0.007454179061633062,0.6019295952511665,3.6704122483482924
altai,Siberia_Neolithic,0.133,0.0203088333333333,0.07454179061633062,0.0685743039668526,-0.005967486649478021,-0.009914058151971973,0.6019216911987799,3.6704122483482924
altai,Siberia_Neolithic,0.15,0.0203088333333333,0.07454179061633062,0.06781158804222659,-0.006730202574104033,-0.011181268592449592,0.6019176194952294,3.6704122483482924
altai,Siberia_Neolithic,0.2,0.0203088333333333,0.07454179061633062,0.06556836571594639,-0.008973424900384233,-0.014908358123266125,0.6019056442157921,3.6704122483482924
altai,Siberia_Neolithic,0.3,0.0203088333333333,0.07454179061633062,0.06108218882905096,-0.01345960178727966,-0.022362537184899185,0.601881695086395,3.6704122483482924
altai,Siberia_Neolithic,0.4,0.0203088333333333,0.07454179061633062,0.05659636892753119,-0.01794542168879943,-0.02981671624653225,0.6018577478627118,3.6704122483482924
altai,Siberia_Neolithic,0.5,0.0203088333333333,0.07454179061633062,0.05211090596877753,-0.022430884647553093,-0.03727089530816531,0.6018338025445537,3.6704122483482924
altai,Siberia_Neolithic,0.7,0.0203088333333333,0.07454179061633062,0.0431410507091689,-0.031400739907161725,-0.052179253431431434,0.6017859176238565,3.6704122483482924
altai,Siberia_Neolithic,1.0,0.0203088333333333,0.07454179061633062,0.029741576213244227,-0.044800214403086396,-0.07454179061633062,0.601008025601032,3.6704122483482924
altai,SouthAsia_Iron_Classical,0.0,0.0201930597014925,0.07067936888113358,0.07067936888113358,0.0,-0.0,,3.500181246723574
altai,SouthAsia_Iron_Classical,0.02,0.0201930597014925,0.07067936888113358,0.06978136036786392,-0.0008980085132696547,-0.0014135873776226716,0.6352691934614598,3.500181246723574
altai,SouthAsia_Iron_Classical,0.05,0.0201930597014925,0.07067936888113358,0.06843438511912482,-0.0022449837620087537,-0.0035339684440566788,0.6352585761721499,3.500181246723574
altai,SouthAsia_Iron_Classical,0.1,0.0201930597014925,0.07067936888113358,0.0661895264220907,-0.004489842459042881,-0.0070679368881133575,0.6352408814789733,3.500181246723574
altai,SouthAsia_Iron_Classical,0.133,0.0201930597014925,0.07067936888113358,0.06470798818756539,-0.005971380693568187,-0.009400356061190766,0.6352292035214439,3.500181246723574
altai,SouthAsia_Iron_Classical,0.15,0.0201930597014925,0.07067936888113358,0.06394479277958086,-0.006734576101552717,-0.010601905332170036,0.6352231877715002,3.500181246723574
altai,SouthAsia_Iron_Classical,0.2,0.0201930597014925,0.07067936888113358,0.06170018418114586,-0.008979184699987715,-0.014135873776226715,0.6352054950496683,3.500181246723574
altai,SouthAsia_Iron_Classical,0.3,0.0201930597014925,0.07067936888113358,0.0572113420747089,-0.013468026806424678,-0.021203810664340073,0.6351701125625876,3.500181246723574
altai,SouthAsia_Iron_Classical,0.4,0.0201930597014925,0.07067936888113358,0.05272300001920779,-0.017956368861925788,-0.02827174755245343,0.6351347340170888,3.500181246723574
altai,SouthAsia_Iron_Classical,0.5,0.0201930597014925,0.07067936888113358,0.04823515793109055,-0.022444210950043023,-0.03533968444056679,0.6350993594124763,3.500181246723574
altai,SouthAsia_Iron_Classical,0.7,0.0201930597014925,0.07067936888113358,0.03926097332288784,-0.031418395558245736,-0.0494755582167935,0.6350286220233364,3.500181246723574
altai,SouthAsia_Iron_Classical,1.0,0.0201930597014925,0.07067936888113358,0.025855595742617924,-0.044823773138515655,-0.07067936888113358,0.6341846828584295,3.500181246723574
altai,SouthAsia_Medieval_Recent,0.0,0.0212968999999999,0.07101367134645936,0.07101367134645936,0.0,-0.0,,3.3344604776497846
altai,SouthAsia_Medieval_Recent,0.02,0.0212968999999999,0.07101367134645936,0.07010240668481117,-0.0009112646616481895,-0.0014202734269291872,0.6416121321219537,3.3344604776497846
altai,SouthAsia_Medieval_Recent,0.05,0.0212968999999999,0.07101367134645936,0.06873561480217341,-0.00227805654428595,-0.0035506835673229683,0.6415825294179867,3.3344604776497846
altai,SouthAsia_Medieval_Recent,0.1,0.0212968999999999,0.07101367134645936,0.06645790858090032,-0.004555762765559038,-0.007101367134645937,0.6415331976476077,3.3344604776497846
altai,SouthAsia_Medieval_Recent,0.133,0.0212968999999999,0.07101367134645936,0.06495481434255787,-0.006058857003901491,-0.009444818289079096,0.6415006428347338,3.3344604776497846
altai,SouthAsia_Medieval_Recent,0.15,0.0212968999999999,0.07101367134645936,0.06418055260183596,-0.006833118744623404,-0.010652050701968905,0.6414838734630115,3.3344604776497846
altai,SouthAsia_Medieval_Recent,0.2,0.0212968999999999,0.07101367134645936,0.06190354678420189,-0.009110124562257474,-0.014202734269291873,0.6414345568623873,3.3344604776497846
altai,SouthAsia_Medieval_Recent,0.3,0.0212968999999999,0.07101367134645936,0.05735058531023371,-0.013663086036225652,-0.02130410140393781,0.6413359464060847,3.3344604776497846
altai,SouthAsia_Medieval_Recent,0.4,0.0212968999999999,0.07101367134645936,0.052799023513262405,-0.018214647833196956,-0.028405468538583747,0.6412373662647253,3.3344604776497846
altai,SouthAsia_Medieval_Recent,0.5,0.0212968999999999,0.07101367134645936,0.04824886074795142,-0.02276481059850794,-0.03550683567322968,0.641138816424338,3.3344604776497846
altai,SouthAsia_Medieval_Recent,0.7,0.0212968999999999,0.07101367134645936,0.039152729732946756,-0.031860941613512606,-0.04970956994252155,0.6409418075906299,3.3344604776497846
altai,SouthAsia_Medieval_Recent,1.0,0.0212968999999999,0.07101367134645936,0.025519009837272757,-0.0454946615091866,-0.07101367134645936,0.6406465212484033,3.3344604776497846
altai,WestSiberia_Bronze,0.0,0.0220137368421052,0.07334390045842067,0.07334390045842067,0.0,-0.0,,3.3317333165415772
altai,WestSiberia_Bronze,0.02,0.0220137368421052,0.07334390045842067,0.07231803665197935,-0.0010258638064413184,-0.0014668780091684134,0.6993518206894995,3.3317333165415772
altai,WestSiberia_Bronze,0.05,0.0220137368421052,0.07334390045842067,0.07077912863084543,-0.002564771827575238,-0.0036671950229210334,0.6993824466778203,3.3317333165415772
altai,WestSiberia_Bronze,0.1,0.0220137368421052,0.07334390045842067,0.06821398238797487,-0.005129918070445799,-0.007334390045842067,0.6994334959529452,3.3317333165415772
altai,WestSiberia_Bronze,0.133,0.0220137368421052,0.07334390045842067,0.06652078072315637,-0.006823119735264296,-0.00975473876096995,0.699467192557174,3.3317333165415772
altai,WestSiberia_Bronze,0.15,0.0220137368421052,0.07334390045842067,0.06564846164781434,-0.007695438810606331,-0.011001585068763099,0.6994845526810551,3.3317333165415772
altai,WestSiberia_Bronze,0.2,0.0220137368421052,0.07334390045842067,0.06308256632834724,-0.010261334130073421,-0.014668780091684134,0.6995356168636454,3.3317333165415772
altai,WestSiberia_Bronze,0.3,0.0220137368421052,0.07334390045842067,0.05795774143872617,-0.0153861590196945,-0.022003170137526198,0.6992701016956439,3.3317333165415772
altai,WestSiberia_Bronze,0.4,0.0220137368421052,0.07334390045842067,0.05286392809415192,-0.020479972364268746,-0.029337560183368267,0.6980802846679469,3.3317333165415772
altai,WestSiberia_Bronze,0.5,0.0220137368421052,0.07334390045842067,0.047784484842242674,-0.025559415616177993,-0.03667195022921033,0.6969745392984072,3.3317333165415772
altai,WestSiberia_Bronze,0.7,0.0220137368421052,0.07334390045842067,0.037686919005479366,-0.0356569814529413,-0.051340730320894465,0.6945164439632007,3.3317333165415772
altai,WestSiberia_Bronze,1.0,0.0220137368421052,0.07334390045842067,0.022663262715963754,-0.050680637742456916,-0.07334390045842067,0.691000034436241,3.3317333165415772
altai,WestSiberia_Iron_Classical,0.0,0.021913362745098,0.07368772531967363,0.07368772531967363,0.0,-0.0,,3.3626845033703243
altai,WestSiberia_Iron_Classical,0.02,0.021913362745098,0.07368772531967363,0.07267502133203671,-0.0010127039876369204,-0.0014737545063934726,0.6871592135892286,3.3626845033703243
altai,WestSiberia_Iron_Classical,0.05,0.021913362745098,0.07368772531967363,0.07115588730104445,-0.002531838018629176,-0.0036843862659836817,0.6871803974530367,3.3626845033703243
altai,WestSiberia_Iron_Classical,0.1,0.021913362745098,0.07368772531967363,0.06862378909590564,-0.005063936223767995,-0.007368772531967363,0.6872157067950627,3.3626845033703243
altai,WestSiberia_Iron_Classical,0.133,0.021913362745098,0.07368772531967363,0.06695246173086268,-0.00673526358881095,-0.009800467467516593,0.687239012948598,3.3626845033703243
altai,WestSiberia_Iron_Classical,0.15,0.021913362745098,0.07368772531967363,0.06609143066414797,-0.007596294655525665,-0.011053158797951044,0.6872510197658439,3.3626845033703243
altai,WestSiberia_Iron_Classical,0.2,0.021913362745098,0.07368772531967363,0.06355881196565304,-0.010128913354020594,-0.014737545063934727,0.6872863363660047,3.3626845033703243
altai,WestSiberia_Iron_Classical,0.3,0.021913362745098,0.07368772531967363,0.058492793607940734,-0.015194931711732897,-0.02210631759590209,0.6873569804565562,3.3626845033703243
altai,WestSiberia_Iron_Classical,0.4,0.021913362745098,0.07368772531967363,0.05342573370166141,-0.020261991618012218,-0.029475090127869454,0.6874276390712029,3.3626845033703243
altai,WestSiberia_Iron_Classical,0.5,0.021913362745098,0.07368772531967363,0.04835763192557674,-0.025330093394096892,-0.036843862659836815,0.687498312214398,3.3626845033703243
altai,WestSiberia_Iron_Classical,0.7,0.021913362745098,0.07368772531967363,0.03823084180995458,-0.03545688350971905,-0.05158140772377154,0.6873965848236937,3.3626845033703243
altai,WestSiberia_Iron_Classical,1.0,0.021913362745098,0.07368772531967363,0.023181353486417276,-0.050506371833256354,-0.07368772531967363,0.6854109231103085,3.3626845033703243
altai,WestSiberia_LateGlacial_Meso,0.0,0.0251099729729729,0.07534567814230977,0.07534567814230977,0.0,-0.0,,3.0006276081383296
altai,WestSiberia_LateGlacial_Meso,0.02,0.0251099729729729,0.07534567814230977,0.07427322759034277,-0.0010724505519670025,-0.0015069135628461956,0.7116868401804033,3.0006276081383296
altai,WestSiberia_LateGlacial_Meso,0.05,0.0251099729729729,0.07534567814230977,0.07266467162048146,-0.0026810065218283163,-0.003767283907115489,0.7116550246623418,3.0006276081383296
altai,WestSiberia_LateGlacial_Meso,0.1,0.0251099729729729,0.07534567814230977,0.0699840645779899,-0.00536161356431987,-0.007534567814230978,0.7116020051200651,3.0006276081383296
altai,WestSiberia_LateGlacial_Meso,0.133,0.0251099729729729,0.07534567814230977,0.06821508272136104,-0.007130595420948738,-0.0100209751929272,0.7115670165495978,3.0006276081383296
altai,WestSiberia_LateGlacial_Meso,0.15,0.0251099729729729,0.07534567814230977,0.06730385692555665,-0.00804182121675312,-0.011301851721346465,0.7115489934772427,3.0006276081383296
altai,WestSiberia_LateGlacial_Meso,0.2,0.0251099729729729,0.07534567814230977,0.06462404857392955,-0.010721629568380228,-0.015069135628461955,0.7114959897321291,3.0006276081383296
altai,WestSiberia_LateGlacial_Meso,0.3,0.0251099729729729,0.07534567814230977,0.05926562941621496,-0.016080048726094816,-0.02260370344269293,0.7113900059281212,3.0006276081383296
altai,WestSiberia_LateGlacial_Meso,0.4,0.0251099729729729,0.07534567814230977,0.05390880639135841,-0.021436871750951367,-0.03013827125692391,0.7112840536939059,3.0006276081383296
altai,WestSiberia_LateGlacial_Meso,0.5,0.0251099729729729,0.07534567814230977,0.04855357878629615,-0.02679209935601362,-0.03767283907115489,0.7111781330154019,3.0006276081383296
altai,WestSiberia_LateGlacial_Meso,0.7,0.0251099729729729,0.07534567814230977,0.037847906985426845,-0.03749777115688293,-0.05274197469961684,0.7109663862691008,3.0006276081383296
altai,WestSiberia_LateGlacial_Meso,1.0,0.0251099729729729,0.07534567814230977,0.021801347130407597,-0.053544331011902174,-0.07534567814230977,0.7106490024652757,3.0006276081383296
altai,WestSiberia_Medieval_Recent,0.0,0.0214901705426356,0.07411543933660765,0.07411543933660765,0.0,-0.0,,3.448806475945164
altai,WestSiberia_Medieval_Recent,0.02,0.0214901705426356,0.07411543933660765,0.07311692221900268,-0.0009985171176049717,-0.001482308786732153,0.673622882453708,3.448806475945164
altai,WestSiberia_Medieval_Recent,0.05,0.0214901705426356,0.07411543933660765,0.07161905873808927,-0.00249638059851838,-0.0037057719668303827,0.6736465764388578,3.448806475945164
altai,WestSiberia_Medieval_Recent,0.1,0.0214901705426356,0.07411543933660765,0.06912238543042745,-0.004993053906180198,-0.0074115439336607655,0.6736860701187251,3.448806475945164
altai,WestSiberia_Medieval_Recent,0.133,0.0214901705426356,0.07411543933660765,0.0674744206762953,-0.006641018660312345,-0.009857353431768818,0.6737121384842819,3.448806475945164
altai,WestSiberia_Medieval_Recent,0.15,0.0214901705426356,0.07411543933660765,0.0666254193621369,-0.007490019974470755,-0.011117315900491148,0.6737255684296832,3.448806475945164
altai,WestSiberia_Medieval_Recent,0.2,0.0214901705426356,0.07411543933660765,0.06412816048172165,-0.009987278854885998,-0.014823087867321531,0.6737650713724506,3.448806475945164
altai,WestSiberia_Medieval_Recent,0.3,0.0214901705426356,0.07411543933660765,0.05913276407846769,-0.014982675258139962,-0.022234631800982296,0.6738440911568433,3.448806475945164
altai,WestSiberia_Medieval_Recent,0.4,0.0214901705426356,0.07411543933660765,0.0541362052148473,-0.01997923412176035,-0.029646175734643062,0.6739228121896883,3.448806475945164
altai,WestSiberia_Medieval_Recent,0.5,0.0214901705426356,0.07411543933660765,0.049155204007389625,-0.024960235329218025,-0.037057719668303825,0.6735502225347932,3.448806475945164
altai,WestSiberia_Medieval_Recent,0.7,0.0214901705426356,0.07411543933660765,0.03923738516752234,-0.03487805416908531,-0.05188080753562535,0.6722727695619494,3.448806475945164
altai,WestSiberia_Medieval_Recent,1.0,0.0214901705426356,0.07411543933660765,0.024446878806370646,-0.04966856053023701,-0.07411543933660765,0.670151333849064,3.448806475945164
altai,WestSiberia_Neolithic,0.0,0.0228018481675392,0.07420993734854381,0.07420993734854381,0.0,-0.0,,3.25455799912699
altai,WestSiberia_Neolithic,0.02,0.0228018481675392,0.07420993734854381,0.07315731312107922,-0.0010526242274645908,-0.0014841987469708762,0.7092205337141725,3.25455799912699
altai,WestSiberia_Neolithic,0.05,0.0228018481675392,0.07420993734854381,0.07157828199554384,-0.002631655352999973,-0.0037104968674271906,0.7092460786322474,3.25455799912699
altai,WestSiberia_Neolithic,0.1,0.0228018481675392,0.07420993734854381,0.06894631066440077,-0.005263626684143041,-0.007420993734854381,0.7092886575851997,3.25455799912699
altai,WestSiberia_Neolithic,0.133,0.0228018481675392,0.07420993734854381,0.0672090364653771,-0.007000900883166711,-0.009869921667356327,0.7093167624948246,3.25455799912699
altai,WestSiberia_Neolithic,0.15,0.0228018481675392,0.07420993734854381,0.06631402329820231,-0.007895914050341499,-0.011131490602281571,0.7093312416508809,3.25455799912699
altai,WestSiberia_Neolithic,0.2,0.0228018481675392,0.07420993734854381,0.06368141984002305,-0.010528517508520754,-0.014841987469708762,0.7093738308301746,3.25455799912699
altai,WestSiberia_Neolithic,0.3,0.0228018481675392,0.07420993734854381,0.05842574368662526,-0.01578419366191855,-0.022262981204563142,0.708988320876062,3.25455799912699
altai,WestSiberia_Neolithic,0.4,0.0228018481675392,0.07420993734854381,0.05322325668315474,-0.02098668066538907,-0.029683974939417525,0.7070037186131947,3.25455799912699
altai,WestSiberia_Neolithic,0.5,0.0228018481675392,0.07420993734854381,0.04803444862634403,-0.026175488722199776,-0.037104968674271904,0.7054443018664914,3.25455799912699
altai,WestSiberia_Neolithic,0.7,0.0228018481675392,0.07420993734854381,0.03773748392176959,-0.036472453426774215,-0.05194695614398066,0.70210953892436,3.25455799912699
altai,WestSiberia_Neolithic,1.0,0.0228018481675392,0.07420993734854381,0.022446484762214083,-0.05176345258632972,-0.07420993734854381,0.6975272373996345,3.25455799912699
