cohort_a,cohort_b,statistic,diff,se,z,se_independent,n_blocks_used
IUP_Eurasia_45ka,UP_Europe_pre_LGM,D_VA,-0.007475468889537831,0.007540823829313222,-0.9913331830507247,0.009867800097083537,50
IUP_Eurasia_45ka,UP_Europe_pre_LGM,R,-0.1888882826909708,0.24357915532482913,-0.7754698157117575,0.40235093722236115,50
IUP_Eurasia_45ka,UP_Europe_post_LGM,D_VA,-0.015617833766475936,0.007920264140035702,-1.9718829435915173,0.01008244400292895,50
IUP_Eurasia_45ka,UP_Europe_post_LGM,R,-0.4878379217405693,0.27588269369114254,-1.7682802614893844,0.41576259818266786,50
IUP_Eurasia_45ka,UP_NorthEastAsia,D_VA,-0.008417159184449949,0.007163633109339308,-1.1749846838856675,0.0098170469222654,50
IUP_Eurasia_45ka,UP_NorthEastAsia,R,-0.5898174682302846,0.31803486072744186,-1.8545686057220072,0.5023273913422589,50
IUP_Eurasia_45ka,Oase1_40ka,D_VA,-0.008571382834809821,0.04844226006965208,-0.17694019276733927,0.04731219031935414,50
IUP_Eurasia_45ka,Oase1_40ka,R,1.042512013693647,0.4949688443855579,2.1062174428125786,0.49151039278638464,50
IUP_Eurasia_45ka,UstIshim_44ka,D_VA,0.008812099710886444,0.008322666703263646,1.058807233915888,0.014011101792767992,50
IUP_Eurasia_45ka,UstIshim_44ka,R,-0.06691675569069622,0.36161705032682634,-0.18504867408828604,0.559044695833566,50
IUP_Eurasia_45ka,Caucasus_Bronze,D_VA,-0.006059968495155263,0.005158172340533588,-1.1748286205048333,0.009139943045766062,50
IUP_Eurasia_45ka,Caucasus_Bronze,R,-0.6906049796325451,0.21524641214848847,-3.208438982741923,0.43571136809553906,50
IUP_Eurasia_45ka,Caucasus_Iron_Classical,D_VA,-0.0036180943718928105,0.004841047281915766,-0.7473784413154932,0.009193895050541107,50
IUP_Eurasia_45ka,Caucasus_Iron_Classical,R,-0.5949016047321163,0.1989885188785542,-2.9896277839788032,0.41927178755979433,50
IUP_Eurasia_45ka,Caucasus_Medieval_Recent,D_VA,-0.006891754396598546,0.00498680913592253,-1.3819968257765718,0.009157414989569143,50
IUP_Eurasia_45ka,Caucasus_Medieval_Recent,R,-0.6671140172047385,0.21105629923089053,-3.160834429655813,0.4252440131729545,50
IUP_Eurasia_45ka,Caucasus_Neolithic,D_VA,-0.004621159519153192,0.005238963342142198,-0.8820751773505657,0.009417017763703834,50
IUP_Eurasia_45ka,Caucasus_Neolithic,R,-0.6443764917587906,0.21224403950212942,-3.036016904268945,0.42644720703287536,50
IUP_Eurasia_45ka,CentralAsia_Bronze,D_VA,-0.002714538621711088,0.005168296672409306,-0.5252288701232104,0.009238169073601287,50
IUP_Eurasia_45ka,CentralAsia_Bronze,R,-0.5255847603347481,0.1994516959119641,-2.6351481140914226,0.40336327487531304,50
IUP_Eurasia_45ka,CentralAsia_Iron_Classical,D_VA,-0.006497667377795099,0.005194483477430816,-1.250878437870946,0.00907285932461427,50
IUP_Eurasia_45ka,CentralAsia_Iron_Classical,R,-0.7007790948644506,0.22370844675222773,-3.1325553640833728,0.43347276892590014,50
IUP_Eurasia_45ka,CentralAsia_Medieval_Recent,D_VA,-0.004446216643809689,0.005854544652842376,-0.7594470462619248,0.00908019227406843,50
IUP_Eurasia_45ka,CentralAsia_Medieval_Recent,R,-0.6514042668306235,0.23564977502972667,-2.764289788727574,0.4287427743029645,50
IUP_Eurasia_45ka,CentralAsia_Neolithic,D_VA,0.002350419482387775,0.005571690042436787,0.4218503657751599,0.0096814731961274,50
IUP_Eurasia_45ka,CentralAsia_Neolithic,R,-0.7608849128953328,0.272366853361699,-2.793603199156137,0.4802628857922156,50
IUP_Eurasia_45ka,EastAsia_Bronze,D_VA,-0.009285271580837764,0.005948461123386262,-1.5609535623142758,0.010421709053016337,50
IUP_Eurasia_45ka,EastAsia_Bronze,R,-0.5646740482410058,0.23894170169701343,-2.3632293744899857,0.4404854323378919,50
IUP_Eurasia_45ka,EastAsia_Iron_Classical,D_VA,-0.010098092448524956,0.005610892602257015,-1.799730125731321,0.010170636283196945,50
IUP_Eurasia_45ka,EastAsia_Iron_Classical,R,-0.554312113780697,0.23214796710801436,-2.3877534689881017,0.43945221391154776,50
IUP_Eurasia_45ka,EastAsia_LateGlacial_Meso,D_VA,-0.005828755751330225,0.006738736052633766,-0.8649627624236916,0.010766026842455518,50
IUP_Eurasia_45ka,EastAsia_LateGlacial_Meso,R,-0.46967097374742006,0.28237325913267686,-1.6632983420244438,0.4601139358945609,50
IUP_Eurasia_45ka,EastAsia_Medieval_Recent,D_VA,-0.009141301782067637,0.005412913207089737,-1.6887951889002255,0.010087773007715822,50
IUP_Eurasia_45ka,EastAsia_Medieval_Recent,R,-0.5179939788014816,0.20902786267621593,-2.478109722644268,0.4194439968289144,50
IUP_Eurasia_45ka,EastAsia_Neolithic,D_VA,-0.010837602574755911,0.0058323693539954384,-1.8581817983340956,0.010169466733478634,50
IUP_Eurasia_45ka,EastAsia_Neolithic,R,-0.7650020140035758,0.2801613258964518,-2.7305767901966673,0.4844078965633658,50
IUP_Eurasia_45ka,Europe_Bronze,D_VA,-0.009958535546871539,0.005337499285269032,-1.8657680337974203,0.009169488236447766,50
IUP_Eurasia_45ka,Europe_Bronze,R,-0.656788337280447,0.20901350980221778,-3.142324809061113,0.42452962502095964,50
IUP_Eurasia_45ka,Europe_Iron_Classical,D_VA,-0.009741020829517735,0.0052436098166351265,-1.8576936824350976,0.009124579724999535,50
IUP_Eurasia_45ka,Europe_Iron_Classical,R,-0.7077770725075421,0.21371607609591364,-3.3117633705285643,0.428173200499744,50
IUP_Eurasia_45ka,Europe_LateGlacial_Meso,D_VA,-0.011414394545638681,0.005840196252974845,-1.954453934630105,0.009190353650814472,50
IUP_Eurasia_45ka,Europe_LateGlacial_Meso,R,-0.6640889040367293,0.24063270468350845,-2.7597616247141903,0.4368891892153341,50
IUP_Eurasia_45ka,Europe_Medieval_Recent,D_VA,-0.01117259488169195,0.005003627154013574,-2.2328991625065515,0.00912135532289087,50
IUP_Eurasia_45ka,Europe_Medieval_Recent,R,-0.6480932906205508,0.19066489152062494,-3.3991223316036874,0.40973873365369196,50
IUP_Eurasia_45ka,Europe_Neolithic,D_VA,-0.009348651633257335,0.005510612849841746,-1.6964812967265173,0.009395594629587422,50
IUP_Eurasia_45ka,Europe_Neolithic,R,-0.666256569984349,0.22185896688899454,-3.0030635197075695,0.4269641006723692,50
IUP_Eurasia_45ka,Europe_Palaeolithic,D_VA,-0.005709988736704377,0.004781645379409063,-1.1941472617967421,0.008763331791555473,50
IUP_Eurasia_45ka,Europe_Palaeolithic,R,-0.1486989598493771,0.14357453430881562,-1.0356917441190463,0.36570539549548353,50
IUP_Eurasia_45ka,InnerAsia_Bronze,D_VA,-0.010184902611384952,0.005572323769459067,-1.827765763936156,0.00981403814414627,50
IUP_Eurasia_45ka,InnerAsia_Bronze,R,-0.569980022893495,0.2034500221579932,-2.801572675430163,0.4241106593782061,50
IUP_Eurasia_45ka,InnerAsia_Iron_Classical,D_VA,-0.008832830162725666,0.005023942557732366,-1.7581471247379268,0.009250977406965068,50
IUP_Eurasia_45ka,InnerAsia_Iron_Classical,R,-0.5166298321061411,0.1882910920222217,-2.7437826535371603,0.40093718050608984,50
IUP_Eurasia_45ka,InnerAsia_Medieval_Recent,D_VA,-0.00857572943275324,0.0053821457164897534,-1.5933662677468994,0.009465546931815356,50
IUP_Eurasia_45ka,InnerAsia_Medieval_Recent,R,-0.5991086233296923,0.21901015498786455,-2.735528968338884,0.41708714741696556,50
IUP_Eurasia_45ka,NearEast_Bronze,D_VA,-0.0024387573457229916,0.005596205638013465,-0.43578765747226883,0.00941332766648264,50
IUP_Eurasia_45ka,NearEast_Bronze,R,-0.6853946929406278,0.23639331956166934,-2.899382665345688,0.4434600682036948,50
IUP_Eurasia_45ka,NearEast_Iron_Classical,D_VA,-0.0057777396589750035,0.006284333418496124,-0.9193878291005204,0.009803733791964269,50
IUP_Eurasia_45ka,NearEast_Iron_Classical,R,-0.6702518126958827,0.259560367178428,-2.5822579154973053,0.42755627440659993,50
IUP_Eurasia_45ka,NearEast_Medieval_Recent,D_VA,-0.0021483293260531333,0.005745898087680261,-0.37388921510100415,0.009361454159221764,50
IUP_Eurasia_45ka,NearEast_Medieval_Recent,R,-0.6984108971668854,0.2449804526052523,-2.8508841817361867,0.41649664012116,50
IUP_Eurasia_45ka,Siberia_Bronze,D_VA,-0.009834983063444658,0.005604501132914258,-1.7548364841404913,0.00952498826929397,50
IUP_Eurasia_45ka,Siberia_Bronze,R,-0.49509316495716704,0.19539269853713953,-2.5338365694512457,0.4074574822830279,50
IUP_Eurasia_45ka,Siberia_Iron_Classical,D_VA,-0.009288603015876806,0.005042161820876838,-1.8421866147607113,0.009727418248410153,50
IUP_Eurasia_45ka,Siberia_Iron_Classical,R,-0.5248922230796091,0.19884227562330403,-2.6397415812821876,0.4196414544336149,50
IUP_Eurasia_45ka,Siberia_Neolithic,D_VA,-0.009471516600024515,0.006304965794230178,-1.5022312426646505,0.01019462082736517,50
IUP_Eurasia_45ka,Siberia_Neolithic,R,-0.5046456058015825,0.21732507377915034,-2.3220772321670182,0.4339842188509747,50
IUP_Eurasia_45ka,SouthAsia_Iron_Classical,D_VA,-0.0056090948648274686,0.006053599311382409,-0.9265718750629643,0.010691067289258479,50
IUP_Eurasia_45ka,SouthAsia_Iron_Classical,R,-0.5766868109610928,0.2760802293938333,-2.0888377709163626,0.48758350017396457,50
IUP_Eurasia_45ka,SouthAsia_Medieval_Recent,D_VA,-0.005943397330153255,0.00591595763545812,-1.0046382507086717,0.009947148753478307,50
IUP_Eurasia_45ka,SouthAsia_Medieval_Recent,R,-0.4755895757829103,0.26272363669645477,-1.8102275903419998,0.43790850872823517,50
IUP_Eurasia_45ka,WestSiberia_Bronze,D_VA,-0.00827362644211456,0.005281846031411987,-1.566427039506637,0.009379928610945835,50
IUP_Eurasia_45ka,WestSiberia_Bronze,R,-0.5239328055130652,0.1938685491460732,-2.7025157397670525,0.41385876869062155,50
IUP_Eurasia_45ka,WestSiberia_Iron_Classical,D_VA,-0.008617451303367524,0.005238697945295095,-1.6449605213652194,0.009428988014057517,50
IUP_Eurasia_45ka,WestSiberia_Iron_Classical,R,-0.5998262701404282,0.1985773499022908,-3.0206177614696252,0.4160877795328607,50
IUP_Eurasia_45ka,WestSiberia_LateGlacial_Meso,D_VA,-0.010275404126003668,0.006832484179696322,-1.5039045617607811,0.01012186657176898,50
IUP_Eurasia_45ka,WestSiberia_LateGlacial_Meso,R,-0.40831442334464074,0.21548155103786426,-1.8948927245882503,0.41543827737042965,50
IUP_Eurasia_45ka,WestSiberia_Medieval_Recent,D_VA,-0.009045165320301543,0.005214196815526163,-1.7347188148648351,0.009368177946612518,50
IUP_Eurasia_45ka,WestSiberia_Medieval_Recent,R,-0.5294904669123739,0.19395374336296348,-2.72998323069996,0.40504366465594077,50
IUP_Eurasia_45ka,WestSiberia_Neolithic,D_VA,-0.009139663332237702,0.005970413149811413,-1.5308259416731311,0.00972454045752075,50
IUP_Eurasia_45ka,WestSiberia_Neolithic,R,-0.5190130278201728,0.21011593162959666,-2.4701269617913413,0.43290612825683245,50
IUP_Eurasia_45ka,ANC_Americas,D_VA,-0.013621168128351013,0.006387854345419373,-2.13235421344861,0.01067052853423798,50
IUP_Eurasia_45ka,ANC_Americas,R,-0.7072034276374743,0.2425571422708801,-2.915615763842122,0.4551986348640705,50
IUP_Eurasia_45ka,ANC_Oceania,D_VA,-0.007706124626553693,0.006640006453459926,-1.1605598097782333,0.010468599112246148,50
IUP_Eurasia_45ka,ANC_Oceania,R,-0.4000179134402704,0.22290169871489957,-1.7945933824035578,0.40681523572365164,50
IUP_Eurasia_45ka,ANC_Africa,D_VA,0.03053730142663707,0.005518112986644736,5.534011626899495,0.007932754367864102,50
IUP_Eurasia_45ka,ANC_Africa,R,-0.4486762100583357,0.27607389500063373,-1.6252033176019984,0.4536449116625211,50
IUP_Eurasia_45ka,PD_French,D_VA,-0.00967501372578397,0.005571253795403772,-1.7365954022352668,0.009350864380623292,50
IUP_Eurasia_45ka,PD_French,R,-0.7689787960090231,0.23405618506592377,-3.2854453121691023,0.4448053230068537,50
IUP_Eurasia_45ka,PD_Sardinian,D_VA,-0.007331893461322264,0.006047621311533228,-1.2123598822796398,0.009994022142003976,50
IUP_Eurasia_45ka,PD_Sardinian,R,-0.7523773297616885,0.2504043588974431,-3.0046494920235634,0.461260454930621,50
IUP_Eurasia_45ka,PD_Basque,D_VA,-0.010468581810075955,0.005671450365093234,-1.8458385661819787,0.00951826330491839,50
IUP_Eurasia_45ka,PD_Basque,R,-0.8305334121566281,0.25133036048501706,-3.30454868466295,0.46067903861541387,50
IUP_Eurasia_45ka,PD_Russian,D_VA,-0.010543161903223283,0.005044817066111714,-2.089899745631294,0.008971934855585843,50
IUP_Eurasia_45ka,PD_Russian,R,-0.6812108024521277,0.21394134196463038,-3.18410082033022,0.41852022776172004,50
IUP_Eurasia_45ka,PD_Han,D_VA,-0.010506932362915583,0.0063134846531924214,-1.664204942290109,0.010501484442469664,50
IUP_Eurasia_45ka,PD_Han,R,-0.6202995410962713,0.2794097186982827,-2.2200356665692595,0.4613339259284924,50
IUP_Eurasia_45ka,PD_Japanese,D_VA,-0.010015569725381451,0.006639928997871221,-1.508385063845181,0.010475914663508529,50
IUP_Eurasia_45ka,PD_Japanese,R,-0.7313088893262758,0.2950984860404495,-2.478185839374433,0.4715620828416698,50
IUP_Eurasia_45ka,PD_Dai,D_VA,-0.005217272061423722,0.007766775485028675,-0.6717423558181378,0.010787636531977916,50
IUP_Eurasia_45ka,PD_Dai,R,-0.5538497535398144,0.30224421896393927,-1.8324577238841881,0.4832129344795926,50
IUP_Eurasia_45ka,PD_Papuan,D_VA,0.0011757119367502011,0.009518054763471532,0.12352439295289179,0.011681894312887634,50
IUP_Eurasia_45ka,PD_Papuan,R,0.041906269084472925,0.308169336867719,0.13598455157938408,0.4151493777952733,50
IUP_Eurasia_45ka,PD_Karitiana,D_VA,-0.025915913903699087,0.008207237641183654,-3.157690204272125,0.011005490436162474,50
IUP_Eurasia_45ka,PD_Karitiana,R,-0.95555189174703,0.36816188358484236,-2.5954666529915897,0.5342124086100128,50
IUP_Eurasia_45ka,PD_Mixe,D_VA,-0.01844974529500326,0.007573180437914364,-2.4361951291476527,0.011363281748373588,50
IUP_Eurasia_45ka,PD_Mixe,R,-1.0068031993814166,0.37189497151514794,-2.7072245566525703,0.5533660329923986,50
IUP_Eurasia_45ka,PD_Mbuti,D_VA,0.08581736126117419,0.008428866397980676,10.18136451679121,0.008561568158786122,50
IUP_Eurasia_45ka,PD_Mbuti,R,-77.35524143558223,2174.8948969855933,-0.035567346975155754,2174.873581383285,50
IUP_Eurasia_45ka,PD_Biaka,D_VA,0.07557335009970666,0.0074339562546788755,10.165966480114994,0.008181263077324632,50
IUP_Eurasia_45ka,PD_Biaka,R,33.94711870843154,474.95463542942184,0.07147444445455059,474.9527100264882,50
IUP_Eurasia_45ka,PD_Juhoan,D_VA,0.08388942691439916,0.010366756934858527,8.09215721382629,0.009738915484920316,50
IUP_Eurasia_45ka,PD_Juhoan,R,3.197625746645901,0.6993153911734296,4.572508752138837,0.6901984375969875,50
IUP_Eurasia_45ka,PD_Mandenka,D_VA,0.061159616763693345,0.006641848462316994,9.208222245762883,0.007472433001102239,50
IUP_Eurasia_45ka,PD_Mandenka,R,-1.13499419045144,2.776145670675283,-0.4088381249011903,2.834909471770843,50
IUP_Eurasia_45ka,PD_Mende,D_VA,0.06461327235325849,0.0069691916511214515,9.27127213424547,0.007057664341733216,50
IUP_Eurasia_45ka,PD_Mende,R,-6.691640075086396,98.07049630056177,-0.06823295820363932,98.11226897921458,50
IUP_Eurasia_45ka,PD_Esan,D_VA,0.0664330627191964,0.006929743282326687,9.586655668561974,0.006992697745827105,50
IUP_Eurasia_45ka,PD_Esan,R,3.8351129768186807,3.3930450168134105,1.1302865001244338,3.404455472198596,50
IUP_Eurasia_45ka,PD_Gambian,D_VA,0.06264755322178539,0.006731893172532666,9.306082496584864,0.0070618682043954275,50
IUP_Eurasia_45ka,PD_Gambian,R,0.2270071009221566,1.325147955705746,0.17130698496324312,1.341581167567161,50
IUP_Eurasia_45ka,PD_Luhya,D_VA,0.06161002555274852,0.005943586109356543,10.365800111108085,0.007365393188365191,50
IUP_Eurasia_45ka,PD_Luhya,R,-1.6740100909292008,3.595955751230463,-0.4655257758264652,3.675258345501973,50
UP_Europe_pre_LGM,UP_Europe_post_LGM,D_VA,-0.008142364876938105,0.0067465472581376374,-1.206893625048997,0.010294384130416166,50
UP_Europe_pre_LGM,UP_Europe_post_LGM,R,-0.2989496390495985,0.2509070103332812,-1.1914758326301922,0.4382201838805093,50
UP_Europe_pre_LGM,UP_NorthEastAsia,D_VA,-0.0009416902949121175,0.006005663917667227,-0.15680036509234055,0.010034594053888122,50
UP_Europe_pre_LGM,UP_NorthEastAsia,R,-0.4009291855393138,0.2576195485350158,-1.5562840157870212,0.521067365707529,50
UP_Europe_pre_LGM,Oase1_40ka,D_VA,-0.0010959139452719896,0.046090243301851644,-0.02377756910708176,0.047357808441345274,50
UP_Europe_pre_LGM,Oase1_40ka,R,1.2314002963846178,0.4967044383895007,2.479140916029002,0.5106474887137809,50
UP_Europe_pre_LGM,UstIshim_44ka,D_VA,0.016287568600424275,0.011675667368893045,1.3950010809504998,0.01416437930160276,50
UP_Europe_pre_LGM,UstIshim_44ka,R,0.12197152700027458,0.45797593947530385,0.26632736894435005,0.5759421528698078,50
UP_Europe_pre_LGM,Caucasus_Bronze,D_VA,0.0014155003943825684,0.005617061293259505,0.2520001688571877,0.009373218573799167,50
UP_Europe_pre_LGM,Caucasus_Bronze,R,-0.5017166969415743,0.215647661223536,-2.3265575619737646,0.45719010028690604,50
UP_Europe_pre_LGM,Caucasus_Iron_Classical,D_VA,0.003857374517645021,0.005877026664381773,0.6563479694626828,0.009425835440571332,50
UP_Europe_pre_LGM,Caucasus_Iron_Classical,R,-0.4060133220411455,0.22666041639777257,-1.7912846384638312,0.44155092951578095,50
UP_Europe_pre_LGM,Caucasus_Medieval_Recent,D_VA,0.0005837144929392857,0.0064692014130854035,0.0902297603161022,0.00939025648443917,50
UP_Europe_pre_LGM,Caucasus_Medieval_Recent,R,-0.4782257345137677,0.2329378080311669,-2.053018951950391,0.447225739702116,50
UP_Europe_pre_LGM,Caucasus_Neolithic,D_VA,0.002854309370384639,0.005950145270645586,0.479704148479546,0.009643593267775235,50
UP_Europe_pre_LGM,Caucasus_Neolithic,R,-0.45548820906781984,0.20655737785264275,-2.2051413210365376,0.448369949816895,50
UP_Europe_pre_LGM,CentralAsia_Bronze,D_VA,0.0047609302678267434,0.006182346534496078,0.7700846662770913,0.009469025049328445,50
UP_Europe_pre_LGM,CentralAsia_Bronze,R,-0.3366964776437773,0.23570195761751847,-1.4284840102607297,0.4264742935169741,50
UP_Europe_pre_LGM,CentralAsia_Iron_Classical,D_VA,0.0009778015117427319,0.005388936560235796,0.18144609809619797,0.00930781627862338,50
UP_Europe_pre_LGM,CentralAsia_Iron_Classical,R,-0.5118908121734798,0.2210083435867948,-2.316160575052901,0.4550571754328808,50
UP_Europe_pre_LGM,CentralAsia_Medieval_Recent,D_VA,0.0030292522457281423,0.005562504350536675,0.5445842474596677,0.009314964266513227,50
UP_Europe_pre_LGM,CentralAsia_Medieval_Recent,R,-0.46251598413965267,0.17587437644483217,-2.6298088072240215,0.45055383477412286,50
UP_Europe_pre_LGM,CentralAsia_Neolithic,D_VA,0.009825888371925606,0.006419077436318897,1.5307321759870198,0.009901999333452793,50
UP_Europe_pre_LGM,CentralAsia_Neolithic,R,-0.571996630204362,0.2693341361412167,-2.12374353433036,0.4998308023542883,50
UP_Europe_pre_LGM,EastAsia_Bronze,D_VA,-0.0018098026912999332,0.006196596337232949,-0.2920639965565498,0.01062688510985646,50
UP_Europe_pre_LGM,EastAsia_Bronze,R,-0.37578576555003496,0.2561020179985962,-1.4673284048550324,0.46174214407455205,50
UP_Europe_pre_LGM,EastAsia_Iron_Classical,D_VA,-0.002622623558987125,0.0058877898164149955,-0.4454343040023818,0.010380775980505911,50
UP_Europe_pre_LGM,EastAsia_Iron_Classical,R,-0.3654238310897262,0.23489724701112505,-1.5556752398737956,0.46075659498744626,50
UP_Europe_pre_LGM,EastAsia_LateGlacial_Meso,D_VA,0.0016467131382076061,0.006515095047280818,0.2527535095431783,0.010964761808851071,50
UP_Europe_pre_LGM,EastAsia_LateGlacial_Meso,R,-0.28078269105644926,0.28828001335764714,-0.9739929167690979,0.48050309626166715,50
UP_Europe_pre_LGM,EastAsia_Medieval_Recent,D_VA,-0.001665832892529806,0.00560181306497858,-0.29737388113578117,0.010299603478171682,50
UP_Europe_pre_LGM,EastAsia_Medieval_Recent,R,-0.32910569611051077,0.22290041879924632,-1.476469617613942,0.4417144529993095,50
UP_Europe_pre_LGM,EastAsia_Neolithic,D_VA,-0.00336213368521808,0.005964419374397416,-0.5636984045169955,0.010379630108809025,50
UP_Europe_pre_LGM,EastAsia_Neolithic,R,-0.576113731312605,0.27798441346275504,-2.072467747871749,0.5038148486950433,50
UP_Europe_pre_LGM,Europe_Bronze,D_VA,-0.0024830666573337073,0.0056726757693914285,-0.4377240579713396,0.009402030741851477,50
UP_Europe_pre_LGM,Europe_Bronze,R,-0.46790005458947626,0.20515944330746658,-2.2806654524220358,0.4465465194502153,50
UP_Europe_pre_LGM,Europe_Iron_Classical,D_VA,-0.002265551939979904,0.005582399103764846,-0.4058384035014596,0.009358238226837297,50
UP_Europe_pre_LGM,Europe_Iron_Classical,R,-0.5188887898165713,0.20665782225955975,-2.5108596623303865,0.45001186777557195,50
UP_Europe_pre_LGM,Europe_LateGlacial_Meso,D_VA,-0.00393892565610085,0.005663840160743643,-0.6954514153492076,0.009422381215988087,50
UP_Europe_pre_LGM,Europe_LateGlacial_Meso,R,-0.47520062134575847,0.2251106706550776,-2.110964442347015,0.45831272638439446,50
UP_Europe_pre_LGM,Europe_Medieval_Recent,D_VA,-0.0036971259921541183,0.005381761141984868,-0.6869732592388088,0.009355094359694928,50
UP_Europe_pre_LGM,Europe_Medieval_Recent,R,-0.45920500792957997,0.19567832703730492,-2.3467341267795856,0.4325092153570788,50
UP_Europe_pre_LGM,Europe_Neolithic,D_VA,-0.0018731827437195037,0.005815524829391569,-0.32210037763960153,0.009622674576015667,50
UP_Europe_pre_LGM,Europe_Neolithic,R,-0.4773682872933782,0.20661961304238025,-2.3103725743376744,0.4488615986867554,50
UP_Europe_pre_LGM,Europe_Palaeolithic,D_VA,0.001765480152833454,0.0033838746806471916,0.5217333144547164,0.009006367283275378,50
UP_Europe_pre_LGM,Europe_Palaeolithic,R,0.04018932284159371,0.11944202572135648,0.33647556292582015,0.3910483701630437,50
UP_Europe_pre_LGM,InnerAsia_Bronze,D_VA,-0.002709433721847121,0.006301267127858908,-0.4299823617805825,0.010031650524570931,50
UP_Europe_pre_LGM,InnerAsia_Bronze,R,-0.38109174020252423,0.23829990228188686,-1.5992106440384846,0.4461482297520429,50
UP_Europe_pre_LGM,InnerAsia_Iron_Classical,D_VA,-0.0013573612731878348,0.005515559143071397,-0.24609676697836547,0.009481521530669241,50
UP_Europe_pre_LGM,InnerAsia_Iron_Classical,R,-0.3277415494151703,0.20293138046863676,-1.6150363174897095,0.42418040292408343,50
UP_Europe_pre_LGM,InnerAsia_Medieval_Recent,D_VA,-0.001100260543215409,0.005843604769794334,-0.18828455834362198,0.009690987889310634,50
UP_Europe_pre_LGM,InnerAsia_Medieval_Recent,R,-0.4102203406387215,0.22701445989639935,-1.807022957154052,0.43947705293119277,50
UP_Europe_pre_LGM,NearEast_Bronze,D_VA,0.00503671154381484,0.0057394713941225466,0.8775566943277456,0.009639989901910364,50
UP_Europe_pre_LGM,NearEast_Bronze,R,-0.496506410249657,0.22365164891671374,-2.219998880645644,0.46458069654677914,50
UP_Europe_pre_LGM,NearEast_Iron_Classical,D_VA,0.0016977292305628278,0.0065755902837819355,0.2581865896891591,0.010021569927714337,50
UP_Europe_pre_LGM,NearEast_Iron_Classical,R,-0.48136353000491194,0.20861319527984817,-2.3074452666293594,0.44942492064539175,50
UP_Europe_pre_LGM,NearEast_Medieval_Recent,D_VA,0.005327139563484698,0.006487505367655539,0.821138366997579,0.009589342601428774,50
UP_Europe_pre_LGM,NearEast_Medieval_Recent,R,-0.5095226144759146,0.20574431445088312,-2.4764845426508826,0.4389166694771115,50
UP_Europe_pre_LGM,Siberia_Bronze,D_VA,-0.0023595141739068265,0.005939523490604172,-0.3972564764899709,0.009749054778928777,50
UP_Europe_pre_LGM,Siberia_Bronze,R,-0.30620488226619624,0.2121220722177132,-1.4435314489664253,0.4303486858131309,50
UP_Europe_pre_LGM,Siberia_Iron_Classical,D_VA,-0.001813134126338975,0.005824358287625602,-0.3113019558208068,0.009946925823181208,50
UP_Europe_pre_LGM,Siberia_Iron_Classical,R,-0.33600394038863834,0.21933410113292678,-1.5319274962401042,0.4419019594795032,50
UP_Europe_pre_LGM,Siberia_Neolithic,D_VA,-0.001996047710486684,0.006209017855889175,-0.32147559514480345,0.010404276109663466,50
UP_Europe_pre_LGM,Siberia_Neolithic,R,-0.31575732311061167,0.22647697128317978,-1.3942138192752431,0.4555443927043286,50
UP_Europe_pre_LGM,SouthAsia_Iron_Classical,D_VA,0.0018663740247103627,0.007430117090987993,0.2511903920025826,0.010891170154571037,50
UP_Europe_pre_LGM,SouthAsia_Iron_Classical,R,-0.38779852827012196,0.29027960060656804,-1.3359482631910007,0.506868879646955,50
UP_Europe_pre_LGM,SouthAsia_Medieval_Recent,D_VA,0.0015320715593845763,0.006040733325721426,0.25362343887306193,0.010161911034652452,50
UP_Europe_pre_LGM,SouthAsia_Medieval_Recent,R,-0.2867012930919395,0.2618617685532192,-1.0948573924172214,0.4592845017298664,50
UP_Europe_pre_LGM,WestSiberia_Bronze,D_VA,-0.0007981575525767282,0.005969087635479581,-0.1337151674290339,0.009607378846428746,50
UP_Europe_pre_LGM,WestSiberia_Bronze,R,-0.3350445228220944,0.2138908135456174,-1.5664278295460223,0.436414335161876,50
UP_Europe_pre_LGM,WestSiberia_Iron_Classical,D_VA,-0.0011419824138296925,0.005184431670466974,-0.22027147552835455,0.009655282622565048,50
UP_Europe_pre_LGM,WestSiberia_Iron_Classical,R,-0.4109379874494574,0.20058000403154533,-2.048748525226019,0.43852871261668985,50
UP_Europe_pre_LGM,WestSiberia_LateGlacial_Meso,D_VA,-0.0027999352364658364,0.006866721570669785,-0.4077542984159075,0.01033299813457162,50
UP_Europe_pre_LGM,WestSiberia_LateGlacial_Meso,R,-0.21942614065366994,0.25737493912866133,-0.8525544149579348,0.43791249561661844,50
UP_Europe_pre_LGM,WestSiberia_Medieval_Recent,D_VA,-0.0015696964307637118,0.0053274288546773215,-0.2946442784281513,0.009595906710247001,50
UP_Europe_pre_LGM,WestSiberia_Medieval_Recent,R,-0.3406021842214031,0.1852788972355677,-1.8383215212488766,0.4280639692739615,50
UP_Europe_pre_LGM,WestSiberia_Neolithic,D_VA,-0.0016641944426998706,0.006327908596213595,-0.2629928067696281,0.009944111557214358,50
UP_Europe_pre_LGM,WestSiberia_Neolithic,R,-0.330124745129202,0.23954970765171202,-1.3781053976871454,0.4545174445441956,50
UP_Europe_pre_LGM,ANC_Americas,D_VA,-0.006145699238813182,0.0072828428468589635,-0.8438599277840764,0.010871009463354966,50
UP_Europe_pre_LGM,ANC_Americas,R,-0.5183151449465035,0.2902636907887444,-1.7856699318404805,0.47579847487647353,50
UP_Europe_pre_LGM,ANC_Oceania,D_VA,-0.00023065573701586128,0.006228487911360692,-0.03703238094034795,0.010672873789438677,50
UP_Europe_pre_LGM,ANC_Oceania,R,-0.21112963074929958,0.2375845973464207,-0.888650329640068,0.42974065147429924,50
UP_Europe_pre_LGM,ANC_Africa,D_VA,0.0380127703161749,0.00609806412426356,6.233579959404832,0.008200442635201668,50
UP_Europe_pre_LGM,ANC_Africa,R,-0.2597879273673649,0.27434227974062764,-0.9469481977512803,0.47431223617988333,50
UP_Europe_pre_LGM,PD_French,D_VA,-0.0021995448362461395,0.005999529440448286,-0.3666195587635601,0.00957900476130875,50
UP_Europe_pre_LGM,PD_French,R,-0.5800905133180523,0.2417725585051048,-2.399323218916113,0.46586496636675345,50
UP_Europe_pre_LGM,PD_Sardinian,D_VA,0.00014357542821556712,0.006042775737831777,0.023759847203444914,0.010207798299693817,50
UP_Europe_pre_LGM,PD_Sardinian,R,-0.5634890470707177,0.23034356862102612,-2.446298155594701,0.4816010784824597,50
UP_Europe_pre_LGM,PD_Basque,D_VA,-0.002993112920538124,0.006452178906347578,-0.46389180523087087,0.009742484482621577,50
UP_Europe_pre_LGM,PD_Basque,R,-0.6416451294656573,0.24885871845488258,-2.578351015586323,0.48104424758257613,50
UP_Europe_pre_LGM,PD_Russian,D_VA,-0.003067693013685452,0.005683557910450737,-0.539748703544426,0.009209467009835173,50
UP_Europe_pre_LGM,PD_Russian,R,-0.49232251976115693,0.20912680084414415,-2.3541818541377197,0.4408373538601134,50
UP_Europe_pre_LGM,PD_Han,D_VA,-0.003031463473377752,0.006198853206431181,-0.48903617692263973,0.010705131622161338,50
UP_Europe_pre_LGM,PD_Han,R,-0.4314112584053005,0.27754180108848514,-1.5544010189216835,0.48167144686524715,50
UP_Europe_pre_LGM,PD_Japanese,D_VA,-0.00254010083584362,0.006306859297703736,-0.40275210147282736,0.010680049418868775,50
UP_Europe_pre_LGM,PD_Japanese,R,-0.542420606635305,0.28727771323027756,-1.8881402268769407,0.4914765401182835,50
UP_Europe_pre_LGM,PD_Dai,D_VA,0.002258196828114109,0.006619200363232934,0.3411585545374194,0.0109859805888428,50
UP_Europe_pre_LGM,PD_Dai,R,-0.36496147084884356,0.2771163125302554,-1.316997427962662,0.5026660238777273,50
UP_Europe_pre_LGM,PD_Papuan,D_VA,0.008651180826288032,0.007878093053466066,1.0981313329983882,0.01186529908134821,50
UP_Europe_pre_LGM,PD_Papuan,R,0.23079455177544372,0.2906775845559391,0.7939881299344866,0.4376384322662572,50
UP_Europe_pre_LGM,PD_Karitiana,D_VA,-0.018440445014161255,0.008888830931497732,-2.0745635906761604,0.011199977111263663,50
UP_Europe_pre_LGM,PD_Karitiana,R,-0.7666636090560592,0.40085062459041965,-1.912591778644275,0.5518707176736016,50
UP_Europe_pre_LGM,PD_Mixe,D_VA,-0.01097427640546543,0.009082434060644082,-1.2082968433560186,0.01155174617299422,50
UP_Europe_pre_LGM,PD_Mixe,R,-0.8179149166904458,0.4027360642989806,-2.030895639093417,0.570431729466734,50
UP_Europe_pre_LGM,PD_Mbuti,D_VA,0.09329283015071202,0.008646626058755342,10.789506741331342,0.00881017121796771,50
UP_Europe_pre_LGM,PD_Mbuti,R,-77.16635315289126,2174.9344142600917,-0.035479852931171306,2174.873585792367,50
UP_Europe_pre_LGM,PD_Biaka,D_VA,0.08304881898924449,0.008297414436231996,10.008999746547364,0.008441074166998035,50
UP_Europe_pre_LGM,PD_Biaka,R,34.13600699112251,474.92836688017616,0.07187611726661713,474.9527302162783,50
UP_Europe_pre_LGM,PD_Juhoan,D_VA,0.09136489580393699,0.010402539899983876,8.782941154984524,0.00995816962974557,50
UP_Europe_pre_LGM,PD_Juhoan,R,3.386514029336872,0.6552253127986858,5.1684725287427336,0.7039547391515931,50
UP_Europe_pre_LGM,PD_Mandenka,D_VA,0.06863508565323118,0.007757480268426544,8.847600416411048,0.00775602491669077,50
UP_Europe_pre_LGM,PD_Mandenka,R,-0.9461059077604692,2.8093497465547177,-0.33677042487171216,2.8382899965734127,50
UP_Europe_pre_LGM,PD_Mende,D_VA,0.07208874124279632,0.007146080363054537,10.087871613576782,0.007357261278012276,50
UP_Europe_pre_LGM,PD_Mende,R,-6.502751792395426,98.07471476958642,-0.06630406020219158,98.11236671613453,50
UP_Europe_pre_LGM,PD_Esan,D_VA,0.07390853160873423,0.007508313817827765,9.843559206761652,0.007294963284133906,50
UP_Europe_pre_LGM,PD_Esan,R,4.024001259509651,3.4403799547703042,1.1696386191095316,3.407270968633934,50
UP_Europe_pre_LGM,PD_Gambian,D_VA,0.07012302211132322,0.007350662135956978,9.539687828706597,0.007361294049867684,50
UP_Europe_pre_LGM,PD_Gambian,R,0.4158953836131274,1.3656085493883114,0.3045494873325279,1.3487099097595197,50
UP_Europe_pre_LGM,PD_Luhya,D_VA,0.06908549444228636,0.007281734709252766,9.487504997195337,0.007652952657084887,50
UP_Europe_pre_LGM,PD_Luhya,R,-1.48512180823823,3.6771588689730295,-0.4038775209766774,3.677866541582846,50
UP_Europe_post_LGM,UP_NorthEastAsia,D_VA,0.007200674582025987,0.008200028575333387,0.8781279864909777,0.010245744294219086,50
UP_Europe_post_LGM,UP_NorthEastAsia,R,-0.1019795464897153,0.3689199320657187,-0.27642731559309963,0.5314917317976582,50
UP_Europe_post_LGM,Oase1_40ka,D_VA,0.007046450931666115,0.047083484105362755,0.1496586555892437,0.047402997992567406,50
UP_Europe_post_LGM,Oase1_40ka,R,1.5303499354342163,0.5181845429456147,2.9532913636037037,0.5212802692348725,50
UP_Europe_post_LGM,UstIshim_44ka,D_VA,0.02442993347736238,0.010899718433299116,2.2413361984404903,0.014314742027569648,50
UP_Europe_post_LGM,UstIshim_44ka,R,0.42092116604987306,0.44772075923162236,0.9401421698030202,0.5853901475223162,50
UP_Europe_post_LGM,Caucasus_Bronze,D_VA,0.009557865271320673,0.006713376464295813,1.4237046473042128,0.009598928312494566,50
UP_Europe_post_LGM,Caucasus_Bronze,R,-0.2027670578919758,0.22458854033349857,-0.9028379524212617,0.46903629834399946,50
UP_Europe_post_LGM,Caucasus_Iron_Classical,D_VA,0.011999739394583125,0.006711183692810358,1.788021300540225,0.009650314609841828,50
UP_Europe_post_LGM,Caucasus_Iron_Classical,R,-0.107063682991547,0.21982776487444078,-0.4870343973733193,0.4538055582737394,50
UP_Europe_post_LGM,Caucasus_Medieval_Recent,D_VA,0.00872607936987739,0.006689278178877459,1.3044874404283977,0.009615566294282828,50
UP_Europe_post_LGM,Caucasus_Medieval_Recent,R,-0.17927609546416923,0.21907273312275077,-0.818340525124673,0.4593289927883879,50
UP_Europe_post_LGM,Caucasus_Neolithic,D_VA,0.010996674247322744,0.00647386740305941,1.6986251899638773,0.009863117632395748,50
UP_Europe_post_LGM,Caucasus_Neolithic,R,-0.15653857001822136,0.2193246032658782,-0.7137300954259842,0.46044312706641094,50
UP_Europe_post_LGM,CentralAsia_Bronze,D_VA,0.012903295144764848,0.006881842117259289,1.874976921136287,0.009692503995408289,50
UP_Europe_post_LGM,CentralAsia_Bronze,R,-0.03774683859417882,0.23747668157976387,-0.15894966336516025,0.43914984275835994,50
UP_Europe_post_LGM,CentralAsia_Iron_Classical,D_VA,0.009120166388680837,0.006329535883458051,1.4408902258562066,0.009535074315012047,50
UP_Europe_post_LGM,CentralAsia_Iron_Classical,R,-0.21294117312388128,0.24555556055385266,-0.8671812303642835,0.4669574865839949,50
UP_Europe_post_LGM,CentralAsia_Medieval_Recent,D_VA,0.011171617122666247,0.006786303891241093,1.6462005388655179,0.00954205206455165,50
UP_Europe_post_LGM,CentralAsia_Medieval_Recent,R,-0.1635663450900542,0.22806778961234456,-0.7171830154888338,0.46257001566633965,50
UP_Europe_post_LGM,CentralAsia_Neolithic,D_VA,0.01796825324886371,0.007055494682800755,2.5467035348584544,0.010115917611165863,50
UP_Europe_post_LGM,CentralAsia_Neolithic,R,-0.2730469911547635,0.25678325701591787,-1.0633364274908215,0.510688841023594,50
UP_Europe_post_LGM,EastAsia_Bronze,D_VA,0.006332562185638171,0.0073750109639845384,0.8586512232406015,0.010826489987723863,50
UP_Europe_post_LGM,EastAsia_Bronze,R,-0.07683612650043647,0.2761951944061619,-0.27819501590402135,0.47347446496981704,50
UP_Europe_post_LGM,EastAsia_Iron_Classical,D_VA,0.00551974131795098,0.00715738049769759,0.771195735608382,0.010585022828206114,50
UP_Europe_post_LGM,EastAsia_Iron_Classical,R,-0.06647419204012772,0.2730552324313899,-0.2434459557805052,0.4725133873112123,50
UP_Europe_post_LGM,EastAsia_LateGlacial_Meso,D_VA,0.00978907801514571,0.007638521190881419,1.2815409907917186,0.011158324239823608,50
UP_Europe_post_LGM,EastAsia_LateGlacial_Meso,R,0.01816694799314922,0.3001760311719745,0.06052098137955976,0.491788050770796,50
UP_Europe_post_LGM,EastAsia_Medieval_Recent,D_VA,0.006476531984408299,0.00674184709054231,0.9606465257115955,0.010505428602573162,50
UP_Europe_post_LGM,EastAsia_Medieval_Recent,R,-0.03015605706091229,0.244484293673017,-0.12334558023283164,0.4539646675154018,50
UP_Europe_post_LGM,EastAsia_Neolithic,D_VA,0.004780231191720025,0.00718049400304562,0.6657245573483497,0.01058389906943046,50
UP_Europe_post_LGM,EastAsia_Neolithic,R,-0.27716409226300653,0.3065460744224044,-0.9041514975692985,0.5145888291922974,50
UP_Europe_post_LGM,Europe_Bronze,D_VA,0.005659298219604397,0.006334474269675865,0.8934124567679369,0.00962706499338798,50
UP_Europe_post_LGM,Europe_Bronze,R,-0.16895041553987777,0.21313281629347974,-0.7927001504415742,0.458667696046922,50
UP_Europe_post_LGM,Europe_Iron_Classical,D_VA,0.005876812936958201,0.00632643732764948,0.9289292903090636,0.00958430075834617,50
UP_Europe_post_LGM,Europe_Iron_Classical,R,-0.2199391507669728,0.21317491116576792,-1.0317309366482854,0.4620421436435739,50
UP_Europe_post_LGM,Europe_LateGlacial_Meso,D_VA,0.0042034392208372545,0.005957889202238671,0.7055249062466311,0.00964694076355822,50
UP_Europe_post_LGM,Europe_LateGlacial_Meso,R,-0.17625098229615999,0.1989706045543499,-0.8858141768776506,0.47013063772720337,50
UP_Europe_post_LGM,Europe_Medieval_Recent,D_VA,0.004445238884783986,0.00633522918597661,0.7016697824640307,0.009581231068865418,50
UP_Europe_post_LGM,Europe_Medieval_Recent,R,-0.16025536887998149,0.20696722281148242,-0.7743031321725337,0.44501290175980973,50
UP_Europe_post_LGM,Europe_Neolithic,D_VA,0.006269182133218601,0.006373251810381843,0.9836708668887497,0.009842665508493843,50
UP_Europe_post_LGM,Europe_Neolithic,R,-0.17841864824377973,0.21146996690634132,-0.8437067960709532,0.46092189809068523,50
UP_Europe_post_LGM,Europe_Palaeolithic,D_VA,0.009907845029771559,0.005407616025827887,1.8322020244132815,0.009241041605655136,50
UP_Europe_post_LGM,Europe_Palaeolithic,R,0.3391389618911922,0.20778588935813755,1.6321558838225818,0.40483464423275706,50
UP_Europe_post_LGM,InnerAsia_Bronze,D_VA,0.005432931155090984,0.007369180089441628,0.7372504253051364,0.010242861444114156,50
UP_Europe_post_LGM,InnerAsia_Bronze,R,-0.08214210115292575,0.25754338477154,-0.3189447138228453,0.4582799409474211,50
UP_Europe_post_LGM,InnerAsia_Iron_Classical,D_VA,0.00678500360375027,0.006474071244421907,1.048027330498759,0.009704712713560382,50
UP_Europe_post_LGM,InnerAsia_Iron_Classical,R,-0.028791910365571827,0.2302111809670206,-0.12506738484477206,0.43692250524403964,50
UP_Europe_post_LGM,InnerAsia_Medieval_Recent,D_VA,0.007042104333722696,0.006726444551534961,1.0469281772516361,0.009909462376282653,50
UP_Europe_post_LGM,InnerAsia_Medieval_Recent,R,-0.111270701589123,0.24326695694366202,-0.4574016257164432,0.4517879385474744,50
UP_Europe_post_LGM,NearEast_Bronze,D_VA,0.013179076420752944,0.006765609691906456,1.9479510378079852,0.009859594495978518,50
UP_Europe_post_LGM,NearEast_Bronze,R,-0.19755677120005855,0.2644320631095999,-0.7470983997813331,0.47624309440429746,50
UP_Europe_post_LGM,NearEast_Iron_Classical,D_VA,0.009840094107500932,0.00797181846355599,1.2343600337220373,0.010232988914890138,50
UP_Europe_post_LGM,NearEast_Iron_Classical,R,-0.18241389095531346,0.2613973015888347,-0.697841522642195,0.46147049814804714,50
UP_Europe_post_LGM,NearEast_Medieval_Recent,D_VA,0.013469504440422803,0.0068464058688498565,1.9673832808696128,0.00981008103145804,50
UP_Europe_post_LGM,NearEast_Medieval_Recent,R,-0.21057297542631614,0.23782062712155552,-0.8854277190964075,0.45124284383109065,50
UP_Europe_post_LGM,Siberia_Bronze,D_VA,0.005782850703031278,0.0069372562285540855,0.8335933562939166,0.009966256438540507,50
UP_Europe_post_LGM,Siberia_Bronze,R,-0.007255243216597762,0.23171650696149315,-0.03131086046365892,0.4429133693454951,50
UP_Europe_post_LGM,Siberia_Iron_Classical,D_VA,0.00632923075059913,0.006687368547304889,0.9464456319145004,0.010159898210516936,50
UP_Europe_post_LGM,Siberia_Iron_Classical,R,-0.03705430133903986,0.23276069535378077,-0.1591948386419786,0.454147116203235,50
UP_Europe_post_LGM,Siberia_Neolithic,D_VA,0.0061463171664514205,0.007661970993832705,0.8021848648864282,0.010608070497612187,50
UP_Europe_post_LGM,Siberia_Neolithic,R,-0.016807684061013184,0.27071293093523663,-0.06208674259832136,0.46743230000530095,50
UP_Europe_post_LGM,SouthAsia_Iron_Classical,D_VA,0.010008738901648467,0.007739825155979204,1.2931479329241014,0.011086017574044116,50
UP_Europe_post_LGM,SouthAsia_Iron_Classical,R,-0.08884888922052347,0.3109299243510449,-0.2857521333977866,0.5175792910448113,50
UP_Europe_post_LGM,SouthAsia_Medieval_Recent,D_VA,0.009674436436322681,0.006954922274149904,1.391020065354387,0.010370469333274526,50
UP_Europe_post_LGM,SouthAsia_Medieval_Recent,R,0.012248345957659001,0.30858417317405884,0.03969207439148295,0.4710780348234693,50
UP_Europe_post_LGM,WestSiberia_Bronze,D_VA,0.0073442073243613765,0.006829205322467092,1.075411702764303,0.009827712176035817,50
UP_Europe_post_LGM,WestSiberia_Bronze,R,-0.03609488377249592,0.227604509443205,-0.15858597819874395,0.4488092393196383,50
UP_Europe_post_LGM,WestSiberia_Iron_Classical,D_VA,0.007000382463108412,0.006541472479833783,1.0701539270690763,0.009874547120643189,50
UP_Europe_post_LGM,WestSiberia_Iron_Classical,R,-0.11198834839985894,0.220357854311983,-0.5082112854543667,0.4508654934158761,50
UP_Europe_post_LGM,WestSiberia_LateGlacial_Meso,D_VA,0.005342429640472268,0.0075974567121640186,0.7031865850474269,0.010538171035111201,50
UP_Europe_post_LGM,WestSiberia_LateGlacial_Meso,R,0.07952349839592854,0.2634022385064478,0.30190896951690827,0.4502661603774649,50
UP_Europe_post_LGM,WestSiberia_Medieval_Recent,D_VA,0.006572668446174393,0.006389597097145327,1.0286514699198885,0.009816497537714738,50
UP_Europe_post_LGM,WestSiberia_Medieval_Recent,R,-0.04165254517180461,0.22203693275140776,-0.18759286869828426,0.44069379749943066,50
UP_Europe_post_LGM,WestSiberia_Neolithic,D_VA,0.006478170434238234,0.007154269594798519,0.905497108880012,0.010157142953533748,50
UP_Europe_post_LGM,WestSiberia_Neolithic,R,-0.0311751060796035,0.24708699345498117,-0.1261705670690576,0.46643152633465507,50
UP_Europe_post_LGM,ANC_Americas,D_VA,0.0019966656381249226,0.007512191292125995,0.26579004187736205,0.011066211866241732,50
UP_Europe_post_LGM,ANC_Americas,R,-0.21936550589690507,0.31306667279550965,-0.7006990042667085,0.4871924158468277,50
UP_Europe_post_LGM,ANC_Oceania,D_VA,0.007911709139922243,0.007282015192276054,1.0864724847476421,0.01087163434086537,50
UP_Europe_post_LGM,ANC_Oceania,R,0.0878200083002989,0.27102623274184223,0.3240277054064695,0.442322607260182,50
UP_Europe_post_LGM,ANC_Africa,D_VA,0.046155135193113005,0.00648422558788803,7.1180643806296295,0.008457508955326584,50
UP_Europe_post_LGM,ANC_Africa,R,0.03916171168223359,0.2578356849842463,0.15188631350476706,0.4857410408374523,50
UP_Europe_post_LGM,PD_French,D_VA,0.005942820040691965,0.0070100514122411655,0.8477569836812369,0.009799976047591738,50
UP_Europe_post_LGM,PD_French,R,-0.2811408742684538,0.25475454217387544,-1.1035755118217643,0.47749599815264043,50
UP_Europe_post_LGM,PD_Sardinian,D_VA,0.008285940305153672,0.006771549794646519,1.2236401645756791,0.010415437794131753,50
UP_Europe_post_LGM,PD_Sardinian,R,-0.2645394080211192,0.2430760207261438,-1.088299072984894,0.4928608933151,50
UP_Europe_post_LGM,PD_Basque,D_VA,0.005149251956399981,0.006851370694745189,0.7515652248022886,0.009959829426768228,50
UP_Europe_post_LGM,PD_Basque,R,-0.34269549041605885,0.2550859240974482,-1.343451198370091,0.4923167979016935,50
UP_Europe_post_LGM,PD_Russian,D_VA,0.005074671863252653,0.006572070930174624,0.7721571962884788,0.009439093225593151,50
UP_Europe_post_LGM,PD_Russian,R,-0.19337288071155845,0.20542001491905204,-0.9413536494375152,0.45311128205141504,50
UP_Europe_post_LGM,PD_Han,D_VA,0.005110901403560353,0.007472693339898164,0.6839436828314974,0.010903304148926358,50
UP_Europe_post_LGM,PD_Han,R,-0.132461619355702,0.31280187726865405,-0.42346810867102175,0.4929296543008452,50
UP_Europe_post_LGM,PD_Japanese,D_VA,0.005602264041094485,0.007652881092258733,0.7320463984160751,0.010878678867660143,50
UP_Europe_post_LGM,PD_Japanese,R,-0.24347096758570652,0.32206239939826525,-0.7559745193496746,0.5025151249967794,50
UP_Europe_post_LGM,PD_Dai,D_VA,0.010400561705052214,0.008236784612024407,1.2626968161664727,0.011179175632157628,50
UP_Europe_post_LGM,PD_Dai,R,-0.06601183179924508,0.3345190680825537,-0.19733353969213635,0.5134641106493559,50
UP_Europe_post_LGM,PD_Papuan,D_VA,0.016793545703226137,0.008824666000551856,1.9030233781285255,0.012044397893047157,50
UP_Europe_post_LGM,PD_Papuan,R,0.5297441908250422,0.3241754790741652,1.6341278875810552,0.449999620844682,50
UP_Europe_post_LGM,PD_Karitiana,D_VA,-0.01029808013722315,0.009180678562945513,-1.121712307714119,0.011389542818262112,50
UP_Europe_post_LGM,PD_Karitiana,R,-0.46771397000646076,0.40040480358913816,-1.1681027945069051,0.5617237313746556,50
UP_Europe_post_LGM,PD_Mixe,D_VA,-0.0028319115285273255,0.008531071705061611,-0.33195261116456337,0.011735631127531348,50
UP_Europe_post_LGM,PD_Mixe,R,-0.5189652776408473,0.3965064001919972,-1.308844642582195,0.5799694986344536,50
UP_Europe_post_LGM,PD_Mbuti,D_VA,0.10143519502765012,0.00873308850732192,11.615042598343726,0.009049934541536903,50
UP_Europe_post_LGM,PD_Mbuti,R,-76.86740351384167,2174.913691334714,-0.03534273742452245,2174.8735883148724,50
UP_Europe_post_LGM,PD_Biaka,D_VA,0.09119118386618259,0.008056177309928147,11.319411224204538,0.00869102591233956,50
UP_Europe_post_LGM,PD_Biaka,R,34.4349566301721,474.9108639459006,0.0725082520624223,474.9527417671765,50
UP_Europe_post_LGM,PD_Juhoan,D_VA,0.09950726068087509,0.01015375319226104,9.800047213745284,0.010170906581567992,50
UP_Europe_post_LGM,PD_Juhoan,R,3.6854636683864705,0.643694066348656,5.725489578134847,0.711705371721949,50
UP_Europe_post_LGM,PD_Mandenka,D_VA,0.07677745053016928,0.007778429290052117,9.87055968077777,0.008027335848494454,50
UP_Europe_post_LGM,PD_Mandenka,R,-0.6471562687108707,2.840415607898739,-0.227838583519691,2.840222238841988,50
UP_Europe_post_LGM,PD_Mende,D_VA,0.08023110611973443,0.007491734751788504,10.709282800032508,0.007642741120117502,50
UP_Europe_post_LGM,PD_Mende,R,-6.203802153345826,98.15600193786234,-0.06320349271431353,98.11242263292976,50
UP_Europe_post_LGM,PD_Esan,D_VA,0.08205089648567233,0.007667586002790808,10.701007651666101,0.007582788908644223,50
UP_Europe_post_LGM,PD_Esan,R,4.322950898559251,3.4079175163822746,1.2685022092754004,3.408880712940762,50
UP_Europe_post_LGM,PD_Gambian,D_VA,0.07826538698826133,0.007681970217238694,10.188191931886198,0.007646623333525293,50
UP_Europe_post_LGM,PD_Gambian,R,0.7148450226627259,1.3744141299410622,0.5201089010147036,1.3527714818281105,50
UP_Europe_post_LGM,PD_Luhya,D_VA,0.07722785931922446,0.0069387930218364445,11.129869283633003,0.007927791791399337,50
UP_Europe_post_LGM,PD_Luhya,R,-1.1861721691886316,3.6099602939078603,-0.32858316231078943,3.6793579003758867,50
UP_NorthEastAsia,Oase1_40ka,D_VA,-0.00015422365035987207,0.04780621126424173,-0.0032260170024230486,0.04734725918028532,50
UP_NorthEastAsia,Oase1_40ka,R,1.6323294819239316,0.5740716060206504,2.8434248703553084,0.5926275298521808,50
UP_NorthEastAsia,UstIshim_44ka,D_VA,0.017229258895336393,0.011627461203441762,1.4817730709982058,0.014129068352783611,50
UP_NorthEastAsia,UstIshim_44ka,R,0.5229007125395884,0.44818777275861205,1.1667000849244848,0.6497352498220452,50
UP_NorthEastAsia,Caucasus_Bronze,D_VA,0.002357190689294686,0.006177667268371296,0.3815664694929652,0.00931977241944096,50
UP_NorthEastAsia,Caucasus_Bronze,R,-0.1007875114022605,0.27609745592548984,-0.3650432455613062,0.54723790001183,50
UP_NorthEastAsia,Caucasus_Iron_Classical,D_VA,0.004799064812557138,0.006447767691872949,0.7442986537195023,0.00937268932967957,50
UP_NorthEastAsia,Caucasus_Iron_Classical,R,-0.005084136501831704,0.2893274332943547,-0.017572258682636663,0.5342412888997411,50
UP_NorthEastAsia,Caucasus_Medieval_Recent,D_VA,0.0015254047878514032,0.006583070694345942,0.23171630059533474,0.00933690785868162,50
UP_NorthEastAsia,Caucasus_Medieval_Recent,R,-0.07729654897445393,0.2872489758965186,-0.26909251367461795,0.5389409927451346,50
UP_NorthEastAsia,Caucasus_Neolithic,D_VA,0.0037959996652967565,0.006524021960267945,0.5818496149177359,0.00959165380068727,50
UP_NorthEastAsia,Caucasus_Neolithic,R,-0.054559023528506057,0.28174481772326343,-0.19364694608897917,0.5398908624044414,50
UP_NorthEastAsia,CentralAsia_Bronze,D_VA,0.005702620562738861,0.0060902089407157784,0.9363587716365993,0.009416122710689801,50
UP_NorthEastAsia,CentralAsia_Bronze,R,0.06423270789553648,0.28309777070092673,0.2268923126328462,0.5218494557243579,50
UP_NorthEastAsia,CentralAsia_Iron_Classical,D_VA,0.0019194918066548494,0.005519331169152851,0.34777616124626703,0.009253992402988296,50
UP_NorthEastAsia,CentralAsia_Iron_Classical,R,-0.11096162663416598,0.24262027193573615,-0.4573468892309083,0.5454572066825757,50
UP_NorthEastAsia,CentralAsia_Medieval_Recent,D_VA,0.00397094254064026,0.005880554487824175,0.6752666859668062,0.009261181933445483,50
UP_NorthEastAsia,CentralAsia_Medieval_Recent,R,-0.06158679860033889,0.23357994063979323,-0.2636647583334766,0.5417059067784604,50
UP_NorthEastAsia,CentralAsia_Neolithic,D_VA,0.010767578666837724,0.0067056648878025425,1.6057436282602957,0.009851422349978621,50
UP_NorthEastAsia,CentralAsia_Neolithic,R,-0.1710674446650482,0.29733575438841825,-0.5753342547616318,0.5833329772875334,50
UP_NorthEastAsia,EastAsia_Bronze,D_VA,-0.0008681123963878157,0.0066289516257206586,-0.13095772082865967,0.010579774036152552,50
UP_NorthEastAsia,EastAsia_Bronze,R,0.025143419989278826,0.25969835705850264,0.09681778611951222,0.5510465851664185,50
UP_NorthEastAsia,EastAsia_Iron_Classical,D_VA,-0.0016809332640750074,0.006181197273240576,-0.27194298932215694,0.01033254283685324,50
UP_NorthEastAsia,EastAsia_Iron_Classical,R,0.03550535444958758,0.24962244636672268,0.1422362250124988,0.5502210203485796,50
UP_NorthEastAsia,EastAsia_LateGlacial_Meso,D_VA,0.0025884034331197237,0.006183961662261267,0.4185671862935243,0.010919108619424836,50
UP_NorthEastAsia,EastAsia_LateGlacial_Meso,R,0.12014649448286452,0.2776988995479228,0.4326502362035133,0.5668595566152655,50
UP_NorthEastAsia,EastAsia_Medieval_Recent,D_VA,-0.0007241425976176885,0.00629537460158513,-0.11502772169194739,0.010250988407247611,50
UP_NorthEastAsia,EastAsia_Medieval_Recent,R,0.07182348942880301,0.25933148176393356,0.276956306809611,0.5343764491418813,50
UP_NorthEastAsia,EastAsia_Neolithic,D_VA,-0.0024204433903059624,0.006482015107531164,-0.37340909426356583,0.010331391615540163,50
UP_NorthEastAsia,EastAsia_Neolithic,R,-0.17518454577329123,0.24803289929898648,-0.7062956013835826,0.5867503158709126,50
UP_NorthEastAsia,Europe_Bronze,D_VA,-0.0015413763624215898,0.006238280517642925,-0.24708352855603619,0.009348749306119989,50
UP_NorthEastAsia,Europe_Bronze,R,-0.06697086905016247,0.29057277490482025,-0.23047881575312548,0.5383774934394155,50
UP_NorthEastAsia,Europe_Iron_Classical,D_VA,-0.0013238616450677865,0.006043250156095149,-0.21906451178966266,0.009304706025888062,50
UP_NorthEastAsia,Europe_Iron_Classical,R,-0.11795960427725749,0.2841057404615789,-0.4151961311503658,0.5412552194185893,50
UP_NorthEastAsia,Europe_LateGlacial_Meso,D_VA,-0.0029972353611887326,0.006566834367269036,-0.456420124760235,0.009369215511309571,50
UP_NorthEastAsia,Europe_LateGlacial_Meso,R,-0.07427143580644469,0.3204066538091632,-0.23180366238798944,0.5481761455726647,50
UP_NorthEastAsia,Europe_Medieval_Recent,D_VA,-0.0027554356972420008,0.00587789102657048,-0.46877964984146536,0.009301544065194477,50
UP_NorthEastAsia,Europe_Medieval_Recent,R,-0.058275822390266185,0.27162667479969443,-0.21454381250751792,0.5267928936287983,50
UP_NorthEastAsia,Europe_Neolithic,D_VA,-0.0009314924488073861,0.006503283699946998,-0.14323417088739,0.009570621584508344,50
UP_NorthEastAsia,Europe_Neolithic,R,-0.07643910175406443,0.3072656126842916,-0.24877206754861914,0.5402992376309969,50
UP_NorthEastAsia,Europe_Palaeolithic,D_VA,0.0027071704477455716,0.005259625613746396,0.5147078226766167,0.008950730872907075,50
UP_NorthEastAsia,Europe_Palaeolithic,R,0.4411185083809075,0.27008966265815376,1.6332298838820092,0.4933207467927731,50
UP_NorthEastAsia,InnerAsia_Bronze,D_VA,-0.0017677434269350034,0.0064016308530802915,-0.2761395443607019,0.009981730499521764,50
UP_NorthEastAsia,InnerAsia_Bronze,R,0.01983744533678955,0.273043068375448,0.07265317319651587,0.538047185960384,50
UP_NorthEastAsia,InnerAsia_Iron_Classical,D_VA,-0.0004156709782757173,0.005515940836838381,-0.07535812848093762,0.009428689307348245,50
UP_NorthEastAsia,InnerAsia_Iron_Classical,R,0.07318763612414347,0.24446289006124022,0.299381374841021,0.5199764856547305,50
UP_NorthEastAsia,InnerAsia_Medieval_Recent,D_VA,-0.00015857024830329136,0.0057534338948771555,-0.027560975097755437,0.009639303802076376,50
UP_NorthEastAsia,InnerAsia_Medieval_Recent,R,-0.0092911550994077,0.2568462984446434,-0.03617398870714179,0.532528507652025,50
UP_NorthEastAsia,NearEast_Bronze,D_VA,0.005978401838726957,0.006436694973505945,0.9287999296742557,0.009588030914994617,50
UP_NorthEastAsia,NearEast_Bronze,R,-0.09557722471034324,0.2943143245251568,-0.32474540566296384,0.5534272806908753,50
UP_NorthEastAsia,NearEast_Iron_Classical,D_VA,0.0026394195254749453,0.00704003159710464,0.3749158635254509,0.00997159943710271,50
UP_NorthEastAsia,NearEast_Iron_Classical,R,-0.08043434446559816,0.3012046662513258,-0.2670421592953795,0.5407673166031053,50
UP_NorthEastAsia,NearEast_Medieval_Recent,D_VA,0.0062688298583968155,0.006842401206965431,0.9161739671177523,0.009537107687634416,50
UP_NorthEastAsia,NearEast_Medieval_Recent,R,-0.10859342893660084,0.29080600353881214,-0.3734222389329302,0.5320661370110734,50
UP_NorthEastAsia,Siberia_Bronze,D_VA,-0.001417823878994709,0.0060855178125032725,-0.23298327647347536,0.009697680165921783,50
UP_NorthEastAsia,Siberia_Bronze,R,0.09472430327311754,0.2643903854030147,0.35827438705355225,0.5250204974951886,50
UP_NorthEastAsia,Siberia_Iron_Classical,D_VA,-0.0008714438314268574,0.006175271036857505,-0.14111831306279327,0.009896578441553821,50
UP_NorthEastAsia,Siberia_Iron_Classical,R,0.06492524515067544,0.25365410779505626,0.25595976235138596,0.5345314520220779,50
UP_NorthEastAsia,Siberia_Neolithic,D_VA,-0.0010543574155745666,0.006288215260011731,-0.16767196604726278,0.010356152416996995,50
UP_NorthEastAsia,Siberia_Neolithic,R,0.08517186242870212,0.24985561020078453,0.3408843305950097,0.5458637422776512,50
UP_NorthEastAsia,SouthAsia_Iron_Classical,D_VA,0.0028080643196224803,0.007628139949426109,0.36811914021500625,0.010845207183534007,50
UP_NorthEastAsia,SouthAsia_Iron_Classical,R,0.013130657269191826,0.27480350800779463,0.04778198562450441,0.5893747471376474,50
UP_NorthEastAsia,SouthAsia_Medieval_Recent,D_VA,0.002473761854296694,0.00654458593772187,0.3779859990894695,0.01011263404826606,50
UP_NorthEastAsia,SouthAsia_Medieval_Recent,R,0.1142278924473743,0.27018141906155396,0.42278219147761004,0.5489888750587376,50
UP_NorthEastAsia,WestSiberia_Bronze,D_VA,0.00014353274233538937,0.006113252074487011,0.023478950415672793,0.00955524253050467,50
UP_NorthEastAsia,WestSiberia_Bronze,R,0.06588466271721938,0.28024085325536535,0.2351001360147264,0.5300037767259671,50
UP_NorthEastAsia,WestSiberia_Iron_Classical,D_VA,-0.00020029211891757492,0.005718020514141969,-0.03502822671275957,0.009603406376883429,50
UP_NorthEastAsia,WestSiberia_Iron_Classical,R,-0.010008801910143639,0.2613791319896242,-0.03829227618117942,0.5317461454474849,50
UP_NorthEastAsia,WestSiberia_LateGlacial_Meso,D_VA,-0.0018582449415537189,0.0066956806907917735,-0.2775289066740097,0.010284540921549163,50
UP_NorthEastAsia,WestSiberia_LateGlacial_Meso,R,0.18150304488564384,0.31665287834386935,0.5731924681529044,0.53123806831418,50
UP_NorthEastAsia,WestSiberia_Medieval_Recent,D_VA,-0.0006280061358515943,0.0053239767105930725,-0.11795809222870109,0.009543707723401957,50
UP_NorthEastAsia,WestSiberia_Medieval_Recent,R,0.06032700131791069,0.2508984631933634,0.24044388534742694,0.52314939854652,50
UP_NorthEastAsia,WestSiberia_Neolithic,D_VA,-0.0007225041477877531,0.006140521721758732,-0.11766168747967846,0.009893749854341521,50
UP_NorthEastAsia,WestSiberia_Neolithic,R,0.0708044404101118,0.28584851319042043,0.24769917331333055,0.5450070080319999,50
UP_NorthEastAsia,ANC_Americas,D_VA,-0.0052040089439010645,0.006925627314909099,-0.7514133676668059,0.010824960890013042,50
UP_NorthEastAsia,ANC_Americas,R,-0.11738595940718977,0.274374147948899,-0.42783170457098746,0.5628771803011601,50
UP_NorthEastAsia,ANC_Oceania,D_VA,0.0007110345578962562,0.006608568138180343,0.10759283146198116,0.010625966612183846,50
UP_NorthEastAsia,ANC_Oceania,R,0.1897995547900142,0.2837402414885883,0.6689201143773881,0.5245222196805027,50
UP_NorthEastAsia,ANC_Africa,D_VA,0.03895446061108702,0.0063917043561106494,6.094534171288047,0.008139299167077717,50
UP_NorthEastAsia,ANC_Africa,R,0.1411412581719489,0.3485587933436041,0.4049281236546338,0.5616214283652003,50
UP_NorthEastAsia,PD_French,D_VA,-0.001257854541334022,0.0062977912917119945,-0.19972947388545265,0.00952671316536477,50
UP_NorthEastAsia,PD_French,R,-0.1791613277787385,0.30193578005659955,-0.59337561035381,0.5545058144843052,50
UP_NorthEastAsia,PD_Sardinian,D_VA,0.0010852657231276847,0.006812892352140621,0.15929588595168284,0.010158743900955015,50
UP_NorthEastAsia,PD_Sardinian,R,-0.1625598615314039,0.30612833966943515,-0.5310186626528599,0.5677905689640105,50
UP_NorthEastAsia,PD_Basque,D_VA,-0.0020514226256260065,0.006872359010155971,-0.29850341383423284,0.009691075039028486,50
UP_NorthEastAsia,PD_Basque,R,-0.24071594392634355,0.3235954509668612,-0.7438792579040142,0.5673183405648836,50
UP_NorthEastAsia,PD_Russian,D_VA,-0.0021260027187733344,0.005887121902621037,-0.36112768750835705,0.009155064943691069,50
UP_NorthEastAsia,PD_Russian,R,-0.09139333422184315,0.2873055952831523,-0.3181049576558751,0.5336516691320222,50
UP_NorthEastAsia,PD_Han,D_VA,-0.0020897731784656343,0.006649637974542269,-0.3142687145474991,0.01065836641168605,50
UP_NorthEastAsia,PD_Han,R,-0.030482072865986698,0.26118331063908934,-0.11670758285205944,0.5678502567880612,50
UP_NorthEastAsia,PD_Japanese,D_VA,-0.0015984105409315025,0.006791099818065654,-0.23536843571043053,0.010633173896228632,50
UP_NorthEastAsia,PD_Japanese,R,-0.14149142109599122,0.2616564803417887,-0.540752596347578,0.5761906983765402,50
UP_NorthEastAsia,PD_Dai,D_VA,0.0031998871230262266,0.006181434914645235,0.517660893823368,0.010940415943481743,50
UP_NorthEastAsia,PD_Dai,R,0.03596771469047022,0.28276077478058304,0.12720192437717176,0.585764170097532,50
UP_NorthEastAsia,PD_Papuan,D_VA,0.00959287112120015,0.007810120276036484,1.2282616377411777,0.011823123690793453,50
UP_NorthEastAsia,PD_Papuan,R,0.6317237373147575,0.35602434826169244,1.774383522922468,0.5310121738769027,50
UP_NorthEastAsia,PD_Karitiana,D_VA,-0.017498754719249138,0.007607160110242782,-2.3003005675781245,0.011155286585775763,50
UP_NorthEastAsia,PD_Karitiana,R,-0.36573442351674545,0.34076156598725793,-1.0732854289395457,0.62849647607173,50
UP_NorthEastAsia,PD_Mixe,D_VA,-0.010032586110553313,0.008722604422201624,-1.1501824025192975,0.011508421749451369,50
UP_NorthEastAsia,PD_Mixe,R,-0.416985731151132,0.34358671757361053,-1.2136258761568581,0.6448557120716353,50
UP_NorthEastAsia,PD_Mbuti,D_VA,0.09423452044562414,0.008522023709654767,11.057763232794578,0.008753287862732802,50
UP_NorthEastAsia,PD_Mbuti,R,-76.76542396735195,2174.922727636065,-0.03529570176996068,2174.8736065858816,50
UP_NorthEastAsia,PD_Biaka,D_VA,0.0839905092841566,0.007763344255435289,10.818856735015066,0.008381686262961666,50
UP_NorthEastAsia,PD_Biaka,R,34.53693617666182,474.9659187621566,0.07271455658686217,474.9528254326195,50
UP_NorthEastAsia,PD_Juhoan,D_VA,0.0923065860988491,0.010115547963152281,9.125218567999736,0.00990787938424493,50
UP_NorthEastAsia,PD_Juhoan,R,3.787443214876186,0.7587313892115292,4.9918103675822385,0.7655055886033713,50
UP_NorthEastAsia,PD_Mandenka,D_VA,0.0695767759481433,0.007830694738371858,8.88513449607532,0.007691349298158731,50
UP_NorthEastAsia,PD_Mandenka,R,-0.5451767222211554,2.7822178855196826,-0.19595040527148483,2.8541788023979353,50
UP_NorthEastAsia,PD_Mende,D_VA,0.07303043153770844,0.007156375837813496,10.204946357320104,0.007289048293906246,50
UP_NorthEastAsia,PD_Mende,R,-6.101822606856111,98.07333746542167,-0.062216936473763515,98.11282764844091,50
UP_NorthEastAsia,PD_Esan,D_VA,0.07485022190364635,0.007398174339416186,10.117390922360046,0.007226162248027681,50
UP_NorthEastAsia,PD_Esan,R,4.4249304450489655,3.4808009001596045,1.2712391693664724,3.420517794882031,50
UP_NorthEastAsia,PD_Gambian,D_VA,0.07106471240623534,0.007430868211047563,9.563446745103427,0.007293118784619931,50
UP_NorthEastAsia,PD_Gambian,R,0.8168245691524412,1.3891364151786711,0.5880088954743735,1.3818339090109701,50
UP_NorthEastAsia,PD_Luhya,D_VA,0.07002718473719848,0.007352553530320275,9.52419923886608,0.0075873984928657425,50
UP_NorthEastAsia,PD_Luhya,R,-1.0841926226989163,3.654916719741342,-0.2966394875272683,3.6901421150280336,50
Oase1_40ka,UstIshim_44ka,D_VA,0.017383482545696265,0.05088349959586717,0.34163299859013974,0.04839110987628263,50
Oase1_40ka,UstIshim_44ka,R,-1.1094287693843432,0.6552899160855827,-1.6930350096207625,0.6414090371873652,50
Oase1_40ka,Caucasus_Bronze,D_VA,0.002511414339654558,0.04783339288581547,0.0525033703055443,0.04721151449054562,50
Oase1_40ka,Caucasus_Bronze,R,-1.733116993326192,0.5472823091336176,-3.166769625844156,0.5373257646285584,50
Oase1_40ka,Caucasus_Iron_Classical,D_VA,0.00495328846291701,0.047967377833950275,0.10326369058704685,0.047221989028539614,50
Oase1_40ka,Caucasus_Iron_Classical,R,-1.6374136184257633,0.5400410957153031,-3.0320166954275067,0.5240834026083672,50
Oase1_40ka,Caucasus_Medieval_Recent,D_VA,0.0016796284382112753,0.04826337710276609,0.03480130357713845,0.04721490009416876,50
Oase1_40ka,Caucasus_Medieval_Recent,R,-1.7096260308983855,0.5448333842009401,-3.137887802902801,0.5288733797284738,50
Oase1_40ka,Caucasus_Neolithic,D_VA,0.0039502233156566285,0.047551430155589595,0.08307265002821973,0.04726593662642332,50
Oase1_40ka,Caucasus_Neolithic,R,-1.6868885054524376,0.5312221014666882,-3.1754862999769573,0.5298412983451919,50
Oase1_40ka,CentralAsia_Bronze,D_VA,0.005856844213098733,0.04817778945337668,0.12156730891039748,0.047230628933390195,50
Oase1_40ka,CentralAsia_Bronze,R,-1.568096774028395,0.5302780097020552,-2.957122010225267,0.5114455128008416,50
Oase1_40ka,CentralAsia_Iron_Classical,D_VA,0.0020737154570147215,0.04746017725684411,0.043693799241250754,0.04719857326165053,50
Oase1_40ka,CentralAsia_Iron_Classical,R,-1.7432911085580975,0.5313994549292912,-3.2805662339079036,0.5355121123245163,50
Oase1_40ka,CentralAsia_Medieval_Recent,D_VA,0.004125166191000132,0.04786729371414352,0.08617922324238804,0.047199983404077626,50
Oase1_40ka,CentralAsia_Medieval_Recent,R,-1.6939162805242705,0.5553014387277947,-3.0504446096971445,0.5316906502497305,50
Oase1_40ka,CentralAsia_Neolithic,D_VA,0.010921802317197596,0.04832081254689775,0.22602687623676537,0.04731933500017181,50
Oase1_40ka,CentralAsia_Neolithic,R,-1.8033969265889798,0.5831573312517494,-3.0924706420443715,0.5740444412373011,50
Oase1_40ka,EastAsia_Bronze,D_VA,-0.0007138887460279436,0.04808753434447158,-0.01484560927815623,0.04747631579215972,50
Oase1_40ka,EastAsia_Bronze,R,-1.6071860619346527,0.5368828532724416,-2.9935507385613693,0.5412042102089359,50
Oase1_40ka,EastAsia_Iron_Classical,D_VA,-0.0015267096137151354,0.048116163051446746,-0.03172966248540532,0.04742183446489849,50
Oase1_40ka,EastAsia_Iron_Classical,R,-1.596824127474344,0.5378500122338833,-2.9689022797306683,0.540363608469093,50
Oase1_40ka,EastAsia_LateGlacial_Meso,D_VA,0.0027426270834795957,0.04797309818357853,0.05717010548254339,0.04755308481669328,50
Oase1_40ka,EastAsia_LateGlacial_Meso,R,-1.512182987441067,0.5370384841688,-2.815781423525997,0.5572965234508132,50
Oase1_40ka,EastAsia_Medieval_Recent,D_VA,-0.0005699189472578164,0.047658519125164486,-0.011958385567143856,0.04740413173834483,50
Oase1_40ka,EastAsia_Medieval_Recent,R,-1.5605059924951286,0.5138232700355331,-3.0370481126462274,0.524221181870585,50
Oase1_40ka,EastAsia_Neolithic,D_VA,-0.0022662197399460904,0.0480816529772278,-0.04713273358175532,0.04742158364346851,50
Oase1_40ka,EastAsia_Neolithic,R,-1.8075140276972228,0.5677943656103434,-3.1833954987458504,0.5775167454705734,50
Oase1_40ka,Europe_Bronze,D_VA,-0.0013871527120617178,0.047484300559414834,-0.029212870269112207,0.04721724320764085,50
Oase1_40ka,Europe_Bronze,R,-1.699300350974094,0.538970873663533,-3.1528611915955365,0.5282991421215969,50
Oase1_40ka,Europe_Iron_Classical,D_VA,-0.0011696379947079144,0.04757895026203427,-0.02458309795122213,0.04720854262492144,50
Oase1_40ka,Europe_Iron_Classical,R,-1.750289086201189,0.5433516968148259,-3.221282083890661,0.5312314661916898,50
Oase1_40ka,Europe_LateGlacial_Meso,D_VA,-0.0028430117108288605,0.04659803580216082,-0.06101140663738075,0.04722129966273896,50
Oase1_40ka,Europe_LateGlacial_Meso,R,-1.7066009177303763,0.5324394671470261,-3.2052487147034148,0.5382812877104409,50
Oase1_40ka,Europe_Medieval_Recent,D_VA,-0.0026012120468821287,0.04761664769660343,-0.05462820615714359,0.047207919510793755,50
Oase1_40ka,Europe_Medieval_Recent,R,-1.6906053043141978,0.5281847114289052,-3.200784247882867,0.5164885389842737,50
Oase1_40ka,Europe_Neolithic,D_VA,-0.0007772687984475141,0.047417768641179026,-0.016391931141452116,0.047261673056025896,50
Oase1_40ka,Europe_Neolithic,R,-1.708768583677996,0.538120912401994,-3.1754361228048498,0.5302574132522275,50
Oase1_40ka,Europe_Palaeolithic,D_VA,0.0028613940981054437,0.04682184644289732,0.06111237201196505,0.047140052245410576,50
Oase1_40ka,Europe_Palaeolithic,R,-1.191210973543024,0.47205357248455126,-2.523465646649689,0.48230179072908963,50
Oase1_40ka,InnerAsia_Bronze,D_VA,-0.0016135197765751313,0.04824603522255225,-0.033443572495277366,0.04734663542751385,50
Oase1_40ka,InnerAsia_Bronze,R,-1.612492036587142,0.5415436200527307,-2.977584772266603,0.5279625293940805,50
Oase1_40ka,InnerAsia_Iron_Classical,D_VA,-0.00026144732791584524,0.047610665918751696,-0.005491360451920772,0.04723313587509652,50
Oase1_40ka,InnerAsia_Iron_Classical,R,-1.559141845799788,0.5115622745322843,-3.0478045849360065,0.5095343008651639,50
Oase1_40ka,InnerAsia_Medieval_Recent,D_VA,-4.346597943419295e-06,0.047801837696258405,-9.092951553533089e-05,0.04727562924308412,50
Oase1_40ka,InnerAsia_Medieval_Recent,R,-1.6416206370233393,0.5163184415647295,-3.1794731794749067,0.5223373139901074,50
Oase1_40ka,NearEast_Bronze,D_VA,0.006132625489086829,0.047825292396032754,0.12822975421255445,0.047265201569100704,50
Oase1_40ka,NearEast_Bronze,R,-1.7279067066342748,0.5617964249353832,-3.0756812075353017,0.5436280098902229,50
Oase1_40ka,NearEast_Iron_Classical,D_VA,0.0027936431758348174,0.047356590501771094,0.05899164501148658,0.04734450060856967,50
Oase1_40ka,NearEast_Iron_Classical,R,-1.7127638263895297,0.5199159967424145,-3.294308767418241,0.5307343486438676,50
Oase1_40ka,NearEast_Medieval_Recent,D_VA,0.006423053508756688,0.048098441234201074,0.13353974357467296,0.04725489779468751,50
Oase1_40ka,NearEast_Medieval_Recent,R,-1.7409229108605324,0.5364377630151251,-3.2453399646501886,0.5218659140796548,50
Oase1_40ka,Siberia_Bronze,D_VA,-0.001263600228634837,0.048241728053874916,-0.026193096300855683,0.04728756647514587,50
Oase1_40ka,Siberia_Bronze,R,-1.537605178650814,0.5272433674444239,-2.916310139857551,0.5146806591610011,50
Oase1_40ka,Siberia_Iron_Classical,D_VA,-0.0007172201810669854,0.048305740647586054,-0.014847514424826989,0.047328756664322534,50
Oase1_40ka,Siberia_Iron_Classical,R,-1.5674042367732561,0.5417062990556194,-2.893457653170697,0.5243791865865179,50
Oase1_40ka,Siberia_Neolithic,D_VA,-0.0009001337652146946,0.04786968279403445,-0.018803838101197314,0.04742698425395504,50
Oase1_40ka,Siberia_Neolithic,R,-1.5471576194952295,0.536475508520752,-2.8839296387663187,0.5359261919869837,50
Oase1_40ka,SouthAsia_Iron_Classical,D_VA,0.0029622879699823523,0.04862279202746233,0.060923855798104755,0.04753617003287711,50
Oase1_40ka,SouthAsia_Iron_Classical,R,-1.6191988246547397,0.5863940682438129,-2.76128104348679,0.5801829458781713,50
Oase1_40ka,SouthAsia_Medieval_Recent,D_VA,0.002627985504656566,0.04750003157279257,0.055325973849706736,0.04737440564202338,50
Oase1_40ka,SouthAsia_Medieval_Recent,R,-1.5181015894765573,0.5278319780692695,-2.876107648933181,0.5391089343189976,50
Oase1_40ka,WestSiberia_Bronze,D_VA,0.00029775639269526144,0.04801569902620637,0.006201229987982674,0.047258561154118854,50
Oase1_40ka,WestSiberia_Bronze,R,-1.5664448192067122,0.5417604610294988,-2.8913974567838006,0.5197630820557535,50
Oase1_40ka,WestSiberia_Iron_Classical,D_VA,-4.606846855770286e-05,0.04782194756116588,-0.000963333174559228,0.04726832297194805,50
Oase1_40ka,WestSiberia_Iron_Classical,R,-1.6423382838340752,0.5377799998451498,-3.0539222066774068,0.5215396641891823,50
Oase1_40ka,WestSiberia_LateGlacial_Meso,D_VA,-0.0017040212911938468,0.047414812402889056,-0.03593858553556184,0.04741139867698322,50
Oase1_40ka,WestSiberia_LateGlacial_Meso,R,-1.4508264370382877,0.5222287138722228,-2.7781437490878202,0.521021634244192,50
Oase1_40ka,WestSiberia_Medieval_Recent,D_VA,-0.0004737824854917222,0.047930486874786654,-0.009884783493425156,0.047256230273378226,50
Oase1_40ka,WestSiberia_Medieval_Recent,R,-1.5720024806060209,0.5275152053712099,-2.980013589370965,0.512771831640441,50
Oase1_40ka,WestSiberia_Neolithic,D_VA,-0.000568280497427881,0.04783098419561485,-0.01188101200476617,0.04732816527947296,50
Oase1_40ka,WestSiberia_Neolithic,R,-1.5615250415138198,0.5487700400275923,-2.8454998043174986,0.5350535458515341,50
Oase1_40ka,ANC_Americas,D_VA,-0.005049785293541192,0.049166142354143155,-0.10270859277849474,0.0475315550009795,50
Oase1_40ka,ANC_Americas,R,-1.7497154413311213,0.5700652101237444,-3.069325070637637,0.5532453146914955,50
Oase1_40ka,ANC_Oceania,D_VA,0.0008652582082561283,0.04826213153080624,0.017928304880272947,0.04748663084473431,50
Oase1_40ka,ANC_Oceania,R,-1.4425299271339174,0.5157891850463612,-2.796743260532415,0.5141723612397586,50
Oase1_40ka,ANC_Africa,D_VA,0.03910868426144689,0.047067628156412696,0.8309040797952032,0.04699273490096122,50
Oase1_40ka,ANC_Africa,R,-1.4911882237519827,0.5556798405096072,-2.6835384605358947,0.5519676502506964,50
Oase1_40ka,PD_French,D_VA,-0.00110363089097415,0.04753439375674193,-0.023217523223752465,0.047252801041588646,50
Oase1_40ka,PD_French,R,-1.81149080970267,0.5509931812662765,-3.2876828085958425,0.5447259461611959,50
Oase1_40ka,PD_Sardinian,D_VA,0.0012394893734875567,0.048078978493931376,0.02578027679277769,0.04738426975469832,50
Oase1_40ka,PD_Sardinian,R,-1.7948893434553355,0.5806275123186876,-3.0912922749519645,0.5582434848063899,50
Oase1_40ka,PD_Basque,D_VA,-0.0018971989752661345,0.04793187392990196,-0.03958115591392684,0.04728621234517423,50
Oase1_40ka,PD_Basque,R,-1.8730454258502751,0.5729656986570845,-3.2690358781342654,0.5577631734576965,50
Oase1_40ka,PD_Russian,D_VA,-0.0019717790684134623,0.0478644675931265,-0.04119504859376345,0.04717927677131166,50
Oase1_40ka,PD_Russian,R,-1.7237228161457747,0.5268198677379481,-3.2719396547193105,0.5234823417190885,50
Oase1_40ka,PD_Han,D_VA,-0.0019355495281057622,0.04805520241738825,-0.04027762720244842,0.04749389136622292,50
Oase1_40ka,PD_Han,R,-1.6628115547899183,0.5411941321308933,-3.072486296632186,0.5583041933019797,50
Oase1_40ka,PD_Japanese,D_VA,-0.0014441868905716304,0.04777429241558027,-0.03022937269293074,0.04748824412050065,50
Oase1_40ka,PD_Japanese,R,-1.7738209030199228,0.5591238963288755,-3.1725006115220036,0.5667851259692269,50
Oase1_40ka,PD_Dai,D_VA,0.0033541107733860986,0.047268893084635846,0.07095809854020697,0.04755798191215872,50
Oase1_40ka,PD_Dai,R,-1.5963617672334613,0.5249431700960918,-3.041018262874521,0.5765148056159162,50
Oase1_40ka,PD_Papuan,D_VA,0.009747094771560022,0.04787258037457933,0.20360495914976406,0.0477687680011598,50
Oase1_40ka,PD_Papuan,R,-1.000605744609174,0.5135579622826694,-1.9483793809011707,0.5207913084238073,50
Oase1_40ka,PD_Karitiana,D_VA,-0.017344531068889266,0.049722497495256486,-0.34882662663000646,0.04760787079204042,50
Oase1_40ka,PD_Karitiana,R,-1.998063905440677,0.6385708245061396,-3.128962095920915,0.6198850526983932,50
Oase1_40ka,PD_Mixe,D_VA,-0.00987836246019344,0.04965124634643481,-0.1989549746902326,0.0476918516489355,50
Oase1_40ka,PD_Mixe,R,-2.0493152130750634,0.6465067967043745,-3.16982779380144,0.6364656687644064,50
Oase1_40ka,PD_Mbuti,D_VA,0.09438874409598401,0.04719417196815047,2.0000084790063344,0.047102961594242584,50
Oase1_40ka,PD_Mbuti,R,-78.39775344927588,2174.9102683704264,-0.03604643124335249,2174.8736041143948,50
Oase1_40ka,PD_Biaka,D_VA,0.08414473293451648,0.04815687197815299,1.7473047870029819,0.04703532297275684,50
Oase1_40ka,PD_Biaka,R,32.904606694737886,474.88300891595935,0.06928992210071061,474.95281411534603,50
Oase1_40ka,PD_Juhoan,D_VA,0.09246080974920898,0.04642153354141724,1.9917655168956354,0.047331121013911896,50
Oase1_40ka,PD_Juhoan,R,2.1551137329522545,0.6658360229469392,3.2367034204816467,0.758451359223056,50
Oase1_40ka,PD_Mandenka,D_VA,0.06973099959850317,0.04681336141640717,1.489553355894324,0.04691722281387842,50
Oase1_40ka,PD_Mandenka,R,-2.1775062041450868,2.797997163169853,-0.7782374595684681,2.8522949171118364,50
Oase1_40ka,PD_Mende,D_VA,0.07318465518806831,0.0467108796196105,1.5667582324299327,0.04685295260249587,50
Oase1_40ka,PD_Mende,R,-7.734152088780043,98.16364728032552,-0.0787883529499842,98.1127728628174,50
Oase1_40ka,PD_Esan,D_VA,0.07500444555400622,0.0470921476259201,1.5927166063822251,0.04684321042985469,50
Oase1_40ka,PD_Esan,R,2.792600963125034,3.479112878616204,0.8026761592845398,3.4189459842514243,50
Oase1_40ka,PD_Gambian,D_VA,0.07121893605659521,0.04666347483253407,1.5262244466831028,0.046853586032953795,50
Oase1_40ka,PD_Gambian,R,-0.8155049127714904,1.311529729835588,-0.6217967417892397,1.3779385364437868,50
Oase1_40ka,PD_Luhya,D_VA,0.07018140838755835,0.04709848825713878,1.4900989603826797,0.04690029379897708,50
Oase1_40ka,PD_Luhya,R,-2.7165221046228476,3.687615541891727,-0.7366608784898673,3.68868519763179,50
UstIshim_44ka,Caucasus_Bronze,D_VA,-0.014872068206041707,0.01019995460535238,-1.458052391550611,0.013667286531112101,50
UstIshim_44ka,Caucasus_Bronze,R,-0.6236882239418489,0.41278597012680635,-1.510923987436526,0.5997228385315028,50
UstIshim_44ka,Caucasus_Iron_Classical,D_VA,-0.012430194082779254,0.010116338826455394,-1.2287245708173455,0.013703425427389867,50
UstIshim_44ka,Caucasus_Iron_Classical,R,-0.5279848490414201,0.39664888073791926,-1.3311139264005118,0.5878876751660831,50
UstIshim_44ka,Caucasus_Medieval_Recent,D_VA,-0.01570385410748499,0.009845063264873862,-1.5950993594439022,0.013678976991531804,50
UstIshim_44ka,Caucasus_Medieval_Recent,R,-0.6001972615140423,0.415367530579658,-1.4449787653754467,0.5921617663341974,50
UstIshim_44ka,Caucasus_Neolithic,D_VA,-0.013433259230039636,0.01022461977679223,-1.3138150389250027,0.013854110790865806,50
UstIshim_44ka,Caucasus_Neolithic,R,-0.5774597360680944,0.4280264820436493,-1.3491215153580292,0.5930263966761823,50
UstIshim_44ka,CentralAsia_Bronze,D_VA,-0.011526638332597532,0.01029665754601714,-1.1194543744980778,0.01373316897427954,50
UstIshim_44ka,CentralAsia_Bronze,R,-0.4586680046440519,0.39543882732437846,-1.1598962290766823,0.5766498229313297,50
UstIshim_44ka,CentralAsia_Iron_Classical,D_VA,-0.015309767088681543,0.010229046567582589,-1.4966954141357156,0.013622515867779746,50
UstIshim_44ka,CentralAsia_Iron_Classical,R,-0.6338623391737543,0.40219488061469083,-1.5760079745545161,0.5980984268236152,50
UstIshim_44ka,CentralAsia_Medieval_Recent,D_VA,-0.013258316354696133,0.010868170074312473,-1.2199216854392907,0.013627400851876444,50
UstIshim_44ka,CentralAsia_Medieval_Recent,R,-0.5844875111399273,0.42162877228959267,-1.3862609706779598,0.5946792860740985,50
UstIshim_44ka,CentralAsia_Neolithic,D_VA,-0.006461680228498669,0.01035290602683233,-0.6241416865710452,0.014035208779744039,50
UstIshim_44ka,CentralAsia_Neolithic,R,-0.6939681572046366,0.4436471209249037,-1.5642345559639161,0.632831356870109,50
UstIshim_44ka,EastAsia_Bronze,D_VA,-0.01809737129172421,0.010157142669702081,-1.781738416031821,0.014555692420128748,50
UstIshim_44ka,EastAsia_Bronze,R,-0.49775729255030954,0.38236585053956534,-1.3017828131040277,0.6032002178965921,50
UstIshim_44ka,EastAsia_Iron_Classical,D_VA,-0.0189101921594114,0.010078231968700481,-1.8763402368728908,0.014376995675340277,50
UstIshim_44ka,EastAsia_Iron_Classical,R,-0.4873953580900008,0.3943855662095603,-1.2358346751235285,0.6024461262887806,50
UstIshim_44ka,EastAsia_LateGlacial_Meso,D_VA,-0.014640855462216669,0.010813287444674925,-1.3539689513596214,0.014804171581555774,50
UstIshim_44ka,EastAsia_LateGlacial_Meso,R,-0.40275421805672385,0.419463027763937,-0.9601661920091407,0.6176794644255067,50
UstIshim_44ka,EastAsia_Medieval_Recent,D_VA,-0.01795340149295408,0.010167139691248911,-1.7658261849600614,0.014318495957986326,50
UstIshim_44ka,EastAsia_Medieval_Recent,R,-0.45107722311078535,0.3820875679677221,-1.1805598007546043,0.5880105043657052,50
UstIshim_44ka,EastAsia_Neolithic,D_VA,-0.019649702285642355,0.01008823573491581,-1.9477838149275106,0.014376168331200057,50
UstIshim_44ka,EastAsia_Neolithic,R,-0.6980852583128796,0.4057306067681341,-1.7205634641998295,0.6359827804442044,50
UstIshim_44ka,Europe_Bronze,D_VA,-0.018770635257757982,0.010542320903417671,-1.7805031197326584,0.013687062386137677,50
UstIshim_44ka,Europe_Bronze,R,-0.5898715815897508,0.4207945196472983,-1.4018043345340372,0.5916489578196122,50
UstIshim_44ka,Europe_Iron_Classical,D_VA,-0.01855312054040418,0.010471030881589858,-1.7718523371967352,0.013657017148760685,50
UstIshim_44ka,Europe_Iron_Classical,R,-0.6408603168168459,0.4190814281581758,-1.5292023787199729,0.5942687745412766,50
UstIshim_44ka,Europe_LateGlacial_Meso,D_VA,-0.020226494256525125,0.010976836925133395,-1.8426523409683726,0.013701049684995296,50
UstIshim_44ka,Europe_LateGlacial_Meso,R,-0.597172148346033,0.4366700218778094,-1.3675592974713888,0.600579095891481,50
UstIshim_44ka,Europe_Medieval_Recent,D_VA,-0.019984694592578393,0.010257046549698104,-1.9483868475927513,0.013654863059368279,50
UstIshim_44ka,Europe_Medieval_Recent,R,-0.5811765349298545,0.4023223391085588,-1.4445544739513843,0.5811272809159176,50
UstIshim_44ka,Europe_Neolithic,D_VA,-0.01816075134414378,0.010445224271010852,-1.738665525310568,0.013839557821231242,50
UstIshim_44ka,Europe_Neolithic,R,-0.5993398142936528,0.43086539535857604,-1.3910140399993565,0.5933982052817162,50
UstIshim_44ka,Europe_Palaeolithic,D_VA,-0.014522088447590821,0.010319176456467162,-1.4072914160208627,0.013418351103341934,50
UstIshim_44ka,Europe_Palaeolithic,R,-0.08178220415868087,0.4206371349994165,-0.1944245939170214,0.5509659908407276,50
UstIshim_44ka,InnerAsia_Bronze,D_VA,-0.018997002322271396,0.010499964022548065,-1.8092445156456187,0.014126977983221635,50
UstIshim_44ka,InnerAsia_Bronze,R,-0.5030632672027988,0.405083883167836,-1.2418743082759667,0.5913484067508878,50
UstIshim_44ka,InnerAsia_Iron_Classical,D_VA,-0.01764492987361211,0.010159928627228773,-1.7367178964548444,0.013741788283474934,50
UstIshim_44ka,InnerAsia_Iron_Classical,R,-0.4497130764154449,0.39604305276992496,-1.1355156296017612,0.5749553978186217,50
UstIshim_44ka,InnerAsia_Medieval_Recent,D_VA,-0.017387829143639684,0.01032930157096972,-1.6833499365056592,0.013887143009347529,50
UstIshim_44ka,InnerAsia_Medieval_Recent,R,-0.5321918676389961,0.3942719859557692,-1.3498089810994058,0.5863316257110972,50
UstIshim_44ka,NearEast_Bronze,D_VA,-0.011250857056609435,0.01026234034840513,-1.0963246856608035,0.013851602795353263,50
UstIshim_44ka,NearEast_Bronze,R,-0.6184779372499316,0.4337542972696457,-1.4258716078274412,0.6053758492538518,50
UstIshim_44ka,NearEast_Iron_Classical,D_VA,-0.014589839369861447,0.011822958473756306,-1.2340261028782982,0.014119821475761404,50
UstIshim_44ka,NearEast_Iron_Classical,R,-0.6033350570051865,0.48219284767829307,-1.2512318668976121,0.5938244307478839,50
UstIshim_44ka,NearEast_Medieval_Recent,D_VA,-0.010960429036939577,0.010788614822935238,-1.015925511923837,0.01381640279591187,50
UstIshim_44ka,NearEast_Medieval_Recent,R,-0.6314941414761892,0.45384794387991606,-1.3914222813869939,0.5859117151933486,50
UstIshim_44ka,Siberia_Bronze,D_VA,-0.0186470827743311,0.010357274260110893,-1.8003851501882941,0.013927726439511175,50
UstIshim_44ka,Siberia_Bronze,R,-0.4281764092664708,0.4093155205874043,-1.0460790948068608,0.5795210838589229,50
UstIshim_44ka,Siberia_Iron_Classical,D_VA,-0.01810070272676325,0.010021651663140266,-1.8061596366732455,0.014066940961814467,50
UstIshim_44ka,Siberia_Iron_Classical,R,-0.4579754673889129,0.39441129441983275,-1.161162151967735,0.5881513725630132,50
UstIshim_44ka,Siberia_Neolithic,D_VA,-0.01828361631091096,0.010436663588121876,-1.7518641045132295,0.014393972907346274,50
UstIshim_44ka,Siberia_Neolithic,R,-0.43772885011088625,0.40809312093954253,-1.0726200164881832,0.5984692047050436,50
UstIshim_44ka,SouthAsia_Iron_Classical,D_VA,-0.014421194575713912,0.00968555228525852,-1.4889387978074389,0.014749748541148877,50
UstIshim_44ka,SouthAsia_Iron_Classical,R,-0.5097700552703965,0.39414780799230303,-1.2933474319368823,0.638404853059946,50
UstIshim_44ka,SouthAsia_Medieval_Recent,D_VA,-0.014755497041039699,0.010352325099499347,-1.4253316911148102,0.014219772521650825,50
UstIshim_44ka,SouthAsia_Medieval_Recent,R,-0.40867282009221406,0.3999515006317728,-1.0218059425872008,0.6013210031132985,50
UstIshim_44ka,WestSiberia_Bronze,D_VA,-0.017085726153001003,0.010526025813508125,-1.6231886996775904,0.013828927036835184,50
UstIshim_44ka,WestSiberia_Bronze,R,-0.457016049822369,0.42074287072297895,-1.08621222514611,0.5840395253668317,50
UstIshim_44ka,WestSiberia_Iron_Classical,D_VA,-0.017429551014253968,0.010447111959444817,-1.6683606992932247,0.013862250077563568,50
UstIshim_44ka,WestSiberia_Iron_Classical,R,-0.532909514449732,0.41397781761354346,-1.2872900232234512,0.5856211463439338,50
UstIshim_44ka,WestSiberia_LateGlacial_Meso,D_VA,-0.01908750383689011,0.011815002770988,-1.6155310503828146,0.014342536217153685,50
UstIshim_44ka,WestSiberia_LateGlacial_Meso,R,-0.3413976676539445,0.4364979796336498,-0.7821288610327076,0.5851598491635484,50
UstIshim_44ka,WestSiberia_Medieval_Recent,D_VA,-0.017857265031187987,0.010586937917354176,-1.6867261497695423,0.013820959455951964,50
UstIshim_44ka,WestSiberia_Medieval_Recent,R,-0.4625737112216777,0.4123698798991927,-1.121744661212302,0.5778264938945867,50
UstIshim_44ka,WestSiberia_Neolithic,D_VA,-0.017951763043124146,0.01118114098488059,-1.6055394585757354,0.014064951096737902,50
UstIshim_44ka,WestSiberia_Neolithic,R,-0.45209627212947656,0.41946001343503614,-1.0778054108833308,0.5976878806291104,50
UstIshim_44ka,ANC_Americas,D_VA,-0.022433267839237457,0.01041937575093882,-2.1530337685744896,0.014734868219419467,50
UstIshim_44ka,ANC_Americas,R,-0.6402866719467781,0.3949830551754308,-1.6210484565278283,0.6140267778775694,50
UstIshim_44ka,ANC_Oceania,D_VA,-0.016518224337440136,0.010387124878695825,-1.5902595309428986,0.014589301889281463,50
UstIshim_44ka,ANC_Oceania,R,-0.33310115774957416,0.3886939493641923,-0.8569754129037658,0.5790697045999617,50
UstIshim_44ka,ANC_Africa,D_VA,0.021725201715750625,0.010836711822687672,2.0047780241112325,0.01289126658263407,50
UstIshim_44ka,ANC_Africa,R,-0.3817594543676395,0.4594062456825264,-0.8309844673540966,0.6128758378708474,50
UstIshim_44ka,PD_French,D_VA,-0.018487113436670415,0.010828164025586505,-1.7073174540934297,0.01380922977245582,50
UstIshim_44ka,PD_French,R,-0.7020620403183269,0.4273203645357828,-1.642940750275284,0.6063619893626481,50
UstIshim_44ka,PD_Sardinian,D_VA,-0.016143993172208708,0.010376020398633745,-1.55589450983871,0.01425260119481832,50
UstIshim_44ka,PD_Sardinian,R,-0.6854605740709923,0.43164598363931306,-1.5880156425682597,0.6185339877900002,50
UstIshim_44ka,PD_Basque,D_VA,-0.0192806815209624,0.010451973327198836,-1.844692951022837,0.01392312818965001,50
UstIshim_44ka,PD_Basque,R,-0.7636166564659319,0.4427747997680185,-1.7246163441686633,0.6181005285454937,50
UstIshim_44ka,PD_Russian,D_VA,-0.019355261614109727,0.010454308056319974,-1.8514148913383925,0.013555507268138178,50
UstIshim_44ka,PD_Russian,R,-0.6142940467614315,0.40727185819657724,-1.508314494111035,0.5873519113907085,50
UstIshim_44ka,PD_Han,D_VA,-0.019319032073802027,0.010613591512838073,-1.8202162812120626,0.014612916811475496,50
UstIshim_44ka,PD_Han,R,-0.5533827854055751,0.40559971737962497,-1.3643569304749568,0.6185887793851359,50
UstIshim_44ka,PD_Japanese,D_VA,-0.018827669436267895,0.010658841725297553,-1.766389812467386,0.014594552075373326,50
UstIshim_44ka,PD_Japanese,R,-0.6643921336355796,0.4023111101690366,-1.651438692201232,0.6262538500820338,50
UstIshim_44ka,PD_Dai,D_VA,-0.014029371772310166,0.011632226394326673,-1.2060779507483315,0.014819894203054735,50
UstIshim_44ka,PD_Dai,R,-0.48693299784911814,0.4308194775407463,-1.1302483365624172,0.6350730877757108,50
UstIshim_44ka,PD_Papuan,D_VA,-0.007636387774136243,0.012821558705410529,-0.5955896587607392,0.015482984756859618,50
UstIshim_44ka,PD_Papuan,R,0.10882302477516914,0.4466190797528561,0.24365959652997388,0.5849547782969203,50
UstIshim_44ka,PD_Karitiana,D_VA,-0.03472801361458553,0.012045054810409071,-2.8831760553363646,0.014979218336887092,50
UstIshim_44ka,PD_Karitiana,R,-0.8886351360563338,0.47757270304345917,-1.8607326808950133,0.6746895465927332,50
UstIshim_44ka,PD_Mixe,D_VA,-0.027261845005889705,0.010688486137547784,-2.5505805644562756,0.015244026185250115,50
UstIshim_44ka,PD_Mixe,R,-0.9398864436907204,0.4300047588878479,-2.1857582370056,0.6899543848968142,50
UstIshim_44ka,PD_Mbuti,D_VA,0.07700526155028774,0.013146332435026508,5.857547109117545,0.013287460689733431,50
UstIshim_44ka,PD_Mbuti,R,-77.28832467989153,2174.8553352541144,-0.035537225592460385,2174.873620425344,50
UstIshim_44ka,PD_Biaka,D_VA,0.06676125038882022,0.01213866919455019,5.499882179736271,0.013045659346467167,50
UstIshim_44ka,PD_Biaka,R,34.01403546412223,474.9600600898999,0.07161451735054121,474.9528888053974,50
UstIshim_44ka,PD_Juhoan,D_VA,0.0750773272035127,0.015296350919772045,4.908185461832458,0.014074893856299293,50
UstIshim_44ka,PD_Juhoan,R,3.2645425023365977,0.8343317075954165,3.9127633201729366,0.8038637757915947,50
UstIshim_44ka,PD_Mandenka,D_VA,0.0523475170528069,0.011878751827543992,4.40681965687889,0.012613223901906787,50
UstIshim_44ka,PD_Mandenka,R,-1.0680774347607438,2.7675726079945955,-0.3859257139904564,2.8647050109748884,50
UstIshim_44ka,PD_Mende,D_VA,0.05580117264237204,0.012538021514571823,4.450556459607229,0.012372016335433906,50
UstIshim_44ka,PD_Mende,R,-6.6247233193957,98.07379094404482,-0.06754835573935732,98.11313442825339,50
UstIshim_44ka,PD_Esan,D_VA,0.05762096300830995,0.012009933934351073,4.797775185382263,0.012335071301300463,50
UstIshim_44ka,PD_Esan,R,3.9020297325093773,3.403088870857899,1.146614114583995,3.4293060739676706,50
UstIshim_44ka,PD_Gambian,D_VA,0.05383545351089895,0.012193609573247855,4.415054720877002,0.012374414926772173,50
UstIshim_44ka,PD_Gambian,R,0.2939238566128528,1.4550339685667142,0.20200480742204488,1.4034468696532345,50
UstIshim_44ka,PD_Luhya,D_VA,0.052797925841862076,0.01105107166885334,4.7776294846290135,0.012550106735119314,50
UstIshim_44ka,PD_Luhya,R,-1.6070933352385046,3.640711815242846,-0.441422836190979,3.6982897389131772,50
Caucasus_Bronze,Caucasus_Iron_Classical,D_VA,0.0024418741232624525,0.0013174083515487382,1.8535438312591523,0.008660915302470986,50
Caucasus_Bronze,Caucasus_Iron_Classical,R,0.0957033749004288,0.06840495787089258,1.399070738133619,0.4721497039713401,50
Caucasus_Bronze,Caucasus_Medieval_Recent,D_VA,-0.0008317859014432827,0.0022141785133387632,-0.3756634329311738,0.008622180522779459,50
Caucasus_Bronze,Caucasus_Medieval_Recent,R,0.023490962427806572,0.10292290166405611,0.22823843914235803,0.47746097417074695,50
Caucasus_Bronze,Caucasus_Neolithic,D_VA,0.0014388089760020706,0.0016152411496448155,0.8907703820686208,0.008897413738729104,50
Caucasus_Bronze,Caucasus_Neolithic,R,0.04622848787375444,0.07771437803932796,0.5948511593357945,0.4785328949014674,50
Caucasus_Bronze,CentralAsia_Bronze,D_VA,0.003345429873444175,0.0020417331933385505,1.6385245067078908,0.008707899603730805,50
Caucasus_Bronze,CentralAsia_Bronze,R,0.16502021929779698,0.10880268861122186,1.5166924770347712,0.45808126204285643,50
Caucasus_Bronze,CentralAsia_Iron_Classical,D_VA,-0.0004376988826398365,0.0021137365830442107,-0.20707352380184527,0.008532322309925473,50
Caucasus_Bronze,CentralAsia_Iron_Classical,R,-0.010174115231905478,0.09144742762476583,-0.11125643986020795,0.4848042414386714,50
Caucasus_Bronze,CentralAsia_Medieval_Recent,D_VA,0.001613751851345574,0.0023566545593886722,0.6847638509074445,0.008540119402576514,50
Caucasus_Bronze,CentralAsia_Medieval_Recent,R,0.03920071280192161,0.13138234783074038,0.2983712306041586,0.4805797307769456,50
Caucasus_Bronze,CentralAsia_Neolithic,D_VA,0.008410387977543038,0.0024936024301980267,3.372786245189509,0.009176855176123525,50
Caucasus_Bronze,CentralAsia_Neolithic,R,-0.0702799332627877,0.1368282667932909,-0.5136360703081984,0.5270568760448017,50
Caucasus_Bronze,EastAsia_Bronze,D_VA,-0.0032253030856825016,0.004978832490585857,-0.6478030927493569,0.009954685693779311,50
Caucasus_Bronze,EastAsia_Bronze,R,0.12593093139153932,0.21699654646453623,0.5803361087689948,0.49108444000857765,50
Caucasus_Bronze,EastAsia_Iron_Classical,D_VA,-0.004038123953369693,0.004603996661674159,-0.8770909820558609,0.009691521556561385,50
Caucasus_Bronze,EastAsia_Iron_Classical,R,0.13629286585184808,0.2106754897598175,0.6469327115709093,0.49015789234531304,50
Caucasus_Bronze,EastAsia_LateGlacial_Meso,D_VA,0.00023121274382503776,0.005724190308675733,0.040392218175312175,0.010314605258985173,50
Caucasus_Bronze,EastAsia_LateGlacial_Meso,R,0.22093400588512502,0.2546777247473051,0.867504239345388,0.5087645281670321,50
Caucasus_Bronze,EastAsia_Medieval_Recent,D_VA,-0.0030813332869123744,0.004277384913185731,-0.7203778358626706,0.009604525596374439,50
Caucasus_Bronze,EastAsia_Medieval_Recent,R,0.1726110008310635,0.17668166132038907,0.9769604810204725,0.4723026334803281,50
Caucasus_Bronze,EastAsia_Neolithic,D_VA,-0.004777634079600648,0.004567740259386177,-1.0459513475581637,0.009690294181269236,50
Caucasus_Bronze,EastAsia_Neolithic,R,-0.07439703437103073,0.22740613922739641,-0.32715490717969087,0.5308366239904546,50
Caucasus_Bronze,Europe_Bronze,D_VA,-0.0038985670517162757,0.001595556079067497,-2.4433908045367763,0.00863500215370939,50
Caucasus_Bronze,Europe_Bronze,R,0.033816642352098025,0.06228761885724722,0.5429111430571796,0.47682482489597305,50
Caucasus_Bronze,Europe_Iron_Classical,D_VA,-0.0036810523343624724,0.0015485921313005174,-2.3770315372008906,0.008587298925394669,50
Caucasus_Bronze,Europe_Iron_Classical,R,-0.01717209287499699,0.05019447219533566,-0.34211123504138996,0.4800716620910182,50
Caucasus_Bronze,Europe_LateGlacial_Meso,D_VA,-0.0053544260504834185,0.0033881409071675806,-1.5803433792131194,0.008657155878419349,50
Caucasus_Bronze,Europe_LateGlacial_Meso,R,0.026516075595815813,0.1345769727098632,0.1970327840037112,0.4878613273973156,50
Caucasus_Bronze,Europe_Medieval_Recent,D_VA,-0.005112626386536687,0.0015107192290856634,-3.384233342704597,0.008583872704242615,50
Caucasus_Bronze,Europe_Medieval_Recent,R,0.042511689011994314,0.06327613415517651,0.6718439673912429,0.4637050150394859,50
Caucasus_Bronze,Europe_Neolithic,D_VA,-0.003288683138102072,0.0024099251336120522,-1.3646412049211325,0.0088747363971976,50
Caucasus_Bronze,Europe_Neolithic,R,0.024348409648196068,0.10228937388359027,0.23803459463839918,0.47899358490443666,50
Caucasus_Bronze,Europe_Palaeolithic,D_VA,0.0003499797584508857,0.004121429282864464,0.08491708444591915,0.008202422310823718,50
Caucasus_Bronze,Europe_Palaeolithic,R,0.541906019783168,0.17396464749131021,3.115035310896928,0.42529630542851743,50
Caucasus_Bronze,InnerAsia_Bronze,D_VA,-0.004124934116229689,0.002769824129758116,-1.489240443793055,0.009316603048910575,50
Caucasus_Bronze,InnerAsia_Bronze,R,0.12062495673905005,0.11600972007785369,1.039783189357746,0.4764518470053984,50
Caucasus_Bronze,InnerAsia_Iron_Classical,D_VA,-0.002772861667570403,0.0027361585688656033,-1.0134140978240223,0.00872148672305301,50
Caucasus_Bronze,InnerAsia_Iron_Classical,R,0.17397514752640397,0.13092911168481638,1.3287736034229853,0.45594641552359155,50
Caucasus_Bronze,InnerAsia_Medieval_Recent,D_VA,-0.0025157609375979773,0.003449806612753847,-0.7292469462772995,0.008948761165357522,50
Caucasus_Bronze,InnerAsia_Medieval_Recent,R,0.0914963563028528,0.15540000078770985,0.5887796386040237,0.4702108034244431,50
Caucasus_Bronze,NearEast_Bronze,D_VA,0.0036212111494322713,0.0022404662702915057,1.6162756821869573,0.008893508049851832,50
Caucasus_Bronze,NearEast_Bronze,R,0.005210286691917254,0.1164248716820405,0.04475235073607544,0.49375433487501086,50
Caucasus_Bronze,NearEast_Iron_Classical,D_VA,0.0002822288361802594,0.0035519082063218944,0.07945836992012688,0.009305747897934584,50
Caucasus_Bronze,NearEast_Iron_Classical,R,0.020353166936662337,0.15030062113272188,0.13541638606196857,0.4795215103632897,50
Caucasus_Bronze,NearEast_Medieval_Recent,D_VA,0.00391163916910213,0.003277246543358546,1.1935748859142754,0.008838584256057207,50
Caucasus_Bronze,NearEast_Medieval_Recent,R,-0.007805917534340345,0.14390861343647873,-0.05424218431362955,0.4696870898256134,50
Caucasus_Bronze,Siberia_Bronze,D_VA,-0.003775014568289395,0.0022279050860775393,-1.6944234257913133,0.009011611909442151,50
Caucasus_Bronze,Siberia_Bronze,R,0.19551181467537804,0.10514077541787681,1.8595241845832504,0.4616904926301415,50
Caucasus_Bronze,Siberia_Iron_Classical,D_VA,-0.0032286345207215433,0.0028599183997709593,-1.1289253990533832,0.00922531373210227,50
Caucasus_Bronze,Siberia_Iron_Classical,R,0.16571275655293594,0.12695217426314975,1.3053164115916773,0.472478000964911,50
Caucasus_Bronze,Siberia_Neolithic,D_VA,-0.0034115481048692525,0.0034938274330557576,-0.9764500881159599,0.009716688813065874,50
Caucasus_Bronze,Siberia_Neolithic,R,0.18595937383096262,0.15747250858681797,1.180900561626852,0.4852615926779385,50
Caucasus_Bronze,SouthAsia_Iron_Classical,D_VA,0.00045087363032779437,0.005555645336531487,0.08115594193226251,0.010236340530661553,50
Caucasus_Bronze,SouthAsia_Iron_Classical,R,0.11391816867145232,0.24729468121325604,0.46065757707588667,0.5337360590765189,50
Caucasus_Bronze,SouthAsia_Medieval_Recent,D_VA,0.00011657116500200793,0.005071542639014546,0.022985346530510275,0.009456718035345923,50
Caucasus_Bronze,SouthAsia_Medieval_Recent,R,0.2150154038496348,0.2500046393439684,0.8600456552080471,0.4887743580970933,50
Caucasus_Bronze,WestSiberia_Bronze,D_VA,-0.0022136579469592965,0.0017030804867403588,-1.2997964360428829,0.008858149266221027,50
Caucasus_Bronze,WestSiberia_Bronze,R,0.16667217411947988,0.06877018987178084,2.4236107887768408,0.46734953893071957,50
Caucasus_Bronze,WestSiberia_Iron_Classical,D_VA,-0.002557482808212261,0.002331690489833923,-1.0968363165534978,0.008910082078491317,50
Caucasus_Bronze,WestSiberia_Iron_Classical,R,0.09077870949211686,0.08780121522723697,1.033911765995196,0.4693245693475095,50
Caucasus_Bronze,WestSiberia_LateGlacial_Meso,D_VA,-0.004215435630848405,0.004210870102896634,-1.0010842243622358,0.009640328343625344,50
Caucasus_Bronze,WestSiberia_LateGlacial_Meso,R,0.28229055628790434,0.1688925553624748,1.671420955660576,0.4687488383144526,50
Caucasus_Bronze,WestSiberia_Medieval_Recent,D_VA,-0.00298519682514628,0.002317041518379663,-1.2883657031894131,0.008845705495640751,50
Caucasus_Bronze,WestSiberia_Medieval_Recent,R,0.1611145127201712,0.10732224487165026,1.5012219779119662,0.4595616187134789,50
Caucasus_Bronze,WestSiberia_Neolithic,D_VA,-0.003079694837082439,0.0029344490194297143,-1.049496793670981,0.009222279261992108,50
Caucasus_Bronze,WestSiberia_Neolithic,R,0.1715919518123723,0.10770544368049957,1.593159509387357,0.4842976636315313,50
Caucasus_Bronze,ANC_Americas,D_VA,-0.00756119963319575,0.00488826671140368,-1.5468058679278835,0.01021488751167622,50
Caucasus_Bronze,ANC_Americas,R,-0.016598448004929267,0.2085208388462237,-0.07960090750052085,0.5043236146550666,50
Caucasus_Bronze,ANC_Oceania,D_VA,-0.0016461561313984296,0.005423025677790429,-0.3035493890689346,0.010003765043678938,50
Caucasus_Bronze,ANC_Oceania,R,0.2905870661922747,0.21465436814370056,1.3537440151124291,0.46112378721285785,50
Caucasus_Bronze,ANC_Africa,D_VA,0.03659726992179233,0.0032775319320863983,11.166106289770116,0.007308374616635278,50
Caucasus_Bronze,ANC_Africa,R,0.2419287695742094,0.16387798665013018,1.4762737480459351,0.502921680775382,50
Caucasus_Bronze,PD_French,D_VA,-0.003615045230628708,0.002793153832534046,-1.294252106175267,0.008827367237235645,50
Caucasus_Bronze,PD_French,R,-0.078373816376478,0.10465080895933446,-0.7489078885852927,0.4949629142591091,50
Caucasus_Bronze,PD_Sardinian,D_VA,-0.0012719249661670012,0.0033253054670760148,-0.38249868433453177,0.009506010006889198,50
Caucasus_Bronze,PD_Sardinian,R,-0.061772350129143394,0.13750287952549578,-0.4492440474142185,0.5098016461325348,50
Caucasus_Bronze,PD_Basque,D_VA,-0.004408613314920692,0.0032253903223623836,-1.3668464509100644,0.009004503540893733,50
Caucasus_Bronze,PD_Basque,R,-0.13992843252408305,0.14906226294791478,-0.9387247299001272,0.5092756500523667,50
Caucasus_Bronze,PD_Russian,D_VA,-0.00448319340806802,0.002224117525781317,-2.015717854879591,0.008424925087446652,50
Caucasus_Bronze,PD_Russian,R,0.009394177180417351,0.11124615580256131,0.08444496003160823,0.4714824409905005,50
Caucasus_Bronze,PD_Han,D_VA,-0.00444696386776032,0.005361842921302544,-0.8293722761054003,0.010038173298546116,50
Caucasus_Bronze,PD_Han,R,0.0703054385362738,0.25768396414086986,0.2728359087872439,0.5098681224878003,50
Caucasus_Bronze,PD_Japanese,D_VA,-0.003955601230226188,0.005846787559985726,-0.6765426637522375,0.010011420264544128,50
Caucasus_Bronze,PD_Japanese,R,-0.04070390969373072,0.27075794651568164,-0.15033320431603012,0.5191409337459459,50
Caucasus_Bronze,PD_Dai,D_VA,0.0008426964337315407,0.007076559326710105,0.11908279077811541,0.010337158682262567,50
Caucasus_Bronze,PD_Dai,R,0.13675522609273072,0.2916688278767372,0.46887158661509465,0.5297464026919086,50
Caucasus_Bronze,PD_Papuan,D_VA,0.007235680431905464,0.007734640124381545,0.9354902510715096,0.0112672269176443,50
Caucasus_Bronze,PD_Papuan,R,0.732511248717018,0.2972244832503063,2.4645050794827585,0.4684928142463247,50
Caucasus_Bronze,PD_Karitiana,D_VA,-0.019855945408543824,0.007084569228060213,-2.802703279389151,0.010564306291313004,50
Caucasus_Bronze,PD_Karitiana,R,-0.26494691211448496,0.3149524106003234,-0.8412283989491487,0.5766449589041337,50
Caucasus_Bronze,PD_Mixe,D_VA,-0.012389776799847999,0.006278098449342212,-1.9734919577672658,0.01093654057593772,50
Caucasus_Bronze,PD_Mixe,R,-0.3161982197488715,0.32124034629794296,-0.9843041927728624,0.5944329041922084,50
Caucasus_Bronze,PD_Mbuti,D_VA,0.09187732975632945,0.006935282474023305,13.247813639958267,0.007986500924294206,50
Caucasus_Bronze,PD_Mbuti,R,-76.66463645594969,2174.890998287195,-0.03524987528861256,2174.8735922198944,50
Caucasus_Bronze,PD_Biaka,D_VA,0.08163331859486192,0.0058414767028898045,13.974774315966638,0.007577388284666896,50
Caucasus_Bronze,PD_Biaka,R,34.637723688064085,474.9314891620577,0.07293204278616465,474.952759648806,50
Caucasus_Bronze,PD_Juhoan,D_VA,0.08994939540955442,0.008969310635136087,10.028573997335934,0.009237435926632051,50
Caucasus_Bronze,PD_Juhoan,R,3.8882307262784463,0.6667433566446833,5.831675242848408,0.7235401815918459,50
Caucasus_Bronze,PD_Mandenka,D_VA,0.06721958525884861,0.00613332667510445,10.95972688552479,0.0068059534697332185,50
Caucasus_Bronze,PD_Mandenka,R,-0.44438921081889493,2.8161869843003093,-0.15779819070831508,2.8432109004174624,50
Caucasus_Bronze,PD_Mende,D_VA,0.07067324084841375,0.006019527988207746,11.740661557993022,0.006347784939392984,50
Caucasus_Bronze,PD_Mende,R,-6.001035095453851,98.11006456435591,-0.06116635558340128,98.11250919613089,50
Caucasus_Bronze,PD_Esan,D_VA,0.07249303121435166,0.005989288157472773,12.10378083477297,0.006275473642738635,50
Caucasus_Bronze,PD_Esan,R,4.525717956451226,3.3945818184704484,1.3332181100558806,3.411371215992127,50
Caucasus_Bronze,PD_Gambian,D_VA,0.06870752171694065,0.0059353506324037915,11.575983622910986,0.006352458595887338,50
Caucasus_Bronze,PD_Gambian,R,0.9176120805547017,1.3546101423677692,0.6773993873623124,1.3590351504974054,50
Caucasus_Bronze,PD_Luhya,D_VA,0.06766999404790379,0.005348907411011767,12.651180670765012,0.0066882557139681924,50
Caucasus_Bronze,PD_Luhya,R,-0.9834051112966558,3.6073141570192155,-0.27261421337066466,3.681665440707308,50
Caucasus_Iron_Classical,Caucasus_Medieval_Recent,D_VA,-0.003273660024705735,0.0021984481920764676,-1.4890776305325228,0.008679351605270657,50
Caucasus_Iron_Classical,Caucasus_Medieval_Recent,R,-0.07221241247262222,0.10590659950055807,-0.6818499773684236,0.4625077484885823,50
Caucasus_Iron_Classical,Caucasus_Neolithic,D_VA,-0.0010030651472603819,0.0018681591130921317,-0.5369270423653223,0.008952827405833436,50
Caucasus_Iron_Classical,Caucasus_Neolithic,R,-0.04947488702667435,0.10962221880118657,-0.4513217080234726,0.4636142438047798,50
Caucasus_Iron_Classical,CentralAsia_Bronze,D_VA,0.0009035557501817226,0.0017843375624356462,0.5063816226277029,0.008764511556793792,50
Caucasus_Iron_Classical,CentralAsia_Bronze,R,0.06931684439736818,0.08654375928812205,0.800945613728173,0.44247359038780504,50
Caucasus_Iron_Classical,CentralAsia_Iron_Classical,D_VA,-0.002879573005902289,0.0022754061560652846,-1.2655204426807702,0.008590091461734782,50
Caucasus_Iron_Classical,CentralAsia_Iron_Classical,R,-0.10587749013233427,0.10047511861514952,-1.053768252196621,0.4700846605376786,50
Caucasus_Iron_Classical,CentralAsia_Medieval_Recent,D_VA,-0.0008281222719168785,0.0028264155942104457,-0.2929938094076406,0.008597836165616364,50
Caucasus_Iron_Classical,CentralAsia_Medieval_Recent,R,-0.056502662098507184,0.141904743426021,-0.3981731740205262,0.46572665071857383,50
Caucasus_Iron_Classical,CentralAsia_Neolithic,D_VA,0.0059685138542805855,0.0024349981061275562,2.4511369595159462,0.009230591435225696,50
Caucasus_Iron_Classical,CentralAsia_Neolithic,R,-0.1659833081632165,0.14635859522463557,-1.1340865079256899,0.51354978935056,50
Caucasus_Iron_Classical,EastAsia_Bronze,D_VA,-0.005667177208944954,0.004856340808083597,-1.1669644765276117,0.010004244828194248,50
Caucasus_Iron_Classical,EastAsia_Bronze,R,0.03022755649111053,0.20246538920201804,0.14929740144845083,0.4765588765036669,50
Caucasus_Iron_Classical,EastAsia_Iron_Classical,D_VA,-0.006479998076632146,0.004490867587821934,-1.4429278864075654,0.009742419483978857,50
Caucasus_Iron_Classical,EastAsia_Iron_Classical,R,0.04058949095141928,0.19733065353252396,0.20569278125220083,0.4756040317157735,50
Caucasus_Iron_Classical,EastAsia_LateGlacial_Meso,D_VA,-0.0022106613794374147,0.005701400175779712,-0.38774008336208204,0.010362443194980682,50
Caucasus_Iron_Classical,EastAsia_LateGlacial_Meso,R,0.12523063098469622,0.24005249993193595,0.5216801783784959,0.4947583053137378,50
Caucasus_Iron_Classical,EastAsia_Medieval_Recent,D_VA,-0.005523207410174827,0.004264582892999251,-1.2951342601973423,0.00965588210636028,50
Caucasus_Iron_Classical,EastAsia_Medieval_Recent,R,0.07690762593063472,0.16786189475965127,0.4581601205011591,0.4571807226342249,50
Caucasus_Iron_Classical,EastAsia_Neolithic,D_VA,-0.007219508202863101,0.0044963487557174685,-1.605637950944734,0.009741198521745528,50
Caucasus_Iron_Classical,EastAsia_Neolithic,R,-0.17010040927145953,0.22249928928609897,-0.7644986634215144,0.5174282142727455,50
Caucasus_Iron_Classical,Europe_Bronze,D_VA,-0.006340441174978728,0.0016611041049312738,-3.8170040975493564,0.008692088904002459,50
Caucasus_Iron_Classical,Europe_Bronze,R,-0.06188673254833077,0.07418674054856754,-0.8342020702178663,0.46185100323911216,50
Caucasus_Iron_Classical,Europe_Iron_Classical,D_VA,-0.006122926457624925,0.0016165694805747631,-3.7876048825615274,0.008644700697803325,50
Caucasus_Iron_Classical,Europe_Iron_Classical,R,-0.11287546777542579,0.06635712814377513,-1.7010300314814706,0.46520236059024006,50
Caucasus_Iron_Classical,Europe_LateGlacial_Meso,D_VA,-0.007796300173745871,0.003429994100658352,-2.272977720938194,0.008714097499096941,50
Caucasus_Iron_Classical,Europe_LateGlacial_Meso,R,-0.06918729930461298,0.14295136820398638,-0.4839918650228323,0.473236843795757,50
Caucasus_Iron_Classical,Europe_Medieval_Recent,D_VA,-0.007554500509799139,0.0016118360677239139,-4.686891341541269,0.008641297236130597,50
Caucasus_Iron_Classical,Europe_Medieval_Recent,R,-0.05319168588843448,0.06325628495095884,-0.8408917142331832,0.44829318144342645,50
Caucasus_Iron_Classical,Europe_Neolithic,D_VA,-0.0057305572613645245,0.0021962035142018446,-2.6093015625863583,0.008930290781394562,50
Caucasus_Iron_Classical,Europe_Neolithic,R,-0.07135496525223273,0.10006946681498372,-0.7130543163996206,0.46408974340692205,50
Caucasus_Iron_Classical,Europe_Palaeolithic,D_VA,-0.0020918943648115668,0.004137587527818857,-0.5055831086948186,0.008262498356164166,50
Caucasus_Iron_Classical,Europe_Palaeolithic,R,0.4462026448827392,0.1721454464048432,2.592009572146229,0.4084377345043498,50
Caucasus_Iron_Classical,InnerAsia_Bronze,D_VA,-0.006566808239492142,0.003040179344259833,-2.1600068600857187,0.009369537859013467,50
Caucasus_Iron_Classical,InnerAsia_Bronze,R,0.024921581838621254,0.12356451554891627,0.20168882407632138,0.46146592297888533,50
Caucasus_Iron_Classical,InnerAsia_Iron_Classical,D_VA,-0.005214735790832856,0.0027386655786793518,-1.9041155778309824,0.008778011049258641,50
Caucasus_Iron_Classical,InnerAsia_Iron_Classical,R,0.07827177262597518,0.11709262325929563,0.668460321814179,0.4402630683860624,50
Caucasus_Iron_Classical,InnerAsia_Medieval_Recent,D_VA,-0.00495763506086043,0.003356005780360104,-1.477242706157815,0.00900385882358935,50
Caucasus_Iron_Classical,InnerAsia_Medieval_Recent,R,-0.0042070185975759955,0.14477269414275004,-0.029059475769842028,0.4550193789422152,50
Caucasus_Iron_Classical,NearEast_Bronze,D_VA,0.0011793370261698188,0.002466267188749761,0.478187047838749,0.008948945901797385,50
Caucasus_Iron_Classical,NearEast_Bronze,R,-0.09049308820851154,0.12166594138520319,-0.7437832410469243,0.47930968982878214,50
Caucasus_Iron_Classical,NearEast_Iron_Classical,D_VA,-0.002159645287082193,0.003554071678975425,-0.6076538354186429,0.0093587441070066,50
Caucasus_Iron_Classical,NearEast_Iron_Classical,R,-0.07535020796376646,0.1571123275802372,-0.4795944985620886,0.464634603163593,50
Caucasus_Iron_Classical,NearEast_Medieval_Recent,D_VA,0.0014697650458396772,0.0032251819670619255,0.4557153862479899,0.008894364450141402,50
Caucasus_Iron_Classical,NearEast_Medieval_Recent,R,-0.10350929243476914,0.14676505317596358,-0.7052720671225932,0.45447815998654195,50
Caucasus_Iron_Classical,Siberia_Bronze,D_VA,-0.006216888691551847,0.0025169775682460653,-2.469981763041311,0.009066327620757837,50
Caucasus_Iron_Classical,Siberia_Bronze,R,0.09980843977494924,0.11382438483783391,0.8768634235726093,0.446209083884407,50
Caucasus_Iron_Classical,Siberia_Iron_Classical,D_VA,-0.005670508643983996,0.002806215944141965,-2.020695754302623,0.00927876935677526,50
Caucasus_Iron_Classical,Siberia_Iron_Classical,R,0.07000938165250714,0.12073250091410058,0.5798718747847177,0.45736188839003344,50
Caucasus_Iron_Classical,Siberia_Neolithic,D_VA,-0.005853422228131705,0.003891003994465709,-1.504347524818068,0.009767455595521097,50
Caucasus_Iron_Classical,Siberia_Neolithic,R,0.09025599893053382,0.1668544261694644,0.5409266089163618,0.4705563185042025,50
Caucasus_Iron_Classical,SouthAsia_Iron_Classical,D_VA,-0.001991000492934658,0.005355636602601699,-0.3717579516069959,0.010284542516815287,50
Caucasus_Iron_Classical,SouthAsia_Iron_Classical,R,0.01821479377102353,0.2349958347997669,0.07751113455497552,0.5204023600200447,50
Caucasus_Iron_Classical,SouthAsia_Medieval_Recent,D_VA,-0.0023253029582604445,0.004906610078744128,-0.4739123184729645,0.009508872873298586,50
Caucasus_Iron_Classical,SouthAsia_Medieval_Recent,R,0.119312028949206,0.2300649079755615,0.5186015981276025,0.4741780348024617,50
Caucasus_Iron_Classical,WestSiberia_Bronze,D_VA,-0.004655532070221749,0.0021515421110515453,-2.16381173592108,0.008913807028602816,50
Caucasus_Iron_Classical,WestSiberia_Bronze,R,0.07096879921905108,0.08971220656864991,0.7910718277199443,0.4520619726261601,50
Caucasus_Iron_Classical,WestSiberia_Iron_Classical,D_VA,-0.004999356931474713,0.0026186042017737076,-1.9091686052013537,0.008965417445159428,50
Caucasus_Iron_Classical,WestSiberia_Iron_Classical,R,-0.0049246654083119346,0.09355079363786926,-0.052641620843699985,0.4541034980586741,50
Caucasus_Iron_Classical,WestSiberia_LateGlacial_Meso,D_VA,-0.006657309754110857,0.004638176567857788,-1.4353290903682947,0.009691495131991917,50
Caucasus_Iron_Classical,WestSiberia_LateGlacial_Meso,R,0.18658718138747554,0.18031183485387492,1.0348027434731957,0.45350844421801867,50
Caucasus_Iron_Classical,WestSiberia_Medieval_Recent,D_VA,-0.005427070948408733,0.002573896796580062,-2.1085037114229617,0.00890144106513804,50
Caucasus_Iron_Classical,WestSiberia_Medieval_Recent,R,0.0654111378197424,0.10753236430927074,0.6082925660558834,0.4440059875164432,50
Caucasus_Iron_Classical,WestSiberia_Neolithic,D_VA,-0.005521568960344891,0.003301990987906108,-1.6721938311062092,0.009275752374157396,50
Caucasus_Iron_Classical,WestSiberia_Neolithic,R,0.0758885769119435,0.12406070756254059,0.6117051756591595,0.4695622030730953,50
Caucasus_Iron_Classical,ANC_Americas,D_VA,-0.010003073756458203,0.004852576724632674,-2.061394249714909,0.010263190254336887,50
Caucasus_Iron_Classical,ANC_Americas,R,-0.11230182290535806,0.1996344859484077,-0.5625371907656308,0.49019051791589263,50
Caucasus_Iron_Classical,ANC_Oceania,D_VA,-0.004088030254660882,0.005361662090873289,-0.7624557805721468,0.01005308223231311,50
Caucasus_Iron_Classical,ANC_Oceania,R,0.1948836912918459,0.19460663073429638,1.0014236953617877,0.44562269094989765,50
Caucasus_Iron_Classical,ANC_Africa,D_VA,0.03415539579852988,0.003264991204408864,10.461098869855551,0.007375736360364008,50
Caucasus_Iron_Classical,ANC_Africa,R,0.1462253946737806,0.15306074742864936,0.9553422228121868,0.4887480460828813,50
Caucasus_Iron_Classical,PD_French,D_VA,-0.00605691935389116,0.0028741546610359346,-2.1073741910980037,0.008883217866378046,50
Caucasus_Iron_Classical,PD_French,R,-0.1740771912769068,0.1126414947776759,-1.5454091018632918,0.4805545984045613,50
Caucasus_Iron_Classical,PD_Sardinian,D_VA,-0.0037137990894294537,0.0032181109345675155,-1.1540307854329932,0.009557895875745582,50
Caucasus_Iron_Classical,PD_Sardinian,R,-0.1574757250295722,0.1371113515753934,-1.1485243433180006,0.4958247210006185,50
Caucasus_Iron_Classical,PD_Basque,D_VA,-0.006850487438183145,0.0031670502808795313,-2.1630497878551758,0.00905926218510562,50
Caucasus_Iron_Classical,PD_Basque,R,-0.23563180742451184,0.1633300816900339,-1.4426724396776547,0.4952838815186294,50
Caucasus_Iron_Classical,PD_Russian,D_VA,-0.006925067531330473,0.002509334920355652,-2.7597222973922393,0.008483425608184752,50
Caucasus_Iron_Classical,PD_Russian,R,-0.08630919772001144,0.1250901886285589,-0.689975758021253,0.45633335152962434,50
Caucasus_Iron_Classical,PD_Han,D_VA,-0.006888837991022773,0.005258387193217451,-1.3100667063673752,0.010087322265703672,50
Caucasus_Iron_Classical,PD_Han,R,-0.025397936364154994,0.24658879547937784,-0.1029971224555457,0.4958930710194825,50
Caucasus_Iron_Classical,PD_Japanese,D_VA,-0.006397475353488641,0.005745108703589218,-1.1135516634336025,0.010060699927631362,50
Caucasus_Iron_Classical,PD_Japanese,R,-0.13640728459415952,0.25907663268886855,-0.5265132682111642,0.5054223428445873,50
Caucasus_Iron_Classical,PD_Dai,D_VA,-0.0015991776895309118,0.007202912394474713,-0.22201820624080143,0.010384892726590544,50
Caucasus_Iron_Classical,PD_Dai,R,0.041051851192301925,0.28655796380445214,0.1432584551037493,0.5163096810257549,50
Caucasus_Iron_Classical,PD_Papuan,D_VA,0.004793806308643012,0.00789833068995069,0.6069391744691485,0.01131103663393436,50
Caucasus_Iron_Classical,PD_Papuan,R,0.6368078738165892,0.2852261034726459,2.2326423355485807,0.4532438113822849,50
Caucasus_Iron_Classical,PD_Karitiana,D_VA,-0.022297819531806276,0.007210675368490944,-3.092334405906389,0.010611018553239475,50
Caucasus_Iron_Classical,PD_Karitiana,R,-0.36065028701491375,0.31545398322932794,-1.1432738408401364,0.5643260087798976,50
Caucasus_Iron_Classical,PD_Mixe,D_VA,-0.014831650923110451,0.005899884083210829,-2.513888529660533,0.010981669594813396,50
Caucasus_Iron_Classical,PD_Mixe,R,-0.4119015946493003,0.3125998795109553,-1.317663958456084,0.5824902687103727,50
Caucasus_Iron_Classical,PD_Mbuti,D_VA,0.089435455633067,0.006921252852779354,12.921859312964209,0.008048188885349862,50
Caucasus_Iron_Classical,PD_Mbuti,R,-76.76033983085011,2174.8890251736702,-0.035293911065057956,2174.8735889885425,50
Caucasus_Iron_Classical,PD_Biaka,D_VA,0.07919144447159947,0.005992374112218616,13.215370567422672,0.007642379245832019,50
Caucasus_Iron_Classical,PD_Biaka,R,34.542020313163654,474.92638463922134,0.07273131464238097,474.9527448520032,50
Caucasus_Iron_Classical,PD_Juhoan,D_VA,0.08750752128629197,0.009130699030233709,9.58387972230119,0.009290821805370579,50
Caucasus_Iron_Classical,PD_Juhoan,R,3.7925273513780176,0.6625161527477276,5.724430016760865,0.7137610454023534,50
Caucasus_Iron_Classical,PD_Mandenka,D_VA,0.06477771113558616,0.006292229771036794,10.294873755843867,0.006878237416132893,50
Caucasus_Iron_Classical,PD_Mandenka,R,-0.5400925857193237,2.8148034835170486,-0.19187576997186578,2.840738048431882,50
Caucasus_Iron_Classical,PD_Mende,D_VA,0.0682313667251513,0.006125305620360824,11.13925915767318,0.006425225362374556,50
Caucasus_Iron_Classical,PD_Mende,R,-6.09673847035428,98.11740982478378,-0.06213717301793556,98.11243756627609,50
Caucasus_Iron_Classical,PD_Esan,D_VA,0.07005115709108921,0.006049647416632592,11.579378477247142,0.006353795461078691,50
Caucasus_Iron_Classical,PD_Esan,R,4.430014581550797,3.389409101129785,1.3070167835668314,3.4093104887726935,50
Caucasus_Iron_Classical,PD_Gambian,D_VA,0.0662656475936782,0.005982565414289915,11.076460181345702,0.006429842730034677,50
Caucasus_Iron_Classical,PD_Gambian,R,0.8219087056542729,1.352442783789816,0.6077216097461215,1.353854119114539,50
Caucasus_Iron_Classical,PD_Luhya,D_VA,0.06522811992464134,0.005281969986017202,12.349203061985916,0.006761797972133228,50
Caucasus_Iron_Classical,PD_Luhya,R,-1.0791084861970845,3.5950299214246133,-0.3001667607176585,3.6797560860544056,50
Caucasus_Medieval_Recent,Caucasus_Neolithic,D_VA,0.0022705948774453533,0.0026786075348957153,0.8476773278149361,0.008915360993782788,50
Caucasus_Medieval_Recent,Caucasus_Neolithic,R,0.02273752544594787,0.12132382821877498,0.18741186937282298,0.4690221806637,50
Caucasus_Medieval_Recent,CentralAsia_Bronze,D_VA,0.004177215774887458,0.0028831324702652344,1.4488462871437795,0.008726236641301526,50
Caucasus_Medieval_Recent,CentralAsia_Bronze,R,0.1415292568699904,0.12841475897801208,1.1021260951338456,0.4481367169587086,50
Caucasus_Medieval_Recent,CentralAsia_Iron_Classical,D_VA,0.0003940870188034462,0.002798541813665433,0.14081869953813006,0.008551035867764218,50
Caucasus_Medieval_Recent,CentralAsia_Iron_Classical,R,-0.03366507765971205,0.1331535858247747,-0.2528289227149622,0.4754190014804616,50
Caucasus_Medieval_Recent,CentralAsia_Medieval_Recent,D_VA,0.0024455377527888567,0.002969821688776334,0.8234628233846929,0.008558815912356221,50
Caucasus_Medieval_Recent,CentralAsia_Medieval_Recent,R,0.01570975037411504,0.14253583817706678,0.11021614335757034,0.4711103396078196,50
Caucasus_Medieval_Recent,CentralAsia_Neolithic,D_VA,0.00924217387898632,0.0031138495419789107,2.9680862078881125,0.009194256975682338,50
Caucasus_Medieval_Recent,CentralAsia_Neolithic,R,-0.09377089569059427,0.1474653006976493,-0.6358844775480734,0.5184370984390093,50
Caucasus_Medieval_Recent,EastAsia_Bronze,D_VA,-0.002393517184239219,0.005331368689078525,-0.4489498520600186,0.009970730047156665,50
Caucasus_Medieval_Recent,EastAsia_Bronze,R,0.10243996896373275,0.20707010482758045,0.49471153283585134,0.4818215454608603,50
Caucasus_Medieval_Recent,EastAsia_Iron_Classical,D_VA,-0.0032063380519264106,0.005026614341848801,-0.6378723000951594,0.009708000849435081,50
Caucasus_Medieval_Recent,EastAsia_Iron_Classical,R,0.1128019034240415,0.20215050907431073,0.5580094947105744,0.4808771505074379,50
Caucasus_Medieval_Recent,EastAsia_LateGlacial_Meso,D_VA,0.0010629986452683204,0.00614220499747995,0.1730646641889113,0.010330090612382005,50
Caucasus_Medieval_Recent,EastAsia_LateGlacial_Meso,R,0.19744304345731845,0.2563545047240207,0.7701953342691458,0.49982939046516306,50
Caucasus_Medieval_Recent,EastAsia_Medieval_Recent,D_VA,-0.0022495473854690917,0.004877160367138018,-0.46124121745645114,0.009621153898714539,50
Caucasus_Medieval_Recent,EastAsia_Medieval_Recent,R,0.14912003840325694,0.1777336546126187,0.8390084518785884,0.46266386507291307,50
Caucasus_Medieval_Recent,EastAsia_Neolithic,D_VA,-0.003945848178157366,0.004967129124102314,-0.7943921085140866,0.009706775557870834,50
Caucasus_Medieval_Recent,EastAsia_Neolithic,R,-0.0978879967988373,0.2216339634381157,-0.4416651459024665,0.5222792316580632,50
Caucasus_Medieval_Recent,Europe_Bronze,D_VA,-0.003066781150272993,0.0023572626646898394,-1.3009925436868994,0.008653493664752059,50
Caucasus_Medieval_Recent,Europe_Bronze,R,0.010325679924291453,0.10770763278577003,0.09586767118751167,0.4672793469530073,50
Caucasus_Medieval_Recent,Europe_Iron_Classical,D_VA,-0.0028492664329191897,0.0023103716544478877,-1.2332502554010438,0.008605892937134568,50
Caucasus_Medieval_Recent,Europe_Iron_Classical,R,-0.040663055302803564,0.10094236070111384,-0.40283439995231723,0.47059204752586536,50
Caucasus_Medieval_Recent,Europe_LateGlacial_Meso,D_VA,-0.004522640149040136,0.004020747075933531,-1.1248258255563304,0.00867560017028153,50
Caucasus_Medieval_Recent,Europe_LateGlacial_Meso,R,0.0030251131680092413,0.15692312339218364,0.01927767624436618,0.4785360479855455,50
Caucasus_Medieval_Recent,Europe_Medieval_Recent,D_VA,-0.004280840485093404,0.002384046672295752,-1.7956194125055056,0.008602474121668698,50
Caucasus_Medieval_Recent,Europe_Medieval_Recent,R,0.01902072658418774,0.09881919923028525,0.19248007201376344,0.4538837025324036,50
Caucasus_Medieval_Recent,Europe_Neolithic,D_VA,-0.0024568972366587893,0.0027657988227575087,-0.8883137907366871,0.008892729419648505,50
Caucasus_Medieval_Recent,Europe_Neolithic,R,0.0008574472203894956,0.12405880906863703,0.006911618988016422,0.46949220316354284,50
Caucasus_Medieval_Recent,Europe_Palaeolithic,D_VA,0.0011817656598941684,0.004715562457525923,0.2506096930193553,0.008221886777159907,50
Caucasus_Medieval_Recent,Europe_Palaeolithic,R,0.5184150573553614,0.18415712556543315,2.815069228321348,0.4145660645336282,50
Caucasus_Medieval_Recent,InnerAsia_Bronze,D_VA,-0.0032931482147864066,0.0034419762159144333,-0.956760886249039,0.009333744306670718,50
Caucasus_Medieval_Recent,InnerAsia_Bronze,R,0.09713399431124348,0.12833305891550836,0.7568898858336599,0.4668987438049166,50
Caucasus_Medieval_Recent,InnerAsia_Iron_Classical,D_VA,-0.0019410757661271205,0.003269943700620522,-0.5936113718896052,0.008739795253421454,50
Caucasus_Medieval_Recent,InnerAsia_Iron_Classical,R,0.1504841850985974,0.13643744900399443,1.1029536699575182,0.44595426702809476,50
Caucasus_Medieval_Recent,InnerAsia_Medieval_Recent,D_VA,-0.0016839750361546946,0.003939328843277685,-0.42747764991194726,0.008966605645725096,50
Caucasus_Medieval_Recent,InnerAsia_Medieval_Recent,R,0.06800539387504623,0.16076761812356893,0.423004300671893,0.460528255494507,50
Caucasus_Medieval_Recent,NearEast_Bronze,D_VA,0.004452997050875554,0.0032482753861436385,1.3708803969857262,0.008911463170777153,50
Caucasus_Medieval_Recent,NearEast_Bronze,R,-0.018280675735889318,0.15330833232203916,-0.1192412405705971,0.4845424828223197,50
Caucasus_Medieval_Recent,NearEast_Iron_Classical,D_VA,0.001114014737623542,0.004565990998805168,0.24398093161266818,0.009322909114179552,50
Caucasus_Medieval_Recent,NearEast_Iron_Classical,R,-0.003137795491144235,0.1892795867484967,-0.01657756943073607,0.47003080042997625,50
Caucasus_Medieval_Recent,NearEast_Medieval_Recent,D_VA,0.004743425070545412,0.003512737897832288,1.3503498434860688,0.008856650724893724,50
Caucasus_Medieval_Recent,NearEast_Medieval_Recent,R,-0.03129687996214692,0.1764514195313262,-0.17736825266282794,0.459993518215863,50
Caucasus_Medieval_Recent,Siberia_Bronze,D_VA,-0.002943228666846112,0.002988313804260634,-0.9849128504007039,0.009029332180052842,50
Caucasus_Medieval_Recent,Siberia_Bronze,R,0.17202085224757147,0.12419397323821765,1.3850982278956212,0.45182539264279553,50
Caucasus_Medieval_Recent,Siberia_Iron_Classical,D_VA,-0.0023968486192782607,0.0035049745976315646,-0.6838419373703581,0.009242624295461377,50
Caucasus_Medieval_Recent,Siberia_Iron_Classical,R,0.14222179412512936,0.13675263312336064,1.0399930946619151,0.4628428846245257,50
Caucasus_Medieval_Recent,Siberia_Neolithic,D_VA,-0.00257976220342597,0.0042639587438017615,-0.605015751424894,0.00973312549499377,50
Caucasus_Medieval_Recent,Siberia_Neolithic,R,0.16246841140315604,0.16219194254102726,1.0017045782780414,0.4758853725216642,50
Caucasus_Medieval_Recent,SouthAsia_Iron_Classical,D_VA,0.001282659531771077,0.00545939774376774,0.2349452434080878,0.010251944102022927,50
Caucasus_Medieval_Recent,SouthAsia_Iron_Classical,R,0.09042720624364575,0.2296393279625692,0.39377926701817045,0.5252259087385988,50
Caucasus_Medieval_Recent,SouthAsia_Medieval_Recent,D_VA,0.0009483570664452906,0.005282199209325232,0.17953830002682486,0.009473605776649938,50
Caucasus_Medieval_Recent,SouthAsia_Medieval_Recent,R,0.19152444142182823,0.24329064625135088,0.7872248455617096,0.4794668367937236,50
Caucasus_Medieval_Recent,WestSiberia_Bronze,D_VA,-0.0013818720455160138,0.0023487303741733406,-0.5883485225512007,0.008876175912744763,50
Caucasus_Medieval_Recent,WestSiberia_Bronze,R,0.1431812116916733,0.10655462703772708,1.3437352808806518,0.45760645317839405,50
Caucasus_Medieval_Recent,WestSiberia_Iron_Classical,D_VA,-0.0017256969067689781,0.003118149186493114,-0.5534362865780056,0.008928003867426938,50
Caucasus_Medieval_Recent,WestSiberia_Iron_Classical,R,0.06728774706431029,0.1194611233039264,0.5632606257444986,0.4596233521536725,50
Caucasus_Medieval_Recent,WestSiberia_LateGlacial_Meso,D_VA,-0.003383649729405122,0.005111814972281405,-0.6619272700113005,0.009656894997060099,50
Caucasus_Medieval_Recent,WestSiberia_LateGlacial_Meso,R,0.25879959386009777,0.19764279875114993,1.3094309304228673,0.4590354538299873,50
Caucasus_Medieval_Recent,WestSiberia_Medieval_Recent,D_VA,-0.0021534109237029975,0.0031847426796355505,-0.676164808376112,0.008863757449690689,50
Caucasus_Medieval_Recent,WestSiberia_Medieval_Recent,R,0.13762355029236462,0.13368067741098946,1.029494710512673,0.44964981468505755,50
Caucasus_Medieval_Recent,WestSiberia_Neolithic,D_VA,-0.0022479089356391563,0.0036987207472997117,-0.6077530825435429,0.009239595510492218,50
Caucasus_Medieval_Recent,WestSiberia_Neolithic,R,0.14810098938456573,0.1459941853565754,1.014430739298587,0.47490241255516213,50
Caucasus_Medieval_Recent,ANC_Americas,D_VA,-0.006729413731752468,0.00507203259804291,-1.3267686280938087,0.010230523803185105,50
Caucasus_Medieval_Recent,ANC_Americas,R,-0.04008941043273584,0.20465944484774526,-0.19588351010411484,0.4953083713713162,50
Caucasus_Medieval_Recent,ANC_Oceania,D_VA,-0.000814370229955147,0.005701662621520306,-0.14283030828260426,0.010019730807784753,50
Caucasus_Medieval_Recent,ANC_Oceania,R,0.26709610376446813,0.22105918149687673,1.2082560966518454,0.4512462981402536,50
Caucasus_Medieval_Recent,ANC_Africa,D_VA,0.037429055823235614,0.0034685125837492525,10.791097024874295,0.0073302134995112565,50
Caucasus_Medieval_Recent,ANC_Africa,R,0.21843780714640282,0.18501598275376624,1.1806429039004536,0.49388084741735927,50
Caucasus_Medieval_Recent,PD_French,D_VA,-0.002783259329185425,0.0033843214075676515,-0.8223980508948716,0.008845456616385583,50
Caucasus_Medieval_Recent,PD_French,R,-0.10186477880428457,0.14516588511657474,-0.7017129315367903,0.48577398133661276,50
Caucasus_Medieval_Recent,PD_Sardinian,D_VA,-0.00044013906472371855,0.0037332261626895234,-0.11789777676009582,0.009522810334266656,50
Caucasus_Medieval_Recent,PD_Sardinian,R,-0.08526331255694997,0.16462536303028624,-0.5179233077303163,0.5008850096091875,50
Caucasus_Medieval_Recent,PD_Basque,D_VA,-0.0035768274134774097,0.003438237114073492,-1.0403085345209717,0.009022237772820333,50
Caucasus_Medieval_Recent,PD_Basque,R,-0.16341939495188962,0.1689736020622137,-0.9671297348074577,0.5003496399399268,50
Caucasus_Medieval_Recent,PD_Russian,D_VA,-0.0036514075066247376,0.0029888101725268107,-1.2216926789759122,0.008443876665396423,50
Caucasus_Medieval_Recent,PD_Russian,R,-0.01409678524738922,0.14392565111159264,-0.097944912102286,0.46182655468705386,50
Caucasus_Medieval_Recent,PD_Han,D_VA,-0.0036151779663170375,0.005688826163841506,-0.6354875087052771,0.010054084422909051,50
Caucasus_Medieval_Recent,PD_Han,R,0.04681447610846723,0.24816991664922267,0.188638803367281,0.5009526692023789,50
Caucasus_Medieval_Recent,PD_Japanese,D_VA,-0.0031238153287829057,0.005999915998504599,-0.5206431772647278,0.01002737383987767,50
Caucasus_Medieval_Recent,PD_Japanese,R,-0.0641948721215373,0.2569121972207485,-0.24987086178076115,0.5103874837242448,50
Caucasus_Medieval_Recent,PD_Dai,D_VA,0.0016744823351748234,0.007722886759990507,0.21682078052079085,0.01035261030048048,50
Caucasus_Medieval_Recent,PD_Dai,R,0.11326426366492415,0.30106967335215673,0.37620615322633516,0.5211711097295891,50
Caucasus_Medieval_Recent,PD_Papuan,D_VA,0.008067466333348747,0.008327853461585289,0.9687329839030363,0.011281404736336096,50
Caucasus_Medieval_Recent,PD_Papuan,R,0.7090202862892114,0.30596449894595334,2.3173286075076813,0.45877400912889005,50
Caucasus_Medieval_Recent,PD_Karitiana,D_VA,-0.01902415950710054,0.007249367265093107,-2.624251029287065,0.010579426157784445,50
Caucasus_Medieval_Recent,PD_Karitiana,R,-0.28843787454229153,0.32031831365172003,-0.9004726306592264,0.5687771822790569,50
Caucasus_Medieval_Recent,PD_Mixe,D_VA,-0.011557990898404716,0.005856956346259929,-1.9733783581612814,0.010951146523559548,50
Caucasus_Medieval_Recent,PD_Mixe,R,-0.3396891821766781,0.3009805490550898,-1.1286084208534795,0.5868036741859554,50
Caucasus_Medieval_Recent,PD_Mbuti,D_VA,0.09270911565777273,0.006810462336482386,13.612749190484053,0.008006490331293133,50
Caucasus_Medieval_Recent,PD_Mbuti,R,-76.68812741837749,2174.8797838998976,-0.03526085808791866,2174.8735901480673,50
Caucasus_Medieval_Recent,PD_Biaka,D_VA,0.0824651044963052,0.005689483372626194,14.494304508045401,0.007598454028810424,50
Caucasus_Medieval_Recent,PD_Biaka,R,34.61423272563628,474.9286742466508,0.07288301297145858,474.952750161625,50
Caucasus_Medieval_Recent,PD_Juhoan,D_VA,0.0907811813109977,0.009232806827755196,9.832457561886372,0.00925472381597478,50
Caucasus_Medieval_Recent,PD_Juhoan,R,3.8647397638506398,0.661293619479348,5.844211481873121,0.71728548628124,50
Caucasus_Medieval_Recent,PD_Mandenka,D_VA,0.06805137116029189,0.006057729900668717,11.23380742888184,0.006829399171487332,50
Caucasus_Medieval_Recent,PD_Mandenka,R,-0.4678801732467015,2.7962210073105394,-0.16732589163140502,2.8416256436597047,50
Caucasus_Medieval_Recent,PD_Mende,D_VA,0.07150502674985704,0.006121286622582568,11.681372096849975,0.006372916447602512,50
Caucasus_Medieval_Recent,PD_Mende,R,-6.0245260578816575,98.1100377616128,-0.06140580714605386,98.1124632696342,50
Caucasus_Medieval_Recent,PD_Esan,D_VA,0.07332481711579494,0.005943794727593686,12.336364305346747,0.006300893575680003,50
Caucasus_Medieval_Recent,PD_Esan,R,4.502226994023419,3.383988793241083,1.330449735240205,3.410050094610247,50
Caucasus_Medieval_Recent,PD_Gambian,D_VA,0.06953930761838394,0.005834941568897783,11.91773847214718,0.006377571687076607,50
Caucasus_Medieval_Recent,PD_Gambian,R,0.8941211181268951,1.3433913799718618,0.6655700873602621,1.3557155360691486,50
Caucasus_Medieval_Recent,PD_Luhya,D_VA,0.06850177994934707,0.005117459662930986,13.385895436665388,0.00671211255170579,50
Caucasus_Medieval_Recent,PD_Luhya,R,-1.0068960737244623,3.5972012690238695,-0.2799109636691783,3.680441344696352,50
Caucasus_Neolithic,CentralAsia_Bronze,D_VA,0.0019066208974421045,0.0025786738498553693,0.7393803980092487,0.008998287625471928,50
Caucasus_Neolithic,CentralAsia_Bronze,R,0.11879173142404253,0.1356238099204712,0.8758914197566129,0.44927860702823347,50
Caucasus_Neolithic,CentralAsia_Iron_Classical,D_VA,-0.001876507858641907,0.002614625084436485,-0.7176967244029712,0.008828487338299698,50
Caucasus_Neolithic,CentralAsia_Iron_Classical,R,-0.05640260310565992,0.12283252371639217,-0.45918297043125,0.47649551583973937,50
Caucasus_Neolithic,CentralAsia_Medieval_Recent,D_VA,0.0001749428753435034,0.0027689515708811574,0.06318018602536689,0.008836023092564324,50
Caucasus_Neolithic,CentralAsia_Medieval_Recent,R,-0.007027775071832831,0.1423449727006803,-0.049371431519472576,0.4721966769600303,50
Caucasus_Neolithic,CentralAsia_Neolithic,D_VA,0.006971579001540967,0.0028709341356631655,2.428331223255521,0.0094528480155777,50
Caucasus_Neolithic,CentralAsia_Neolithic,R,-0.11650842113654214,0.16357568635554942,-0.7122600169520212,0.5194244648498559,50
Caucasus_Neolithic,EastAsia_Bronze,D_VA,-0.004664112061684572,0.004880507150735271,-0.955661351911328,0.010209673449430233,50
Caucasus_Neolithic,EastAsia_Bronze,R,0.07970244351778488,0.2204705749202912,0.3615105714066399,0.4828837865542723,50
Caucasus_Neolithic,EastAsia_Iron_Classical,D_VA,-0.005476932929371764,0.004539576203418027,-1.206485514054806,0.00995325347629408,50
Caucasus_Neolithic,EastAsia_Iron_Classical,R,0.09006437797809363,0.2113877772366027,0.4260623729312699,0.4819414731342938,50
Caucasus_Neolithic,EastAsia_LateGlacial_Meso,D_VA,-0.0012075962321770328,0.005477705900130183,-0.22045656597743465,0.010560906510842273,50
Caucasus_Neolithic,EastAsia_LateGlacial_Meso,R,0.17470551801137058,0.25292175755260016,0.6907492645231877,0.5008534408581782,50
Caucasus_Neolithic,EastAsia_Medieval_Recent,D_VA,-0.004520142262914445,0.004139869049741447,-1.0918563385952382,0.009868565073681073,50
Caucasus_Neolithic,EastAsia_Medieval_Recent,R,0.12638251295730907,0.17218301040095588,0.7340010646985845,0.4637699879152454,50
Caucasus_Neolithic,EastAsia_Neolithic,D_VA,-0.006216443055602719,0.004566824246259079,-1.361217931847263,0.009952058380134562,50
Caucasus_Neolithic,EastAsia_Neolithic,R,-0.12062552224478518,0.23779530613711675,-0.5072662038805361,0.5232593481898217,50
Caucasus_Neolithic,Europe_Bronze,D_VA,-0.005337376027718346,0.0017609030075547327,-3.031044870057926,0.008927761582649478,50
Caucasus_Neolithic,Europe_Bronze,R,-0.012411845521656417,0.08816276173406269,-0.14078331120225057,0.4683745699069593,50
Caucasus_Neolithic,Europe_Iron_Classical,D_VA,-0.005119861310364543,0.0017750059276382835,-2.884419274687563,0.008881630904071087,50
Caucasus_Neolithic,Europe_Iron_Classical,R,-0.06340058074875143,0.08232210434890919,-0.7701525762757245,0.47167957857139253,50
Caucasus_Neolithic,Europe_LateGlacial_Meso,D_VA,-0.006793235026485489,0.0032918994696044756,-2.063621653458847,0.008949190610626016,50
Caucasus_Neolithic,Europe_LateGlacial_Meso,R,-0.01971241227793863,0.14780314279694337,-0.13336937161762633,0.47960556592717357,50
Caucasus_Neolithic,Europe_Medieval_Recent,D_VA,-0.006551435362538757,0.0018097598658142822,-3.6200578244070014,0.00887831826894641,50
Caucasus_Neolithic,Europe_Medieval_Recent,R,-0.003716798861760129,0.08885795786233552,-0.041828542442067296,0.4550111702708227,50
Caucasus_Neolithic,Europe_Neolithic,D_VA,-0.004727492114104143,0.002423669701603626,-1.9505513110867325,0.009159836832706682,50
Caucasus_Neolithic,Europe_Neolithic,R,-0.021880078225558375,0.1173778749988396,-0.18640717618865293,0.4705822759922621,50
Caucasus_Neolithic,Europe_Palaeolithic,D_VA,-0.0010888292175511849,0.004278017100402386,-0.25451726629348226,0.008510076171642933,50
Caucasus_Neolithic,Europe_Palaeolithic,R,0.49567753190941355,0.16163758618163024,3.066598206635099,0.41580015814042265,50
Caucasus_Neolithic,InnerAsia_Bronze,D_VA,-0.00556374309223176,0.0030655436079526817,-1.8149287055640668,0.009588574297205813,50
Caucasus_Neolithic,InnerAsia_Bronze,R,0.0743964688652956,0.12341303170506143,0.6028250650473603,0.46799485746459785,50
Caucasus_Neolithic,InnerAsia_Iron_Classical,D_VA,-0.004211670643572474,0.0028459207770706574,-1.4798973595841274,0.009011436918852403,50
Caucasus_Neolithic,InnerAsia_Iron_Classical,R,0.12774665965264953,0.14270451230395906,0.8951830435505118,0.4471017310716493,50
Caucasus_Neolithic,InnerAsia_Medieval_Recent,D_VA,-0.003954569913600048,0.0035631849969252993,-1.1098413124809623,0.009231575763469477,50
Caucasus_Neolithic,InnerAsia_Medieval_Recent,R,0.04526786842909836,0.16690176705121657,0.27122462049911766,0.4616394954458663,50
Caucasus_Neolithic,NearEast_Bronze,D_VA,0.0021824021734302007,0.0026511304590954654,0.823196823808818,0.009178025393015946,50
Caucasus_Neolithic,NearEast_Bronze,R,-0.04101820118183719,0.12309606941099524,-0.3332210474152909,0.4855987719365836,50
Caucasus_Neolithic,NearEast_Iron_Classical,D_VA,-0.0011565801398218112,0.0036019642739888343,-0.3210970603384159,0.009578027386783776,50
Caucasus_Neolithic,NearEast_Iron_Classical,R,-0.025875320937092106,0.15346472710303544,-0.16860761052746373,0.4711196270582922,50
Caucasus_Neolithic,NearEast_Medieval_Recent,D_VA,0.002472830193100059,0.003371196445853247,0.7335170859419282,0.009124814317754004,50
Caucasus_Neolithic,NearEast_Medieval_Recent,R,-0.05403440540809479,0.14787298684616013,-0.3654109283956613,0.4611060468561517,50
Caucasus_Neolithic,Siberia_Bronze,D_VA,-0.0052138235442914654,0.0024426092310100584,-2.134530353074718,0.009292513862699681,50
Caucasus_Neolithic,Siberia_Bronze,R,0.1492833268016236,0.11508762019670697,1.2971275845870265,0.45295798379487306,50
Caucasus_Neolithic,Siberia_Iron_Classical,D_VA,-0.004667443496723614,0.002838542727665289,-1.6443097548729175,0.009499898848818383,50
Caucasus_Neolithic,Siberia_Iron_Classical,R,0.1194842686791815,0.13760642280830424,0.868304445684427,0.4639485806576545,50
Caucasus_Neolithic,Siberia_Neolithic,D_VA,-0.004850357080871323,0.0037865722326012427,-1.2809361034001185,0.009977760579008984,50
Caucasus_Neolithic,Siberia_Neolithic,R,0.13973088595720817,0.16779945526531298,0.8327255040028305,0.47696083426921254,50
Caucasus_Neolithic,SouthAsia_Iron_Classical,D_VA,-0.0009879353456742762,0.005574644558060386,-0.17721943262657333,0.010484480537524528,50
Caucasus_Neolithic,SouthAsia_Iron_Classical,R,0.06768968079769788,0.25654856461150966,0.2638474352807238,0.526200536731945,50
Caucasus_Neolithic,SouthAsia_Medieval_Recent,D_VA,-0.0013222378110000627,0.005142411391063454,-0.2571240825457613,0.009724771497680702,50
Caucasus_Neolithic,SouthAsia_Medieval_Recent,R,0.16878691597588036,0.25264187711213176,0.6680876421012598,0.4805342830971369,50
Caucasus_Neolithic,WestSiberia_Bronze,D_VA,-0.003652466922961367,0.002084521335048599,-1.752184955629736,0.009143766899080393,50
Caucasus_Neolithic,WestSiberia_Bronze,R,0.12044368624572543,0.08916248039956363,1.3508337330453504,0.45872477111794374,50
Caucasus_Neolithic,WestSiberia_Iron_Classical,D_VA,-0.003996291784214331,0.002701201234826639,-1.4794498583408247,0.00919408654122411,50
Caucasus_Neolithic,WestSiberia_Iron_Classical,R,0.04455022161836242,0.10437195699834592,0.42684091493147386,0.46073677462481655,50
Caucasus_Neolithic,WestSiberia_LateGlacial_Meso,D_VA,-0.005654244606850475,0.004397406171029915,-1.2858135880421064,0.009903413313346682,50
Caucasus_Neolithic,WestSiberia_LateGlacial_Meso,R,0.2360620684141499,0.18099180320345515,1.3042693880937226,0.4601502988368067,50
Caucasus_Neolithic,WestSiberia_Medieval_Recent,D_VA,-0.004424005801148351,0.0026582664233718084,-1.664244698067862,0.009131712347510467,50
Caucasus_Neolithic,WestSiberia_Medieval_Recent,R,0.11488602484641675,0.11749547694390226,0.9777910421289545,0.4507878719453383,50
Caucasus_Neolithic,WestSiberia_Neolithic,D_VA,-0.0045185038130845095,0.003037908262303059,-1.487373357896924,0.009496952114664782,50
Caucasus_Neolithic,WestSiberia_Neolithic,R,0.12536346393861786,0.1304984935814114,0.9606506596216755,0.475980095274386,50
Caucasus_Neolithic,ANC_Americas,D_VA,-0.009000008609197821,0.004930475016535846,-1.825383675814918,0.010463536283602448,50
Caucasus_Neolithic,ANC_Americas,R,-0.06282693587868371,0.22236900531458545,-0.28253459059999136,0.4963417496012257,50
Caucasus_Neolithic,ANC_Oceania,D_VA,-0.0030849651074005002,0.005398537164577417,-0.571444636454954,0.010257532828667858,50
Caucasus_Neolithic,ANC_Oceania,R,0.24435857831852026,0.2217560370184215,1.1019252580628556,0.45238033913067305,50
Caucasus_Neolithic,ANC_Africa,D_VA,0.03515846094579026,0.0038711918806207343,9.082076536116496,0.0076520588222481,50
Caucasus_Neolithic,ANC_Africa,R,0.19570028170045495,0.19664470893826103,0.9951972913845214,0.4949172063005984,50
Caucasus_Neolithic,PD_French,D_VA,-0.0050538542066307784,0.002945430593957553,-1.7158286523534392,0.009113949584186178,50
Caucasus_Neolithic,PD_French,R,-0.12460230425023244,0.1365309370967074,-0.9126305502611053,0.4868275984271269,50
Caucasus_Neolithic,PD_Sardinian,D_VA,-0.002710733942169072,0.003365379517617058,-0.805476448637946,0.009772711544558332,50
Caucasus_Neolithic,PD_Sardinian,R,-0.10800083800289784,0.16403242421473033,-0.6584115215020959,0.501906906206615,50
Caucasus_Neolithic,PD_Basque,D_VA,-0.005847422290922763,0.0032029064825031687,-1.8256612620025126,0.009285620533924156,50
Caucasus_Neolithic,PD_Basque,R,-0.1861569203978375,0.16432677179615338,-1.1328459651648504,0.5013726277278353,50
Caucasus_Neolithic,PD_Russian,D_VA,-0.005922002384070091,0.002615173465126767,-2.264477849381601,0.008724736523881631,50
Caucasus_Neolithic,PD_Russian,R,-0.03683431069333709,0.12699454037923488,-0.29004641131296965,0.4629346781791298,50
Caucasus_Neolithic,PD_Han,D_VA,-0.005885772843762391,0.005270893081461684,-1.116655707637726,0.010291092646250463,50
Caucasus_Neolithic,PD_Han,R,0.02407695066251936,0.2593843507312544,0.09282345135564965,0.5019744280615182,50
Caucasus_Neolithic,PD_Japanese,D_VA,-0.005394410206228259,0.005885256516701706,-0.9165972954482987,0.01026499880152896,50
Caucasus_Neolithic,PD_Japanese,R,-0.08693239756748516,0.27885636370852407,-0.3117461492051573,0.5113903921556078,50
Caucasus_Neolithic,PD_Dai,D_VA,-0.0005961125422705299,0.006972643899398963,-0.08549304264941945,0.010582935051503553,50
Caucasus_Neolithic,PD_Dai,R,0.09052673821897628,0.2942570817479248,0.3076450622062716,0.5221533062841521,50
Caucasus_Neolithic,PD_Papuan,D_VA,0.0057968714559033935,0.007714706452263169,0.7514053181119855,0.01149313130072716,50
Caucasus_Neolithic,PD_Papuan,R,0.6862827608432636,0.2964564625637526,2.314952944214125,0.45988948791953815,50
Caucasus_Neolithic,PD_Karitiana,D_VA,-0.021294754384545894,0.0072037173494992205,-2.956078556583878,0.010804917033403897,50
Caucasus_Neolithic,PD_Karitiana,R,-0.3111753999882394,0.32562085221286996,-0.9556372015905571,0.5696773057863581,50
Caucasus_Neolithic,PD_Mixe,D_VA,-0.013828585775850069,0.006292793948033544,-2.1975271858649386,0.011169135349309646,50
Caucasus_Neolithic,PD_Mixe,R,-0.36242670762262597,0.3436492363668715,-1.0546413879869883,0.5876761877810236,50
Caucasus_Neolithic,PD_Mbuti,D_VA,0.09043852078032738,0.007624068392447208,11.862238915632027,0.0083021600620452,50
Caucasus_Neolithic,PD_Mbuti,R,-76.71086494382344,2174.886512747438,-0.035271203575085855,2174.8735903836555,50
Caucasus_Neolithic,PD_Biaka,D_VA,0.08019450961885985,0.006500825320734856,12.336050526242202,0.007909391752762868,50
Caucasus_Neolithic,PD_Biaka,R,34.59149520019033,474.9501467942493,0.07283184442340121,474.95275124041615,50
Caucasus_Neolithic,PD_Juhoan,D_VA,0.08851058643355235,0.009462000824979224,9.354320303998357,0.009511671103475913,50
Caucasus_Neolithic,PD_Juhoan,R,3.842002238404692,0.6739549255300085,5.700681296131611,0.717999455763314,50
Caucasus_Neolithic,PD_Mandenka,D_VA,0.06578077628284654,0.006543869132268214,10.052275642016978,0.007173748484177556,50
Caucasus_Neolithic,PD_Mandenka,R,-0.4906176986926494,2.8099518265918,-0.17460003906462737,2.841805948398154,50
Caucasus_Neolithic,PD_Mende,D_VA,0.06923443187241168,0.006471091044603391,10.699035355119936,0.0067406259589781825,50
Caucasus_Neolithic,PD_Mende,R,-6.047263583327606,98.1143817202994,-0.06163483352080743,98.11246849195554,50
Caucasus_Neolithic,PD_Esan,D_VA,0.07105422223834959,0.006417059333238718,11.072707691871724,0.0066725732759388605,50
Caucasus_Neolithic,PD_Esan,R,4.479489468577471,3.4019359137161764,1.3167471646119888,3.4102003456392493,50
Caucasus_Neolithic,PD_Gambian,D_VA,0.06726871274093858,0.006337410116199641,10.614543087402028,0.006745027419850054,50
Caucasus_Neolithic,PD_Gambian,R,0.8713835926809472,1.3402178617456257,0.650180554634584,1.3560934202281048,50
Caucasus_Neolithic,PD_Luhya,D_VA,0.06623118507190172,0.00570185909782392,11.61571759940165,0.007062183032001813,50
Caucasus_Neolithic,PD_Luhya,R,-1.0296335991704102,3.6105998245819215,-0.2851696807163152,3.680580557656223,50
CentralAsia_Bronze,CentralAsia_Iron_Classical,D_VA,-0.0037831287560840116,0.002352649416141455,-1.6080291139547107,0.00863746102469052,50
CentralAsia_Bronze,CentralAsia_Iron_Classical,R,-0.17519433452970246,0.12185762817777883,-1.4376969021103085,0.4559525060215993,50
CentralAsia_Bronze,CentralAsia_Medieval_Recent,D_VA,-0.0017316780220986011,0.0031456402430664375,-0.5505009754105016,0.00864516329301302,50
CentralAsia_Bronze,CentralAsia_Medieval_Recent,R,-0.12581950649587537,0.15623670849874696,-0.8053133460430296,0.4514580964653226,50
CentralAsia_Bronze,CentralAsia_Neolithic,D_VA,0.005064958104098863,0.0028337343251882614,1.7873793104307223,0.009274690284647837,50
CentralAsia_Bronze,CentralAsia_Neolithic,R,-0.23530015256058467,0.1727012095209458,-1.3624696272439636,0.5006460684121633,50
CentralAsia_Bronze,EastAsia_Bronze,D_VA,-0.006570732959126677,0.004674638041620294,-1.4056132048352497,0.010044947795510456,50
CentralAsia_Bronze,EastAsia_Bronze,R,-0.03908928790625765,0.1953357356444745,-0.20011334729556626,0.46262453723185637,50
CentralAsia_Bronze,EastAsia_Iron_Classical,D_VA,-0.007383553826813868,0.0043347727492712195,-1.703331236465677,0.009784211722662684,50
CentralAsia_Bronze,EastAsia_Iron_Classical,R,-0.0287273534459489,0.19118013133017425,-0.1502632791706573,0.4616408719544344,50
CentralAsia_Bronze,EastAsia_LateGlacial_Meso,D_VA,-0.0031142171296191373,0.005609550767103787,-0.5551633738448202,0.010401744594118837,50
CentralAsia_Bronze,EastAsia_LateGlacial_Meso,R,0.05591378658732804,0.23257401483599752,0.24041287083063148,0.4813510988368821,50
CentralAsia_Bronze,EastAsia_Medieval_Recent,D_VA,-0.0064267631603565495,0.00424720661643594,-1.513174126138839,0.009698047271693804,50
CentralAsia_Bronze,EastAsia_Medieval_Recent,R,0.007590781533266533,0.16462047968695467,0.04611079707519564,0.44263677301248266,50
CentralAsia_Bronze,EastAsia_Neolithic,D_VA,-0.008123063953044823,0.004349887257398956,-1.8674194231650187,0.009782995976291531,50
CentralAsia_Bronze,EastAsia_Neolithic,R,-0.2394172536688277,0.21867242861069897,-1.0948671270078616,0.5046236781999377,50
CentralAsia_Bronze,Europe_Bronze,D_VA,-0.007243996925160451,0.0023791956656488153,-3.0447251689931885,0.008738905603515902,50
CentralAsia_Bronze,Europe_Bronze,R,-0.13120357694569895,0.11876101273006945,-1.104769771910838,0.4474588795269643,50
CentralAsia_Bronze,Europe_Iron_Classical,D_VA,-0.0070264822078066475,0.0023207300779979714,-3.0277033397473763,0.008691772649274732,50
CentralAsia_Bronze,Europe_Iron_Classical,R,-0.18219231217279397,0.11277091028335619,-1.6155967147467787,0.4509172163194523,50
CentralAsia_Bronze,Europe_LateGlacial_Meso,D_VA,-0.008699855923927594,0.003960225720385013,-2.1968080958480805,0.008760796587973413,50
CentralAsia_Bronze,Europe_LateGlacial_Meso,R,-0.13850414370198116,0.17403499605714517,-0.7958407609955799,0.45920170949194183,50
CentralAsia_Bronze,Europe_Medieval_Recent,D_VA,-0.008458056259980862,0.0021693372373796337,-3.898912586867979,0.008688387626898175,50
CentralAsia_Bronze,Europe_Medieval_Recent,R,-0.12250853028580266,0.09697397544195617,-1.263313478976947,0.43345112319986073,50
CentralAsia_Bronze,Europe_Neolithic,D_VA,-0.006634113011546247,0.0030713219694042553,-2.1600187403449165,0.008975865143390898,50
CentralAsia_Bronze,Europe_Neolithic,R,-0.1406718096496009,0.14193510285087446,-0.9910995012798148,0.4497692626336917,50
CentralAsia_Bronze,Europe_Palaeolithic,D_VA,-0.0029954501149932894,0.004447830689459051,-0.6734631608375359,0.00831173512076116,50
CentralAsia_Bronze,Europe_Palaeolithic,R,0.376885800485371,0.17812224387199424,2.1158828470419238,0.39208989102194125,50
CentralAsia_Bronze,InnerAsia_Bronze,D_VA,-0.007470363989673864,0.003110660504066035,-2.4015362589100078,0.009412985781544859,50
CentralAsia_Bronze,InnerAsia_Bronze,R,-0.04439526255874693,0.13929936404437615,-0.3187039859320827,0.44706140265662225,50
CentralAsia_Bronze,InnerAsia_Iron_Classical,D_VA,-0.006118291541014578,0.002661715280619868,-2.2986273496501597,0.008824371910395992,50
CentralAsia_Bronze,InnerAsia_Iron_Classical,R,0.008954928228606995,0.11338992493195972,0.07897463759659822,0.4251407638174239,50
CentralAsia_Bronze,InnerAsia_Medieval_Recent,D_VA,-0.005861190811042152,0.002881255732668126,-2.0342487286314292,0.009049062677825079,50
CentralAsia_Bronze,InnerAsia_Medieval_Recent,R,-0.07352386299494418,0.13782270109300648,-0.5334670008051017,0.44040405866375854,50
CentralAsia_Bronze,NearEast_Bronze,D_VA,0.0002757812759880962,0.0028663076027762593,0.09621482206619378,0.008994425739610908,50
CentralAsia_Bronze,NearEast_Bronze,R,-0.15980993260587972,0.1519619923007836,-1.0516440998586174,0.46545770853893415,50
CentralAsia_Bronze,NearEast_Iron_Classical,D_VA,-0.0030632010372639157,0.003766577569783013,-0.8132584502807365,0.009402241907785068,50
CentralAsia_Bronze,NearEast_Iron_Classical,R,-0.14466705236113464,0.1716637031069525,-0.8427352418874594,0.450331449192194,50
CentralAsia_Bronze,NearEast_Medieval_Recent,D_VA,0.0005662092956579545,0.0033687048051342814,0.1680792258184773,0.008940121956887287,50
CentralAsia_Bronze,NearEast_Medieval_Recent,R,-0.17282613683213732,0.16314825423947332,-1.0593195596102336,0.43984485626105124,50
CentralAsia_Bronze,Siberia_Bronze,D_VA,-0.00712044444173357,0.002432755549525362,-2.92690502468396,0.009111221551416443,50
CentralAsia_Bronze,Siberia_Bronze,R,0.03049159537758106,0.11588278770481392,0.26312445516284727,0.4312953120722665,50
CentralAsia_Bronze,Siberia_Iron_Classical,D_VA,-0.006574064394165718,0.002861997614905611,-2.297019522283051,0.009322640313146837,50
CentralAsia_Bronze,Siberia_Iron_Classical,R,0.0006925372551389586,0.128972050199277,0.005369669273838068,0.4428238889516344,50
CentralAsia_Bronze,Siberia_Neolithic,D_VA,-0.006756977978313428,0.0038927247713219306,-1.7357964858170092,0.009809141167429255,50
CentralAsia_Bronze,Siberia_Neolithic,R,0.020939154533165638,0.16510092771325235,0.12682638930735027,0.45643876758967405,50
CentralAsia_Bronze,SouthAsia_Iron_Classical,D_VA,-0.0028945562431163807,0.005230087343751758,-0.5534431937497999,0.010324140468448708,50
CentralAsia_Bronze,SouthAsia_Iron_Classical,R,-0.05110205062634465,0.2262639822168426,-0.2258514595459141,0.507672843462189,50
CentralAsia_Bronze,SouthAsia_Medieval_Recent,D_VA,-0.003228858708442167,0.004792630857853904,-0.673713207674004,0.009551687021287534,50
CentralAsia_Bronze,SouthAsia_Medieval_Recent,R,0.049995184551837824,0.2099182305387739,0.2381650437102138,0.4601716075158012,50
CentralAsia_Bronze,WestSiberia_Bronze,D_VA,-0.005559087820403472,0.002454190915589546,-2.2651407374589136,0.008959465239357088,50
CentralAsia_Bronze,WestSiberia_Bronze,R,0.0016519548216828994,0.11011047325142626,0.015002703856433581,0.43734783270208066,50
CentralAsia_Bronze,WestSiberia_Iron_Classical,D_VA,-0.005902912681656436,0.0026258097741188808,-2.2480351546551853,0.009010814147348063,50
CentralAsia_Bronze,WestSiberia_Iron_Classical,R,-0.07424150980568012,0.10802190379798812,-0.6872819974041491,0.439457718812261,50
CentralAsia_Bronze,WestSiberia_LateGlacial_Meso,D_VA,-0.00756086550429258,0.0046037747377557165,-1.6423187351643553,0.009733506024321452,50
CentralAsia_Bronze,WestSiberia_LateGlacial_Meso,R,0.11727033699010736,0.19137156147888942,0.6127887345635923,0.4388428063117815,50
CentralAsia_Bronze,WestSiberia_Medieval_Recent,D_VA,-0.006330626698590455,0.002476235420227912,-2.5565528410088674,0.008947162380788942,50
CentralAsia_Bronze,WestSiberia_Medieval_Recent,R,-0.0039057065776257893,0.11537794048687405,-0.033851415280463606,0.4290156368071028,50
CentralAsia_Bronze,WestSiberia_Neolithic,D_VA,-0.006425124710526614,0.0033300614906753663,-1.929431251800561,0.009319637532584923,50
CentralAsia_Bronze,WestSiberia_Neolithic,R,0.006571732514575324,0.1449170235656602,0.04534824379413057,0.45541383622965476,50
CentralAsia_Bronze,ANC_Americas,D_VA,-0.010906629506639925,0.004853439556014061,-2.247195907307664,0.010302870271375577,50
CentralAsia_Bronze,ANC_Americas,R,-0.18161866730272624,0.2078259549841769,-0.8738979080671324,0.4766548473782713,50
CentralAsia_Bronze,ANC_Oceania,D_VA,-0.004991586004842605,0.005097012151604761,-0.9793160887935174,0.010093588261947707,50
CentralAsia_Bronze,ANC_Oceania,R,0.12556684689447772,0.18302663042739672,0.6860577971700559,0.43068861415642273,50
CentralAsia_Bronze,ANC_Africa,D_VA,0.03325184004834816,0.003603610717854778,9.227367396704523,0.007430851128213692,50
CentralAsia_Bronze,ANC_Africa,R,0.07690855027641241,0.19535275643115696,0.39369063268638993,0.475171287247437,50
CentralAsia_Bronze,PD_French,D_VA,-0.006960475104072883,0.0032376749330282183,-2.1498375371374006,0.008929032494823675,50
CentralAsia_Bronze,PD_French,R,-0.24339403567427498,0.13842888997241734,-1.758260401587938,0.4667395651991817,50
CentralAsia_Bronze,PD_Sardinian,D_VA,-0.004617354839611176,0.003604153222256129,-1.2811205725379242,0.009600491404281004,50
CentralAsia_Bronze,PD_Sardinian,R,-0.22679256942694037,0.16706561031145803,-1.3575060061980093,0.4824471511263106,50
CentralAsia_Bronze,PD_Basque,D_VA,-0.0077540431883648675,0.0035350881153768487,-2.193451177252556,0.009104190956398247,50
CentralAsia_Bronze,PD_Basque,R,-0.30494865182188,0.18089958470476392,-1.6857343941367784,0.4818912978740244,50
CentralAsia_Bronze,PD_Russian,D_VA,-0.007828623281512195,0.0027451385081092945,-2.851813581859713,0.00853138744177545,50
CentralAsia_Bronze,PD_Russian,R,-0.15562604211737963,0.13295103908262554,-1.170551529278851,0.4417615051052001,50
CentralAsia_Bronze,PD_Han,D_VA,-0.007792393741204495,0.005032581082915901,-1.548389109448694,0.010127691352141418,50
CentralAsia_Bronze,PD_Han,R,-0.09471478076152318,0.23360851491302587,-0.40544233071635327,0.4825173961213062,50
CentralAsia_Bronze,PD_Japanese,D_VA,-0.0073010311036703635,0.005631613555626919,-1.2964368083061057,0.010101175410115433,50
CentralAsia_Bronze,PD_Japanese,R,-0.2057241289915277,0.2501908004784914,-0.8222689587230189,0.49230564116315345,50
CentralAsia_Bronze,PD_Dai,D_VA,-0.0025027334397126344,0.006833186708753196,-0.36626153307163045,0.010424109485940379,50
CentralAsia_Bronze,PD_Dai,R,-0.028264993205066258,0.2749388686027585,-0.10280464653364282,0.5034766989598116,50
CentralAsia_Bronze,PD_Papuan,D_VA,0.003890250558461289,0.007539792841316439,0.5159625258062204,0.011347052981557993,50
CentralAsia_Bronze,PD_Papuan,R,0.567491029419221,0.271335829090087,2.091471042811698,0.4385693243158854,50
CentralAsia_Bronze,PD_Karitiana,D_VA,-0.023201375281988,0.00722366734425099,-3.211855443544613,0.010649402629691083,50
CentralAsia_Bronze,PD_Karitiana,R,-0.42996713141228193,0.32255576816675824,-1.3330009066524988,0.5526092144182913,50
CentralAsia_Bronze,PD_Mixe,D_VA,-0.015735206673292174,0.005927782428485492,-2.654484516448828,0.011018762576701977,50
CentralAsia_Bronze,PD_Mixe,R,-0.4812184390466685,0.3130166915742587,-1.53735711864588,0.5711462271755231,50
CentralAsia_Bronze,PD_Mbuti,D_VA,0.08853189988288528,0.007035610988424611,12.58339894410635,0.008098728663583443,50
CentralAsia_Bronze,PD_Mbuti,R,-76.82965667524748,2174.87497266841,-0.035326010754992136,2174.873585979885,50
CentralAsia_Bronze,PD_Biaka,D_VA,0.07828788872141774,0.005827658403126921,13.433849979849738,0.007695584589178589,50
CentralAsia_Bronze,PD_Biaka,R,34.472703468766284,474.9312805615278,0.07258461356347808,474.95273107494785,50
CentralAsia_Bronze,PD_Juhoan,D_VA,0.08660396553611024,0.009254878301423462,9.357655791410027,0.009334636117772799,50
CentralAsia_Bronze,PD_Juhoan,R,3.7232105069806494,0.6601914629704916,5.639592021121098,0.7045338385119713,50
CentralAsia_Bronze,PD_Mandenka,D_VA,0.06387415538540443,0.0064689907056883185,9.873898153731858,0.006937305787174838,50
CentralAsia_Bronze,PD_Mandenka,R,-0.6094094301166919,2.817193063255452,-0.216317950681193,2.8384336806561343,50
CentralAsia_Bronze,PD_Mende,D_VA,0.06732781097496958,0.006247251479061511,10.777189168809297,0.006488419113264822,50
CentralAsia_Bronze,PD_Mende,R,-6.166055314751648,98.12662964608238,-0.0628377366775057,98.1123708728726,50
CentralAsia_Bronze,PD_Esan,D_VA,0.06914760134090749,0.0061502640991954365,11.243029604200771,0.006417692606638555,50
CentralAsia_Bronze,PD_Esan,R,4.360697737153429,3.396010022078487,1.2840650377364071,3.4073906598055426,50
CentralAsia_Bronze,PD_Gambian,D_VA,0.06536209184349648,0.006123256742562551,10.674400011543986,0.006492991542044298,50
CentralAsia_Bronze,PD_Gambian,R,0.7525918612569047,1.347453035241131,0.5585291966203676,1.349012259217075,50
CentralAsia_Bronze,PD_Luhya,D_VA,0.06432456417445961,0.005579515983243368,11.52869968786572,0.006821874628577107,50
CentralAsia_Bronze,PD_Luhya,R,-1.1484253305944527,3.630835107641243,-0.31629784789112125,3.6779774268650685,50
CentralAsia_Iron_Classical,CentralAsia_Medieval_Recent,D_VA,0.0020514507339854104,0.002545107197546952,0.806037064357312,0.008468285355056037,50
CentralAsia_Iron_Classical,CentralAsia_Medieval_Recent,R,0.04937482803382709,0.12776816693722126,0.3864407639039492,0.4785510659754526,50
CentralAsia_Iron_Classical,CentralAsia_Neolithic,D_VA,0.008848086860182874,0.0023774090935518356,3.7217350956472885,0.009110043269268144,50
CentralAsia_Iron_Classical,CentralAsia_Neolithic,R,-0.06010581803088222,0.1336083148065654,-0.4498658494263762,0.525207764316852,50
CentralAsia_Iron_Classical,EastAsia_Bronze,D_VA,-0.002787604203042665,0.004395145560131809,-0.6342461620222348,0.009893128155761816,50
CentralAsia_Iron_Classical,EastAsia_Bronze,R,0.1361050466234448,0.18600728778746733,0.7317188925358611,0.4890993481197238,50
CentralAsia_Iron_Classical,EastAsia_Iron_Classical,D_VA,-0.003600425070729857,0.004063831165649183,-0.8859681723895391,0.00962828164968634,50
CentralAsia_Iron_Classical,EastAsia_Iron_Classical,R,0.14646698108375356,0.18115144927096752,0.808533311067621,0.48816903275504886,50
CentralAsia_Iron_Classical,EastAsia_LateGlacial_Meso,D_VA,0.0006689116264648742,0.005041921834344732,0.13266997157876578,0.010255208388573939,50
CentralAsia_Iron_Classical,EastAsia_LateGlacial_Meso,R,0.2311081211170305,0.22828323582321952,1.0123744754345367,0.5068486857372951,50
CentralAsia_Iron_Classical,EastAsia_Medieval_Recent,D_VA,-0.002643634404272538,0.0038735594775779073,-0.6824819444687016,0.00954070906043175,50
CentralAsia_Iron_Classical,EastAsia_Medieval_Recent,R,0.182785116062969,0.1612565960859944,1.1335047402680751,0.4702382616345182,50
CentralAsia_Iron_Classical,EastAsia_Neolithic,D_VA,-0.004339935196960812,0.004020320365746745,-1.0794998413403059,0.009627046211789633,50
CentralAsia_Iron_Classical,EastAsia_Neolithic,R,-0.06422291913912526,0.19521909174927649,-0.32897868012626524,0.5290007244628155,50
CentralAsia_Iron_Classical,Europe_Bronze,D_VA,-0.0034608681690764392,0.002467688742258479,-1.4024735412574691,0.008563964014342803,50
CentralAsia_Iron_Classical,Europe_Bronze,R,0.043990757584003504,0.11598479401436408,0.3792803872079601,0.4747801162113635,50
CentralAsia_Iron_Classical,Europe_Iron_Classical,D_VA,-0.003243353451722636,0.0023640652944101415,-1.3719390320527867,0.008515862861652783,50
CentralAsia_Iron_Classical,Europe_Iron_Classical,R,-0.006997977643091513,0.10687800272726174,-0.06547631378319643,0.47804084120024015,50
CentralAsia_Iron_Classical,Europe_LateGlacial_Meso,D_VA,-0.004916727167843582,0.003653494969881684,-1.34575993901062,0.008586301028245131,50
CentralAsia_Iron_Classical,Europe_LateGlacial_Meso,R,0.03669019082772129,0.17435885272599896,0.2104291824251626,0.4858630670080524,50
CentralAsia_Iron_Classical,Europe_Medieval_Recent,D_VA,-0.00467492750389685,0.0021487828097736745,-2.175616578200962,0.00851240788772684,50
CentralAsia_Iron_Classical,Europe_Medieval_Recent,R,0.05268580424389979,0.09788881319493925,0.538220890869107,0.461602194627983,50
CentralAsia_Iron_Classical,Europe_Neolithic,D_VA,-0.0028509842554622356,0.0031562904106806158,-0.903270575424476,0.008805632490862683,50
CentralAsia_Iron_Classical,Europe_Neolithic,R,0.034522524880101546,0.15151013948224765,0.22785620155901534,0.4769581737345574,50
CentralAsia_Iron_Classical,Europe_Palaeolithic,D_VA,0.0007876786410907222,0.0037887209208608847,0.20790094006495033,0.008127604149409062,50
CentralAsia_Iron_Classical,Europe_Palaeolithic,R,0.5520801350150735,0.18506615619673716,2.9831501683548067,0.4230025916276959,50
CentralAsia_Iron_Classical,InnerAsia_Bronze,D_VA,-0.003687235233589853,0.0026324872095544348,-1.4006659634308123,0.009250800495922638,50
CentralAsia_Iron_Classical,InnerAsia_Bronze,R,0.13079907197095553,0.11537383674823186,1.1336978612957505,0.47440553077241415,50
CentralAsia_Iron_Classical,InnerAsia_Iron_Classical,D_VA,-0.0023351627849305667,0.0020336602860849106,-1.1482560784161704,0.008651158772371633,50
CentralAsia_Iron_Classical,InnerAsia_Iron_Classical,R,0.18414926275830945,0.10337937413218311,1.781295972278302,0.4538076453095652,50
CentralAsia_Iron_Classical,InnerAsia_Medieval_Recent,D_VA,-0.0020780620549581408,0.0027962980303019194,-0.7431475588221796,0.008880233321202975,50
CentralAsia_Iron_Classical,InnerAsia_Medieval_Recent,R,0.10167047153475828,0.1252663562835468,0.8116343011097248,0.4681372072049612,50
CentralAsia_Iron_Classical,NearEast_Bronze,D_VA,0.004058910032072108,0.0032825381125166793,1.2365157365865873,0.008824551143099123,50
CentralAsia_Iron_Classical,NearEast_Bronze,R,0.015384401923822733,0.15329766661160887,0.10035639983223142,0.49178002025343087,50
CentralAsia_Iron_Classical,NearEast_Iron_Classical,D_VA,0.0007199277188200959,0.004440143674777841,0.16214063587843627,0.009239868039334036,50
CentralAsia_Iron_Classical,NearEast_Iron_Classical,R,0.030527282168567815,0.18357511747166436,0.16629313704935986,0.47748834961042874,50
CentralAsia_Iron_Classical,NearEast_Medieval_Recent,D_VA,0.004349338051741966,0.003893291986225558,1.1171363635529767,0.008769195464568858,50
CentralAsia_Iron_Classical,NearEast_Medieval_Recent,R,0.002368197697565133,0.16094535558618395,0.014714296594268587,0.46761117123252555,50
CentralAsia_Iron_Classical,Siberia_Bronze,D_VA,-0.0033373156856495584,0.0023666020476591242,-1.4101718913623842,0.008943565656425423,50
CentralAsia_Iron_Classical,Siberia_Bronze,R,0.20568592990728352,0.09979894571645141,2.0610030339566716,0.4595784547796635,50
CentralAsia_Iron_Classical,Siberia_Iron_Classical,D_VA,-0.002790935638081707,0.0027326482464568543,-1.0213300016569742,0.009158855326955841,50
CentralAsia_Iron_Classical,Siberia_Iron_Classical,R,0.17588687178484141,0.11435418045091787,1.5380886915658853,0.47041439870437524,50
CentralAsia_Iron_Classical,Siberia_Neolithic,D_VA,-0.002973849222229416,0.0033846826587519588,-0.8786198063619854,0.00965361377590549,50
CentralAsia_Iron_Classical,Siberia_Neolithic,R,0.1961334890628681,0.14784685415522267,1.326599001267554,0.48325258244620894,50
CentralAsia_Iron_Classical,SouthAsia_Iron_Classical,D_VA,0.0008885725129676308,0.005186624266544989,0.1713200084107005,0.010176486864535185,50
CentralAsia_Iron_Classical,SouthAsia_Iron_Classical,R,0.1240922839033578,0.22502895944222515,0.5514502853807923,0.5319101671063768,50
CentralAsia_Iron_Classical,SouthAsia_Medieval_Recent,D_VA,0.0005542700476418444,0.004655924716018626,0.11904617910484853,0.009391897222842121,50
CentralAsia_Iron_Classical,SouthAsia_Medieval_Recent,R,0.22518951908154028,0.2195106134528824,1.0258707564947736,0.4867798457679057,50
CentralAsia_Iron_Classical,WestSiberia_Bronze,D_VA,-0.00177595906431946,0.002391717352940237,-0.7425455445795884,0.008788914942531006,50
CentralAsia_Iron_Classical,WestSiberia_Bronze,R,0.17684628935138536,0.10027106517362906,1.7636821653899744,0.4652631907333274,50
CentralAsia_Iron_Classical,WestSiberia_Iron_Classical,D_VA,-0.0021197839255724243,0.00239740005065937,-0.8842011682570077,0.008841254440962823,50
CentralAsia_Iron_Classical,WestSiberia_Iron_Classical,R,0.10095282472402234,0.10172991290039857,0.9923612617545731,0.4672470401252701,50
CentralAsia_Iron_Classical,WestSiberia_LateGlacial_Meso,D_VA,-0.0037777367482085683,0.0038892375390943623,-0.9713309383227444,0.009576750389213393,50
CentralAsia_Iron_Classical,WestSiberia_LateGlacial_Meso,R,0.2924646715198098,0.16398505650699594,1.7834836768027864,0.46666874604343206,50
CentralAsia_Iron_Classical,WestSiberia_Medieval_Recent,D_VA,-0.0025474979425064437,0.0022753255949962675,-1.1196190769834076,0.00877637300711414,50
CentralAsia_Iron_Classical,WestSiberia_Medieval_Recent,R,0.17128862795207667,0.10494257180065088,1.632212980995519,0.4574397517784757,50
CentralAsia_Iron_Classical,WestSiberia_Neolithic,D_VA,-0.0026419959544426025,0.0028641393717844703,-0.9224397319731463,0.00915579883082642,50
CentralAsia_Iron_Classical,WestSiberia_Neolithic,R,0.18176606704427778,0.12207346329352146,1.488989188479297,0.4822846380630015,50
CentralAsia_Iron_Classical,ANC_Americas,D_VA,-0.007123500750555914,0.004632855885252213,-1.5376046497004536,0.010154907400887094,50
CentralAsia_Iron_Classical,ANC_Americas,R,-0.006424332773023789,0.19367694420518589,-0.033170353855943226,0.5023908373083178,50
CentralAsia_Iron_Classical,ANC_Oceania,D_VA,-0.0012084572487585932,0.004996346172992181,-0.24186819866304016,0.009942511377590944,50
CentralAsia_Iron_Classical,ANC_Oceania,R,0.3007611814241802,0.19514516003902949,1.5412177343472278,0.459009141789278,50
CentralAsia_Iron_Classical,ANC_Africa,D_VA,0.03703496880443217,0.0034845026012124618,10.628480745442848,0.007224303217713909,50
CentralAsia_Iron_Classical,ANC_Africa,R,0.25210288480611487,0.19906587128795994,1.266429464654109,0.5009834948444268,50
CentralAsia_Iron_Classical,PD_French,D_VA,-0.0031773463479888714,0.00339638312778567,-0.9355088128883731,0.008757889573716602,50
CentralAsia_Iron_Classical,PD_French,R,-0.06819970114457252,0.14516182796770738,-0.4698184233374644,0.4929934397174781,50
CentralAsia_Iron_Classical,PD_Sardinian,D_VA,-0.0008342260835271648,0.004044493725742109,-0.20626217769050825,0.00944152761450552,50
CentralAsia_Iron_Classical,PD_Sardinian,R,-0.051598234897237916,0.17796338264104802,-0.28993736875248943,0.5078897158951368,50
CentralAsia_Iron_Classical,PD_Basque,D_VA,-0.003970914432280856,0.0040311900225564225,-0.9850476931282585,0.008936403161359747,50
CentralAsia_Iron_Classical,PD_Basque,R,-0.12975431729217757,0.1931456061409371,-0.6717953355744303,0.5073617376673779,50
CentralAsia_Iron_Classical,PD_Russian,D_VA,-0.004045494525428184,0.0027934821454462778,-1.4481905789241722,0.008352100345031822,50
CentralAsia_Iron_Classical,PD_Russian,R,0.01956829241232283,0.1391165329545222,0.14066115649043517,0.46941446214934757,50
CentralAsia_Iron_Classical,PD_Han,D_VA,-0.004009264985120484,0.004789836517400439,-0.8370358717997352,0.009977130880971588,50
CentralAsia_Iron_Classical,PD_Han,R,0.08047955376817928,0.22236576104316932,0.36192421616813236,0.5079564424651339,50
CentralAsia_Iron_Classical,PD_Japanese,D_VA,-0.003517902347586352,0.00517687756170492,-0.6795413462372458,0.00995021372422309,50
CentralAsia_Iron_Classical,PD_Japanese,R,-0.030529794461825244,0.23008055117169557,-0.13269176515073042,0.517263524910865,50
CentralAsia_Iron_Classical,PD_Dai,D_VA,0.0012803953163713772,0.006506943920653802,0.1967736823898624,0.010277892150955325,50
CentralAsia_Iron_Classical,PD_Dai,R,0.1469293413246362,0.2636674849335956,0.55725240964634,0.5279067117186694,50
CentralAsia_Iron_Classical,PD_Papuan,D_VA,0.0076733793145453005,0.007914958076019666,0.9694782007492512,0.011212877412068722,50
CentralAsia_Iron_Classical,PD_Papuan,R,0.7426853639489235,0.30121654881812454,2.465619391972249,0.4664115801661037,50
CentralAsia_Iron_Classical,PD_Karitiana,D_VA,-0.019418246525903987,0.006719499774285899,-2.8898351332957106,0.01050632118588939,50
CentralAsia_Iron_Classical,PD_Karitiana,R,-0.2547727968825795,0.2890319487453457,-0.8814693254102833,0.5749553493464954,50
CentralAsia_Iron_Classical,PD_Mixe,D_VA,-0.011952077917208162,0.005973830819479558,-2.0007392707263563,0.010880539380633887,50
CentralAsia_Iron_Classical,PD_Mixe,R,-0.30602410451696604,0.30245062459878147,-1.0118150852653223,0.5927939968479637,50
CentralAsia_Iron_Classical,PD_Mbuti,D_VA,0.09231502863896929,0.007241474195119985,12.748098819599496,0.007909640602337436,50
CentralAsia_Iron_Classical,PD_Mbuti,R,-76.65446234071779,2174.874139376762,-0.03524547050924248,2174.8735917725685,50
CentralAsia_Iron_Classical,PD_Biaka,D_VA,0.08207101747750176,0.006143383650181487,13.359253165814774,0.007496334481665011,50
CentralAsia_Iron_Classical,PD_Biaka,R,34.64789780329599,474.9365439646994,0.07295268861406307,474.95275760043927,50
CentralAsia_Iron_Classical,PD_Juhoan,D_VA,0.09038709429219426,0.009091606212542309,9.941817999937228,0.009171065365759054,50
CentralAsia_Iron_Classical,PD_Juhoan,R,3.898404841510352,0.6757505899987317,5.768999538006572,0.722194322527228,50
CentralAsia_Iron_Classical,PD_Mandenka,D_VA,0.06765728414148844,0.006218179451041635,10.880561533191981,0.006715595288324509,50
CentralAsia_Iron_Classical,PD_Mandenka,R,-0.43421509558698945,2.813378932639784,-0.15433935704479274,2.842868704208001,50
CentralAsia_Iron_Classical,PD_Mende,D_VA,0.07111093973105359,0.006145636379270942,11.57096439530799,0.006250807234363982,50
CentralAsia_Iron_Classical,PD_Mende,R,-5.990860980221946,98.11298723292958,-0.061060835565011094,98.11249928019355,50
CentralAsia_Iron_Classical,PD_Esan,D_VA,0.0729307300969915,0.006006235678921983,12.142502225300843,0.006177360834943998,50
CentralAsia_Iron_Classical,PD_Esan,R,4.535892071683131,3.4193390379646695,1.3265406037019012,3.4110860174455,50
CentralAsia_Iron_Classical,PD_Gambian,D_VA,0.06914522059958049,0.006075380145218117,11.38121713321991,0.00625555334537686,50
CentralAsia_Iron_Classical,PD_Gambian,R,0.9277861957866071,1.3688145681989323,0.6778026895252698,1.3583191029357224,50
CentralAsia_Iron_Classical,PD_Luhya,D_VA,0.06810769293054363,0.005430140271734852,12.54252920224917,0.006596285465307038,50
CentralAsia_Iron_Classical,PD_Luhya,R,-0.9732309960647503,3.622711949207121,-0.2686470825475801,3.681401181942976,50
CentralAsia_Medieval_Recent,CentralAsia_Neolithic,D_VA,0.006796636126197464,0.003200998201850228,2.123286455540306,0.009117346312263767,50
CentralAsia_Medieval_Recent,CentralAsia_Neolithic,R,-0.10948064606470931,0.1771241407908019,-0.6181012118162645,0.5213107718198636,50
CentralAsia_Medieval_Recent,EastAsia_Bronze,D_VA,-0.0048390549370280755,0.004577974453808454,-1.0570296942138737,0.009899853540135789,50
CentralAsia_Medieval_Recent,EastAsia_Bronze,R,0.08673021858961771,0.18012455679542322,0.48150135735307714,0.4849122574733028,50
CentralAsia_Medieval_Recent,EastAsia_Iron_Classical,D_VA,-0.005651875804715267,0.004130160243114244,-1.368439835751654,0.009635191899256528,50
CentralAsia_Medieval_Recent,EastAsia_Iron_Classical,R,0.09709215304992647,0.16638561363413787,0.583536947271298,0.4839738935704238,50
CentralAsia_Medieval_Recent,EastAsia_LateGlacial_Meso,D_VA,-0.0013825391075205362,0.004993880299405609,-0.2768466652444776,0.01026169647294682,50
CentralAsia_Medieval_Recent,EastAsia_LateGlacial_Meso,R,0.1817332930832034,0.22146898552760216,0.8205812324026454,0.5028094224955806,50
CentralAsia_Medieval_Recent,EastAsia_Medieval_Recent,D_VA,-0.004695085138257948,0.0040809245609654266,-1.150495449773085,0.009547682691921447,50
CentralAsia_Medieval_Recent,EastAsia_Medieval_Recent,R,0.1334102880291419,0.15148494714712793,0.8806834642096073,0.46588168865256935,50
CentralAsia_Medieval_Recent,EastAsia_Neolithic,D_VA,-0.006391385930946222,0.004254708554760159,-1.5021912426400048,0.009633957347515352,50
CentralAsia_Medieval_Recent,EastAsia_Neolithic,R,-0.11359774717295235,0.18812222775962,-0.6038507438796971,0.5251318801966794,50
CentralAsia_Medieval_Recent,Europe_Bronze,D_VA,-0.00551231890306185,0.002506003452512428,-2.199645374604492,0.0085717323248437,50
CentralAsia_Medieval_Recent,Europe_Bronze,R,-0.005384070449823586,0.13543110590736687,-0.03975505046459726,0.47046560327657516,50
CentralAsia_Medieval_Recent,Europe_Iron_Classical,D_VA,-0.005294804185708046,0.0024723249807685585,-2.1416295296511056,0.008523675010715099,50
CentralAsia_Medieval_Recent,Europe_Iron_Classical,R,-0.0563728056769186,0.1264829917921696,-0.4456947521414383,0.47375602473440814,50
CentralAsia_Medieval_Recent,Europe_LateGlacial_Meso,D_VA,-0.0069681779018289924,0.0037574486329598343,-1.8544971821317988,0.008594049147954374,50
CentralAsia_Medieval_Recent,Europe_LateGlacial_Meso,R,-0.012684637206105798,0.18179969505501814,-0.06977259891589499,0.48164784334530886,50
CentralAsia_Medieval_Recent,Europe_Medieval_Recent,D_VA,-0.006726378237882261,0.0023174733584991856,-2.902461947712882,0.00852022320463766,50
CentralAsia_Medieval_Recent,Europe_Medieval_Recent,R,0.0033109762100727025,0.11260503976255115,0.029403446036292132,0.45716333099023404,50
CentralAsia_Medieval_Recent,Europe_Neolithic,D_VA,-0.004902434989447646,0.003174632634738267,-1.544252691099746,0.008813187787284942,50
CentralAsia_Medieval_Recent,Europe_Neolithic,R,-0.014852303153725543,0.1506738922189123,-0.09857250605929001,0.47266354271185357,50
CentralAsia_Medieval_Recent,Europe_Palaeolithic,D_VA,-0.0012637720928946883,0.00428564910202,-0.29488464006514703,0.008135789120872252,50
CentralAsia_Medieval_Recent,Europe_Palaeolithic,R,0.5027053069812464,0.16996643553185142,2.9576739984468303,0.41815417926939724,50
CentralAsia_Medieval_Recent,InnerAsia_Bronze,D_VA,-0.005738685967575263,0.003306654054359902,-1.7354963274760085,0.009257992505137085,50
CentralAsia_Medieval_Recent,InnerAsia_Bronze,R,0.08142424393712844,0.15668969085438256,0.5196528469304273,0.4700875798658926,50
CentralAsia_Medieval_Recent,InnerAsia_Iron_Classical,D_VA,-0.004386613518915977,0.002495840356843328,-1.7575697527641747,0.008658848856204533,50
CentralAsia_Medieval_Recent,InnerAsia_Iron_Classical,R,0.13477443472448236,0.12117713814937513,1.1122100817263554,0.44929178053702257,50
CentralAsia_Medieval_Recent,InnerAsia_Medieval_Recent,D_VA,-0.004129512788943551,0.0033122124030143174,-1.2467536155547996,0.008887725201018286,50
CentralAsia_Medieval_Recent,InnerAsia_Medieval_Recent,R,0.05229564350093119,0.13917045738603878,0.3757668436475035,0.463760897323585,50
CentralAsia_Medieval_Recent,NearEast_Bronze,D_VA,0.0020074592980866973,0.0033594013746337578,0.5975645879187481,0.008832090255821889,50
CentralAsia_Medieval_Recent,NearEast_Bronze,R,-0.03399042611000436,0.14676214515239655,-0.23160213469698873,0.4876159487108485,50
CentralAsia_Medieval_Recent,NearEast_Iron_Classical,D_VA,-0.0013315230151653146,0.004410563964517477,-0.3018940493499872,0.009247068551390679,50
CentralAsia_Medieval_Recent,NearEast_Iron_Classical,R,-0.018847545865259274,0.17689051459516608,-0.10654921722848741,0.4731985303552907,50
CentralAsia_Medieval_Recent,NearEast_Medieval_Recent,D_VA,0.0022978873177565556,0.003978484828454108,0.5775785045910127,0.00877678212704559,50
CentralAsia_Medieval_Recent,NearEast_Medieval_Recent,R,-0.047006630336261956,0.1528517648370707,-0.3075308314978747,0.4632298917148701,50
CentralAsia_Medieval_Recent,Siberia_Bronze,D_VA,-0.005388766419634969,0.0024815402838422617,-2.1715409798995244,0.008951004528018305,50
CentralAsia_Medieval_Recent,Siberia_Bronze,R,0.15631110187345643,0.1307368080607514,1.1956166300222124,0.4551198536807411,50
CentralAsia_Medieval_Recent,Siberia_Iron_Classical,D_VA,-0.004842386372067117,0.002954421295835867,-1.63903041820483,0.009166119479360899,50
CentralAsia_Medieval_Recent,Siberia_Iron_Classical,R,0.12651204375101432,0.12709310303961258,0.9954280816605985,0.46605947219761007,50
CentralAsia_Medieval_Recent,Siberia_Neolithic,D_VA,-0.0050252999562148265,0.003264937622425442,-1.5391718119507762,0.009660505905187581,50
CentralAsia_Medieval_Recent,Siberia_Neolithic,R,0.146758661029041,0.16391394355285654,0.8953396998939046,0.4790143876311503,50
CentralAsia_Medieval_Recent,SouthAsia_Iron_Classical,D_VA,-0.0011628782210177796,0.005512549529522635,-0.21095106987972592,0.010183025106218145,50
CentralAsia_Medieval_Recent,SouthAsia_Iron_Classical,R,0.07471745586953071,0.22231861828554592,0.336082764663298,0.5280626392653145,50
CentralAsia_Medieval_Recent,SouthAsia_Medieval_Recent,D_VA,-0.001497180686343566,0.004822170411260171,-0.3104785933834947,0.009398981266831074,50
CentralAsia_Medieval_Recent,SouthAsia_Medieval_Recent,R,0.1758146910477132,0.20805929321810876,0.8450220527443899,0.482572630142388,50
CentralAsia_Medieval_Recent,WestSiberia_Bronze,D_VA,-0.0038274097983048705,0.0023170054976100994,-1.6518777371278117,0.008796484597659266,50
CentralAsia_Medieval_Recent,WestSiberia_Bronze,R,0.12747146131755827,0.1348759308008742,0.9451016245867647,0.46085959007931315,50
CentralAsia_Medieval_Recent,WestSiberia_Iron_Classical,D_VA,-0.004171234659557835,0.0025419360551338453,-1.6409675810425526,0.008848779322576461,50
CentralAsia_Medieval_Recent,WestSiberia_Iron_Classical,R,0.05157799669019525,0.12720555444425136,0.40546968971232805,0.4628623138931724,50
CentralAsia_Medieval_Recent,WestSiberia_LateGlacial_Meso,D_VA,-0.005829187482193979,0.00458521944706165,-1.2712995636292832,0.009583697795063802,50
CentralAsia_Medieval_Recent,WestSiberia_LateGlacial_Meso,R,0.24308984348598273,0.2162244083753965,1.124247929789425,0.46227853470658276,50
CentralAsia_Medieval_Recent,WestSiberia_Medieval_Recent,D_VA,-0.004598948676491854,0.0024883869298861325,-1.848164616707057,0.008783953470380725,50
CentralAsia_Medieval_Recent,WestSiberia_Medieval_Recent,R,0.12191379991824958,0.1199574464688299,1.0163087286951213,0.45296009937285797,50
CentralAsia_Medieval_Recent,WestSiberia_Neolithic,D_VA,-0.004693446688428013,0.0031018786679594514,-1.5130980901698399,0.009163065406313235,50
CentralAsia_Medieval_Recent,WestSiberia_Neolithic,R,0.1323912390104507,0.17730524241970338,0.7466854177783661,0.4780378617100075,50
CentralAsia_Medieval_Recent,ANC_Americas,D_VA,-0.009174951484541324,0.004613496514370744,-1.988719717455501,0.010161459527568044,50
CentralAsia_Medieval_Recent,ANC_Americas,R,-0.05579916080685088,0.21624762613653908,-0.2580336339582253,0.4983154407883309,50
CentralAsia_Medieval_Recent,ANC_Oceania,D_VA,-0.0032599079827440036,0.004967272501561599,-0.6562772591435565,0.009949203380338412,50
CentralAsia_Medieval_Recent,ANC_Oceania,R,0.2513863533903531,0.19727833584980617,1.2742724755228114,0.45454495637158426,50
CentralAsia_Medieval_Recent,ANC_Africa,D_VA,0.03498351807044676,0.003972077861701541,8.807359595781104,0.007233510378183158,50
CentralAsia_Medieval_Recent,ANC_Africa,R,0.20272805677228778,0.2237548819248625,0.9060274128023915,0.4968965558577074,50
CentralAsia_Medieval_Recent,PD_French,D_VA,-0.005228797081974282,0.003307118188318695,-1.5810735462806513,0.008765486021620585,50
CentralAsia_Medieval_Recent,PD_French,R,-0.11757452917839961,0.15133338805697472,-0.7769239206759488,0.4888397045261224,50
CentralAsia_Medieval_Recent,PD_Sardinian,D_VA,-0.002885676817512575,0.003768991846999917,-0.7656362588869879,0.009448574448311353,50
CentralAsia_Medieval_Recent,PD_Sardinian,R,-0.100973062931065,0.16282744861056145,-0.6201231045053396,0.5038587983044046,50
CentralAsia_Medieval_Recent,PD_Basque,D_VA,-0.006022365166266266,0.003941386903785922,-1.5279812191189475,0.008943847990220563,50
CentralAsia_Medieval_Recent,PD_Basque,R,-0.17912914532600466,0.19302465981144298,-0.9280117136379765,0.5033265917528867,50
CentralAsia_Medieval_Recent,PD_Russian,D_VA,-0.006096945259413594,0.00239445921993302,-2.54627233099595,0.008360065525059752,50
CentralAsia_Medieval_Recent,PD_Russian,R,-0.02980653562150426,0.12824859772664443,-0.23241217564838737,0.4650501719080181,50
CentralAsia_Medieval_Recent,PD_Han,D_VA,-0.006060715719105894,0.004903238210823246,-1.2360638946171676,0.009983799678772045,50
CentralAsia_Medieval_Recent,PD_Han,R,0.03110472573435219,0.20984202688681125,0.14822924747638885,0.5039260586222456,50
CentralAsia_Medieval_Recent,PD_Japanese,D_VA,-0.005569353081571762,0.005147335066093684,-1.0819876713015981,0.009956900550248025,50
CentralAsia_Medieval_Recent,PD_Japanese,R,-0.07990462249565233,0.21896316469254923,-0.3649226691066878,0.5133062237299768,50
CentralAsia_Medieval_Recent,PD_Dai,D_VA,-0.0007710554176140333,0.006250148550385969,-0.12336593464909211,0.010284365924862891,50
CentralAsia_Medieval_Recent,PD_Dai,R,0.09755451329080911,0.23788864619341216,0.4100847806393153,0.5240297905599779,50
CentralAsia_Medieval_Recent,PD_Papuan,D_VA,0.00562192858055989,0.007336246841068047,0.7663221674996723,0.011218811669151634,50
CentralAsia_Medieval_Recent,PD_Papuan,R,0.6933105359150964,0.2850409716208005,2.432318876731274,0.4620189251857089,50
CentralAsia_Medieval_Recent,PD_Karitiana,D_VA,-0.021469697259889398,0.0064970273234892986,-3.304541629718569,0.01051265429236975,50
CentralAsia_Medieval_Recent,PD_Karitiana,R,-0.30414762491640657,0.3051007420480795,-0.9968760576415683,0.5713977413841137,50
CentralAsia_Medieval_Recent,PD_Mixe,D_VA,-0.014003528651193572,0.006595203249441248,-2.123289930811452,0.010886654794900807,50
CentralAsia_Medieval_Recent,PD_Mixe,R,-0.35539893255079313,0.32869172222439413,-1.0812530663859137,0.5893440827018623,50
CentralAsia_Medieval_Recent,PD_Mbuti,D_VA,0.09026357790498388,0.007226773756592368,12.490162407899392,0.007918050888189391,50
CentralAsia_Medieval_Recent,PD_Mbuti,R,-76.7038371687516,2174.8806543209976,-0.0352680672460617,2174.8735908349795,50
CentralAsia_Medieval_Recent,PD_Biaka,D_VA,0.08001956674351635,0.006136637480255231,13.039643779020857,0.0075052079298852025,50
CentralAsia_Medieval_Recent,PD_Biaka,R,34.598522975262156,474.9335669490431,0.07284918435544971,474.9527533070913,50
CentralAsia_Medieval_Recent,PD_Juhoan,D_VA,0.08833564355820885,0.009010451912082093,9.803686254599484,0.009178319854572358,50
CentralAsia_Medieval_Recent,PD_Juhoan,R,3.8490300134765247,0.6707165928350388,5.7386831555890625,0.7193652511813994,50
CentralAsia_Medieval_Recent,PD_Mandenka,D_VA,0.06560583340750303,0.006193118463074697,10.59334385393489,0.00672549890241447,50
CentralAsia_Medieval_Recent,PD_Mandenka,R,-0.48358992362081654,2.8080394900090626,-0.17221621182373606,2.8421513320866634,50
CentralAsia_Medieval_Recent,PD_Mende,D_VA,0.06905948899706818,0.006061986440223296,11.392220962230384,0.006261446038335634,50
CentralAsia_Medieval_Recent,PD_Mende,R,-6.0402358082557726,98.12556786223138,-0.06155618703512915,98.11247849652509,50
CentralAsia_Medieval_Recent,PD_Esan,D_VA,0.07087927936300609,0.006102601813667808,11.61460005538293,0.006188125911365404,50
CentralAsia_Medieval_Recent,PD_Esan,R,4.486517243649304,3.442983570461734,1.3030899369199207,3.4104881679209678,50
CentralAsia_Medieval_Recent,PD_Gambian,D_VA,0.06709376986559508,0.006125583820189834,10.95304085864518,0.006266184091348381,50
CentralAsia_Medieval_Recent,PD_Gambian,R,0.8784113677527801,1.3876479287309433,0.6330217842476229,1.3568170512330768,50
CentralAsia_Medieval_Recent,PD_Luhya,D_VA,0.06605624219655822,0.005583040197183209,11.831589933722013,0.006606367939316791,50
CentralAsia_Medieval_Recent,PD_Luhya,R,-1.0226058240985774,3.649944949238294,-0.2801702048443182,3.680847237733163,50
CentralAsia_Neolithic,EastAsia_Bronze,D_VA,-0.01163569106322554,0.005184657076087214,-2.244254710092963,0.010454096404253235,50
CentralAsia_Neolithic,EastAsia_Bronze,R,0.19621086465432702,0.2581752815476474,0.7599909002834395,0.5310103298433267,50
CentralAsia_Neolithic,EastAsia_Iron_Classical,D_VA,-0.012448511930912731,0.004696015864105494,-2.65086666892765,0.010203820580977496,50
CentralAsia_Neolithic,EastAsia_Iron_Classical,R,0.20657279911463577,0.24897012387329925,0.8297091871945268,0.530153565120692,50
CentralAsia_Neolithic,EastAsia_LateGlacial_Meso,D_VA,-0.008179175233718,0.005972722514122857,-1.3694216020211645,0.010797381442561454,50
CentralAsia_Neolithic,EastAsia_LateGlacial_Meso,R,0.2912139391479127,0.2913850754951584,0.9994126797779369,0.5474024007097551,50
CentralAsia_Neolithic,EastAsia_Medieval_Recent,D_VA,-0.011491721264455412,0.004649561803159427,-2.4715708169846597,0.010121228991525568,50
CentralAsia_Neolithic,EastAsia_Medieval_Recent,R,0.2428909340938512,0.23016750124841223,1.0552790153971694,0.513690393889387,50
CentralAsia_Neolithic,EastAsia_Neolithic,D_VA,-0.013188022057143686,0.00476654845374142,-2.766786530155164,0.010202654835239027,50
CentralAsia_Neolithic,EastAsia_Neolithic,R,-0.0041171011082430375,0.259340514088863,-0.01587527163932556,0.5679749682436398,50
CentralAsia_Neolithic,Europe_Bronze,D_VA,-0.012308955029259314,0.003085300820382169,-3.9895477769764547,0.009206281907591776,50
CentralAsia_Neolithic,Europe_Bronze,R,0.10409657561488572,0.1630147970618193,0.6385713290518633,0.5178512883240282,50
CentralAsia_Neolithic,Europe_Iron_Classical,D_VA,-0.01209144031190551,0.003095152121024151,-3.906573841645169,0.009161553754771639,50
CentralAsia_Neolithic,Europe_Iron_Classical,R,0.053107840387790706,0.14877005303968596,0.3569793738906824,0.520842436754738,50
CentralAsia_Neolithic,Europe_LateGlacial_Meso,D_VA,-0.013764814028026456,0.0047172533139902655,-2.917972199458369,0.009227064119791116,50
CentralAsia_Neolithic,Europe_LateGlacial_Meso,R,0.09679600885860351,0.21010779689400622,0.46069689126022545,0.5280309819997792,50
CentralAsia_Neolithic,Europe_Medieval_Recent,D_VA,-0.013523014364079725,0.0030415909488852033,-4.446033208060455,0.009158342370217839,50
CentralAsia_Neolithic,Europe_Medieval_Recent,R,0.11279162227478201,0.15805689070069828,0.7136140776574426,0.5057967814790345,50
CentralAsia_Neolithic,Europe_Neolithic,D_VA,-0.01169907111564511,0.003590741934953451,-3.2581208361877922,0.009431506268207095,50
CentralAsia_Neolithic,Europe_Neolithic,R,0.09462834291098376,0.18161377801296957,0.5210416519402293,0.5198489180150173,50
CentralAsia_Neolithic,Europe_Palaeolithic,D_VA,-0.008060408219092152,0.004914074769339907,-1.6402697552310306,0.008801823454977075,50
CentralAsia_Neolithic,Europe_Palaeolithic,R,0.6121859530459557,0.23475299409680536,2.6077876254626506,0.47083435579078886,50
CentralAsia_Neolithic,InnerAsia_Bronze,D_VA,-0.012535322093772727,0.0031912371874154204,-3.9280446289625597,0.009848424073853425,50
CentralAsia_Neolithic,InnerAsia_Bronze,R,0.19090489000183775,0.18184159280699785,1.0498417169302925,0.5175078798401392,50
CentralAsia_Neolithic,InnerAsia_Iron_Classical,D_VA,-0.011183249645113441,0.003155030745054333,-3.544577073501974,0.009287448251693026,50
CentralAsia_Neolithic,InnerAsia_Iron_Classical,R,0.24425508078919167,0.18921402317051597,1.2908931203744543,0.4986934699899248,50
CentralAsia_Neolithic,InnerAsia_Medieval_Recent,D_VA,-0.010926148915141015,0.0037595508641898715,-2.9062378219733014,0.00950119417558113,50
CentralAsia_Neolithic,InnerAsia_Medieval_Recent,R,0.1617762895656405,0.20557176425198237,0.7869577330053024,0.5117677626021794,50
CentralAsia_Neolithic,NearEast_Bronze,D_VA,-0.004789176828110767,0.003448863680421736,-1.388624565040835,0.00944917191082188,50
CentralAsia_Neolithic,NearEast_Bronze,R,0.07549021995470495,0.18771974758437385,0.40214319977590307,0.5334804461174231,50
CentralAsia_Neolithic,NearEast_Iron_Classical,D_VA,-0.008128159141362779,0.004538233519592825,-1.7910403037373988,0.00983815573709828,50
CentralAsia_Neolithic,NearEast_Iron_Classical,R,0.09063310019945003,0.21319172187450108,0.4251248566433679,0.5203353938402335,50
CentralAsia_Neolithic,NearEast_Medieval_Recent,D_VA,-0.004498748808440908,0.004302552426424875,-1.0455999979944601,0.009397496263309085,50
CentralAsia_Neolithic,NearEast_Medieval_Recent,R,0.06247401572844735,0.21308928293716722,0.29318234529358667,0.5112866177895078,50
CentralAsia_Neolithic,Siberia_Bronze,D_VA,-0.012185402545832433,0.0029847412642288436,-4.082565779443107,0.009560413880888498,50
CentralAsia_Neolithic,Siberia_Bronze,R,0.26579174793816573,0.17657715091246662,1.5052442887694164,0.5039505473425375,50
CentralAsia_Neolithic,Siberia_Iron_Classical,D_VA,-0.011639022498264581,0.0032598210112609323,-3.57044833383735,0.009762109291705384,50
CentralAsia_Neolithic,Siberia_Iron_Classical,R,0.23599268981572363,0.18900418784362563,1.2486109038545452,0.5138516367372773,50
CentralAsia_Neolithic,Siberia_Neolithic,D_VA,-0.01182193608241229,0.00419968176976588,-2.814959973281816,0.010227727306564514,50
CentralAsia_Neolithic,Siberia_Neolithic,R,0.2562393070937503,0.21929795832389704,1.1684527710709094,0.5256299615795411,50
CentralAsia_Neolithic,SouthAsia_Iron_Classical,D_VA,-0.007959514347215244,0.005488300957528191,-1.4502692925936103,0.010722641084506669,50
CentralAsia_Neolithic,SouthAsia_Iron_Classical,R,0.18419810193424002,0.2822410828428557,0.6526268255454384,0.5706857488498497,50
CentralAsia_Neolithic,SouthAsia_Medieval_Recent,D_VA,-0.00829381681254103,0.005548789476935932,-1.4947074216845069,0.009981076112700611,50
CentralAsia_Neolithic,SouthAsia_Medieval_Recent,R,0.2852953371124225,0.2913893987277366,0.9790861931081845,0.5288746697611884,50
CentralAsia_Neolithic,WestSiberia_Bronze,D_VA,-0.010624045924502334,0.002928137637756565,-3.628260429944168,0.009415899998945295,50
CentralAsia_Neolithic,WestSiberia_Bronze,R,0.23695210738226757,0.16014434411400993,1.479615834659616,0.5091400934129393,50
CentralAsia_Neolithic,WestSiberia_Iron_Classical,D_VA,-0.010967870785755299,0.0030966785060823534,-3.5418177134670943,0.009464772950944889,50
CentralAsia_Neolithic,WestSiberia_Iron_Classical,R,0.16105864275490456,0.16662571869779555,0.9665893357496159,0.510953612938597,50
CentralAsia_Neolithic,WestSiberia_LateGlacial_Meso,D_VA,-0.012625823608391443,0.004788016778004318,-2.636963108899961,0.010155210236149325,50
CentralAsia_Neolithic,WestSiberia_LateGlacial_Meso,R,0.35257048955069203,0.23147618242746656,1.5231393824337438,0.5104248393279163,50
CentralAsia_Neolithic,WestSiberia_Medieval_Recent,D_VA,-0.011395584802689318,0.003247679304436471,-3.5088393078474387,0.009404194281441385,50
CentralAsia_Neolithic,WestSiberia_Medieval_Recent,R,0.23139444598295889,0.17159102975689972,1.348522975302294,0.5020009208919177,50
CentralAsia_Neolithic,WestSiberia_Neolithic,D_VA,-0.011490082814625477,0.003512554495035719,-3.2711472037983667,0.009759241730465313,50
CentralAsia_Neolithic,WestSiberia_Neolithic,R,0.24187188507516,0.18545653274861829,1.3041971694952978,0.5247401930295984,50
CentralAsia_Neolithic,ANC_Americas,D_VA,-0.01597158761073879,0.004904157459171445,-3.2567444548236795,0.010702162923618976,50
CentralAsia_Neolithic,ANC_Americas,R,0.05368148525785843,0.24448774573938542,0.219567181559606,0.5432774166855572,50
CentralAsia_Neolithic,ANC_Oceania,D_VA,-0.010056544108941468,0.00560720793228116,-1.7935029751697118,0.010500841843234215,50
CentralAsia_Neolithic,ANC_Oceania,R,0.3608669994550624,0.2867929395776523,1.2582841125255588,0.5034314157015922,50
CentralAsia_Neolithic,ANC_Africa,D_VA,0.028186881944249294,0.004167048600993459,6.764231628479042,0.007975255726593645,50
CentralAsia_Neolithic,ANC_Africa,R,0.3122087028369971,0.21834920663253538,1.4298595706025161,0.541976254254479,50
CentralAsia_Neolithic,PD_French,D_VA,-0.012025433208171746,0.004233370332961323,-2.840628686448919,0.00938694714529208,50
CentralAsia_Neolithic,PD_French,R,-0.008093883113690303,0.17227383752144182,-0.04698265987534474,0.5345992234128765,50
CentralAsia_Neolithic,PD_Sardinian,D_VA,-0.00968231294371004,0.004136016482461706,-2.3409754252108894,0.010027790914182618,50
CentralAsia_Neolithic,PD_Sardinian,R,0.008507583133644303,0.20084988547603272,0.04235791876844016,0.5483664482635883,50
CentralAsia_Neolithic,PD_Basque,D_VA,-0.01281900129246373,0.004603514410396261,-2.784611961573136,0.009553713853023529,50
CentralAsia_Neolithic,PD_Basque,R,-0.06964849926129535,0.19885679278087112,-0.35024450654820743,0.5478774780167927,50
CentralAsia_Neolithic,PD_Russian,D_VA,-0.012893581385611058,0.0038000149700083996,-3.393034366278446,0.00900953534298933,50
CentralAsia_Neolithic,PD_Russian,R,0.07967411044320505,0.18756776482654705,0.4247750700493954,0.5129363852800278,50
CentralAsia_Neolithic,PD_Han,D_VA,-0.012857351845303358,0.00569925160977867,-2.2559719636246545,0.01053362651412751,50
CentralAsia_Neolithic,PD_Han,R,0.1405853717990615,0.2906942679946687,0.48361934608782803,0.5484282501029782,50
CentralAsia_Neolithic,PD_Japanese,D_VA,-0.012365989207769226,0.006115409310014442,-2.022103277293147,0.010508134947782632,50
CentralAsia_Neolithic,PD_Japanese,R,0.029576023569056975,0.2923544585792562,0.10116494789505331,0.5570595589992089,50
CentralAsia_Neolithic,PD_Dai,D_VA,-0.007567691543811497,0.007431688318864034,-1.0183004479079463,0.010818928504697784,50
CentralAsia_Neolithic,PD_Dai,R,0.20703515935551842,0.3252108060646254,0.6366183272347251,0.5669561661599583,50
CentralAsia_Neolithic,PD_Papuan,D_VA,-0.0011747075456375738,0.008260658288361294,-0.1422050767179968,0.011710797017332943,50
CentralAsia_Neolithic,PD_Papuan,R,0.8027911819798057,0.3595532204827167,2.2327464649100395,0.5101897295930424,50
CentralAsia_Neolithic,PD_Karitiana,D_VA,-0.02826633338608686,0.007220436830166111,-3.9147677697273857,0.011036164722590969,50
CentralAsia_Neolithic,PD_Karitiana,R,-0.19466697885169726,0.3277370119691236,-0.5939731301084695,0.6110052796918619,50
CentralAsia_Neolithic,PD_Mixe,D_VA,-0.020800164777391036,0.006149334887487129,-3.3825064267870504,0.011392992764704893,50
CentralAsia_Neolithic,PD_Mixe,R,-0.24591828648608383,0.3276975744395803,-0.7504428035716979,0.6278204526520011,50
CentralAsia_Neolithic,PD_Mbuti,D_VA,0.08346694177878641,0.00776523805773206,10.748793682593684,0.00860096281710589,50
CentralAsia_Neolithic,PD_Mbuti,R,-76.5943565226869,2174.8829921816814,-0.03521769069785824,2174.873601601599,50
CentralAsia_Neolithic,PD_Biaka,D_VA,0.07322293061731888,0.006715005785907506,10.904373421537283,0.008222480014210616,50
CentralAsia_Neolithic,PD_Biaka,R,34.70800362132687,474.9063129411755,0.07308389607704792,474.9528026089115,50
CentralAsia_Neolithic,PD_Juhoan,D_VA,0.08153900743201138,0.009544581096087473,8.542963448174374,0.009773565719128227,50
CentralAsia_Neolithic,PD_Juhoan,R,3.958510659541234,0.7102742902893094,5.573214057809766,0.7512113135195327,50
CentralAsia_Neolithic,PD_Mandenka,D_VA,0.05880919728130557,0.006742919457054679,8.721622385653342,0.0075175372961934495,50
CentralAsia_Neolithic,PD_Mandenka,R,-0.37410927755610723,2.8249122823316517,-0.13243217493724144,2.8503782674295106,50
CentralAsia_Neolithic,PD_Mende,D_VA,0.06226285287087071,0.006959451633564396,8.946517074791679,0.007105402029742601,50
CentralAsia_Neolithic,PD_Mende,R,-5.930755162191064,98.12770789118805,-0.060439149040020027,98.11271716145696,50
CentralAsia_Neolithic,PD_Esan,D_VA,0.06408264323680862,0.00674714082995962,9.497747987156234,0.0070408759262035854,50
CentralAsia_Neolithic,PD_Esan,R,4.595997889714013,3.4332141201502804,1.33868664431359,3.4173471606615244,50
CentralAsia_Neolithic,PD_Gambian,D_VA,0.060297133739397615,0.006818443459598515,8.843240263951392,0.007109577665371468,50
CentralAsia_Neolithic,PD_Gambian,R,0.9878920138174894,1.38183984730862,0.7149106430398469,1.3739667330286005,50
CentralAsia_Neolithic,PD_Luhya,D_VA,0.059259606070360744,0.00614400281153537,9.64511376184607,0.00741114895700485,50
CentralAsia_Neolithic,PD_Luhya,R,-0.9131251780338681,3.595419865975535,-0.2539689972442516,3.6872033386403196,50
EastAsia_Bronze,EastAsia_Iron_Classical,D_VA,-0.0008128208676871918,0.0017040994448011848,-0.4769797151022619,0.01090866860745019,50
EastAsia_Bronze,EastAsia_Iron_Classical,R,0.010361934460308753,0.059364420739611894,0.17454789133307555,0.4944064919098582,50
EastAsia_Bronze,EastAsia_LateGlacial_Meso,D_VA,0.0034565158295075393,0.003690608857349442,0.9365706210302585,0.011465798810137907,50
EastAsia_Bronze,EastAsia_LateGlacial_Meso,R,0.09500307449358569,0.1486931210167105,0.6389204412684902,0.5128590107770712,50
EastAsia_Bronze,EastAsia_Medieval_Recent,D_VA,0.00014396979877012717,0.0018240290366626102,0.0789295542320674,0.01083145293288426,50
EastAsia_Bronze,EastAsia_Medieval_Recent,R,0.046680069439524186,0.07892643606333759,0.5914376952490792,0.47671039154466344,50
EastAsia_Bronze,EastAsia_Neolithic,D_VA,-0.0015523309939181468,0.0013200684885766034,-1.1759473143639587,0.010907578192496064,50
EastAsia_Bronze,EastAsia_Neolithic,R,-0.20032796576257006,0.09245405521235389,-2.1667839804586726,0.534762135144025,50
EastAsia_Bronze,Europe_Bronze,D_VA,-0.0006732639660337741,0.005114042496981023,-0.13165005305122565,0.009981819618708858,50
EastAsia_Bronze,Europe_Bronze,R,-0.0921142890394413,0.21715456012700504,-0.42418767989752243,0.4811911610278067,50
EastAsia_Bronze,Europe_Iron_Classical,D_VA,-0.0004557492486799708,0.005013596963437013,-0.09090264973503917,0.00994058164998204,50
EastAsia_Bronze,Europe_Iron_Classical,R,-0.14310302426653632,0.2139510076073211,-0.6688588470178325,0.48440873294878356,50
EastAsia_Bronze,Europe_LateGlacial_Meso,D_VA,-0.002129122964800917,0.005218518092954553,-0.4079937880593756,0.01000099038141353,50
EastAsia_Bronze,Europe_LateGlacial_Meso,R,-0.09941485579572351,0.23988229784557386,-0.41443181380446265,0.4921297538089766,50
EastAsia_Bronze,Europe_Medieval_Recent,D_VA,-0.001887323300854185,0.004612424025496578,-0.40918252320719667,0.00993762201477379,50
EastAsia_Bronze,Europe_Medieval_Recent,R,-0.08341924237954501,0.1884979998540305,-0.4425470956940837,0.4681937214305453,50
EastAsia_Bronze,Europe_Neolithic,D_VA,-6.338005241957045e-05,0.005343891739859796,-0.01186028001780465,0.010189916919465983,50
EastAsia_Bronze,Europe_Neolithic,R,-0.10158252174334326,0.2304821634098364,-0.4407391888400158,0.48334032957515244,50
EastAsia_Bronze,Europe_Palaeolithic,D_VA,0.0035752828441333873,0.005082952549127447,0.7033870195674224,0.00961005684015313,50
EastAsia_Bronze,Europe_Palaeolithic,R,0.41597508839162867,0.2224407987987528,1.870048528138809,0.430185968187434,50
EastAsia_Bronze,InnerAsia_Bronze,D_VA,-0.0008996310305471877,0.004557668167393475,-0.19738844459615096,0.010576982229201535,50
EastAsia_Bronze,InnerAsia_Bronze,R,-0.005305974652489276,0.18649747462972438,-0.02845065147945761,0.48082157015785876,50
EastAsia_Bronze,InnerAsia_Iron_Classical,D_VA,0.00045244141811209837,0.0028744122467416026,0.15740310688732287,0.010056728661262827,50
EastAsia_Bronze,InnerAsia_Iron_Classical,R,0.04804421613486465,0.11834293127057385,0.4059745319728354,0.46051075301563243,50
EastAsia_Bronze,InnerAsia_Medieval_Recent,D_VA,0.0007095421480845243,0.0033525469755495193,0.21164271619735398,0.0102544520624208,50
EastAsia_Bronze,InnerAsia_Medieval_Recent,R,-0.034434575088686525,0.12561034558396533,-0.27413804912803486,0.47463798780889155,50
EastAsia_Bronze,NearEast_Bronze,D_VA,0.006846514235114773,0.005705598923421105,1.1999641627472772,0.010206269942474313,50
EastAsia_Bronze,NearEast_Bronze,R,-0.12072064469962207,0.2403868817346659,-0.5021931472652947,0.4979722512571133,50
EastAsia_Bronze,NearEast_Iron_Classical,D_VA,0.003507531921862761,0.006571586972078207,0.5337419921193761,0.010567421854255141,50
EastAsia_Bronze,NearEast_Iron_Classical,R,-0.10557776445487699,0.26360742650536384,-0.40051134315340964,0.4838635124860148,50
EastAsia_Bronze,NearEast_Medieval_Recent,D_VA,0.007136942254784631,0.006212880717293181,1.1487331850617026,0.01015844635548653,50
EastAsia_Bronze,NearEast_Medieval_Recent,R,-0.13373684892587967,0.22110537972927316,-0.6048556986249287,0.4741191645178109,50
EastAsia_Bronze,Siberia_Bronze,D_VA,-0.0005497114826068933,0.004310683187273818,-0.12752305347555462,0.010309345755782705,50
EastAsia_Bronze,Siberia_Bronze,R,0.06958088328383871,0.16743326260321395,0.41557383641703627,0.4661985958787049,50
EastAsia_Bronze,Siberia_Iron_Classical,D_VA,-3.3314350390417635e-06,0.0029217375950598024,-0.001140223901241061,0.010496660143187925,50
EastAsia_Bronze,Siberia_Iron_Classical,R,0.03978182516139661,0.13382516148209808,0.2972671560476186,0.47688413814050434,50
EastAsia_Bronze,Siberia_Neolithic,D_VA,-0.00018624501918675096,0.004308292792202731,-0.04322942477907314,0.010931033903333883,50
EastAsia_Bronze,Siberia_Neolithic,R,0.06002844243942329,0.15716797390764314,0.381938132476645,0.48955268678921854,50
EastAsia_Bronze,SouthAsia_Iron_Classical,D_VA,0.003676176716010296,0.0030344980173430632,1.211461235103746,0.011395443307109194,50
EastAsia_Bronze,SouthAsia_Iron_Classical,R,-0.012012762720087,0.1212417251474137,-0.0990810936208726,0.5376404008003365,50
EastAsia_Bronze,SouthAsia_Medieval_Recent,D_VA,0.0033418742506845095,0.002539826708435788,1.3157882935811323,0.010700606370945158,50
EastAsia_Bronze,SouthAsia_Medieval_Recent,R,0.08908447245809548,0.11066943291195362,0.8049600518778234,0.4930348800515424,50
EastAsia_Bronze,WestSiberia_Bronze,D_VA,0.001011645138723205,0.004800832020401459,0.21072287770622902,0.010175473901913727,50
EastAsia_Bronze,WestSiberia_Bronze,R,0.04074124272794055,0.20847785872580732,0.1954223963012012,0.47180357284888097,50
EastAsia_Bronze,WestSiberia_Iron_Classical,D_VA,0.0006678202774702408,0.003907426365882219,0.17091052138597634,0.010220715403107915,50
EastAsia_Bronze,WestSiberia_Iron_Classical,R,-0.035152221899422464,0.16992842551884285,-0.20686487144273893,0.473760035468842,50
EastAsia_Bronze,WestSiberia_LateGlacial_Meso,D_VA,-0.0009901325451659032,0.006103129547170175,-0.1622335782836194,0.010863212751243594,50
EastAsia_Bronze,WestSiberia_LateGlacial_Meso,R,0.156359624896365,0.25814203848617373,0.6057115912359999,0.4731897011087223,50
EastAsia_Bronze,WestSiberia_Medieval_Recent,D_VA,0.00024010626053622142,0.0045432207425741885,0.05284934942434191,0.010164642955927387,50
EastAsia_Bronze,WestSiberia_Medieval_Recent,R,0.03518358132863186,0.1722064586251328,0.20431046320522248,0.4640904019787159,50
EastAsia_Bronze,WestSiberia_Neolithic,D_VA,0.0001456082486000626,0.005010693724949665,0.02905949886241058,0.010493993305317332,50
EastAsia_Bronze,WestSiberia_Neolithic,R,0.045661020420832976,0.22356783931907767,0.20423787499983498,0.4885972235012936,50
EastAsia_Bronze,ANC_Americas,D_VA,-0.004335896547513249,0.004698179796524174,-0.9228885941574754,0.011376176316411154,50
EastAsia_Bronze,ANC_Americas,R,-0.1425293793964686,0.19139713043821072,-0.7446787685381823,0.5084538603580125,50
EastAsia_Bronze,ANC_Oceania,D_VA,0.001579146954284072,0.002627026113654308,0.6011158191676327,0.011186991362962962,50
EastAsia_Bronze,ANC_Oceania,R,0.16465613480073538,0.12542999802527402,1.312733296603874,0.4656373770948185,50
EastAsia_Bronze,ANC_Africa,D_VA,0.03982257300747483,0.006064310905029128,6.566710320615324,0.008859221198443692,50
EastAsia_Bronze,ANC_Africa,R,0.11599783818267007,0.2797213268758734,0.41469071907464605,0.5070633459521093,50
EastAsia_Bronze,PD_French,D_VA,-0.0003897421449462063,0.005404794542279518,-0.07211044599335116,0.01014868824266942,50
EastAsia_Bronze,PD_French,R,-0.20430474776801733,0.23734350348924785,-0.8607977246669098,0.4991706184322986,50
EastAsia_Bronze,PD_Sardinian,D_VA,0.0019533781195155003,0.005697852675391803,0.34282706675654434,0.010744193173847574,50
EastAsia_Bronze,PD_Sardinian,R,-0.18770328152068272,0.242529174928426,-0.7739410385413499,0.513887865408063,50
EastAsia_Bronze,PD_Basque,D_VA,-0.0011833102292381908,0.005707595888617521,-0.20732200603024983,0.010303132762603957,50
EastAsia_Bronze,PD_Basque,R,-0.26585936391562237,0.2602484837891792,-1.0215597034217052,0.5133660560949408,50
EastAsia_Bronze,PD_Russian,D_VA,-0.0012578903223855187,0.004983261474228084,-0.252423102598759,0.009800654235047945,50
EastAsia_Bronze,PD_Russian,R,-0.11653675421112197,0.21342795233983763,-0.5460238592626449,0.4758977957256936,50
EastAsia_Bronze,PD_Han,D_VA,-0.0012216607820778186,0.0022236345219569637,-0.5493981902217754,0.011217770896105851,50
EastAsia_Bronze,PD_Han,R,-0.055625492855265524,0.09500439609426398,-0.58550440971251,0.5139538132395242,50
EastAsia_Bronze,PD_Japanese,D_VA,-0.0007302981445436868,0.0027016946238052827,-0.2703111366136105,0.011193837430443597,50
EastAsia_Bronze,PD_Japanese,R,-0.16663484108527005,0.10277929167800064,-1.6212880860020302,0.5231542113993022,50
EastAsia_Bronze,PD_Dai,D_VA,0.004067999519414042,0.004580759269723972,0.8880622796096361,0.011486092038990094,50
EastAsia_Bronze,PD_Dai,R,0.010824294701191395,0.16455552528131767,0.06577898057623167,0.5336799330865186,50
EastAsia_Bronze,PD_Papuan,D_VA,0.010460983517587966,0.007762483744710229,1.3476335489548223,0.012329795745249129,50
EastAsia_Bronze,PD_Papuan,R,0.6065803173254787,0.2795579028186156,2.169784188569492,0.47293608110891106,50
EastAsia_Bronze,PD_Karitiana,D_VA,-0.016630642322861322,0.007229457279616255,-2.3003998335742413,0.011690937863257625,50
EastAsia_Bronze,PD_Karitiana,R,-0.3908778435060243,0.3067017171330353,-1.2744559996593585,0.5802606556055332,50
EastAsia_Bronze,PD_Mixe,D_VA,-0.009164473714165497,0.006530260938535061,-1.4033855309036658,0.012028357347327498,50
EastAsia_Bronze,PD_Mixe,R,-0.44212915114041085,0.30914969098621314,-1.4301458614756566,0.5979410484325327,50
EastAsia_Bronze,PD_Mbuti,D_VA,0.09510263284201195,0.008777077992456882,10.835340978369363,0.009426433987443368,50
EastAsia_Bronze,PD_Mbuti,R,-76.79056738734123,2174.836394282658,-0.03530866394787807,2174.873593181564,50
EastAsia_Bronze,PD_Biaka,D_VA,0.08485862168054442,0.008174640544778846,10.38071597346794,0.009082415643565449,50
EastAsia_Bronze,PD_Biaka,R,34.51179275667254,474.96338184567344,0.07266200737952093,474.9527640524227,50
EastAsia_Bronze,PD_Juhoan,D_VA,0.09317469849523692,0.010949074140355262,8.509824419931611,0.01050731569928818,50
EastAsia_Bronze,PD_Juhoan,R,3.762299794886907,0.6827428998037657,5.510565977278224,0.7264250919345879,50
EastAsia_Bronze,PD_Mandenka,D_VA,0.07044488834453111,0.00844672459368631,8.339905908283868,0.008449524444490878,50
EastAsia_Bronze,PD_Mandenka,R,-0.5703201422104343,2.7734774300292164,-0.2056335977482342,2.843946420744753,50
EastAsia_Bronze,PD_Mende,D_VA,0.07389854393409626,0.008128027478205199,9.091817680519734,0.008085037683440915,50
EastAsia_Bronze,PD_Mende,R,-6.12696602684539,98.129215697313,-0.06243773562548875,98.11253051359282,50
EastAsia_Bronze,PD_Esan,D_VA,0.07571833430003416,0.008061514678767664,9.392569178030568,0.008028389013157158,50
EastAsia_Bronze,PD_Esan,R,4.399787025059687,3.4459393438136057,1.2768033868496542,3.4119842603848296,50
EastAsia_Bronze,PD_Gambian,D_VA,0.07193282480262315,0.008112643819509683,8.866754957198488,0.00808870761731058,50
EastAsia_Bronze,PD_Gambian,R,0.7916811491631623,1.3663313437861841,0.579421055341794,1.360573246871229,50
EastAsia_Bronze,PD_Luhya,D_VA,0.07089529713358629,0.0074078048282913145,9.570351646256723,0.008355011980919204,50
EastAsia_Bronze,PD_Luhya,R,-1.109336042688195,3.62824477305985,-0.3057500560395339,3.6822334848720213,50
EastAsia_Iron_Classical,EastAsia_LateGlacial_Meso,D_VA,0.004269336697194731,0.003546674960246221,1.2037575320683858,0.011238076578041252,50
EastAsia_Iron_Classical,EastAsia_LateGlacial_Meso,R,0.08464114003327694,0.15249651693953012,0.5550365459615051,0.5119718714393372,50
EastAsia_Iron_Classical,EastAsia_Medieval_Recent,D_VA,0.0009567906664573189,0.0016743325109325274,0.5714460301104886,0.010590098935168006,50
EastAsia_Iron_Classical,EastAsia_Medieval_Recent,R,0.03631813497921543,0.07634670530113934,0.47570009519026946,0.47575585084844463,50
EastAsia_Iron_Classical,EastAsia_Neolithic,D_VA,-0.000739510126230955,0.001784552913086209,-0.4143951803323359,0.010667946608639135,50
EastAsia_Iron_Classical,EastAsia_Neolithic,R,-0.2106899002228788,0.10288850665296541,-2.047749618269014,0.5339113909570179,50
EastAsia_Iron_Classical,Europe_Bronze,D_VA,0.0001395569016534176,0.004696405929890373,0.029715681254298063,0.009719390192795049,50
EastAsia_Iron_Classical,Europe_Bronze,R,-0.10247622349975005,0.20764845496652515,-0.493508239761621,0.48024552643533264,50
EastAsia_Iron_Classical,Europe_Iron_Classical,D_VA,0.00035707161900722095,0.004616668433923867,0.0773440033907164,0.009677033964977037,50
EastAsia_Iron_Classical,Europe_Iron_Classical,R,-0.15346495872684507,0.20572343958057776,-0.7459770215767558,0.4834693917580586,50
EastAsia_Iron_Classical,Europe_LateGlacial_Meso,D_VA,-0.0013163020971137251,0.004959061395101371,-0.26543371663314885,0.009739077545049402,50
EastAsia_Iron_Classical,Europe_LateGlacial_Meso,R,-0.10977679025603226,0.2360141131565317,-0.46512807555379104,0.4912051778981418,50
EastAsia_Iron_Classical,Europe_Medieval_Recent,D_VA,-0.0010745024331669933,0.0041755075761072,-0.2573345667758901,0.009673993701045923,50
EastAsia_Iron_Classical,Europe_Medieval_Recent,R,-0.09378117683985376,0.17943997465310565,-0.5226325796197422,0.46722178138100995,50
EastAsia_Iron_Classical,Europe_Neolithic,D_VA,0.0007494408152676213,0.004935808679338461,0.15183749289246512,0.00993298694477037,50
EastAsia_Iron_Classical,Europe_Neolithic,R,-0.11194445620365201,0.22134952502369237,-0.5057361482554341,0.48239890796277535,50
EastAsia_Iron_Classical,Europe_Palaeolithic,D_VA,0.004388103711820579,0.004664701130632764,0.9407041499409706,0.00933718454837075,50
EastAsia_Iron_Classical,Europe_Palaeolithic,R,0.4056131539313199,0.2062384824569754,1.9667190579524227,0.4291279522883835,50
EastAsia_Iron_Classical,InnerAsia_Bronze,D_VA,-8.681016285999599e-05,0.004513282075669974,-0.019234375650475925,0.010329684210865529,50
EastAsia_Iron_Classical,InnerAsia_Bronze,R,-0.01566790911279803,0.19027637131400313,-0.08234290471590978,0.4798752072559385,50
EastAsia_Iron_Classical,InnerAsia_Iron_Classical,D_VA,0.0012652622857992901,0.0025534474614246467,0.49551138408516987,0.009796306150055986,50
EastAsia_Iron_Classical,InnerAsia_Iron_Classical,R,0.037682281674555895,0.11107664895147158,0.3392457553434021,0.45952256294211064,50
EastAsia_Iron_Classical,InnerAsia_Medieval_Recent,D_VA,0.001522363015771716,0.003039535208550973,0.5008538843336732,0.009999180462410192,50
EastAsia_Iron_Classical,InnerAsia_Medieval_Recent,R,-0.04479650954899528,0.12897489941746382,-0.3473273462613735,0.47367927090082235,50
EastAsia_Iron_Classical,NearEast_Bronze,D_VA,0.007659335102801965,0.005154219281388226,1.4860320612395475,0.009949762256356387,50
EastAsia_Iron_Classical,NearEast_Bronze,R,-0.13108257915993082,0.2302700647043263,-0.5692558402163339,0.4970585430630267,50
EastAsia_Iron_Classical,NearEast_Iron_Classical,D_VA,0.004320352789549953,0.006090802651899898,0.7093240474968122,0.010319894740991728,50
EastAsia_Iron_Classical,NearEast_Iron_Classical,R,-0.11593969891518574,0.2485764264632274,-0.4664146981465156,0.4829231107797234,50
EastAsia_Iron_Classical,NearEast_Medieval_Recent,D_VA,0.007949763122471823,0.005725409248286153,1.3885056557051374,0.009900699731668317,50
EastAsia_Iron_Classical,NearEast_Medieval_Recent,R,-0.14409878338618842,0.20573864521254123,-0.7003972600156141,0.47315939636968873,50
EastAsia_Iron_Classical,Siberia_Bronze,D_VA,0.00026310938508029846,0.004140666018385809,0.06354276918544342,0.010055467802724764,50
EastAsia_Iron_Classical,Siberia_Bronze,R,0.05921894882352996,0.16505772975208177,0.3587771921525721,0.46522248764342544,50
EastAsia_Iron_Classical,Siberia_Iron_Classical,D_VA,0.00080948943264815,0.0026626591189481863,0.30401542085789696,0.010247423919256463,50
EastAsia_Iron_Classical,Siberia_Iron_Classical,R,0.02941989070108786,0.1273759419871039,0.23096897453418996,0.4759299459162796,50
EastAsia_Iron_Classical,Siberia_Neolithic,D_VA,0.0006265758485004408,0.004115311255843063,0.15225478938216555,0.010691928030771358,50
EastAsia_Iron_Classical,Siberia_Neolithic,R,0.04966650797911454,0.1582200141562291,0.3139078721739526,0.48862323456053935,50
EastAsia_Iron_Classical,SouthAsia_Iron_Classical,D_VA,0.004488997583697488,0.0028231854204432472,1.590047026735036,0.011166286356031679,50
EastAsia_Iron_Classical,SouthAsia_Iron_Classical,R,-0.022374697180395753,0.11815831411155422,-0.18936202118855233,0.5367942182835128,50
EastAsia_Iron_Classical,SouthAsia_Medieval_Recent,D_VA,0.004154695118371701,0.0024391994068822622,1.7033027749388283,0.010456232568438388,50
EastAsia_Iron_Classical,SouthAsia_Medieval_Recent,R,0.07872253799778672,0.10729249381128594,0.7337189695324802,0.4921120046872459,50
EastAsia_Iron_Classical,WestSiberia_Bronze,D_VA,0.0018244660064103968,0.004497297714525464,0.40568050465453936,0.009918169788216316,50
EastAsia_Iron_Classical,WestSiberia_Bronze,R,0.0303793082676318,0.20428221254189705,0.14871244975086212,0.4708390845743698,50
EastAsia_Iron_Classical,WestSiberia_Iron_Classical,D_VA,0.0014806411451574325,0.0034570772466164202,0.42829275701218283,0.009964579578220393,50
EastAsia_Iron_Classical,WestSiberia_Iron_Classical,R,-0.04551415635973122,0.16145020634834653,-0.28190831953184026,0.47279953830064136,50
EastAsia_Iron_Classical,WestSiberia_LateGlacial_Meso,D_VA,-0.00017731167747871146,0.006061864998718797,-0.02925035076105903,0.010622580387934982,50
EastAsia_Iron_Classical,WestSiberia_LateGlacial_Meso,R,0.14599769043605626,0.2588802659956309,0.5639583607292811,0.47222804389957945,50
EastAsia_Iron_Classical,WestSiberia_Medieval_Recent,D_VA,0.0010529271282234132,0.004019476064700508,0.2619563125329537,0.009907057547064302,50
EastAsia_Iron_Classical,WestSiberia_Medieval_Recent,R,0.02482164686832311,0.15907971165913468,0.15603276250279652,0.4631098502716471,50
EastAsia_Iron_Classical,WestSiberia_Neolithic,D_VA,0.0009584291162872544,0.004883923537616751,0.19624163009622936,0.010244692201887009,50
EastAsia_Iron_Classical,WestSiberia_Neolithic,R,0.035299085960524224,0.22134695769052362,0.1594740055559185,0.48766595023954074,50
EastAsia_Iron_Classical,ANC_Americas,D_VA,-0.003523075679826057,0.004758725976727357,-0.7403401030140688,0.011146623273504562,50
EastAsia_Iron_Classical,ANC_Americas,R,-0.15289131385677734,0.20017219701023783,-0.7637989498059897,0.507559021516539,50
EastAsia_Iron_Classical,ANC_Oceania,D_VA,0.0023919678219712637,0.002707901962755962,0.8833288113343819,0.010953474269580746,50
EastAsia_Iron_Classical,ANC_Oceania,R,0.15429420034042662,0.13206971338568646,1.1682784522280096,0.46466008991261926,50
EastAsia_Iron_Classical,ANC_Africa,D_VA,0.040635393875162025,0.005748244226823061,7.069183610109133,0.008562454266290338,50
EastAsia_Iron_Classical,ANC_Africa,R,0.10563590372236131,0.27844344682324224,0.3793801036711763,0.5061660488594723,50
EastAsia_Iron_Classical,PD_French,D_VA,0.00042307872274098546,0.005255069419996352,0.08050868388742981,0.009890687330325231,50
EastAsia_Iron_Classical,PD_French,R,-0.21466668222832608,0.2346107077157049,-0.9149909836530288,0.4982591078103285,50
EastAsia_Iron_Classical,PD_Sardinian,D_VA,0.002766198987202692,0.005226861382576361,0.5292275391927862,0.010500833765768904,50
EastAsia_Iron_Classical,PD_Sardinian,R,-0.19806521598099147,0.22825004092093912,-0.8677554456588115,0.5130025052799612,50
EastAsia_Iron_Classical,PD_Basque,D_VA,-0.0003704893615509991,0.005390165896612,-0.06873431516901381,0.010049097847229996,50
EastAsia_Iron_Classical,PD_Basque,R,-0.2762212983759311,0.2466781455331079,-1.1197639652226836,0.5124797944898268,50
EastAsia_Iron_Classical,PD_Russian,D_VA,-0.00044506945469832693,0.004468246791609843,-0.09960717826375365,0.009533239022196115,50
EastAsia_Iron_Classical,PD_Russian,R,-0.12689868867143073,0.20030168227034983,-0.633537807736202,0.4749416218720309,50
EastAsia_Iron_Classical,PD_Han,D_VA,-0.00040883991439062684,0.002045421309105218,-0.19988053931513813,0.010984908133292648,50
EastAsia_Iron_Classical,PD_Han,R,-0.06598742731557428,0.09010242332826479,-0.7323601838672664,0.5130685669121711,50
EastAsia_Iron_Classical,PD_Japanese,D_VA,8.252272314350495e-05,0.0024850635358265815,0.033207490252781906,0.01096046619622357,50
EastAsia_Iron_Classical,PD_Japanese,R,-0.1769967755455788,0.10940083175591389,-1.6178741304314705,0.5222845595216147,50
EastAsia_Iron_Classical,PD_Dai,D_VA,0.004880820387101234,0.0040349728730212095,1.2096290460180197,0.011258780269083819,50
EastAsia_Iron_Classical,PD_Dai,R,0.00046236024088264216,0.15525528154936985,0.0029780644900999106,0.5328274609937932,50
EastAsia_Iron_Classical,PD_Papuan,D_VA,0.011273804385275157,0.007796633322639583,1.4459836597084397,0.012118320260618756,50
EastAsia_Iron_Classical,PD_Papuan,R,0.5962183828651699,0.2805911553084572,2.124865205425809,0.4719739071437273,50
EastAsia_Iron_Classical,PD_Karitiana,D_VA,-0.01581782145517413,0.007273435157378216,-2.1747387737592514,0.01146768725340512,50
EastAsia_Iron_Classical,PD_Karitiana,R,-0.40123977796633303,0.31574057421206053,-1.270789409842679,0.5794767127794045,50
EastAsia_Iron_Classical,PD_Mixe,D_VA,-0.008351652846478305,0.006907590473742402,-1.2090544276220732,0.011811486074764975,50
EastAsia_Iron_Classical,PD_Mixe,R,-0.4524910856007196,0.3136737708016567,-1.4425531482734026,0.5971803158263487,50
EastAsia_Iron_Classical,PD_Mbuti,D_VA,0.09591545370969914,0.008565343608428673,11.198085925626398,0.009148086168100242,50
EastAsia_Iron_Classical,PD_Mbuti,R,-76.80092932180153,2174.851393452442,-0.035313184870017625,2174.873592972548,50
EastAsia_Iron_Classical,PD_Biaka,D_VA,0.08567144254823161,0.007959646724088032,10.763221725527941,0.008793184675749846,50
EastAsia_Iron_Classical,PD_Biaka,R,34.501430822212235,474.96135864619976,0.07264050052524897,474.9527630953088,50
EastAsia_Iron_Classical,PD_Juhoan,D_VA,0.09398751936292411,0.010617485293338474,8.852145001028907,0.010258338365635408,50
EastAsia_Iron_Classical,PD_Juhoan,R,3.7519378604265983,0.6884486733182351,5.449843983782748,0.7257990399566783,50
EastAsia_Iron_Classical,PD_Mandenka,D_VA,0.0712577092122183,0.008104943753468333,8.791882014199683,0.008137830555953376,50
EastAsia_Iron_Classical,PD_Mandenka,R,-0.580682076670743,2.7755372553033593,-0.20921429736214292,2.84378657361567,50
EastAsia_Iron_Classical,PD_Mende,D_VA,0.07471136480178345,0.007771326746645682,9.61372069885376,0.007758714916918856,50
EastAsia_Iron_Classical,PD_Mende,R,-6.137327961305699,98.12390864676951,-0.06254671308905055,98.1125258803018,50
EastAsia_Iron_Classical,PD_Esan,D_VA,0.07653115516772135,0.007756747586986685,9.866397521574106,0.00769966576975534,50
EastAsia_Iron_Classical,PD_Esan,R,4.389425090599378,3.4562091301382902,1.270011427353572,3.4118510262500727,50
EastAsia_Iron_Classical,PD_Gambian,D_VA,0.07274564567031035,0.007782662981084103,9.347140669860677,0.007762539129543742,50
EastAsia_Iron_Classical,PD_Gambian,R,0.7813192147028536,1.3637544302511384,0.5729178196392527,1.3602390938035782,50
EastAsia_Iron_Classical,PD_Luhya,D_VA,0.07170811800127348,0.007098806389264343,10.101433123985323,0.008039654720239108,50
EastAsia_Iron_Classical,PD_Luhya,R,-1.1196979771485038,3.6346473230574565,-0.30806234487879186,3.682110029497029,50
EastAsia_LateGlacial_Meso,EastAsia_Medieval_Recent,D_VA,-0.003312546030737412,0.0037191688240975577,-0.8906683690383936,0.011163139658001107,50
EastAsia_LateGlacial_Meso,EastAsia_Medieval_Recent,R,-0.04832300505406151,0.15596169872841945,-0.3098389248645447,0.4949042486270964,50
EastAsia_LateGlacial_Meso,EastAsia_Neolithic,D_VA,-0.005008846823425686,0.003942216089389612,-1.2705662779133005,0.011237018128140836,50
EastAsia_LateGlacial_Meso,EastAsia_Neolithic,R,-0.29533104025615575,0.1643233542331026,-1.7972554274738748,0.5510426109533464,50
EastAsia_LateGlacial_Meso,Europe_Bronze,D_VA,-0.0041297797955413135,0.005552148424131206,-0.7438165337209149,0.010340794809258673,50
EastAsia_LateGlacial_Meso,Europe_Bronze,R,-0.187117363533027,0.2521344785157398,-0.74213318477721,0.49922174567397715,50
EastAsia_LateGlacial_Meso,Europe_Iron_Classical,D_VA,-0.00391226507818751,0.005475303325126327,-0.7145293778034199,0.010300994026146688,50
EastAsia_LateGlacial_Meso,Europe_Iron_Classical,R,-0.238106098760122,0.25033627264689406,-0.9511450188282421,0.5023238382353863,50
EastAsia_LateGlacial_Meso,Europe_LateGlacial_Meso,D_VA,-0.005585638794308456,0.0058903620024446015,-0.9482674905193128,0.010359301279327484,50
EastAsia_LateGlacial_Meso,Europe_LateGlacial_Meso,R,-0.1944179302893092,0.27698895575678956,-0.7018977697436358,0.5097735894361031,50
EastAsia_LateGlacial_Meso,Europe_Medieval_Recent,D_VA,-0.005343839130361724,0.005121207877232078,-1.0434724108973243,0.010298137972238804,50
EastAsia_LateGlacial_Meso,Europe_Medieval_Recent,R,-0.1784223168731307,0.22842518660339892,-0.781097389154878,0.48670604957147146,50
EastAsia_LateGlacial_Meso,Europe_Neolithic,D_VA,-0.0035198958819271098,0.005668661236970672,-0.6209395366529504,0.010541808251546277,50
EastAsia_LateGlacial_Meso,Europe_Neolithic,R,-0.19658559623692895,0.2576251490883006,-0.7630683453561032,0.5012936186470974,50
EastAsia_LateGlacial_Meso,Europe_Palaeolithic,D_VA,0.00011876701462584793,0.005386171543523402,0.022050358713260672,0.0099824098722565,50
EastAsia_LateGlacial_Meso,Europe_Palaeolithic,R,0.320972013898043,0.2559425914148434,1.2540781591829588,0.45026368399843725,50
EastAsia_LateGlacial_Meso,InnerAsia_Bronze,D_VA,-0.004356146860054727,0.005519495761709069,-0.7892291339863046,0.010916403595671751,50
EastAsia_LateGlacial_Meso,InnerAsia_Bronze,R,-0.10030904914607497,0.2338232309291845,-0.42899522321823735,0.49886551317118855,50
EastAsia_LateGlacial_Meso,InnerAsia_Iron_Classical,D_VA,-0.003004074411395441,0.004090652208511482,-0.7343754145475428,0.010413121806308389,50
EastAsia_LateGlacial_Meso,InnerAsia_Iron_Classical,R,-0.046958858358721045,0.18179811379659144,-0.2583022308540667,0.47931990522563256,50
EastAsia_LateGlacial_Meso,InnerAsia_Medieval_Recent,D_VA,-0.002746973681423015,0.004539314524473537,-0.6051516515572591,0.010604202067446482,50
EastAsia_LateGlacial_Meso,InnerAsia_Medieval_Recent,R,-0.12943764958227222,0.18060615905873867,-0.7166845818374064,0.4929083458146738,50
EastAsia_LateGlacial_Meso,NearEast_Bronze,D_VA,0.0033899984056072335,0.006000162243425972,0.5649844567655579,0.010557616233099434,50
EastAsia_LateGlacial_Meso,NearEast_Bronze,R,-0.21572371919320776,0.27393979166057686,-0.7874858847103845,0.5154161240440215,50
EastAsia_LateGlacial_Meso,NearEast_Iron_Classical,D_VA,5.101609235522164e-05,0.006774103525902102,0.007531047047059687,0.010907140735891293,50
EastAsia_LateGlacial_Meso,NearEast_Iron_Classical,R,-0.20058083894846268,0.2835166917325544,-0.7074745325318399,0.501798083513467,50
EastAsia_LateGlacial_Meso,NearEast_Medieval_Recent,D_VA,0.003680426425277092,0.006337555545374551,0.5807328076143241,0.010511391284889343,50
EastAsia_LateGlacial_Meso,NearEast_Medieval_Recent,R,-0.22873992341946536,0.236513764819398,-0.967131547688699,0.4924087733433997,50
EastAsia_LateGlacial_Meso,Siberia_Bronze,D_VA,-0.004006227312114433,0.005355060868923797,-0.7481198459130796,0.010657294417394358,50
EastAsia_LateGlacial_Meso,Siberia_Bronze,R,-0.02542219120974698,0.2295221503744877,-0.11076138476512269,0.4847871168892182,50
EastAsia_LateGlacial_Meso,Siberia_Iron_Classical,D_VA,-0.003459847264546581,0.004326872619281711,-0.7996184701922051,0.0108385971669926,50
EastAsia_LateGlacial_Meso,Siberia_Iron_Classical,R,-0.05522124933218908,0.19517147965738876,-0.28293708398955886,0.49507161008534534,50
EastAsia_LateGlacial_Meso,Siberia_Neolithic,D_VA,-0.0036427608486942903,0.00544385336456735,-0.6691511700892037,0.01125978759047367,50
EastAsia_LateGlacial_Meso,Siberia_Neolithic,R,-0.0349746320541624,0.2099172153262584,-0.1666115473178509,0.5072861628755778,50
EastAsia_LateGlacial_Meso,SouthAsia_Iron_Classical,D_VA,0.00021966088650275661,0.004883913359559956,0.044976409352713874,0.011711167429094753,50
EastAsia_LateGlacial_Meso,SouthAsia_Iron_Classical,R,-0.1070158372136727,0.20809042991381058,-0.5142756313108575,0.5538362740695404,50
EastAsia_LateGlacial_Meso,SouthAsia_Medieval_Recent,D_VA,-0.00011464157882302983,0.003819116465165149,-0.030017827387223295,0.011036226306698416,50
EastAsia_LateGlacial_Meso,SouthAsia_Medieval_Recent,R,-0.005918602035490217,0.18394483265033817,-0.032175962489475976,0.5106474428114992,50
EastAsia_LateGlacial_Meso,WestSiberia_Bronze,D_VA,-0.0024448706907843343,0.005577341927186585,-0.43835768412671383,0.010527848000198209,50
EastAsia_LateGlacial_Meso,WestSiberia_Bronze,R,-0.05426183176564514,0.2556292807480241,-0.21226766983368967,0.49017958877890244,50
EastAsia_LateGlacial_Meso,WestSiberia_Iron_Classical,D_VA,-0.0027886955520372986,0.004970570343701405,-0.5610413612938948,0.010571581610056155,50
EastAsia_LateGlacial_Meso,WestSiberia_Iron_Classical,R,-0.13015529639300816,0.21768727857292264,-0.5979003332039345,0.4920629930302857,50
EastAsia_LateGlacial_Meso,WestSiberia_LateGlacial_Meso,D_VA,-0.0044466483746734425,0.006789488121507054,-0.6549313136859021,0.011193958444872462,50
EastAsia_LateGlacial_Meso,WestSiberia_LateGlacial_Meso,R,0.06135655040277932,0.2979346215465398,0.20593964569906464,0.49151389719706456,50
EastAsia_LateGlacial_Meso,WestSiberia_Medieval_Recent,D_VA,-0.003216409568971318,0.004901853828826971,-0.6561618688130109,0.010517379940281435,50
EastAsia_LateGlacial_Meso,WestSiberia_Medieval_Recent,R,-0.05981949316495383,0.2168086398992028,-0.2759091759109079,0.4827601051363407,50
EastAsia_LateGlacial_Meso,WestSiberia_Neolithic,D_VA,-0.0033109075809074767,0.00575185673288318,-0.5756241392417034,0.010836014483138857,50
EastAsia_LateGlacial_Meso,WestSiberia_Neolithic,R,-0.04934205407275272,0.263243893396296,-0.18743855151265207,0.5063641621557133,50
EastAsia_LateGlacial_Meso,ANC_Americas,D_VA,-0.007792412377020788,0.005264773071826357,-1.480104131880007,0.011692420706116596,50
EastAsia_LateGlacial_Meso,ANC_Americas,R,-0.23753245389005428,0.2315026932854861,-1.02604617907029,0.5255499462614851,50
EastAsia_LateGlacial_Meso,ANC_Oceania,D_VA,-0.0018773688752234674,0.0040428619134692525,-0.4643663116389903,0.011508435607925084,50
EastAsia_LateGlacial_Meso,ANC_Oceania,R,0.06965306030714968,0.1659977409373156,0.41960245912896016,0.4842474417590936,50
EastAsia_LateGlacial_Meso,ANC_Africa,D_VA,0.036366057177967294,0.0068321932998986245,5.322750042582503,0.009261809468441044,50
EastAsia_LateGlacial_Meso,ANC_Africa,R,0.020994763689084373,0.31371942757641263,0.06692210250183081,0.5242047831817572,50
EastAsia_LateGlacial_Meso,PD_French,D_VA,-0.0038462579744537456,0.005748451978904775,-0.6690945646877535,0.010501961123221062,50
EastAsia_LateGlacial_Meso,PD_French,R,-0.299307822261603,0.26103216218071507,-1.146631969643608,0.5165740258748672,50
EastAsia_LateGlacial_Meso,PD_Sardinian,D_VA,-0.001503137709992039,0.005761417080523986,-0.2608972218090714,0.011078492737899993,50
EastAsia_LateGlacial_Meso,PD_Sardinian,R,-0.2827063560142684,0.25939006255515046,-1.0898889233821767,0.5308089638618964,50
EastAsia_LateGlacial_Meso,PD_Basque,D_VA,-0.00463982605874573,0.006001363900977515,-0.7731285979825329,0.010651284387837606,50
EastAsia_LateGlacial_Meso,PD_Basque,R,-0.36086243840920806,0.28949760601005864,-1.24651268583088,0.530303804863739,50
EastAsia_LateGlacial_Meso,PD_Russian,D_VA,-0.004714406151893058,0.005291806937597765,-0.8908877832253609,0.01016602861601881,50
EastAsia_LateGlacial_Meso,PD_Russian,R,-0.21153982870470767,0.24152658740169108,-0.8758448955058045,0.4941215739866643,50
EastAsia_LateGlacial_Meso,PD_Han,D_VA,-0.004678176611585358,0.0036821085867334044,-1.2705156573710985,0.011538357693548487,50
EastAsia_LateGlacial_Meso,PD_Han,R,-0.15062856734885122,0.17510662554482737,-0.8602105538850113,0.5308728096690697,50
EastAsia_LateGlacial_Meso,PD_Japanese,D_VA,-0.004186813974051226,0.003771494818842664,-1.110120568940887,0.011515090568725466,50
EastAsia_LateGlacial_Meso,PD_Japanese,R,-0.26163791557885574,0.1752673756956305,-1.4927930228910165,0.5397849079099103,50
EastAsia_LateGlacial_Meso,PD_Dai,D_VA,0.0006114836899065029,0.004700861324068821,0.13007907439763283,0.011799390862027654,50
EastAsia_LateGlacial_Meso,PD_Dai,R,-0.0841787797923943,0.21521972794076882,-0.39112947775661794,0.5499924443860257,50
EastAsia_LateGlacial_Meso,PD_Papuan,D_VA,0.007004467688080426,0.007559019932867045,0.9266370177997025,0.012622170079123226,50
EastAsia_LateGlacial_Meso,PD_Papuan,R,0.511577242831893,0.27643180877541884,1.8506453548097754,0.49126973722908995,50
EastAsia_LateGlacial_Meso,PD_Karitiana,D_VA,-0.02008715815236886,0.0069004809044904275,-2.9109794564169174,0.011998889219811177,50
EastAsia_LateGlacial_Meso,PD_Karitiana,R,-0.48588091799961,0.30794145919003724,-1.5778353433720742,0.5952981155238506,50
EastAsia_LateGlacial_Meso,PD_Mixe,D_VA,-0.012620989543673036,0.0075430586605599904,-1.6731925484901458,0.012327882821545535,50
EastAsia_LateGlacial_Meso,PD_Mixe,R,-0.5371322256339965,0.34530889560376943,-1.5555122745819385,0.6125446231117215,50
EastAsia_LateGlacial_Meso,PD_Mbuti,D_VA,0.09164611701250441,0.009388370824549864,9.76166352237141,0.009805762188956938,50
EastAsia_LateGlacial_Meso,PD_Mbuti,R,-76.88557046183482,2174.857386122224,-0.035352005585488976,2174.8735972455747,50
EastAsia_LateGlacial_Meso,PD_Biaka,D_VA,0.08140210585103688,0.009124352435282857,8.921411840281836,0.00947552575371058,50
EastAsia_LateGlacial_Meso,PD_Biaka,R,34.41678968217896,474.92892760753483,0.07246724232098119,474.9527826620813,50
EastAsia_LateGlacial_Meso,PD_Juhoan,D_VA,0.08971818266572938,0.011362588265326568,7.895928336988881,0.010848916885627703,50
EastAsia_LateGlacial_Meso,PD_Juhoan,R,3.6672967203933213,0.7034192287165347,5.213529244977714,0.7384922694887598,50
EastAsia_LateGlacial_Meso,PD_Mandenka,D_VA,0.06698837251502357,0.008873453937942082,7.549300755209579,0.008870725884886702,50
EastAsia_LateGlacial_Meso,PD_Mandenka,R,-0.66532321670402,2.7745922900096183,-0.2397913448760119,2.847052627186469,50
EastAsia_LateGlacial_Meso,PD_Mende,D_VA,0.07044202810458872,0.008526847289387003,8.261204371780511,0.0085242682225168,50
EastAsia_LateGlacial_Meso,PD_Mende,R,-6.221969101338976,98.13843487794651,-0.06339992184588186,98.11262060101434,50
EastAsia_LateGlacial_Meso,PD_Esan,D_VA,0.07226181847052662,0.008639553678928305,8.364068464181399,0.008470557510183887,50
EastAsia_LateGlacial_Meso,PD_Esan,R,4.304783950566101,3.4499367945645942,1.2477863238968105,3.414573767107148,50
EastAsia_LateGlacial_Meso,PD_Gambian,D_VA,0.06847630897311562,0.00868203348172973,7.887127954207453,0.008527749134741728,50
EastAsia_LateGlacial_Meso,PD_Gambian,R,0.6966780746695767,1.3742788809838578,0.5069408286117436,1.3670541240215046,50
EastAsia_LateGlacial_Meso,PD_Luhya,D_VA,0.06743878130407875,0.007886400885534516,8.55127481888184,0.008780748236229844,50
EastAsia_LateGlacial_Meso,PD_Luhya,R,-1.2043391171817808,3.625191576888757,-0.3322139234957009,3.684633069250619,50
EastAsia_Medieval_Recent,EastAsia_Neolithic,D_VA,-0.001696300792688274,0.0020608070403198846,-0.8231245136007344,0.010588975715096005,50
EastAsia_Medieval_Recent,EastAsia_Neolithic,R,-0.24700803520209424,0.12910044925744366,-1.913301128096983,0.5175677651841459,50
EastAsia_Medieval_Recent,Europe_Bronze,D_VA,-0.0008172337648039013,0.004456410035204387,-0.1833838803763532,0.009632645927776974,50
EastAsia_Medieval_Recent,Europe_Bronze,R,-0.13879435847896548,0.17709199235734296,-0.7837415832947485,0.4620073417438335,50
EastAsia_Medieval_Recent,Europe_Iron_Classical,D_VA,-0.000599719047450098,0.0043596500490997,-0.13756128145513524,0.009589906579807593,50
EastAsia_Medieval_Recent,Europe_Iron_Classical,R,-0.1897830937060605,0.1738743324693828,-1.0914957429928827,0.465357573196097,50
EastAsia_Medieval_Recent,Europe_LateGlacial_Meso,D_VA,-0.002273092763571044,0.0043928902535410475,-0.5174481110104527,0.009652510206086456,50
EastAsia_Medieval_Recent,Europe_LateGlacial_Meso,R,-0.1460949252352477,0.20390793268857255,-0.7164749468495553,0.47338942210192947,50
EastAsia_Medieval_Recent,Europe_Medieval_Recent,D_VA,-0.0020312930996243123,0.003930241404530827,-0.5168367259279836,0.00958683868530153,50
EastAsia_Medieval_Recent,Europe_Medieval_Recent,R,-0.1300993118190692,0.14681946820924396,-0.8861175796772022,0.4484542464520744,50
EastAsia_Medieval_Recent,Europe_Neolithic,D_VA,-0.00020734985118969762,0.004703245761413095,-0.044086543997096835,0.009848124262776967,50
EastAsia_Medieval_Recent,Europe_Neolithic,R,-0.14826259118286744,0.19191871518909598,-0.7725280519765125,0.4642453279977428,50
EastAsia_Medieval_Recent,Europe_Palaeolithic,D_VA,0.00343131304536326,0.004298263001378626,0.7983022547160795,0.009246855527175236,50
EastAsia_Medieval_Recent,Europe_Palaeolithic,R,0.3692950189521045,0.18197545790252764,2.0293671641695314,0.4086145097757479,50
EastAsia_Medieval_Recent,InnerAsia_Bronze,D_VA,-0.001043600829317315,0.004126548777170538,-0.25289918662560523,0.010248107032341257,50
EastAsia_Medieval_Recent,InnerAsia_Bronze,R,-0.05198604409201346,0.15853861712781625,-0.32790776804935495,0.46162239189946536,50
EastAsia_Medieval_Recent,InnerAsia_Iron_Classical,D_VA,0.0003084716193419712,0.002590657054277068,0.11907080438636108,0.009710249020274531,50
EastAsia_Medieval_Recent,InnerAsia_Iron_Classical,R,0.0013641466953404624,0.09598768852140817,0.01421168398107864,0.440427070031963,50
EastAsia_Medieval_Recent,InnerAsia_Medieval_Recent,D_VA,0.0005655723493143971,0.0032523599230596797,0.17389599020219482,0.00991488435484567,50
EastAsia_Medieval_Recent,InnerAsia_Medieval_Recent,R,-0.08111464452821071,0.11384110951540631,-0.7125250700164103,0.45517806388839555,50
EastAsia_Medieval_Recent,NearEast_Bronze,D_VA,0.006702544436344646,0.005065444799537089,1.323189710202185,0.009865043882727124,50
EastAsia_Medieval_Recent,NearEast_Bronze,R,-0.16740071413914626,0.2042108658993503,-0.8197444019538768,0.4794603355815707,50
EastAsia_Medieval_Recent,NearEast_Iron_Classical,D_VA,0.003363562123092634,0.0058865857679809,0.5713943966276969,0.010238239561334088,50
EastAsia_Medieval_Recent,NearEast_Iron_Classical,R,-0.15225783389440117,0.22207070829836312,-0.6856277221840313,0.464790005367175,50
EastAsia_Medieval_Recent,NearEast_Medieval_Recent,D_VA,0.006992972456014504,0.005547619296564395,1.260535750956308,0.009815557907056268,50
EastAsia_Medieval_Recent,NearEast_Medieval_Recent,R,-0.18041691836540386,0.181860247996852,-0.9920635232419065,0.4546370338379638,50
EastAsia_Medieval_Recent,Siberia_Bronze,D_VA,-0.0006936812813770205,0.003935830941223547,-0.17624773313087808,0.009971647535976796,50
EastAsia_Medieval_Recent,Siberia_Bronze,R,0.022900813844314527,0.1395329840561824,0.16412473365504465,0.44637090090326315,50
EastAsia_Medieval_Recent,Siberia_Iron_Classical,D_VA,-0.00014730123380916893,0.0024934627745794645,-0.05907496807687937,0.010165186610735054,50
EastAsia_Medieval_Recent,Siberia_Iron_Classical,R,-0.006898244278127574,0.10456157667659804,-0.06597303232585505,0.4575197608671416,50
EastAsia_Medieval_Recent,Siberia_Neolithic,D_VA,-0.0003302148179568781,0.004118386832973573,-0.08018062201273483,0.010613135581217835,50
EastAsia_Medieval_Recent,Siberia_Neolithic,R,0.013348372999899105,0.15293115590003012,0.08728354220133425,0.47070976569055534,50
EastAsia_Medieval_Recent,SouthAsia_Iron_Classical,D_VA,0.0035322069172401688,0.003299590009439455,1.0704987307923846,0.011090864386287346,50
EastAsia_Medieval_Recent,SouthAsia_Iron_Classical,R,-0.058692832159611186,0.15004921231953405,-0.3911572160380498,0.5205411135987832,50
EastAsia_Medieval_Recent,SouthAsia_Medieval_Recent,D_VA,0.0031979044519143823,0.0027984801475663896,1.142729011208223,0.010375650407342634,50
EastAsia_Medieval_Recent,SouthAsia_Medieval_Recent,R,0.04240440301857129,0.13025409754510522,0.32555139391209725,0.47433031035487666,50
EastAsia_Medieval_Recent,WestSiberia_Bronze,D_VA,0.0008676753399530779,0.004229518674441869,0.20514753728273277,0.009833179231459408,50
EastAsia_Medieval_Recent,WestSiberia_Bronze,R,-0.0059388267115836335,0.17115084701259387,-0.03469937084884327,0.45222169532971784,50
EastAsia_Medieval_Recent,WestSiberia_Iron_Classical,D_VA,0.0005238504787001136,0.003258822576420375,0.16074838884770845,0.009879988260155206,50
EastAsia_Medieval_Recent,WestSiberia_Iron_Classical,R,-0.08183229133894665,0.13046770550471043,-0.627222583722009,0.4542625029444465,50
EastAsia_Medieval_Recent,WestSiberia_LateGlacial_Meso,D_VA,-0.0011341023439360304,0.005505804758565469,-0.20598302948750394,0.010543269699114155,50
EastAsia_Medieval_Recent,WestSiberia_LateGlacial_Meso,R,0.10967955545684083,0.23036669535809615,0.4761085593833266,0.4536676576628279,50
EastAsia_Medieval_Recent,WestSiberia_Medieval_Recent,D_VA,9.613646176609425e-05,0.003900467430543195,0.024647420720215037,0.009821970835375225,50
EastAsia_Medieval_Recent,WestSiberia_Medieval_Recent,R,-0.011496488110892322,0.13308827319271818,-0.0863824275054261,0.4441686071557523,50
EastAsia_Medieval_Recent,WestSiberia_Neolithic,D_VA,1.63844982993544e-06,0.0044840915220067095,0.0003653917012831631,0.010162432787552508,50
EastAsia_Medieval_Recent,WestSiberia_Neolithic,R,-0.0010190490186912093,0.19293598901254305,-0.005281798506886963,0.469715975017976,50
EastAsia_Medieval_Recent,ANC_Americas,D_VA,-0.004479866346283376,0.004697017474451602,-0.9537682945934581,0.011071067349246472,50
EastAsia_Medieval_Recent,ANC_Americas,R,-0.18920944883599278,0.1958723648902432,-0.9659833787273463,0.49033782077959287,50
EastAsia_Medieval_Recent,ANC_Oceania,D_VA,0.0014351771555139448,0.002788981615161568,0.5145882452978464,0.010876576686829603,50
EastAsia_Medieval_Recent,ANC_Oceania,R,0.11797606536121119,0.12432056204299068,0.9489666345010126,0.4457847208257109,50
EastAsia_Medieval_Recent,ANC_Africa,D_VA,0.039678603208704706,0.0055710261724835446,7.122314988338337,0.008463861111362318,50
EastAsia_Medieval_Recent,ANC_Africa,R,0.06931776874314588,0.2545981497380588,0.27226344266234026,0.48889578355930147,50
EastAsia_Medieval_Recent,PD_French,D_VA,-0.0005337119437163335,0.004875267356902187,-0.10947336928316923,0.009805458567368168,50
EastAsia_Medieval_Recent,PD_French,R,-0.2509848172075415,0.20018311527368396,-1.2537761582159568,0.4807048540216733,50
EastAsia_Medieval_Recent,PD_Sardinian,D_VA,0.0018094083207453732,0.005069648610041191,0.35691000697002384,0.010420596510105844,50
EastAsia_Medieval_Recent,PD_Sardinian,R,-0.2343833509602069,0.2085394564055405,-1.1239280805662433,0.49597035051257876,50
EastAsia_Medieval_Recent,PD_Basque,D_VA,-0.001327280028008318,0.005112396085295874,-0.2596199523401175,0.009965224001161253,50
EastAsia_Medieval_Recent,PD_Basque,R,-0.31253943335514656,0.22319516439475395,-1.400296615756307,0.49542967000815435,50
EastAsia_Medieval_Recent,PD_Russian,D_VA,-0.0014018601211556458,0.004229040120512394,-0.33148423311382424,0.009444785233367696,50
EastAsia_Medieval_Recent,PD_Russian,R,-0.16321682365064616,0.16758164319875674,-0.9739540711930258,0.45649157971477283,50
EastAsia_Medieval_Recent,PD_Han,D_VA,-0.0013656305808479458,0.0024180992548386735,-0.5647537329641399,0.01090823214581523,50
EastAsia_Medieval_Recent,PD_Han,R,-0.10230556229478971,0.12353218238820404,-0.8281693103525932,0.4960386804649034,50
EastAsia_Medieval_Recent,PD_Japanese,D_VA,-0.000874267943313814,0.003164907671484257,-0.2762380562286058,0.010883618014643723,50
EastAsia_Medieval_Recent,PD_Japanese,R,-0.21331491052479423,0.14753885300420133,-1.4458219389757616,0.5055652077415342,50
EastAsia_Medieval_Recent,PD_Dai,D_VA,0.003924029720643915,0.0045827085817098465,0.8562686565550339,0.011183982072483346,50
EastAsia_Medieval_Recent,PD_Dai,R,-0.03585577473833279,0.1836296437137314,-0.19526136419580484,0.5164495341784576,50
EastAsia_Medieval_Recent,PD_Papuan,D_VA,0.010317013718817838,0.007550601461911171,1.3663830319825205,0.012048859190356604,50
EastAsia_Medieval_Recent,PD_Papuan,R,0.5599002478859545,0.25551687838346565,2.1912456485386733,0.4534031177534726,50
EastAsia_Medieval_Recent,PD_Karitiana,D_VA,-0.01677461212163145,0.007308793641502641,-2.29512734172403,0.011394260519754146,50
EastAsia_Medieval_Recent,PD_Karitiana,R,-0.43755791294554847,0.31769289323324085,-1.3772983981240847,0.5644539651890826,50
EastAsia_Medieval_Recent,PD_Mixe,D_VA,-0.009308443512935624,0.006849611051072627,-1.3589740269234634,0.011740209757260927,50
EastAsia_Medieval_Recent,PD_Mixe,R,-0.48880922057993503,0.3312908196467428,-1.4754686565150068,0.5826142358151843,50
EastAsia_Medieval_Recent,PD_Mbuti,D_VA,0.09495866304324183,0.008392532705166643,11.314661065876217,0.0090558711557257,50
EastAsia_Medieval_Recent,PD_Mbuti,R,-76.83724745678074,2174.850658408534,-0.03532989594467469,2174.8735890217476,50
EastAsia_Medieval_Recent,PD_Biaka,D_VA,0.0847146518817743,0.007876117528878682,10.755889760552503,0.008697207516896423,50
EastAsia_Medieval_Recent,PD_Biaka,R,34.46511268723302,474.9606550554545,0.07256414256715435,474.9527450040548,50
EastAsia_Medieval_Recent,PD_Juhoan,D_VA,0.0930307286964668,0.010525383914914341,8.838701699483225,0.010176189260916145,50
EastAsia_Medieval_Recent,PD_Juhoan,R,3.715619725447383,0.6766805520104492,5.490950958185668,0.713862216794032,50
EastAsia_Medieval_Recent,PD_Mandenka,D_VA,0.07030091854576098,0.007892297264814736,8.907535561182543,0.00803402813086475,50
EastAsia_Medieval_Recent,PD_Mandenka,R,-0.6170002116499584,2.7822189104510247,-0.2217655157659527,2.840763470343986,50
EastAsia_Medieval_Recent,PD_Mende,D_VA,0.07375457413532613,0.007605298486263203,9.697788228633323,0.0076497698666127805,50
EastAsia_Medieval_Recent,PD_Mende,R,-6.173646096284914,98.1371959668876,-0.06290831967899266,98.11243830234297,50
EastAsia_Medieval_Recent,PD_Esan,D_VA,0.07557436450126404,0.007660900426463012,9.864945410360363,0.00758987317522894,50
EastAsia_Medieval_Recent,PD_Esan,R,4.353106955620163,3.4467895613774493,1.2629453809418292,3.4093316710885917,50
EastAsia_Medieval_Recent,PD_Gambian,D_VA,0.07178885500385303,0.007633987232918647,9.403847925536354,0.0076536485147813945,50
EastAsia_Medieval_Recent,PD_Gambian,R,0.7450010797236382,1.3551831601381479,0.5497419844323423,1.3539074600856713,50
EastAsia_Medieval_Recent,PD_Luhya,D_VA,0.07075132733481616,0.006936047782191602,10.200524788262152,0.007934568033029946,50
EastAsia_Medieval_Recent,PD_Luhya,R,-1.1560161121277193,3.6294029326982318,-0.31851412851212263,3.6797757115735554,50
EastAsia_Neolithic,Europe_Bronze,D_VA,0.0008790670278843726,0.004667294362326089,0.1883461722449112,0.009718166337228797,50
EastAsia_Neolithic,Europe_Bronze,R,0.10821367672312876,0.23315673727127825,0.4641241681007998,0.5216977358608466,50
EastAsia_Neolithic,Europe_Iron_Classical,D_VA,0.001096581745238176,0.004576999676859646,0.2395852791474433,0.00967580475193488,50
EastAsia_Neolithic,Europe_Iron_Classical,R,0.05722494149603374,0.2277575107959153,0.25125380627869087,0.5246669559902652,50
EastAsia_Neolithic,Europe_LateGlacial_Meso,D_VA,-0.0005767919708827701,0.004873299313960621,-0.11835759179216115,0.009737856163793543,50
EastAsia_Neolithic,Europe_LateGlacial_Meso,R,0.10091310996684655,0.2573054361842313,0.3921919080426755,0.5318038066196301,50
EastAsia_Neolithic,Europe_Medieval_Recent,D_VA,-0.0003349923069360383,0.004199132969159948,-0.07977654182335997,0.009672764101647606,50
EastAsia_Neolithic,Europe_Medieval_Recent,R,0.11690872338302505,0.2073726013496649,0.5637616667878771,0.5097342002828809,50
EastAsia_Neolithic,Europe_Neolithic,D_VA,0.0014889509414985763,0.004868864399674419,0.30581072284497024,0.009931789409931375,50
EastAsia_Neolithic,Europe_Neolithic,R,0.0987454440192268,0.24765687180677518,0.3987187728684111,0.5236806931182989,50
EastAsia_Neolithic,Europe_Palaeolithic,D_VA,0.005127613838051534,0.004858070719595113,1.055483572392064,0.009335910589148757,50
EastAsia_Neolithic,Europe_Palaeolithic,R,0.6163030541541987,0.25764836244721284,2.392031714466911,0.4750616395547055,50
EastAsia_Neolithic,InnerAsia_Bronze,D_VA,0.000652699963370959,0.0044066035161856,0.14811860449290948,0.010328532670929157,50
EastAsia_Neolithic,InnerAsia_Bronze,R,0.19502199111008078,0.2075787399130921,0.9395085026131843,0.5213568609696373,50
EastAsia_Neolithic,InnerAsia_Iron_Classical,D_VA,0.002004772412030245,0.0025849036806050818,0.7755694833321457,0.009795091904820042,50
EastAsia_Neolithic,InnerAsia_Iron_Classical,R,0.2483721818974347,0.15307748308845573,1.6225259057461312,0.5026865303487551,50
EastAsia_Neolithic,InnerAsia_Medieval_Recent,D_VA,0.002261873142002671,0.0028431172657631737,0.7955609743010441,0.009997990856071639,50
EastAsia_Neolithic,InnerAsia_Medieval_Recent,R,0.16589339067388353,0.1487520925183536,1.115233996815305,0.5156595908371321,50
EastAsia_Neolithic,NearEast_Bronze,D_VA,0.00839884522903292,0.005216028416974705,1.6101992852838496,0.009948566740805458,50
EastAsia_Neolithic,NearEast_Bronze,R,0.07960732106294799,0.255236817069556,0.31189591680754175,0.5372150008824425,50
EastAsia_Neolithic,NearEast_Iron_Classical,D_VA,0.005059862915780908,0.006191141043760035,0.81727469621786,0.010318742108580635,50
EastAsia_Neolithic,NearEast_Iron_Classical,R,0.09475020130769307,0.27863800148086615,0.3400476632911807,0.5241636126882032,50
EastAsia_Neolithic,NearEast_Medieval_Recent,D_VA,0.008689273248702778,0.005868043821672323,1.480778520537094,0.009899498291070286,50
EastAsia_Neolithic,NearEast_Medieval_Recent,R,0.06659111683669039,0.2373034261048549,0.28061590989110474,0.5151820807385599,50
EastAsia_Neolithic,Siberia_Bronze,D_VA,0.0010026195113112535,0.004076902534801759,0.24592677964522552,0.010054284856213333,50
EastAsia_Neolithic,Siberia_Bronze,R,0.26990884904640877,0.19045752464196616,1.4171603330128337,0.5079022789379084,50
EastAsia_Neolithic,Siberia_Iron_Classical,D_VA,0.001548999558879105,0.0026757313250783043,0.5789069867968804,0.01024626313439177,50
EastAsia_Neolithic,Siberia_Iron_Classical,R,0.24010979092396667,0.15654391978751692,1.5338174184591578,0.5177278004521841,50
EastAsia_Neolithic,Siberia_Neolithic,D_VA,0.0013660859747313958,0.004102125989615447,0.33301901945226686,0.010690815509279014,50
EastAsia_Neolithic,Siberia_Neolithic,R,0.26035640820199335,0.16802548527671257,1.5495054680141271,0.5294198969566478,50
EastAsia_Neolithic,SouthAsia_Iron_Classical,D_VA,0.005228507709928443,0.003156114815301395,1.6566278528840983,0.011165221100504264,50
EastAsia_Neolithic,SouthAsia_Iron_Classical,R,0.18831520304248306,0.1417228863056798,1.328756476468515,0.5741783649039656,50
EastAsia_Neolithic,SouthAsia_Medieval_Recent,D_VA,0.004894205244602656,0.0024152716427204585,2.0263580948973643,0.010455094966738371,50
EastAsia_Neolithic,SouthAsia_Medieval_Recent,R,0.28941243822066554,0.15131221307776907,1.9126839290356417,0.5326415183765567,50
EastAsia_Neolithic,WestSiberia_Bronze,D_VA,0.002563976132641352,0.004445476946699947,0.5767606408452286,0.009916970464115202,50
EastAsia_Neolithic,WestSiberia_Bronze,R,0.2410692084905106,0.22724673861295477,1.0608258229003593,0.5130518545956289,50
EastAsia_Neolithic,WestSiberia_Iron_Classical,D_VA,0.0022201512713883875,0.00358508145496117,0.6192749869925714,0.009963385840613286,50
EastAsia_Neolithic,WestSiberia_Iron_Classical,R,0.1651757438631476,0.18957850339235732,0.8712788681599356,0.5148515954704651,50
EastAsia_Neolithic,WestSiberia_LateGlacial_Meso,D_VA,0.0005621984487522436,0.005903732588765874,0.09522762765746584,0.010621460602779043,50
EastAsia_Neolithic,WestSiberia_LateGlacial_Meso,R,0.35668759065893507,0.28161145788078623,1.2665947378104574,0.5143268293472615,50
EastAsia_Neolithic,WestSiberia_Medieval_Recent,D_VA,0.0017924372544543682,0.004202172248710124,0.42655016224157993,0.009905856877579554,50
EastAsia_Neolithic,WestSiberia_Medieval_Recent,R,0.23551154709120192,0.19849106673820704,1.1865095541142,0.5059678797708518,50
EastAsia_Neolithic,WestSiberia_Neolithic,D_VA,0.0016979392425182094,0.004767488048732587,0.35614965893193967,0.010243531107467332,50
EastAsia_Neolithic,WestSiberia_Neolithic,R,0.24598898618340304,0.23982406008558804,1.0257060367321564,0.5285365086389189,50
EastAsia_Neolithic,ANC_Americas,D_VA,-0.002783565553595102,0.004506513863734705,-0.6176760213688247,0.011145556138644675,50
EastAsia_Neolithic,ANC_Americas,R,0.05779858636610147,0.2043284392516865,0.28287098251118464,0.5469450815795039,50
EastAsia_Neolithic,ANC_Oceania,D_VA,0.0031314779482022187,0.0029107927862070822,1.0758161704401847,0.010952388315459503,50
EastAsia_Neolithic,ANC_Oceania,R,0.36498410056330544,0.16147552645951654,2.260305995378256,0.5073871905150811,50
EastAsia_Neolithic,ANC_Africa,D_VA,0.04137490400139298,0.005576049472860155,7.420110636172371,0.008561065021395411,50
EastAsia_Neolithic,ANC_Africa,R,0.3163258039452401,0.28986213820423445,1.09129742126707,0.5456526651260795,50
EastAsia_Neolithic,PD_French,D_VA,0.0011625888489719405,0.005077192019544434,0.2289826432596215,0.009889484673353937,50
EastAsia_Neolithic,PD_French,R,-0.003976782005447266,0.2423652598634146,-0.016408217942160477,0.5383260168867268,50
EastAsia_Neolithic,PD_Sardinian,D_VA,0.003505709113433647,0.0051985534701155835,0.6743624228521596,0.010499700996435983,50
EastAsia_Neolithic,PD_Sardinian,R,0.01262468424188734,0.24891589180833895,0.05071867509209952,0.5520003010549002,50
EastAsia_Neolithic,PD_Basque,D_VA,0.0003690207646799559,0.005409145287184725,0.06822164040485934,0.010047914150780199,50
EastAsia_Neolithic,PD_Basque,R,-0.06553139815305231,0.27018261363218227,-0.2425448376269859,0.5515145525745616,50
EastAsia_Neolithic,PD_Russian,D_VA,0.0002944406715326281,0.0046257522593936935,0.06365249477740535,0.009531991265867231,50
EastAsia_Neolithic,PD_Russian,R,0.08379121155144809,0.22317342688182623,0.3754533535742892,0.51681941345853,50
EastAsia_Neolithic,PD_Han,D_VA,0.0003306702118403282,0.0023181956374409784,0.14264120184668716,0.010983825286990202,50
EastAsia_Neolithic,PD_Han,R,0.14470247290730454,0.11875577330138336,1.21848790071092,0.5520616960942796,50
EastAsia_Neolithic,PD_Japanese,D_VA,0.00082203284937446,0.0027789502153589014,0.29580697229881625,0.010959380934925385,50
EastAsia_Neolithic,PD_Japanese,R,0.03369312467730001,0.1181267711473809,0.28522852483001315,0.5606370689277251,50
EastAsia_Neolithic,PD_Dai,D_VA,0.005620330513332189,0.004617002612173034,1.2173115298903696,0.011257723765742234,50
EastAsia_Neolithic,PD_Dai,R,0.21115226046376145,0.19211708563557778,1.099081113817701,0.5704716164107343,50
EastAsia_Neolithic,PD_Papuan,D_VA,0.012013314511506112,0.007747727690218424,1.5505597243270475,0.012117338700274474,50
EastAsia_Neolithic,PD_Papuan,R,0.8069082830880487,0.30499182024262245,2.6456718821053933,0.5140935041076666,50
EastAsia_Neolithic,PD_Karitiana,D_VA,-0.015078311328943175,0.00724144103541926,-2.082225244283879,0.011466649998153632,50
EastAsia_Neolithic,PD_Karitiana,R,-0.19054987774345422,0.3053478629948011,-0.6240419561957063,0.6142686892515425,50
EastAsia_Neolithic,PD_Mixe,D_VA,-0.00761214272024735,0.006228859816937878,-1.2220764223249925,0.011810479013681593,50
EastAsia_Neolithic,PD_Mixe,R,-0.2418011853778408,0.2901341067510028,-0.8334117904495729,0.6309969029651741,50
EastAsia_Neolithic,PD_Mbuti,D_VA,0.0966549638359301,0.008547089448303414,11.308523728520939,0.009146785871399494,50
EastAsia_Neolithic,PD_Mbuti,R,-76.59023942157866,2174.8391548559302,-0.035216507506115914,2174.873602520864,50
EastAsia_Neolithic,PD_Biaka,D_VA,0.08641095267446257,0.00779602839532116,11.083971003276835,0.008791831889890089,50
EastAsia_Neolithic,PD_Biaka,R,34.71212072243511,474.98104045803115,0.07308106590730802,474.95280681835163,50
EastAsia_Neolithic,PD_Juhoan,D_VA,0.09472702948915507,0.010503134976245072,9.01892908197401,0.01025717881593734,50
EastAsia_Neolithic,PD_Juhoan,R,3.962627760649477,0.7067132252898035,5.607122689722572,0.753868031118988,50
EastAsia_Neolithic,PD_Mandenka,D_VA,0.07199721933844926,0.008012400891247428,8.985723544748922,0.008136368808974604,50
EastAsia_Neolithic,PD_Mandenka,R,-0.3699921764478642,2.7653978277827047,-0.13379347185808843,2.851079591701701,50
EastAsia_Neolithic,PD_Mende,D_VA,0.0754508749280144,0.007755057385952652,9.72924778927936,0.007757181730516927,50
EastAsia_Neolithic,PD_Mende,R,-5.92663806108282,98.13525997061664,-0.06039254456407774,98.11273753888857,50
EastAsia_Neolithic,PD_Esan,D_VA,0.07727066529395231,0.007683086750387575,10.057242330376443,0.007698120822914414,50
EastAsia_Neolithic,PD_Esan,R,4.600114990822257,3.442008262340053,1.3364625068316551,3.417932150769652,50
EastAsia_Neolithic,PD_Gambian,D_VA,0.0734851557965413,0.007740377950865417,9.4937425876375,0.0077610066986148205,50
EastAsia_Neolithic,PD_Gambian,R,0.9920091149257324,1.3737246654611228,0.7221309625337049,1.3754210825244624,50
EastAsia_Neolithic,PD_Luhya,D_VA,0.07244762812750444,0.007080972009638524,10.231311185652153,0.008038175119945408,50
EastAsia_Neolithic,PD_Luhya,R,-0.909008076925625,3.632557116386211,-0.2502391697642284,3.6877455214892194,50
Europe_Bronze,Europe_Iron_Classical,D_VA,0.00021751471735380334,0.0005449996991138488,0.39910979346864767,0.008618738798257607,50
Europe_Bronze,Europe_Iron_Classical,R,-0.05098873522709502,0.027788121043407114,-1.8349112251039505,0.4699466001319544,50
Europe_Bronze,Europe_LateGlacial_Meso,D_VA,-0.0014558589987671428,0.002663397851519153,-0.5466171709708137,0.008688342968699915,50
Europe_Bronze,Europe_LateGlacial_Meso,R,-0.007300566756282212,0.10116316645300144,-0.07216625390698819,0.47790132977699595,50
Europe_Bronze,Europe_Medieval_Recent,D_VA,-0.001214059334820411,0.0008342643589656207,-1.4552453569102324,0.008615325080410371,50
Europe_Bronze,Europe_Medieval_Recent,R,0.008695046659896288,0.04492271771438314,0.19355566854122788,0.45321446049913294,50
Europe_Bronze,Europe_Neolithic,D_VA,0.0006098839136142037,0.0013512450498767165,0.45134960062932156,0.00890516152342283,50
Europe_Bronze,Europe_Neolithic,R,-0.009468232703901958,0.058736816651154745,-0.1611975800482169,0.4688452416441422,50
Europe_Bronze,Europe_Palaeolithic,D_VA,0.004248546810167161,0.00399974040849481,1.062205637431851,0.008235331651099744,50
Europe_Bronze,Europe_Palaeolithic,R,0.50808937743107,0.16083226044152812,3.1591260113874355,0.4138332437635926,50
Europe_Bronze,InnerAsia_Bronze,D_VA,-0.0002263670645134136,0.0033654564883178087,-0.06726191983143452,0.00934558976252844,50
Europe_Bronze,InnerAsia_Bronze,R,0.08680831438695202,0.13118455362651057,0.6617266437792664,0.46624818364000714,50
Europe_Bronze,InnerAsia_Iron_Classical,D_VA,0.0011257053841458725,0.0028158213426569757,0.3997786958613185,0.008752444589878675,50
Europe_Bronze,InnerAsia_Iron_Classical,R,0.14015850517430595,0.13436220854481173,1.0431393372606037,0.44527310727413344,50
Europe_Bronze,InnerAsia_Medieval_Recent,D_VA,0.0013828061141182985,0.0033072760729527246,0.4181102767401374,0.008978935462131214,50
Europe_Bronze,InnerAsia_Medieval_Recent,R,0.057679713950754774,0.14776692197036417,0.3903425285012223,0.4598686833105844,50
Europe_Bronze,NearEast_Bronze,D_VA,0.007519778201148547,0.0021763137150666054,3.4552822734558775,0.008923869176051714,50
Europe_Bronze,NearEast_Bronze,R,-0.02860635566018077,0.10991256541761144,-0.2602646526490513,0.4839156428972044,50
Europe_Bronze,NearEast_Iron_Classical,D_VA,0.004180795887896535,0.0032317233251625307,1.2936738288653697,0.009334768319482838,50
Europe_Bronze,NearEast_Iron_Classical,R,-0.013463475415435688,0.13964791385025282,-0.09641014351186682,0.4693845812698164,50
Europe_Bronze,NearEast_Medieval_Recent,D_VA,0.007810206220818405,0.0029264092539996634,2.6688701213419903,0.008869133401292872,50
Europe_Bronze,NearEast_Medieval_Recent,R,-0.04162255988643837,0.12536164723823842,-0.33201988649158765,0.45933317818507746,50
Europe_Bronze,Siberia_Bronze,D_VA,0.00012355248342688085,0.0026072046297490794,0.04738887083012418,0.00904157645794726,50
Europe_Bronze,Siberia_Bronze,R,0.16169517232328,0.10795715322420985,1.4977717316004513,0.4511530973159921,50
Europe_Bronze,Siberia_Iron_Classical,D_VA,0.0006699325309947324,0.0030554340951644194,0.219259362214678,0.009254586381585146,50
Europe_Bronze,Siberia_Iron_Classical,R,0.1318961142008379,0.12231359388574031,1.0783438701347385,0.46218661558784746,50
Europe_Bronze,Siberia_Neolithic,D_VA,0.0004870189468470232,0.003794765284227546,0.12833967594023662,0.009744485472741291,50
Europe_Bronze,Siberia_Neolithic,R,0.1521427314788646,0.1594012448308599,0.9544638854000338,0.4752471142059463,50
Europe_Bronze,SouthAsia_Iron_Classical,D_VA,0.00434944068204407,0.005711472765082177,0.76152699328883,0.01026272980732568,50
Europe_Bronze,SouthAsia_Iron_Classical,R,0.0801015263193543,0.24408997665218501,0.3281639312600477,0.5246476789153685,50
Europe_Bronze,SouthAsia_Medieval_Recent,D_VA,0.004015138216718284,0.0049835813684013,0.8056732538123108,0.00948527657153672,50
Europe_Bronze,SouthAsia_Medieval_Recent,R,0.18119876149753678,0.24829740412275209,0.7297650256865215,0.47883335239514785,50
Europe_Bronze,WestSiberia_Bronze,D_VA,0.0016849091047569792,0.0019214683956012466,0.8768861921508495,0.008888631169148524,50
Europe_Bronze,WestSiberia_Bronze,R,0.13285553176738185,0.0784543737716542,1.6934114107400209,0.45694266354927554,50
Europe_Bronze,WestSiberia_Iron_Classical,D_VA,0.001341084243504015,0.0024013159695332846,0.5584788759659419,0.008940386920260146,50
Europe_Bronze,WestSiberia_Iron_Classical,R,0.056962067140018835,0.09020266718558165,0.6314898319228844,0.45896247954051267,50
Europe_Bronze,WestSiberia_LateGlacial_Meso,D_VA,-0.00031686857913212907,0.004480223064236891,-0.0707260720256349,0.009668344543478615,50
Europe_Bronze,WestSiberia_LateGlacial_Meso,R,0.2484739139358063,0.1768571113984269,1.4049416049549728,0.45837373359944944,50
Europe_Bronze,WestSiberia_Medieval_Recent,D_VA,0.0009133702265699956,0.00222222049171987,0.41101692202608564,0.008876230131881187,50
Europe_Bronze,WestSiberia_Medieval_Recent,R,0.12729787036807316,0.10878623667448496,1.170165218133058,0.4489742616534975,50
Europe_Bronze,WestSiberia_Neolithic,D_VA,0.0008188722146338367,0.0031067742463004706,0.26357634952360803,0.009251561512775898,50
Europe_Bronze,WestSiberia_Neolithic,R,0.13777530946027428,0.1168180385696635,1.1794009824785157,0.47426283138330594,50
Europe_Bronze,ANC_Americas,D_VA,-0.0036626325814794747,0.004956670771588696,-0.7389299693805443,0.010241332067397548,50
Europe_Bronze,ANC_Americas,R,-0.05041509035702729,0.22353376978015452,-0.22553679655029546,0.49469517334566987,50
Europe_Bronze,ANC_Oceania,D_VA,0.002252410920317846,0.005624413579582942,0.40047035809995774,0.01003076620640912,50
Europe_Bronze,ANC_Oceania,R,0.2567704238401767,0.2062270496718599,1.2450860556301384,0.4505731387536093,50
Europe_Bronze,ANC_Africa,D_VA,0.04049583697350861,0.0033072209543670208,12.24467234946485,0.0073452906801286895,50
Europe_Bronze,ANC_Africa,R,0.20811212722211136,0.1616709107192602,1.2872577156659668,0.49326587478426437,50
Europe_Bronze,PD_French,D_VA,0.00028352182108756785,0.0021362242179425225,0.1327210031167226,0.008857955067594767,50
Europe_Bronze,PD_French,R,-0.11219045872857603,0.10315839949028928,-1.087555247880101,0.4851487325806597,50
Europe_Bronze,PD_Sardinian,D_VA,0.0026266420855492745,0.0026290759340444,0.9990742570560215,0.009534420899539946,50
Europe_Bronze,PD_Sardinian,R,-0.09558899248124142,0.11940955198879862,-0.8005137854483223,0.5002786469880485,50
Europe_Bronze,PD_Basque,D_VA,-0.0005100462632044167,0.002700755057291406,-0.18885321044846748,0.009034491665637549,50
Europe_Bronze,PD_Basque,R,-0.17374507487618107,0.13579106474492275,-1.2795030011919648,0.49974262772852485,50
Europe_Bronze,PD_Russian,D_VA,-0.0005846263563517445,0.002101461244552478,-0.27819992296657614,0.008456968627563574,50
Europe_Bronze,PD_Russian,R,-0.024422465171680674,0.11256602706394084,-0.21696124318048454,0.46116883935833203,50
Europe_Bronze,PD_Han,D_VA,-0.0005483968160440444,0.005244837365274343,-0.10455935577238995,0.010065082156155048,50
Europe_Bronze,PD_Han,R,0.036488796184175776,0.255131934999166,0.14301932129466685,0.5003463885769386,50
Europe_Bronze,PD_Japanese,D_VA,-5.703417850991266e-05,0.005763050263559715,-0.009896526301452704,0.010038400836379836,50
Europe_Bronze,PD_Japanese,R,-0.07452055204582875,0.2723678269280172,-0.27360262365174076,0.5097924237602623,50
Europe_Bronze,PD_Dai,D_VA,0.004741263485447816,0.006938109494058633,0.6833653302110525,0.010363291236898773,50
Europe_Bronze,PD_Dai,R,0.1029385837406327,0.2854384049584653,0.3606332643135793,0.5205883761646701,50
Europe_Bronze,PD_Papuan,D_VA,0.01113424748362174,0.007805947789176475,1.4263799585055128,0.011291207112270805,50
Europe_Bronze,PD_Papuan,R,0.69869460636492,0.28890852825052704,2.4183938445702333,0.4581119112544353,50
Europe_Bronze,PD_Karitiana,D_VA,-0.015957378356827548,0.007187697841377867,-2.220095878956502,0.010589878330518348,50
Europe_Bronze,PD_Karitiana,R,-0.298763554466583,0.3385079796690625,-0.8825893993951485,0.568243270846475,50
Europe_Bronze,PD_Mixe,D_VA,-0.008491209748131723,0.006154783609674539,-1.379611418797018,0.010961244245414782,50
Europe_Bronze,PD_Mixe,R,-0.35001486210096955,0.3377251373541429,-1.0363897246237241,0.5862861791131815,50
Europe_Bronze,PD_Mbuti,D_VA,0.09577589680804573,0.0071383008041609654,13.417184206109287,0.008020296294542912,50
Europe_Bronze,PD_Mbuti,R,-76.69845309830178,2174.91307269492,-0.03526506602089859,2174.873590008503,50
Europe_Bronze,PD_Biaka,D_VA,0.0855318856465782,0.006041805132520293,14.156677312579795,0.007612999990484282,50
Europe_Bronze,PD_Biaka,R,34.603907045711985,474.9279518675113,0.0728613822573351,474.9527495225422,50
Europe_Bronze,PD_Juhoan,D_VA,0.0938479624612707,0.008949199201092726,10.486744160283253,0.009266670283178263,50
Europe_Bronze,PD_Juhoan,R,3.8544140839263483,0.6551453526886744,5.883296077897952,0.7168621908084647,50
Europe_Bronze,PD_Mandenka,D_VA,0.07111815231056488,0.0061553108186331125,11.55394981765646,0.006845579469313039,50
Europe_Bronze,PD_Mandenka,R,-0.47820585317099296,2.8093039504989052,-0.17022218371425002,2.841518824587553,50
Europe_Bronze,PD_Mende,D_VA,0.07457180790013003,0.005978254198056386,12.473843605441596,0.006390252676951901,50
Europe_Bronze,PD_Mende,R,-6.034851737805949,98.11411895758484,-0.06150849441368211,98.11246017589765,50
Europe_Bronze,PD_Esan,D_VA,0.07639159826606794,0.006079692810386202,12.565042453389236,0.0063184274213774,50
Europe_Bronze,PD_Esan,R,4.4919013140991275,3.3858363703224077,1.3266740689159169,3.409961081820781,50
Europe_Bronze,PD_Gambian,D_VA,0.07260608876865693,0.006015762827609871,12.069307060349008,0.0063948952963257715,50
Europe_Bronze,PD_Gambian,R,0.8837954382026036,1.356979400394165,0.6512961345956213,1.3554916253965774,50
Europe_Bronze,PD_Luhya,D_VA,0.07156856109962006,0.005335129500446401,13.414587423535226,0.00672857489621203,50
Europe_Bronze,PD_Luhya,R,-1.0172217536487538,3.6107120369817345,-0.28172331197562617,3.6803588715682722,50
Europe_Iron_Classical,Europe_LateGlacial_Meso,D_VA,-0.001673373716120946,0.002672925675024015,-0.6260457339899328,0.008640934219242493,50
Europe_Iron_Classical,Europe_LateGlacial_Meso,R,0.043688168470812805,0.10887421556495748,0.4012719471190788,0.48114090255181835,50
Europe_Iron_Classical,Europe_Medieval_Recent,D_VA,-0.0014315740521742143,0.0006456372363436622,-2.217304039465609,0.008567512292414094,50
Europe_Iron_Classical,Europe_Medieval_Recent,R,0.059683781886991305,0.04039384731930212,1.4775463553943653,0.45662920878025043,50
Europe_Iron_Classical,Europe_Neolithic,D_VA,0.00039236919626040034,0.0013785572322131323,0.2846230733783115,0.00885891316120488,50
Europe_Iron_Classical,Europe_Neolithic,R,0.04152050252319306,0.06419256314419113,0.646811725369628,0.4721469556378728,50
Europe_Iron_Classical,Europe_Palaeolithic,D_VA,0.004031032092813358,0.003876514371070222,1.0398599636044885,0.008185299508455625,50
Europe_Iron_Classical,Europe_Palaeolithic,R,0.559078112658165,0.16523984879844578,3.3834339399578512,0.41757016266689173,50
Europe_Iron_Classical,InnerAsia_Bronze,D_VA,-0.00044388178186721694,0.0033407403763091505,-0.13286928401111417,0.009301531521690125,50
Europe_Iron_Classical,InnerAsia_Bronze,R,0.13779704961404704,0.128289554147195,1.0741096617729566,0.4695681589006682,50
Europe_Iron_Classical,InnerAsia_Iron_Classical,D_VA,0.0009081906667920692,0.0027585089672824263,0.3292324504156978,0.008705384939129064,50
Europe_Iron_Classical,InnerAsia_Iron_Classical,R,0.19114724040140096,0.13095807795693423,1.4596063364969363,0.4487482893196578,50
Europe_Iron_Classical,InnerAsia_Medieval_Recent,D_VA,0.0011652913967644951,0.00318363388732011,0.3660255663836407,0.00893306905115124,50
Europe_Iron_Classical,InnerAsia_Medieval_Recent,R,0.10866844917784979,0.14599158414863658,0.74434735270228,0.46323438235472975,50
Europe_Iron_Classical,NearEast_Bronze,D_VA,0.007302263483794744,0.0021010363268050905,3.475553178511112,0.008877718271650917,50
Europe_Iron_Classical,NearEast_Bronze,R,0.022382379566914246,0.10579440860193298,0.2115648630461298,0.4871152189640271,50
Europe_Iron_Classical,NearEast_Iron_Classical,D_VA,0.003963281170542732,0.0030920699401133186,1.2817566378842922,0.009290658761247185,50
Europe_Iron_Classical,NearEast_Iron_Classical,R,0.03752525981165933,0.13527670797912777,0.27739631139936677,0.47268252796099647,50
Europe_Iron_Classical,NearEast_Medieval_Recent,D_VA,0.007592691503464602,0.0027856803632694705,2.725614755941807,0.008822696182542358,50
Europe_Iron_Classical,NearEast_Medieval_Recent,R,0.009366175340656646,0.12624934668575222,0.07418791135585068,0.4627027725088337,50
Europe_Iron_Classical,Siberia_Bronze,D_VA,-9.396223392692249e-05,0.002508223589295009,-0.037461665829134724,0.008996029428832744,50
Europe_Iron_Classical,Siberia_Bronze,R,0.21268390755037503,0.10709351890356018,1.9859643209772673,0.4545833304506121,50
Europe_Iron_Classical,Siberia_Iron_Classical,D_VA,0.00045241781364092903,0.002990494966794156,0.1512852616922897,0.009210092818953557,50
Europe_Iron_Classical,Siberia_Iron_Classical,R,0.18288484942793293,0.1218845889675081,1.5004755808520323,0.46553555689582515,50
Europe_Iron_Classical,Siberia_Neolithic,D_VA,0.00026950422949321984,0.003767042712041471,0.0715426529759647,0.009702238801842837,50
Europe_Iron_Classical,Siberia_Neolithic,R,0.2031314667059596,0.1592192279736492,1.2757973348519054,0.4785046568914843,50
Europe_Iron_Classical,SouthAsia_Iron_Classical,D_VA,0.004131925964690267,0.005706068005139435,0.7241284122391559,0.010222625090341993,50
Europe_Iron_Classical,SouthAsia_Iron_Classical,R,0.13109026154644932,0.24198302115289574,0.5417333039396206,0.5276002976658002,50
Europe_Iron_Classical,SouthAsia_Medieval_Recent,D_VA,0.0037976234993644803,0.004966992889341915,0.764571962145014,0.009441870168460379,50
Europe_Iron_Classical,SouthAsia_Medieval_Recent,R,0.2321874967246318,0.24563179871683277,0.9452664432600613,0.48206666185469954,50
Europe_Iron_Classical,WestSiberia_Bronze,D_VA,0.0014673943874031758,0.0019225822499970243,0.7632414100387367,0.008842296347707269,50
Europe_Iron_Classical,WestSiberia_Bronze,R,0.18384426699447687,0.0757503781530423,2.426974907280952,0.46032975667152326,50
Europe_Iron_Classical,WestSiberia_Iron_Classical,D_VA,0.0011235695261502116,0.0022865167060697462,0.49138916114962294,0.008894321723632295,50
Europe_Iron_Classical,WestSiberia_Iron_Classical,R,0.10795080236711385,0.08545744716158693,1.2632111764700322,0.46233477560284486,50
Europe_Iron_Classical,WestSiberia_LateGlacial_Meso,D_VA,-0.0005343832964859324,0.004494144755232589,-0.11890656077860937,0.009625763702217677,50
Europe_Iron_Classical,WestSiberia_LateGlacial_Meso,R,0.29946264916290133,0.17853750190277975,1.677309506245751,0.4617503294635061,50
Europe_Iron_Classical,WestSiberia_Medieval_Recent,D_VA,0.0006958555092161922,0.002136119722994282,0.32575679243333067,0.0088298302358332,50
Europe_Iron_Classical,WestSiberia_Medieval_Recent,R,0.17828660559516818,0.10665442457378166,1.671628779655856,0.45242101491095726,50
Europe_Iron_Classical,WestSiberia_Neolithic,D_VA,0.0006013574972800334,0.0031567529283733635,0.19049875328377555,0.00920705333232055,50
Europe_Iron_Classical,WestSiberia_Neolithic,R,0.1887640446873693,0.11949770726942494,1.5796457438448868,0.4775270885902364,50
Europe_Iron_Classical,ANC_Americas,D_VA,-0.003880147298833278,0.0049123843214525145,-0.7898704671555461,0.010201143227806577,50
Europe_Iron_Classical,ANC_Americas,R,0.0005736448700677244,0.21968165875751308,0.0026112551831235014,0.49782547306988995,50
Europe_Iron_Classical,ANC_Oceania,D_VA,0.0020348962029640427,0.0055593101658588575,0.3660339398691693,0.009989730293013815,50
Europe_Iron_Classical,ANC_Oceania,R,0.3077591590672717,0.2087656683522088,1.4741847234577423,0.45400775375761665,50
Europe_Iron_Classical,ANC_Africa,D_VA,0.040278322256154804,0.0032444587780181985,12.414496534536916,0.007289151927014832,50
Europe_Iron_Classical,ANC_Africa,R,0.2591008624492064,0.1551107029494779,1.6704254285637514,0.49640518765665914,50
Europe_Iron_Classical,PD_French,D_VA,6.60071037337645e-05,0.0019479241200345764,0.03388587011931084,0.00881145893816946,50
Europe_Iron_Classical,PD_French,R,-0.06120172350148101,0.09292832712291113,-0.658590608443138,0.4883402295842294,50
Europe_Iron_Classical,PD_Sardinian,D_VA,0.002409127368195471,0.0026356976696578533,0.914037826086558,0.009491239251494124,50
Europe_Iron_Classical,PD_Sardinian,R,-0.0446002572541464,0.12128329142780646,-0.36773620446056726,0.5033742263345927,50
Europe_Iron_Classical,PD_Basque,D_VA,-0.00072756098055822,0.002584244083484728,-0.28153725308220084,0.008988908737771955,50
Europe_Iron_Classical,PD_Basque,R,-0.12275633964908605,0.1358417232948716,-0.9036718371322403,0.5028415069132305,50
Europe_Iron_Classical,PD_Russian,D_VA,-0.0008021410737055479,0.001956084514585985,-0.41007485500969015,0.008408255408056606,50
Europe_Iron_Classical,PD_Russian,R,0.026566270055414343,0.10944872514573821,0.2427279990702459,0.4645251182668903,50
Europe_Iron_Classical,PD_Han,D_VA,-0.0007659115333978478,0.005163145411639709,-0.14834204197913728,0.01002418672260595,50
Europe_Iron_Classical,PD_Han,R,0.08747753141127079,0.2521782157659481,0.34688774026564023,0.5034415513917601,50
Europe_Iron_Classical,PD_Japanese,D_VA,-0.000274548895863716,0.005683579891059689,-0.04830562798907487,0.009997396260594557,50
Europe_Iron_Classical,PD_Japanese,R,-0.02353181681873373,0.26859862751530583,-0.08760959442129984,0.5128305786798601,50
Europe_Iron_Classical,PD_Dai,D_VA,0.004523748768094013,0.0068793312403421306,0.6575855428454457,0.010323577185273599,50
Europe_Iron_Classical,PD_Dai,R,0.1539273189677277,0.28617265924670443,0.5378826872312413,0.5235638876999879,50
Europe_Iron_Classical,PD_Papuan,D_VA,0.010916732766267936,0.007699698389114989,1.4178130381965153,0.011254767820426748,50
Europe_Iron_Classical,PD_Papuan,R,0.749683341592015,0.290100284604843,2.5842213240610508,0.461490422803062,50
Europe_Iron_Classical,PD_Karitiana,D_VA,-0.01617489307418135,0.007132076859766526,-2.2679078467910463,0.010551017187679144,50
Europe_Iron_Classical,PD_Karitiana,R,-0.24777481923948796,0.3302392308559807,-0.7502888696695882,0.5709704913286305,50
Europe_Iron_Classical,PD_Mixe,D_VA,-0.008708724465485526,0.006142074867878717,-1.417879894468504,0.010923704318918438,50
Europe_Iron_Classical,PD_Mixe,R,-0.29902612687387453,0.3324578293662397,-0.8994407725151319,0.5889298522955776,50
Europe_Iron_Classical,PD_Mbuti,D_VA,0.09555838209069192,0.007114871591984057,13.430795040398538,0.007968914185243646,50
Europe_Iron_Classical,PD_Mbuti,R,-76.64746436307469,2174.904294695553,-0.035241764223838616,2174.8735907227715,50
Europe_Iron_Classical,PD_Biaka,D_VA,0.08531437092922439,0.005986307255685627,14.251585708066553,0.007558849746795627,50
Europe_Iron_Classical,PD_Biaka,R,34.65489578093908,474.9326424667545,0.07296802258304437,474.95275279327507,50
Europe_Iron_Classical,PD_Juhoan,D_VA,0.09363044774391689,0.008993554883627214,10.410838534423283,0.00922223502068006,50
Europe_Iron_Classical,PD_Juhoan,R,3.9054028191534433,0.6619694361046797,5.899672411062596,0.7190259297942384,50
Europe_Iron_Classical,PD_Mandenka,D_VA,0.07090063759321108,0.006144405749984342,11.539055276971537,0.006785307576683524,50
Europe_Iron_Classical,PD_Mandenka,R,-0.42721711794389794,2.8125005304944417,-0.15189939106208544,2.842065466802478,50
Europe_Iron_Classical,PD_Mende,D_VA,0.07435429318277623,0.0059453331534703655,12.50632912629542,0.00632564383401481,50
Europe_Iron_Classical,PD_Mende,R,-5.983863002578854,98.12128205119423,-0.060984354030930894,98.11247600919165,50
Europe_Iron_Classical,PD_Esan,D_VA,0.07617408354871413,0.006033322438754581,12.62556150810303,0.006253076500310268,50
Europe_Iron_Classical,PD_Esan,R,4.542890049326223,3.3918015894784626,1.3393737603692664,3.4104166118874844,50
Europe_Iron_Classical,PD_Gambian,D_VA,0.07238857405130313,0.00596119228146005,12.143304666826364,0.006330333837207018,50
Europe_Iron_Classical,PD_Gambian,R,0.9347841734296987,1.35916275609776,0.687764706055897,1.3566371783295683,50
Europe_Iron_Classical,PD_Luhya,D_VA,0.07135104638226626,0.005286437728411117,13.49699931180527,0.006667245366225348,50
Europe_Iron_Classical,PD_Luhya,R,-0.9662330184216588,3.6081365745323177,-0.2677928061930141,3.6807809376050957,50
Europe_LateGlacial_Meso,Europe_Medieval_Recent,D_VA,0.0002417996639467318,0.0026969341800762276,0.08965723588400569,0.008637529273457362,50
Europe_LateGlacial_Meso,Europe_Medieval_Recent,R,0.0159956134161785,0.11588035408374046,0.13803559320002884,0.46481190640765163,50
Europe_LateGlacial_Meso,Europe_Neolithic,D_VA,0.0020657429123813464,0.002853897799956374,0.7238321261584505,0.008926644804568808,50
Europe_LateGlacial_Meso,Europe_Neolithic,R,-0.0021676659476197457,0.09722610801530167,-0.022295101509962667,0.4800652265527565,50
Europe_LateGlacial_Meso,Europe_Palaeolithic,D_VA,0.005704405808934304,0.004076696928138956,1.3992714958917514,0.008258557568503725,50
Europe_LateGlacial_Meso,Europe_Palaeolithic,R,0.5153899441873522,0.18644465098523044,2.764305339219304,0.42650288952912435,50
Europe_LateGlacial_Meso,InnerAsia_Bronze,D_VA,0.0012294919342537292,0.004302757346952592,0.28574512460585566,0.009366062871781359,50
Europe_LateGlacial_Meso,InnerAsia_Bronze,R,0.09410888114323424,0.19508087799900817,0.4824095631951826,0.47752919269967276,50
Europe_LateGlacial_Meso,InnerAsia_Iron_Classical,D_VA,0.0025815643829130153,0.0035928594028247153,0.7185264140543275,0.008774301796016674,50
Europe_LateGlacial_Meso,InnerAsia_Iron_Classical,R,0.14745907193058816,0.17765525422294534,0.8300293316714235,0.45707209627624096,50
Europe_LateGlacial_Meso,InnerAsia_Medieval_Recent,D_VA,0.002838665112885441,0.004012735754876327,0.7074139156648577,0.009000242649051323,50
Europe_LateGlacial_Meso,InnerAsia_Medieval_Recent,R,0.06498028070703699,0.1828108387699522,0.3554509193451472,0.47130241567660774,50
Europe_LateGlacial_Meso,NearEast_Bronze,D_VA,0.00897563719991569,0.00401659108935633,2.234640519842925,0.008945307528529737,50
Europe_LateGlacial_Meso,NearEast_Bronze,R,-0.02130578890389856,0.17884365077516828,-0.11913080957334596,0.49479400822302816,50
Europe_LateGlacial_Meso,NearEast_Iron_Classical,D_VA,0.005636654886663678,0.0044868408666204,1.256263606003336,0.009355265110466159,50
Europe_LateGlacial_Meso,NearEast_Iron_Classical,R,-0.0061629086591534765,0.1834015535956218,-0.03360336124928333,0.4805919748254607,50
Europe_LateGlacial_Meso,NearEast_Medieval_Recent,D_VA,0.009266065219585548,0.0041818765848321456,2.2157672594150633,0.008890703740346641,50
Europe_LateGlacial_Meso,NearEast_Medieval_Recent,R,-0.03432199313015616,0.1644365465420841,-0.2087248476808175,0.4707799164305966,50
Europe_LateGlacial_Meso,Siberia_Bronze,D_VA,0.0015794114821940236,0.003800390676741513,0.4155918737144741,0.009062736372287956,50
Europe_LateGlacial_Meso,Siberia_Bronze,R,0.16899573907956222,0.1581377967536728,1.0686612723130484,0.46280220218858986,50
Europe_LateGlacial_Meso,Siberia_Iron_Classical,D_VA,0.002125791529761875,0.003852472704965284,0.5517992449426145,0.009275260363079095,50
Europe_LateGlacial_Meso,Siberia_Iron_Classical,R,0.13919668095712012,0.16464780285696587,0.8454208227609582,0.4735643871337287,50
Europe_LateGlacial_Meso,Siberia_Neolithic,D_VA,0.001942877945614166,0.004606496176746785,0.4217691431986104,0.009764122225635594,50
Europe_LateGlacial_Meso,Siberia_Neolithic,R,0.1594432982351468,0.20066048595200928,0.7945924055684779,0.4863194224929487,50
Europe_LateGlacial_Meso,SouthAsia_Iron_Classical,D_VA,0.005805299680811213,0.005947183911794999,0.9761426192483491,0.010281376795296237,50
Europe_LateGlacial_Meso,SouthAsia_Iron_Classical,R,0.08740209307563651,0.2632861525469776,0.3319661601270182,0.5346979971199434,50
Europe_LateGlacial_Meso,SouthAsia_Medieval_Recent,D_VA,0.005470997215485426,0.004873499281818504,1.1226014202763914,0.009505448824081287,50
Europe_LateGlacial_Meso,SouthAsia_Medieval_Recent,R,0.188499328253819,0.27434981156934873,0.6870765726994899,0.4898246017696245,50
Europe_LateGlacial_Meso,WestSiberia_Bronze,D_VA,0.003140768103524122,0.0034616073320344934,0.9073149558179944,0.008910154306735859,50
Europe_LateGlacial_Meso,WestSiberia_Bronze,R,0.14015609852366406,0.14510210961632292,0.9659135824714263,0.46844781876352226,50
Europe_LateGlacial_Meso,WestSiberia_Iron_Classical,D_VA,0.0027969432422711576,0.003322639056707977,0.8417836528540446,0.008961785759135487,50
Europe_LateGlacial_Meso,WestSiberia_Iron_Classical,R,0.06426263389630105,0.1376441852912871,0.4668750355149865,0.47041823812302486,50
Europe_LateGlacial_Meso,WestSiberia_LateGlacial_Meso,D_VA,0.0011389904196350137,0.004450216249375064,0.25594046576836804,0.009688135626636202,50
Europe_LateGlacial_Meso,WestSiberia_LateGlacial_Meso,R,0.2557744806920885,0.19693700073767806,1.2987629532998857,0.46984384723724376,50
Europe_LateGlacial_Meso,WestSiberia_Medieval_Recent,D_VA,0.0023692292253371383,0.0035555847359148582,0.6663402509875865,0.008897783266791815,50
Europe_LateGlacial_Meso,WestSiberia_Medieval_Recent,R,0.13459843712435537,0.16859090550956443,0.7983730600267722,0.46067846570042603,50
Europe_LateGlacial_Meso,WestSiberia_Neolithic,D_VA,0.0022747312134009795,0.0038259137462962867,0.5945589378754436,0.009272242238712338,50
Europe_LateGlacial_Meso,WestSiberia_Neolithic,R,0.1450758762165565,0.15974286538958266,0.9081837605876409,0.4853575943204201,50
Europe_LateGlacial_Meso,ANC_Americas,D_VA,-0.002206773582712332,0.00551443856096265,-0.4001810081509182,0.010260017944593969,50
Europe_LateGlacial_Meso,ANC_Americas,R,-0.04311452360074508,0.27172009459552654,-0.15867256216336859,0.505341543576518,50
Europe_LateGlacial_Meso,ANC_Oceania,D_VA,0.003708269919084989,0.005534325019341727,0.6700491760287083,0.010049843600590217,50
Europe_LateGlacial_Meso,ANC_Oceania,R,0.2640709905964589,0.2250916325543441,1.1731710663776183,0.462236859736515,50
Europe_LateGlacial_Meso,ANC_Africa,D_VA,0.04195169597227575,0.004086202091725229,10.266671846023012,0.007371321515459104,50
Europe_LateGlacial_Meso,ANC_Africa,R,0.21541269397839358,0.18796961559504544,1.1459974171701797,0.5039424415143866,50
Europe_LateGlacial_Meso,PD_French,D_VA,0.0017393808198547106,0.0032774279945654364,0.5307151896972004,0.008879552561261897,50
Europe_LateGlacial_Meso,PD_French,R,-0.10488989197229381,0.14509302425328716,-0.7229147818243059,0.49600005429174693,50
Europe_LateGlacial_Meso,PD_Sardinian,D_VA,0.004082501084316417,0.004096193254381972,0.9966573427533217,0.009554489394952985,50
Europe_LateGlacial_Meso,PD_Sardinian,R,-0.08828842572495921,0.15805161393932243,-0.5586050248044541,0.5108086586628968,50
Europe_LateGlacial_Meso,PD_Basque,D_VA,0.000945812735562726,0.0035450010555108254,0.2668018205784249,0.009055668134663464,50
Europe_LateGlacial_Meso,PD_Basque,R,-0.16644450811989886,0.1381332412530187,-1.2049562191552603,0.5102837006036999,50
Europe_LateGlacial_Meso,PD_Russian,D_VA,0.0008712326424153982,0.003235184877498271,0.2692991823976105,0.00847958749446454,50
Europe_LateGlacial_Meso,PD_Russian,R,-0.017121898415398462,0.1584055517841424,-0.10808900459960075,0.4725711158417391,50
Europe_LateGlacial_Meso,PD_Han,D_VA,0.0009074621827230983,0.0051922094513500265,0.17477380125471423,0.01008409463059702,50
Europe_LateGlacial_Meso,PD_Han,R,0.04378936294045799,0.2718465950558353,0.161081152888687,0.5108750039831467,50
Europe_LateGlacial_Meso,PD_Japanese,D_VA,0.00139882482025723,0.005846644612301463,0.23925258212446732,0.01005746374890391,50
Europe_LateGlacial_Meso,PD_Japanese,R,-0.06721998528954654,0.2934323327472246,-0.22908172613497493,0.5201298649915791,50
Europe_LateGlacial_Meso,PD_Dai,D_VA,0.006197122484214959,0.006458494508232918,0.9595305030166431,0.010381757605023719,50
Europe_LateGlacial_Meso,PD_Dai,R,0.1102391504969149,0.2907923056615487,0.3790992689649139,0.530715572157595,50
Europe_LateGlacial_Meso,PD_Papuan,D_VA,0.012590106482388883,0.007944597453551739,1.5847381262546294,0.011308158283331541,50
Europe_LateGlacial_Meso,PD_Papuan,R,0.7059951731212022,0.3100064184469619,2.2773566323498198,0.4695884201787635,50
Europe_LateGlacial_Meso,PD_Karitiana,D_VA,-0.014501519358060405,0.007525751895196899,-1.9269196699555822,0.010607950262132028,50
Europe_LateGlacial_Meso,PD_Karitiana,R,-0.29146298771030077,0.3855866337516,-0.755894946031934,0.5775354326749967,50
Europe_LateGlacial_Meso,PD_Mixe,D_VA,-0.00703535074936458,0.006519519462974863,-1.079121059354019,0.010978704892487257,50
Europe_LateGlacial_Meso,PD_Mixe,R,-0.34271429534468734,0.3633802171613744,-0.9431286546688658,0.5952967704867286,50
Europe_LateGlacial_Meso,PD_Mbuti,D_VA,0.09723175580681287,0.007350008707277678,13.228794642180214,0.008044143109178482,50
Europe_LateGlacial_Meso,PD_Mbuti,R,-76.6911525315455,2174.9363551531915,-0.03526133183154399,2174.8735924561765,50
Europe_LateGlacial_Meso,PD_Biaka,D_VA,0.08698774464534534,0.006591558199183022,13.196840870816686,0.0076381185225026845,50
Europe_LateGlacial_Meso,PD_Biaka,R,34.61120761246826,474.91210654818923,0.0728791857171918,474.952760730774,50
Europe_LateGlacial_Meso,PD_Juhoan,D_VA,0.09530382146003784,0.009058646494149503,10.520757325235012,0.009287317365408809,50
Europe_LateGlacial_Meso,PD_Juhoan,R,3.8617146506826305,0.6441222885182656,5.9953128769477795,0.7242500685146719,50
Europe_LateGlacial_Meso,PD_Mandenka,D_VA,0.07257401130933203,0.006342446002458311,11.442590332058417,0.006873503035524543,50
Europe_LateGlacial_Meso,PD_Mandenka,R,-0.47090528641471074,2.8217081183426598,-0.1668866043775281,2.8433916352866735,50
Europe_LateGlacial_Meso,PD_Mende,D_VA,0.07602766689889717,0.006035024895622384,12.59773873576648,0.0064201569282982375,50
Europe_LateGlacial_Meso,PD_Mende,R,-6.027551171049667,98.12368487693247,-0.061428096372547265,98.11251443382865,50
Europe_LateGlacial_Meso,PD_Esan,D_VA,0.07784745726483508,0.006120677283656938,12.718765204742725,0.00634867000149628,50
Europe_LateGlacial_Meso,PD_Esan,R,4.49920188085541,3.360556379837768,1.3388264835695485,3.411521851119401,50
Europe_LateGlacial_Meso,PD_Gambian,D_VA,0.07406194776742407,0.0061657604927899835,12.011810684834325,0.006424777938548102,50
Europe_LateGlacial_Meso,PD_Gambian,R,0.8910960049588859,1.3747446033674586,0.6481902185876068,1.3594132218177999,50
Europe_LateGlacial_Meso,PD_Luhya,D_VA,0.07302442009838721,0.005464491197959283,13.363443631432368,0.006756982006977645,50
Europe_LateGlacial_Meso,PD_Luhya,R,-1.0099211868924716,3.609032410925371,-0.2798315647804126,3.6818050171979615,50
Europe_Medieval_Recent,Europe_Neolithic,D_VA,0.0018239432484346146,0.0016735896735274776,1.0898389714548322,0.008855592027997114,50
Europe_Medieval_Recent,Europe_Neolithic,R,-0.018163279363798246,0.08056766747186903,-0.2254412959161332,0.45549565085525084,50
Europe_Medieval_Recent,Europe_Palaeolithic,D_VA,0.005462606144987572,0.003621670597048498,1.5083111505058897,0.00818170494528377,50
Europe_Medieval_Recent,Europe_Palaeolithic,R,0.4993943307711737,0.14540263245347346,3.4345618256325032,0.3986456835080389,50
Europe_Medieval_Recent,InnerAsia_Bronze,D_VA,0.0009876922703069974,0.003150132687473289,0.3135398944414694,0.009298368481489213,50
Europe_Medieval_Recent,InnerAsia_Bronze,R,0.07811326772705574,0.11760415950006697,0.6642049742042606,0.45282203577487296,50
Europe_Medieval_Recent,InnerAsia_Iron_Classical,D_VA,0.0023397647189662835,0.0023602808988650416,0.9913077380287136,0.00870200521184469,50
Europe_Medieval_Recent,InnerAsia_Iron_Classical,R,0.13146345851440966,0.1027857290534416,1.279004972042934,0.43119434991341943,50
Europe_Medieval_Recent,InnerAsia_Medieval_Recent,D_VA,0.0025968654489387094,0.0028529508548067535,0.9102384096674563,0.008929775497804696,50
Europe_Medieval_Recent,InnerAsia_Medieval_Recent,R,0.048984667290858486,0.12200973885129299,0.40148161738598276,0.44625063946789484,50
Europe_Medieval_Recent,NearEast_Bronze,D_VA,0.008733837535968958,0.002223447823559291,3.9280604849039578,0.008874404176020017,50
Europe_Medieval_Recent,NearEast_Bronze,R,-0.03730140232007706,0.11767767617866691,-0.3169794266114104,0.47099339355909137,50
Europe_Medieval_Recent,NearEast_Iron_Classical,D_VA,0.005394855222716946,0.003323543459985015,1.6232239137746285,0.009287492018112107,50
Europe_Medieval_Recent,NearEast_Iron_Classical,R,-0.022158522075331977,0.1418330531150979,-0.15622960648918893,0.45605077838935365,50
Europe_Medieval_Recent,NearEast_Medieval_Recent,D_VA,0.009024265555638816,0.002932627575930572,3.0771945369760307,0.008819361411009558,50
Europe_Medieval_Recent,NearEast_Medieval_Recent,R,-0.05031760654633466,0.12021477051829008,-0.41856426069273317,0.4456987726226073,50
Europe_Medieval_Recent,Siberia_Bronze,D_VA,0.0013376118182472918,0.0023196358019850903,0.576647341407041,0.008992758934441743,50
Europe_Medieval_Recent,Siberia_Bronze,R,0.15300012566338372,0.08828693209580793,1.7329872273435643,0.4372637013902566,50
Europe_Medieval_Recent,Siberia_Iron_Classical,D_VA,0.0018839918658151433,0.002631994836665241,0.715803784859311,0.009206898364937937,50
Europe_Medieval_Recent,Siberia_Iron_Classical,R,0.12320106754094162,0.09785321750572895,1.2590395153202667,0.4486389360769339,50
Europe_Medieval_Recent,Siberia_Neolithic,D_VA,0.0017010782816674341,0.0035064250706153756,0.48513179303982557,0.00969920643849494,50
Europe_Medieval_Recent,Siberia_Neolithic,R,0.1434476848189683,0.1451512662791132,0.9882634061430159,0.4620825109185309,50
Europe_Medieval_Recent,SouthAsia_Iron_Classical,D_VA,0.005563500016864481,0.005297877767243452,1.0501374817032132,0.010219747135142173,50
Europe_Medieval_Recent,SouthAsia_Iron_Classical,R,0.07140647965945801,0.22408020301388518,0.3186648293737635,0.5127529759318594,50
Europe_Medieval_Recent,SouthAsia_Medieval_Recent,D_VA,0.005229197551538695,0.004598771899001604,1.1370856538185676,0.009438754157547437,50
Europe_Medieval_Recent,SouthAsia_Medieval_Recent,R,0.1725037148376405,0.22052285454373396,0.7822486934270554,0.46577012216507657,50
Europe_Medieval_Recent,WestSiberia_Bronze,D_VA,0.00289896843957739,0.0018547015250091254,1.5630377181919484,0.00883896897093967,50
Europe_Medieval_Recent,WestSiberia_Bronze,R,0.12416048510748556,0.0714474105084691,1.7377884548071627,0.4432347291302893,50
Europe_Medieval_Recent,WestSiberia_Iron_Classical,D_VA,0.002555143578324426,0.0019401702049144022,1.316968775137517,0.008891013816884683,50
Europe_Medieval_Recent,WestSiberia_Iron_Classical,R,0.04826702048012255,0.06943454040805129,0.6951442350805239,0.4453167243228914,50
Europe_Medieval_Recent,WestSiberia_LateGlacial_Meso,D_VA,0.0008971907556882819,0.004435307504250289,0.20228377735444888,0.009622707239622764,50
Europe_Medieval_Recent,WestSiberia_LateGlacial_Meso,R,0.23977886727591002,0.1686352093021298,1.4218790267358579,0.44470991330258597,50
Europe_Medieval_Recent,WestSiberia_Medieval_Recent,D_VA,0.0021274295613904065,0.0018415958307309974,1.1552098054793876,0.00882649815964356,50
Europe_Medieval_Recent,WestSiberia_Medieval_Recent,R,0.11860282370817687,0.08318635975231148,1.4257484527669968,0.4350153042859501,50
Europe_Medieval_Recent,WestSiberia_Neolithic,D_VA,0.0020329315494542477,0.0030035853796164785,0.6768349464112215,0.00920385782336689,50
Europe_Medieval_Recent,WestSiberia_Neolithic,R,0.129080262800378,0.1146084274610943,1.1262719998858408,0.46107012543365306,50
Europe_Medieval_Recent,ANC_Americas,D_VA,-0.0024485732466590637,0.004714684000294444,-0.5193504477725641,0.010198259210413362,50
Europe_Medieval_Recent,ANC_Americas,R,-0.05911013701692358,0.2067559937531368,-0.28589322100862574,0.48206196890772957,50
Europe_Medieval_Recent,ANC_Oceania,D_VA,0.003466470255138257,0.005201490051247455,0.6664379285522052,0.009986785223269542,50
Europe_Medieval_Recent,ANC_Oceania,R,0.2480753771802804,0.18083838131258254,1.3718071096393936,0.43666529596702985,50
Europe_Medieval_Recent,ANC_Africa,D_VA,0.04170989630832902,0.0033355786100477728,12.504546042682424,0.007285115207301874,50
Europe_Medieval_Recent,ANC_Africa,R,0.19941708056221508,0.167146875287738,1.1930649628892251,0.4805951004352625,50
Europe_Medieval_Recent,PD_French,D_VA,0.0014975811559079788,0.0020306648235846178,0.7374831821158863,0.008808119912194852,50
Europe_Medieval_Recent,PD_French,R,-0.12088550538847231,0.09908732480563223,-1.2199895963040577,0.4722602249399318,50
Europe_Medieval_Recent,PD_Sardinian,D_VA,0.0038407014203696854,0.0027103327405395908,1.4170590064174384,0.00948813945395301,50
Europe_Medieval_Recent,PD_Sardinian,R,-0.10428403914113771,0.12680068615035678,-0.8224248803944212,0.48779006956670096,50
Europe_Medieval_Recent,PD_Basque,D_VA,0.0007040130716159942,0.0026034907532115122,0.2704112049361287,0.008985635651669278,50
Europe_Medieval_Recent,PD_Basque,R,-0.18244012153607736,0.1425278590581704,-1.2800313057506705,0.48724031165812365,50
Europe_Medieval_Recent,PD_Russian,D_VA,0.0006294329784686664,0.0016590605978706444,0.37939119238714075,0.008404756199656844,50
Europe_Medieval_Recent,PD_Russian,R,-0.03311751183157696,0.0916328127898428,-0.36141542339785004,0.447590354823253,50
Europe_Medieval_Recent,PD_Han,D_VA,0.0006656625187763665,0.004760602786062948,0.13982735983038697,0.010021251779005773,50
Europe_Medieval_Recent,PD_Han,R,0.027793749524279487,0.2277849198949174,0.1220175134381214,0.4878595452562954,50
Europe_Medieval_Recent,PD_Japanese,D_VA,0.0011570251563104983,0.005293969379409852,0.21855531707655593,0.009994453449784385,50
Europe_Medieval_Recent,PD_Japanese,R,-0.08321559870572504,0.24404189046860614,-0.3409889939220496,0.4975427043571812,50
Europe_Medieval_Recent,PD_Dai,D_VA,0.005955322820268227,0.006537372026423163,0.9109658737788866,0.010320727380803087,50
Europe_Medieval_Recent,PD_Dai,R,0.0942435370807364,0.26455047930879094,0.3562402809738728,0.5085987462956063,50
Europe_Medieval_Recent,PD_Papuan,D_VA,0.01234830681844215,0.007600995012214688,1.6245645206448107,0.011252153858718358,50
Europe_Medieval_Recent,PD_Papuan,R,0.6899995597050237,0.26820921559138694,2.572616896043679,0.4444400415904108,50
Europe_Medieval_Recent,PD_Karitiana,D_VA,-0.014743319022007137,0.007047490036723075,-2.091995724035454,0.010548228830626385,50
Europe_Medieval_Recent,PD_Karitiana,R,-0.30745860112647927,0.32405766095868715,-0.9487774497195917,0.5572798598531933,50
Europe_Medieval_Recent,PD_Mixe,D_VA,-0.007277150413311312,0.006102527446473816,-1.1924813902338482,0.010921011116911947,50
Europe_Medieval_Recent,PD_Mixe,R,-0.35870990876086584,0.3253383815336825,-1.102574824002831,0.5756664929929725,50
Europe_Medieval_Recent,PD_Mbuti,D_VA,0.09698995614286614,0.007168623401883254,13.529788176260746,0.007965221971818136,50
Europe_Medieval_Recent,PD_Mbuti,R,-76.70714814496168,2174.896964483438,-0.035269325120962904,2174.873587171655,50
Europe_Medieval_Recent,PD_Biaka,D_VA,0.0867459449813986,0.006046130023867358,14.347350228818312,0.007554957131790313,50
Europe_Medieval_Recent,PD_Biaka,R,34.59521199905209,474.9387758537941,0.07284141400512208,474.95273653222597,50
Europe_Medieval_Recent,PD_Juhoan,D_VA,0.0950620217960911,0.009108641761031681,10.436465094365946,0.00921904477401074,50
Europe_Medieval_Recent,PD_Juhoan,R,3.845719037266452,0.6594280318887357,5.831901058636426,0.708203239152721,50
Europe_Medieval_Recent,PD_Mandenka,D_VA,0.0723322116453853,0.006156842465432663,11.748264155123588,0.006780970924488308,50
Europe_Medieval_Recent,PD_Mandenka,R,-0.48690089983088924,2.804935746294481,-0.17358718483092522,2.839346695601142,50
Europe_Medieval_Recent,PD_Mende,D_VA,0.07578586723495044,0.005986000633811116,12.660517743162975,0.006320991827503542,50
Europe_Medieval_Recent,PD_Mende,R,-6.043546784465845,98.1226715366928,-0.061591747246770294,98.11239729103778,50
Europe_Medieval_Recent,PD_Esan,D_VA,0.07760565760088835,0.006052460613182556,12.822166480829205,0.006248370466552819,50
Europe_Medieval_Recent,PD_Esan,R,4.483206267439232,3.395558111027749,1.320314988242766,3.4081512593880054,50
Europe_Medieval_Recent,PD_Gambian,D_VA,0.07382014810347734,0.006014842218031258,12.272998264556257,0.006325685279797369,50
Europe_Medieval_Recent,PD_Gambian,R,0.8751003915427074,1.3570093814227129,0.6448742385444944,1.350932261016795,50
Europe_Medieval_Recent,PD_Luhya,D_VA,0.07278262043444048,0.00531132995500187,13.703276025225748,0.0066628318710598095,50
Europe_Medieval_Recent,PD_Luhya,R,-1.02591680030865,3.614553977535915,-0.2838294314276723,3.6786820807005034,50
Europe_Neolithic,Europe_Palaeolithic,D_VA,0.0036386628965529577,0.004298917711911122,0.8464137116351914,0.008486363846122984,50
Europe_Neolithic,Europe_Palaeolithic,R,0.5175576101349719,0.16959742224721022,3.051683234787405,0.4163302708024309,50
Europe_Neolithic,InnerAsia_Bronze,D_VA,-0.0008362509781276173,0.004167906748933909,-0.2006405201703513,0.009567535311387904,50
Europe_Neolithic,InnerAsia_Bronze,R,0.09627654709085398,0.16726957044725604,0.5755771766103279,0.4684659107022988,50
Europe_Neolithic,InnerAsia_Iron_Classical,D_VA,0.0005158214705316688,0.0033754054510637915,0.15281763272886306,0.008989047236725067,50
Europe_Neolithic,InnerAsia_Iron_Classical,R,0.1496267378782079,0.16091776654002135,0.9298335484975471,0.4475947729856665,50
Europe_Neolithic,InnerAsia_Medieval_Recent,D_VA,0.0007729222005040948,0.003784038651081344,0.20425853744470104,0.009209721274734406,50
Europe_Neolithic,InnerAsia_Medieval_Recent,R,0.06714794665465673,0.16585162375583115,0.4048675866659755,0.4621170269881202,50
Europe_Neolithic,NearEast_Bronze,D_VA,0.006909894287534343,0.002146438018493948,3.219237745510435,0.009156043086206178,50
Europe_Neolithic,NearEast_Bronze,R,-0.019138122956278814,0.11297261856824806,-0.16940496908741876,0.486052764813804,50
Europe_Neolithic,NearEast_Iron_Classical,D_VA,0.0035709119742823314,0.0032328408494959296,1.1045740079778794,0.009556965182713522,50
Europe_Neolithic,NearEast_Iron_Classical,R,-0.003995242711533731,0.1301897395349369,-0.030687846260431244,0.4715875590771763,50
Europe_Neolithic,NearEast_Medieval_Recent,D_VA,0.007200322307204202,0.0029945199119933348,2.404499725771143,0.009102703511326013,50
Europe_Neolithic,NearEast_Medieval_Recent,R,-0.03215432718253641,0.125998990895474,-0.2551951166752672,0.4615841302776045,50
Europe_Neolithic,Siberia_Bronze,D_VA,-0.00048633143018732283,0.0035295959972529017,-0.13778671286057567,0.009270803027250887,50
Europe_Neolithic,Siberia_Bronze,R,0.17116340502718197,0.14790231277178537,1.1572733503585484,0.4534446581010096,50
Europe_Neolithic,Siberia_Iron_Classical,D_VA,6.004861738052869e-05,0.003581989958691653,0.01676403844595418,0.00947866303965909,50
Europe_Neolithic,Siberia_Iron_Classical,R,0.14136434690473987,0.14883929590384318,0.9497783904867941,0.46442373794959824,50
Europe_Neolithic,Siberia_Neolithic,D_VA,-0.0001228649667671805,0.004431018295614328,-0.027728381733108185,0.00995754392677452,50
Europe_Neolithic,Siberia_Neolithic,R,0.16161096418276655,0.18548417683772453,0.8712924570603989,0.4774230412366041,50
Europe_Neolithic,SouthAsia_Iron_Classical,D_VA,0.0037395567684298664,0.005844826490865078,0.6398062926717238,0.01046524280766333,50
Europe_Neolithic,SouthAsia_Iron_Classical,R,0.08956975902325626,0.253413918827105,0.35345240481587914,0.5266195284394721,50
Europe_Neolithic,SouthAsia_Medieval_Recent,D_VA,0.00340525430310408,0.005082884556795571,0.6699452377983717,0.009704027801058767,50
Europe_Neolithic,SouthAsia_Medieval_Recent,R,0.19066699420143873,0.25600509880335176,0.7447781122043121,0.4809930561957254,50
Europe_Neolithic,WestSiberia_Bronze,D_VA,0.0010750251911427755,0.0029834919470628006,0.3603244822568133,0.009121702033411129,50
Europe_Neolithic,WestSiberia_Bronze,R,0.1423237644712838,0.12439500633785605,1.144127635515636,0.45920533371688405,50
Europe_Neolithic,WestSiberia_Iron_Classical,D_VA,0.0007312003298898112,0.0031205495132195066,0.23431781062670062,0.009172142727254997,50
Europe_Neolithic,WestSiberia_Iron_Classical,R,0.06643029984392079,0.12331050349374921,0.5387237742264854,0.4612152408241774,50
Europe_Neolithic,WestSiberia_LateGlacial_Meso,D_VA,-0.0009267524927463328,0.005331978313552073,-0.17381025170167017,0.009883044578296243,50
Europe_Neolithic,WestSiberia_LateGlacial_Meso,R,0.25794214663970827,0.21315432411853005,1.2101192303106776,0.46062937422229977,50
Europe_Neolithic,WestSiberia_Medieval_Recent,D_VA,0.00030348631295579187,0.003108859485144736,0.0976198230913813,0.009109618283950956,50
Europe_Neolithic,WestSiberia_Medieval_Recent,R,0.13676610307197512,0.14457630149720452,0.9459787092051154,0.4512768865894105,50
Europe_Neolithic,WestSiberia_Neolithic,D_VA,0.00020898830101963306,0.004121692015156806,0.05070449229372668,0.009475709701645272,50
Europe_Neolithic,WestSiberia_Neolithic,R,0.14724354216417623,0.16417093511860212,0.8968916578187422,0.476443253676908,50
Europe_Neolithic,ANC_Americas,D_VA,-0.004272516495093678,0.005524001614267574,-0.7734459171877288,0.010444259975693988,50
Europe_Neolithic,ANC_Americas,R,-0.040946857653125335,0.25029786234392126,-0.1635925184085767,0.4967859249958988,50
Europe_Neolithic,ANC_Oceania,D_VA,0.0016425270067036424,0.005874913669738084,0.27958317330931426,0.01023786865577095,50
Europe_Neolithic,ANC_Oceania,R,0.26623865654407863,0.21505768548011428,1.2379871751604845,0.4528676342032048,50
Europe_Neolithic,ANC_Africa,D_VA,0.039885953059894404,0.0034922904791429925,11.421144174032857,0.007625678927201397,50
Europe_Neolithic,ANC_Africa,R,0.21758035992601332,0.14966288467703043,1.4538030614306778,0.4953626590380163,50
Europe_Neolithic,PD_French,D_VA,-0.00032636209252663584,0.0026514808808958176,-0.12308672292457662,0.009091812355339603,50
Europe_Neolithic,PD_French,R,-0.10272222602467407,0.12136738855875742,-0.8463741969280595,0.48728044642397556,50
Europe_Neolithic,PD_Sardinian,D_VA,0.002016758171935071,0.0022285421539783917,0.9049674776556305,0.009752069822081986,50
Europe_Neolithic,PD_Sardinian,R,-0.08612075977733946,0.10947024520537314,-0.7867047307309072,0.5023461609037346,50
Europe_Neolithic,PD_Basque,D_VA,-0.0011199301768186204,0.0027747089678969517,-0.40362077240390887,0.009263893543303075,50
Europe_Neolithic,PD_Basque,R,-0.16427684217227911,0.13810423966513546,-1.1895133890936656,0.5018123500986593,50
Europe_Neolithic,PD_Russian,D_VA,-0.0011945102699659482,0.0028359490105580743,-0.4212030137068246,0.008701609178351586,50
Europe_Neolithic,PD_Russian,R,-0.014954232467778716,0.1435103848997513,-0.10420313817864084,0.4634108750748513,50
Europe_Neolithic,PD_Han,D_VA,-0.0011582807296582481,0.00541687945212451,-0.21382804249113727,0.010271492721865153,50
Europe_Neolithic,PD_Han,R,0.04595702888807773,0.263908993141211,0.17413968482493997,0.5024136237250272,50
Europe_Neolithic,PD_Japanese,D_VA,-0.0006669180921241163,0.005871253753033754,-0.11359040507821877,0.01024534895828392,50
Europe_Neolithic,PD_Japanese,R,-0.06505231934192679,0.2836449760823784,-0.22934416198873125,0.5118215080141624,50
Europe_Neolithic,PD_Dai,D_VA,0.004131379571833613,0.007138060305487029,0.578781825177047,0.010563876617320033,50
Europe_Neolithic,PD_Dai,R,0.11240681644453465,0.2916502029976444,0.3854165547947263,0.5225755429986142,50
Europe_Neolithic,PD_Papuan,D_VA,0.010524363570007536,0.008036389313144508,1.3095885676909205,0.011475584602858926,50
Europe_Neolithic,PD_Papuan,R,0.7081628390688219,0.2934201110898339,2.413477509903913,0.460368834713776,50
Europe_Neolithic,PD_Karitiana,D_VA,-0.01656726227044175,0.007757954161623948,-2.1355194842983938,0.01078625083058799,50
Europe_Neolithic,PD_Karitiana,R,-0.289295321762681,0.36190639326892926,-0.7993650489277441,0.5700643433901377,50
Europe_Neolithic,PD_Mixe,D_VA,-0.009101093661745926,0.006506331241451482,-1.3988057668757095,0.01115107884165549,50
Europe_Neolithic,PD_Mixe,R,-0.3405466293970676,0.36217707209083566,-0.9402766095355063,0.5880513791852391,50
Europe_Neolithic,PD_Mbuti,D_VA,0.09516601289443152,0.007287962706531077,13.057971991150408,0.008277852171755473,50
Europe_Neolithic,PD_Mbuti,R,-76.68898486559789,2174.9233382083585,-0.035260546207928484,2174.8735904850687,50
Europe_Neolithic,PD_Biaka,D_VA,0.08492200173296399,0.006538682239068848,12.987632465996306,0.007883872955615896,50
Europe_Neolithic,PD_Biaka,R,34.61337527841589,474.91951999763165,0.07288261236048689,474.9527517048022,50
Europe_Neolithic,PD_Juhoan,D_VA,0.09323807854765649,0.009182425364134264,10.153970748494851,0.00949046163589091,50
Europe_Neolithic,PD_Juhoan,R,3.8638823166302503,0.654462688525535,5.903900076160712,0.718306578943309,50
Europe_Neolithic,PD_Mandenka,D_VA,0.07050826839695068,0.006585642732746979,10.70636098225458,0.007145602997358462,50
Europe_Neolithic,PD_Mandenka,R,-0.468737620467091,2.8099176608082126,-0.16681542915114056,2.8418835604626653,50
Europe_Neolithic,PD_Mende,D_VA,0.07396192398651583,0.006263407613239578,11.808575866941066,0.00671066414004374,50
Europe_Neolithic,PD_Mende,R,-6.025383505102047,98.12469231196846,-0.061405374764850286,98.1124707400025,50
Europe_Neolithic,PD_Esan,D_VA,0.07578171435245373,0.006463464699499818,11.72462725112712,0.006642304495007129,50
Europe_Neolithic,PD_Esan,R,4.50136954680303,3.3830810527034925,1.3305532668825328,3.410265021999739,50
Europe_Neolithic,PD_Gambian,D_VA,0.07199620485504273,0.006357486841325352,11.324632933103107,0.00671508523967846,50
Europe_Neolithic,PD_Gambian,R,0.8932636709065056,1.365145751660882,0.6543357511970653,1.356256055198569,50
Europe_Neolithic,PD_Luhya,D_VA,0.07095867718600586,0.005611526743506357,12.645164218119257,0.007033591121121043,50
Europe_Neolithic,PD_Luhya,R,-1.0077535209448518,3.6083749598799884,-0.27928181858860057,3.680640482887974,50
Europe_Palaeolithic,InnerAsia_Bronze,D_VA,-0.004474913874680575,0.004882910182619091,-0.9164440277048727,0.00894743078095658,50
Europe_Palaeolithic,InnerAsia_Bronze,R,-0.42128106304411794,0.18681411391250655,-2.2550815579245946,0.41340343796547846,50
Europe_Palaeolithic,InnerAsia_Iron_Classical,D_VA,-0.003122841426021289,0.003808328037288347,-0.8200032653292265,0.00832596876462009,50
Europe_Palaeolithic,InnerAsia_Iron_Classical,R,-0.367930872256764,0.15222922123527932,-2.416952995431179,0.3895936008658681,50
Europe_Palaeolithic,InnerAsia_Medieval_Recent,D_VA,-0.002865740696048863,0.004127327811012517,-0.694333192629504,0.008563746353299494,50
Europe_Palaeolithic,InnerAsia_Medieval_Recent,R,-0.4504096634803152,0.18142264086305984,-2.48265410170217,0.4061948296862996,50
Europe_Palaeolithic,NearEast_Bronze,D_VA,0.0032712313909813856,0.0044085424165838365,0.7420210767794428,0.008505992631187662,50
Europe_Palaeolithic,NearEast_Bronze,R,-0.5366957330912507,0.1944922543859608,-2.7594709865730853,0.43323132760072425,50
Europe_Palaeolithic,NearEast_Iron_Classical,D_VA,-6.775092227062629e-05,0.005236953034525083,-0.012937088002121129,0.008936127189613707,50
Europe_Palaeolithic,NearEast_Iron_Classical,R,-0.5215528528465057,0.19224181416591335,-2.713004218719982,0.4169375479708109,50
Europe_Palaeolithic,NearEast_Medieval_Recent,D_VA,0.003561659410651244,0.004925377777472142,0.7231241077469592,0.008448549985675752,50
Europe_Palaeolithic,NearEast_Medieval_Recent,R,-0.5497119373175083,0.18196374362438425,-3.0209970753967474,0.4055884642783563,50
Europe_Palaeolithic,Siberia_Bronze,D_VA,-0.0041249943267402805,0.004511330183166947,-0.9143632053649731,0.008629401741455723,50
Europe_Palaeolithic,Siberia_Bronze,R,-0.34639420510778995,0.16002329689621508,-2.1646485969630276,0.3963005816194123,50
Europe_Palaeolithic,Siberia_Iron_Classical,D_VA,-0.003578614279172429,0.004176679615586532,-0.856808424045205,0.00885233520969208,50
Europe_Palaeolithic,Siberia_Iron_Classical,R,-0.37619326323023206,0.1675151045480599,-2.2457274181045723,0.4088171980269667,50
Europe_Palaeolithic,Siberia_Neolithic,D_VA,-0.0037615278633201382,0.005262978219564807,-0.7147146931630618,0.009363304261797701,50
Europe_Palaeolithic,Siberia_Neolithic,R,-0.3559466459522054,0.19043379628206214,-1.869135903928486,0.42352668550535416,50
Europe_Palaeolithic,SouthAsia_Iron_Classical,D_VA,0.00010089387187690868,0.006085445826513529,0.016579536611323803,0.00990151971510959,50
Europe_Palaeolithic,SouthAsia_Iron_Classical,R,-0.42798785111171567,0.26533329371994574,-1.6130197801842716,0.4782993004023265,50
Europe_Palaeolithic,SouthAsia_Medieval_Recent,D_VA,-0.00023340859344887777,0.0048472290922844845,-0.048152994010619996,0.009093236014152295,50
Europe_Palaeolithic,SouthAsia_Medieval_Recent,R,-0.3268906159335332,0.24225314106493104,-1.3493761711263705,0.42754697185227175,50
Europe_Palaeolithic,WestSiberia_Bronze,D_VA,-0.002563637705410182,0.0043475622952582,-0.5896724489045945,0.008469016095845584,50
Europe_Palaeolithic,WestSiberia_Bronze,R,-0.3752338456636881,0.15988201292774967,-2.3469422156528355,0.4028791773541763,50
Europe_Palaeolithic,WestSiberia_Iron_Classical,D_VA,-0.0029074625666631465,0.003695321722765834,-0.7867955173567407,0.008523320236532921,50
Europe_Palaeolithic,WestSiberia_Iron_Classical,R,-0.45112731029105113,0.1522017997254783,-2.96400772595814,0.4051685962658593,50
Europe_Palaeolithic,WestSiberia_LateGlacial_Meso,D_VA,-0.0045654153892992905,0.005639261718247274,-0.8095767881328723,0.009284037687447505,50
Europe_Palaeolithic,WestSiberia_LateGlacial_Meso,R,-0.25961546349526365,0.2022261151096947,-1.2837880179542533,0.4045015617126471,50
Europe_Palaeolithic,WestSiberia_Medieval_Recent,D_VA,-0.003335176583597166,0.003509688508671049,-0.9502770902196211,0.008455999699896426,50
Europe_Palaeolithic,WestSiberia_Medieval_Recent,R,-0.3807915070629968,0.13657861238923394,-2.7880756759907848,0.39381838631706195,50
Europe_Palaeolithic,WestSiberia_Neolithic,D_VA,-0.0034296745955333247,0.004801699166907276,-0.7142626966658434,0.008849172842430482,50
Europe_Palaeolithic,WestSiberia_Neolithic,R,-0.3703140679707957,0.1854945797986407,-1.996360585698954,0.42242190639901894,50
Europe_Palaeolithic,ANC_Americas,D_VA,-0.007911179391646636,0.005703035393057254,-1.3871874969034081,0.009879339658359675,50
Europe_Palaeolithic,ANC_Americas,R,-0.5585044677880973,0.241044812788693,-2.3170150866415815,0.44523965266536375,50
Europe_Palaeolithic,ANC_Oceania,D_VA,-0.0019961358898493153,0.00533665183051119,-0.374042743136591,0.009660887136188484,50
Europe_Palaeolithic,ANC_Oceania,R,-0.2513189535908933,0.19755481906739225,-1.2721479272300635,0.39564022437101953,50
Europe_Palaeolithic,ANC_Africa,D_VA,0.036247290163341446,0.004388346086707858,8.259897794554805,0.006831527263073632,50
Europe_Palaeolithic,ANC_Africa,R,-0.2999772502089586,0.24165716506906365,-1.241333978751375,0.4436510531946892,50
Europe_Palaeolithic,PD_French,D_VA,-0.0039650249890795936,0.004395694807599651,-0.9020246315154823,0.008436814419557936,50
Europe_Palaeolithic,PD_French,R,-0.620279836159646,0.20445657251554397,-3.033797488278293,0.43460824485816174,50
Europe_Palaeolithic,PD_Sardinian,D_VA,-0.001621904724617887,0.004739810161396732,-0.3421876972684371,0.009144487490292555,50
Europe_Palaeolithic,PD_Sardinian,R,-0.6036783699123114,0.20349719631781926,-2.966519346878344,0.45143522060896385,50
Europe_Palaeolithic,PD_Basque,D_VA,-0.004758593073371578,0.004871983525341366,-0.9767260190064286,0.008621978266442525,50
Europe_Palaeolithic,PD_Basque,R,-0.681834452307251,0.217538721960674,-3.134313037062482,0.45084113359706035,50
Europe_Palaeolithic,PD_Russian,D_VA,-0.004833173166518906,0.003784004455271581,-1.2772641321248195,0.00801478558279181,50
Europe_Palaeolithic,PD_Russian,R,-0.5325118426027506,0.16634515520363505,-3.2012464802528493,0.40766620189706976,50
Europe_Palaeolithic,PD_Han,D_VA,-0.004796943626211206,0.005182766643984948,-0.9255565522670168,0.00969651217607051,50
Europe_Palaeolithic,PD_Han,R,-0.4716005812468942,0.258946236040708,-1.8212297211099666,0.4515102903988526,50
Europe_Palaeolithic,PD_Japanese,D_VA,-0.004305580988677074,0.005514974739491456,-0.7807072909773832,0.009668813832232177,50
Europe_Palaeolithic,PD_Japanese,R,-0.5826099294768987,0.27494308828916203,-2.1190200964941464,0.46195600342179155,50
Europe_Palaeolithic,PD_Dai,D_VA,0.000492716675280655,0.006009230228303258,0.0819933097187685,0.01000571211015567,50
Europe_Palaeolithic,PD_Dai,R,-0.40515079369043727,0.27104489163482615,-1.4947737669828125,0.4738431081822753,50
Europe_Palaeolithic,PD_Papuan,D_VA,0.006885700673454578,0.0074399494902120155,0.9255036855442895,0.01096393303622052,50
Europe_Palaeolithic,PD_Papuan,R,0.19060522893385,0.26363345895464285,0.7229933168939794,0.40420484535351997,50
Europe_Palaeolithic,PD_Karitiana,D_VA,-0.02020592516699471,0.007577568387760743,-2.666544745360693,0.010240214481431283,50
Europe_Palaeolithic,PD_Karitiana,R,-0.806852931897653,0.36570001070160807,-2.20632460565062,0.52575226926412,50
Europe_Palaeolithic,PD_Mixe,D_VA,-0.012739756558298884,0.007552376971179354,-1.68685390134988,0.010623810285305908,50
Europe_Palaeolithic,PD_Mixe,R,-0.8581042395320395,0.3757359503429666,-2.283795944329452,0.5452031892727746,50
Europe_Palaeolithic,PD_Mbuti,D_VA,0.09152734999787857,0.007514513877034924,12.180075983037963,0.00755259043128857,50
Europe_Palaeolithic,PD_Mbuti,R,-77.20654247573286,2174.921472086954,-0.03549854257572299,2174.873579321683,50
Europe_Palaeolithic,PD_Biaka,D_VA,0.08128333883641103,0.0067159974907814975,12.102943598174665,0.007118584018303541,50
Europe_Palaeolithic,PD_Biaka,R,34.095817668280915,474.93312012538513,0.07179077689776493,474.9527005861284,50
Europe_Palaeolithic,PD_Juhoan,D_VA,0.08959941565110353,0.009260961151935684,9.674958590272876,0.00886496743974122,50
Europe_Palaeolithic,PD_Juhoan,R,3.3463247064952784,0.6526375022783798,5.127386481489562,0.6836712911807714,50
Europe_Palaeolithic,PD_Mandenka,D_VA,0.06686960550039772,0.00588678547743998,11.359273368574947,0.006291138834997451,50
Europe_Palaeolithic,PD_Mandenka,R,-0.9862952306020629,2.7952288981623674,-0.35284953988937034,2.8333274191768765,50
Europe_Palaeolithic,PD_Mende,D_VA,0.07032326108996287,0.005560854635032801,12.64612468862856,0.005792391461721475,50
Europe_Palaeolithic,PD_Mende,R,-6.542941115237019,98.09138467604211,-0.06670250539174079,98.11222327926768,50
Europe_Palaeolithic,PD_Esan,D_VA,0.07214305145590078,0.005868773748240365,12.292695978871468,0.005713054756410687,50
Europe_Palaeolithic,PD_Esan,R,3.983811936668058,3.41096338752281,1.1679433298055055,3.4031382007356714,50
Europe_Palaeolithic,PD_Gambian,D_VA,0.06835754195848977,0.0057588472639191375,11.87000432999322,0.005797512865143327,50
Europe_Palaeolithic,PD_Gambian,R,0.3757060607715337,1.3379253813713923,0.28081241749553304,1.338234874861034,50
Europe_Palaeolithic,PD_Luhya,D_VA,0.0673200142894529,0.005225085564161198,12.88400227380009,0.00616361823156396,50
Europe_Palaeolithic,PD_Luhya,R,-1.5253111310798237,3.6339849223435503,-0.419735129252037,3.674038167644065,50
InnerAsia_Bronze,InnerAsia_Iron_Classical,D_VA,0.001352072448659286,0.002946718255220449,0.4588400829512407,0.00942555656050615,50
InnerAsia_Bronze,InnerAsia_Iron_Classical,R,0.053350190787353924,0.11603584546222838,0.45977336205750585,0.4448736775078315,50
InnerAsia_Bronze,InnerAsia_Medieval_Recent,D_VA,0.001609173178631712,0.0037278253610732374,0.4316653873958389,0.009636239526367196,50
InnerAsia_Bronze,InnerAsia_Medieval_Recent,R,-0.02912860043619725,0.14836664918212364,-0.19632849159005533,0.45948194172088064,50
InnerAsia_Bronze,NearEast_Bronze,D_VA,0.007746145265661961,0.004247696505594325,1.8236108101085116,0.009584950247533365,50
InnerAsia_Bronze,NearEast_Bronze,R,-0.1154146700471328,0.1631488037258345,-0.707419652558917,0.48354813443792216,50
InnerAsia_Bronze,NearEast_Iron_Classical,D_VA,0.004407162952409949,0.005386451207936213,0.818194165746194,0.009968637306815032,50
InnerAsia_Bronze,NearEast_Iron_Classical,R,-0.10027178980238771,0.21188956894709476,-0.4732266449011649,0.4690056865450791,50
InnerAsia_Bronze,NearEast_Medieval_Recent,D_VA,0.008036573285331819,0.004949151760743099,1.6238284202715887,0.009534010565671347,50
InnerAsia_Bronze,NearEast_Medieval_Recent,R,-0.1284308742733904,0.17749130810346817,-0.7235896543087164,0.45894598533965225,50
InnerAsia_Bronze,Siberia_Bronze,D_VA,0.00034991954794029445,0.002302134477959316,0.15199787470733422,0.009694634341805274,50
InnerAsia_Bronze,Siberia_Bronze,R,0.07488685793632799,0.09642986444907513,0.776594039244719,0.4507588779997497,50
InnerAsia_Bronze,Siberia_Iron_Classical,D_VA,0.000896299595508146,0.00285082891965608,0.3143996433206782,0.009893593850094376,50
InnerAsia_Bronze,Siberia_Iron_Classical,R,0.04508779981388589,0.11779041252566176,0.3827798786600147,0.46180181518301644,50
InnerAsia_Bronze,Siberia_Neolithic,D_VA,0.0007133860113604368,0.0031029604787600647,0.22990496213007008,0.010353300309798325,50
InnerAsia_Bronze,Siberia_Neolithic,R,0.06533441709191257,0.11952974860359945,0.5465954530581613,0.47487289714076114,50
InnerAsia_Bronze,SouthAsia_Iron_Classical,D_VA,0.004575807746557484,0.005365205941056461,0.8528671213795873,0.010842483722587507,50
InnerAsia_Bronze,SouthAsia_Iron_Classical,R,-0.006706788067597724,0.22345165324221086,-0.0300144929352028,0.5243087219082511,50
InnerAsia_Bronze,SouthAsia_Medieval_Recent,D_VA,0.004241505281231697,0.005163858216986447,0.8213829859385601,0.010109713240984999,50
InnerAsia_Bronze,SouthAsia_Medieval_Recent,R,0.09439044711058475,0.22808495861154646,0.41383898212833037,0.47846194022487937,50
InnerAsia_Bronze,WestSiberia_Bronze,D_VA,0.0019112761692703928,0.00238233186149951,0.802271169755241,0.00955215128845658,50
InnerAsia_Bronze,WestSiberia_Bronze,R,0.04604721738042983,0.09286261994602775,0.4958638621998035,0.45655344336592907,50
InnerAsia_Bronze,WestSiberia_Iron_Classical,D_VA,0.0015674513080174285,0.0031356736811225376,0.4998770495328767,0.009600330643283216,50
InnerAsia_Bronze,WestSiberia_Iron_Classical,R,-0.02984624724693319,0.12011014588083396,-0.24849064188586395,0.45857497369978195,50
InnerAsia_Bronze,WestSiberia_LateGlacial_Meso,D_VA,-9.050151461871547e-05,0.003729342641470725,-0.024267417429637082,0.01028166894953425,50
InnerAsia_Bronze,WestSiberia_LateGlacial_Meso,R,0.1616655995488543,0.16761145374232875,0.9645259672849381,0.4579857296157591,50
InnerAsia_Bronze,WestSiberia_Medieval_Recent,D_VA,0.0011397372910834092,0.0031118782674192207,0.3662538162293313,0.00954061274397612,50
InnerAsia_Bronze,WestSiberia_Medieval_Recent,R,0.04048955598112114,0.11486273390823269,0.3525038504957532,0.4485781275375377,50
InnerAsia_Bronze,WestSiberia_Neolithic,D_VA,0.0010452392791472503,0.002510906345619158,0.4162796756521428,0.009890764409340681,50
InnerAsia_Bronze,WestSiberia_Neolithic,R,0.05096699507332225,0.10819856954888697,0.4710505442522881,0.47388783705586945,50
InnerAsia_Bronze,ANC_Americas,D_VA,-0.003436265516966061,0.004376338304556136,-0.7851919293781789,0.010822232334001583,50
InnerAsia_Bronze,ANC_Americas,R,-0.13722340474397932,0.17137151518795607,-0.8007363685468735,0.49433567887548086,50
InnerAsia_Bronze,ANC_Oceania,D_VA,0.0024787779848312597,0.005157760074501706,0.4805919525193765,0.010623186944794074,50
InnerAsia_Bronze,ANC_Oceania,R,0.16996210945322465,0.19984029860469843,0.8504896692004277,0.4501784115704122,50
InnerAsia_Bronze,ANC_Africa,D_VA,0.04072220403802202,0.004801712556626364,8.480766717663133,0.008135669938732114,50
InnerAsia_Bronze,ANC_Africa,R,0.12130381283515934,0.21649259046456257,0.5603139237923038,0.49290533787378055,50
InnerAsia_Bronze,PD_French,D_VA,0.0005098888856009814,0.003867473823709304,0.1318402939084267,0.009523612663056591,50
InnerAsia_Bronze,PD_French,R,-0.19899877311552805,0.16733770098371537,-1.1892046558885963,0.4847821589151159,50
InnerAsia_Bronze,PD_Sardinian,D_VA,0.002853009150062688,0.004909002331217147,0.5811790171538395,0.010155836354825148,50
InnerAsia_Bronze,PD_Sardinian,R,-0.18239730686819344,0.19319803741331715,-0.9440950296921639,0.499923167606756,50
InnerAsia_Bronze,PD_Basque,D_VA,-0.0002836791986910031,0.004656821430076021,-0.060916915744044786,0.009688027138322765,50
InnerAsia_Bronze,PD_Basque,R,-0.2605533892631331,0.213565108442886,-1.2200185281333689,0.49938676679182353,50
InnerAsia_Bronze,PD_Russian,D_VA,-0.00035825929183833094,0.0037074759958379937,-0.09663158770023386,0.0091518385335406,50
InnerAsia_Bronze,PD_Russian,R,-0.1112307795586327,0.15001376553777399,-0.7414704854577122,0.46078318900855225,50
InnerAsia_Bronze,PD_Han,D_VA,-0.00032202975153063085,0.005258224961431966,-0.061243053291301724,0.010655595196259793,50
InnerAsia_Bronze,PD_Han,R,-0.05031951820277625,0.23837653108785042,-0.2110925852185997,0.4999909573579956,50
InnerAsia_Bronze,PD_Japanese,D_VA,0.00016933288600350094,0.005908166989538173,0.028660815833971082,0.010630396113420959,50
InnerAsia_Bronze,PD_Japanese,R,-0.16132886643278077,0.2402776691452704,-0.6714267996966556,0.5094435829423539,50
InnerAsia_Bronze,PD_Dai,D_VA,0.00496763054996123,0.007062870204519675,0.7033444486608775,0.010937716189277674,50
InnerAsia_Bronze,PD_Dai,R,0.01613026935368067,0.28625489873583554,0.05634932161830411,0.5202467744018682,50
InnerAsia_Bronze,PD_Papuan,D_VA,0.011360614548135153,0.00812832461950956,1.3976575838109946,0.011820625543032773,50
InnerAsia_Bronze,PD_Papuan,R,0.611886291977968,0.30474064264660733,2.0078919787786305,0.4577236853287928,50
InnerAsia_Bronze,PD_Karitiana,D_VA,-0.015731011292314134,0.006636181423428575,-2.370491445091736,0.011152638846102122,50
InnerAsia_Bronze,PD_Karitiana,R,-0.385571868853535,0.2748475545780395,-1.4028571927644957,0.5679303335269921,50
InnerAsia_Bronze,PD_Mixe,D_VA,-0.00826484268361831,0.005714249812638657,-1.4463565567851626,0.011505855273904792,50
InnerAsia_Bronze,PD_Mixe,R,-0.43682317648792157,0.30659324854584824,-1.4247645000656257,0.5859828774775878,50
InnerAsia_Bronze,PD_Mbuti,D_VA,0.09600226387255914,0.00783731318445379,12.24938465684779,0.00874991330406552,50
InnerAsia_Bronze,PD_Mbuti,R,-76.78526141268874,2174.882075837281,-0.03530548265846926,2174.8735899267626,50
InnerAsia_Bronze,PD_Biaka,D_VA,0.08575825271109161,0.006854577051825578,12.511093253850232,0.008378162031825221,50
InnerAsia_Bronze,PD_Biaka,R,34.517098731325035,474.95912541495363,0.0726738299873042,474.9527491482407,50
InnerAsia_Bronze,PD_Juhoan,D_VA,0.09407432952578411,0.009715539331819234,9.682872593360054,0.009904898198040359,50
InnerAsia_Bronze,PD_Juhoan,R,3.7676057695393963,0.6564315108509119,5.739526069757933,0.7166141566341624,50
InnerAsia_Bronze,PD_Mandenka,D_VA,0.0713445193750783,0.007124529332897049,10.013927382634195,0.00768750859817953,50
InnerAsia_Bronze,PD_Mandenka,R,-0.565014167557945,2.8083722260877417,-0.20118920216820727,2.84145626032906,50
InnerAsia_Bronze,PD_Mende,D_VA,0.07479817496464344,0.007235963630030689,10.337002614857838,0.0072849955011444565,50
InnerAsia_Bronze,PD_Mende,R,-6.121660052192901,98.10990724366994,-0.06239594169617229,98.1124583639406,50
InnerAsia_Bronze,PD_Esan,D_VA,0.07661796533058135,0.007002081422160804,10.94217000791994,0.007222074165751684,50
InnerAsia_Bronze,PD_Esan,R,4.405092999712176,3.418600195356354,1.2885662984796589,3.4099089472316018,50
InnerAsia_Bronze,PD_Gambian,D_VA,0.07283245583317034,0.007086398050447394,10.27778221244178,0.007289068255090873,50
InnerAsia_Bronze,PD_Gambian,R,0.7969871238156516,1.354297944287564,0.5884872875849422,1.3553604669600023,50
InnerAsia_Bronze,PD_Luhya,D_VA,0.07179492816413348,0.006387270239661815,11.240314793371695,0.007583505146720661,50
InnerAsia_Bronze,PD_Luhya,R,-1.1040300680357058,3.6065602043576646,-0.3061171879792135,3.6803105673854577,50
InnerAsia_Iron_Classical,InnerAsia_Medieval_Recent,D_VA,0.00025710072997242595,0.0019185654202880582,0.13400675695167288,0.009062138296171696,50
InnerAsia_Iron_Classical,InnerAsia_Medieval_Recent,R,-0.08247879122355117,0.08621856733886617,-0.9566244692907446,0.43818309652649406,50
InnerAsia_Iron_Classical,NearEast_Bronze,D_VA,0.0063940728170026745,0.003671654314088806,1.7414691771138293,0.009007580670585751,50
InnerAsia_Iron_Classical,NearEast_Bronze,R,-0.16876486083448672,0.1688485435264687,-0.9995043919821028,0.46335684912640596,50
InnerAsia_Iron_Classical,NearEast_Iron_Classical,D_VA,0.0030550905037506626,0.004752971868045996,0.6427747919759195,0.009414827032093825,50
InnerAsia_Iron_Classical,NearEast_Iron_Classical,R,-0.15362198058974164,0.1922550828762553,-0.799052895202881,0.44815968730529204,50
InnerAsia_Iron_Classical,NearEast_Medieval_Recent,D_VA,0.006684500836672533,0.00433535244475822,1.5418586889641734,0.008953356675334286,50
InnerAsia_Iron_Classical,NearEast_Medieval_Recent,R,-0.18178106506074432,0.155349954921659,-1.1701391555112723,0.437621056135717,50
InnerAsia_Iron_Classical,Siberia_Bronze,D_VA,-0.0010021529007189917,0.002539621811988502,-0.39460714031839034,0.009124208092252735,50
InnerAsia_Iron_Classical,Siberia_Bronze,R,0.021536667148974065,0.09053164133673806,0.2378910492616288,0.42902719891581387,50
InnerAsia_Iron_Classical,Siberia_Iron_Classical,D_VA,-0.00045577285315114013,0.0018935025834917207,-0.24070358135486167,0.009335332750365431,50
InnerAsia_Iron_Classical,Siberia_Iron_Classical,R,-0.008262390973468037,0.07923935943202923,-0.10427129942355778,0.4406151243662489,50
InnerAsia_Iron_Classical,Siberia_Neolithic,D_VA,-0.0006386864372988493,0.002903994742009277,-0.21993374438995766,0.009821204895240208,50
InnerAsia_Iron_Classical,Siberia_Neolithic,R,0.011984226304558643,0.11355538683951863,0.1055363962741395,0.4542962026616732,50
InnerAsia_Iron_Classical,SouthAsia_Iron_Classical,D_VA,0.0032237352978981976,0.003951098603170711,0.8159085919321747,0.010335603105963152,50
InnerAsia_Iron_Classical,SouthAsia_Iron_Classical,R,-0.06005697885495165,0.1708781060091639,-0.3514609346836446,0.505747374865179,50
InnerAsia_Iron_Classical,SouthAsia_Medieval_Recent,D_VA,0.002889432832572411,0.00322593421445736,0.8956887030191494,0.009564075496584475,50
InnerAsia_Iron_Classical,SouthAsia_Medieval_Recent,R,0.04104025632323083,0.15112278139661975,0.27156895832615213,0.45804650370646005,50
InnerAsia_Iron_Classical,WestSiberia_Bronze,D_VA,0.0005592037206111067,0.002643396652777861,0.21154741193436005,0.008972671426447244,50
InnerAsia_Iron_Classical,WestSiberia_Bronze,R,-0.007302973406924096,0.11788919922176873,-0.06194777346129917,0.43511127078397166,50
InnerAsia_Iron_Classical,WestSiberia_Iron_Classical,D_VA,0.00021537885935814238,0.00204935128395175,0.10509611555849459,0.009023945187653948,50
InnerAsia_Iron_Classical,WestSiberia_Iron_Classical,R,-0.08319643803428711,0.08902281364649951,-0.9345518820001765,0.43723194967626944,50
InnerAsia_Iron_Classical,WestSiberia_LateGlacial_Meso,D_VA,-0.0014425739632780016,0.0044947262531673735,-0.3209481249856849,0.009745663377997255,50
InnerAsia_Iron_Classical,WestSiberia_LateGlacial_Meso,R,0.10831540876150036,0.17788446950606443,0.608908743198673,0.4366139024878105,50
InnerAsia_Iron_Classical,WestSiberia_Medieval_Recent,D_VA,-0.00021233515757587695,0.0023889206322588816,-0.08888330349221359,0.008960386700357283,50
InnerAsia_Iron_Classical,WestSiberia_Medieval_Recent,R,-0.012860634806232785,0.08383482234441482,-0.15340444992413796,0.4267354072713437,50
InnerAsia_Iron_Classical,WestSiberia_Neolithic,D_VA,-0.00030683316951203576,0.003109130801341104,-0.09868776488261131,0.009332334053734919,50
InnerAsia_Iron_Classical,WestSiberia_Neolithic,R,-0.0023831957140316717,0.1379533221624982,-0.017275377473145982,0.4532664265346005,50
InnerAsia_Iron_Classical,ANC_Americas,D_VA,-0.004788337965625347,0.0040211332859876985,-1.1907931483671779,0.010314356547091511,50
InnerAsia_Iron_Classical,ANC_Americas,R,-0.19057359553133324,0.1686714921988376,-1.1298506525730885,0.47460355532090004,50
InnerAsia_Iron_Classical,ANC_Oceania,D_VA,0.0011267055361719736,0.003821220004397161,0.2948549245726362,0.010105312422358024,50
InnerAsia_Iron_Classical,ANC_Oceania,R,0.11661191866587073,0.13329352660336555,0.8748505770491511,0.42841728905124216,50
InnerAsia_Iron_Classical,ANC_Africa,D_VA,0.039370131589362735,0.004032020062136642,9.764368972038243,0.007446768671135794,50
InnerAsia_Iron_Classical,ANC_Africa,R,0.06795362204780542,0.21716357603647157,0.3129144550299399,0.4731135629195403,50
InnerAsia_Iron_Classical,PD_French,D_VA,-0.0008421835630583047,0.00356580644354718,-0.23618319625350176,0.008942283625861571,50
InnerAsia_Iron_Classical,PD_French,R,-0.252348963902882,0.16734300617616182,-1.5079743675528003,0.4646445016529914,50
InnerAsia_Iron_Classical,PD_Sardinian,D_VA,0.001500936701403402,0.004063742649823032,0.36934836448581826,0.009612816983351357,50
InnerAsia_Iron_Classical,PD_Sardinian,R,-0.23574749765554737,0.1825054743541875,-1.291728363161498,0.4804205915902531,50
InnerAsia_Iron_Classical,PD_Basque,D_VA,-0.0016357516473502892,0.004084162455428392,-0.4005109163021072,0.009117187511634194,50
InnerAsia_Iron_Classical,PD_Basque,R,-0.313903580050487,0.20190472498070017,-1.5547114119320025,0.47986239085882454,50
InnerAsia_Iron_Classical,PD_Russian,D_VA,-0.001710331740497617,0.0027922383447829932,-0.6125307116755251,0.008545255223421866,50
InnerAsia_Iron_Classical,PD_Russian,R,-0.16458097034598662,0.13554551433221634,-1.214211854643936,0.43954740197940806,50
InnerAsia_Iron_Classical,PD_Han,D_VA,-0.001674102200189917,0.003386009381241134,-0.4944174725163575,0.010139376079225729,50
InnerAsia_Iron_Classical,PD_Han,R,-0.10366970899013017,0.16500574314487063,-0.6282793981244091,0.4804911328564983,50
InnerAsia_Iron_Classical,PD_Japanese,D_VA,-0.0011827395626557852,0.0038247331127583837,-0.30923453422421876,0.010112890774534032,50
InnerAsia_Iron_Classical,PD_Japanese,R,-0.2146790572201347,0.1777867900039575,-1.2075084837031818,0.49031982982039307,50
InnerAsia_Iron_Classical,PD_Dai,D_VA,0.003615558101301944,0.005257987642068764,0.6876315327130356,0.010435462314943553,50
InnerAsia_Iron_Classical,PD_Dai,R,-0.03721992143367325,0.21178248880972275,-0.1757459818460898,0.5015351209930411,50
InnerAsia_Iron_Classical,PD_Papuan,D_VA,0.010008542099475867,0.007483750980638343,1.337369739502231,0.011357483282753225,50
InnerAsia_Iron_Classical,PD_Papuan,R,0.558536101190614,0.26532776719391926,2.1050797174288904,0.43633902349540993,50
InnerAsia_Iron_Classical,PD_Karitiana,D_VA,-0.01708308374097342,0.006438266199778124,-2.6533671039513926,0.010660515537299601,50
InnerAsia_Iron_Classical,PD_Karitiana,R,-0.43892205964088893,0.2865732441596268,-1.5316226081329523,0.5508408436690553,50
InnerAsia_Iron_Classical,PD_Mixe,D_VA,-0.009616915132277595,0.005899740917275243,-1.6300571952436014,0.011029503337569777,50
InnerAsia_Iron_Classical,PD_Mixe,R,-0.4901733672752755,0.298926931730811,-1.639776531465841,0.5694354256725426,50
InnerAsia_Iron_Classical,PD_Mbuti,D_VA,0.09465019142389985,0.007421155062908296,12.754105071455971,0.008113336004263777,50
InnerAsia_Iron_Classical,PD_Mbuti,R,-76.8386116034761,2174.860518545053,-0.035330363004097344,2174.873585531282,50
InnerAsia_Iron_Classical,PD_Biaka,D_VA,0.08440618026243232,0.006451716882306102,13.082747089215449,0.007710955668458861,50
InnerAsia_Iron_Classical,PD_Biaka,R,34.46374854053768,474.94618205902435,0.07256348159517297,474.9527290207341,50
InnerAsia_Iron_Classical,PD_Juhoan,D_VA,0.09272225707712482,0.009340841103685337,9.926542593743743,0.009347312266259391,50
InnerAsia_Iron_Classical,PD_Juhoan,R,3.7142555787520424,0.653759712498942,5.681377282418658,0.7031476522057426,50
InnerAsia_Iron_Classical,PD_Mandenka,D_VA,0.06999244692641901,0.006599996228223985,10.60492226148643,0.006954353078216863,50
InnerAsia_Iron_Classical,PD_Mandenka,R,-0.6183643583452989,2.7923033206800043,-0.22145314721565057,2.8380899299841023,50
InnerAsia_Iron_Classical,PD_Mende,D_VA,0.07344610251598416,0.006390194695678766,11.493562561661935,0.006506642585935938,50
InnerAsia_Iron_Classical,PD_Mende,R,-6.175010242980255,98.12375266387667,-0.06293084065111919,98.11236092861742,50
InnerAsia_Iron_Classical,PD_Esan,D_VA,0.07526589288192206,0.0063379340834375806,11.875461608003851,0.0064361163402348485,50
InnerAsia_Iron_Classical,PD_Esan,R,4.351742808924822,3.426481906863475,1.270032332640656,3.407104313008935,50
InnerAsia_Iron_Classical,PD_Gambian,D_VA,0.07148038338451106,0.006411736400390521,11.148365890425156,0.006511202217470568,50
InnerAsia_Iron_Classical,PD_Gambian,R,0.7436369330282977,1.3505844582067041,0.550603798607081,1.3482888291134032,50
InnerAsia_Iron_Classical,PD_Luhya,D_VA,0.07044285571547419,0.0057166296721796106,12.322445173996387,0.0068392096473027415,50
InnerAsia_Iron_Classical,PD_Luhya,R,-1.1573802588230597,3.6262125922557376,-0.31917054761069447,3.677712148023962,50
InnerAsia_Medieval_Recent,NearEast_Bronze,D_VA,0.0061369720870302485,0.0040197316357865834,1.5267118910114412,0.00922781151039243,50
InnerAsia_Medieval_Recent,NearEast_Bronze,R,-0.08628606961093555,0.18127412032589538,-0.47599772905150545,0.4773998695649168,50
InnerAsia_Medieval_Recent,NearEast_Iron_Classical,D_VA,0.0027979897737782367,0.004639316602803507,0.6031038649286041,0.009625744842788303,50
InnerAsia_Medieval_Recent,NearEast_Iron_Classical,R,-0.07114318936619046,0.1987548563591085,-0.35794440784706955,0.4626642099339712,50
InnerAsia_Medieval_Recent,NearEast_Medieval_Recent,D_VA,0.006427400106700107,0.00470869962256313,1.3650053352100258,0.00917488918134568,50
InnerAsia_Medieval_Recent,NearEast_Medieval_Recent,R,-0.09930227383719314,0.17086859147254926,-0.5811616575135545,0.45246353952731816,50
InnerAsia_Medieval_Recent,Siberia_Bronze,D_VA,-0.0012592536306914176,0.0030031987162247205,-0.419304131920517,0.009341689838832762,50
InnerAsia_Medieval_Recent,Siberia_Bronze,R,0.10401545837252524,0.12386814999524484,0.8397272291264403,0.44415695788515797,50
InnerAsia_Medieval_Recent,Siberia_Iron_Classical,D_VA,-0.0007128735831235661,0.002589160416727352,-0.27533001760648895,0.009548006770748876,50
InnerAsia_Medieval_Recent,Siberia_Iron_Classical,R,0.07421640025008314,0.09272673964745314,0.8003775451639271,0.45536002640606654,50
InnerAsia_Medieval_Recent,Siberia_Neolithic,D_VA,-0.0008957871672712753,0.0037208769983432272,-0.24074624548732385,0.010023575276741886,50
InnerAsia_Medieval_Recent,Siberia_Neolithic,R,0.09446301752810982,0.13502112387432158,0.6996165845578098,0.46861082529222975,50
InnerAsia_Medieval_Recent,SouthAsia_Iron_Classical,D_VA,0.0029666345679257716,0.004256116770387478,0.6970284717201706,0.010528090391814468,50
InnerAsia_Medieval_Recent,SouthAsia_Iron_Classical,R,0.022421812368599525,0.17596612015572516,0.12742118965148996,0.5186438787947549,50
InnerAsia_Medieval_Recent,SouthAsia_Medieval_Recent,D_VA,0.002632332102599985,0.0034740342489789126,0.757716220953688,0.009771772400060724,50
InnerAsia_Medieval_Recent,SouthAsia_Medieval_Recent,R,0.123519047546782,0.1597117163411477,0.7733875158096895,0.4722474620217252,50
InnerAsia_Medieval_Recent,WestSiberia_Bronze,D_VA,0.00030210299063868074,0.003391247316027954,0.08908314920320323,0.009193738535612365,50
InnerAsia_Medieval_Recent,WestSiberia_Bronze,R,0.07517581781662708,0.14946945292044228,0.5029510468379162,0.4500365360628972,50
InnerAsia_Medieval_Recent,WestSiberia_Iron_Classical,D_VA,-4.172187061428356e-05,0.002501812778218541,-0.016676655814346086,0.009243786155250662,50
InnerAsia_Medieval_Recent,WestSiberia_Iron_Classical,R,-0.0007176468107359391,0.1213727451495515,-0.005912750921565449,0.45208720800964985,50
InnerAsia_Medieval_Recent,WestSiberia_LateGlacial_Meso,D_VA,-0.0016996746932504275,0.0049814685366622565,-0.3411995239438497,0.009949570363159297,50
InnerAsia_Medieval_Recent,WestSiberia_LateGlacial_Meso,R,0.19079419998505154,0.21021776208485674,0.9076026597031098,0.45148949674813477,50
InnerAsia_Medieval_Recent,WestSiberia_Medieval_Recent,D_VA,-0.0004694358875483029,0.00283934669663318,-0.16533235906166274,0.00918174959112699,50
InnerAsia_Medieval_Recent,WestSiberia_Medieval_Recent,R,0.06961815641731839,0.1216644595988916,0.5722144054791217,0.44194363175329066,50
InnerAsia_Medieval_Recent,WestSiberia_Neolithic,D_VA,-0.0005639338994844617,0.003851224233372986,-0.14642977539392873,0.009545074888376802,50
InnerAsia_Medieval_Recent,WestSiberia_Neolithic,R,0.0800955955095195,0.170776860230542,0.4690073081411241,0.46761257388108696,50
InnerAsia_Medieval_Recent,ANC_Americas,D_VA,-0.005045438695597773,0.00441505949085738,-1.1427793229164342,0.010507233066547562,50
InnerAsia_Medieval_Recent,ANC_Americas,R,-0.10809480430778207,0.1829003822520143,-0.5910037091056523,0.4883232541580293,50
InnerAsia_Medieval_Recent,ANC_Oceania,D_VA,0.0008696048061995476,0.004245657713486116,0.2048221653472658,0.010302103420548851,50
InnerAsia_Medieval_Recent,ANC_Oceania,R,0.1990907098894219,0.14397388599139768,1.3828251458137166,0.44356785206579635,50
InnerAsia_Medieval_Recent,ANC_Africa,D_VA,0.03911303085939031,0.004442293274730395,8.804693531127592,0.007711702754621091,50
InnerAsia_Medieval_Recent,ANC_Africa,R,0.1504324132713566,0.22583383465057918,0.6661199084898538,0.486875250189071,50
InnerAsia_Medieval_Recent,PD_French,D_VA,-0.0010992842930307306,0.003680655026756145,-0.2986653965230634,0.009164083815612609,50
InnerAsia_Medieval_Recent,PD_French,R,-0.1698701726793308,0.1758861599398687,-0.9657961305051255,0.4786497453719216,50
InnerAsia_Medieval_Recent,PD_Sardinian,D_VA,0.001243835971430976,0.004103230762838018,0.30313575894782757,0.00981948298484341,50
InnerAsia_Medieval_Recent,PD_Sardinian,R,-0.1532687064319962,0.18398639794464058,-0.833043682273257,0.4939787552640067,50
InnerAsia_Medieval_Recent,PD_Basque,D_VA,-0.0018928523773227152,0.0044376096972232534,-0.42654773773978594,0.009334832824240585,50
InnerAsia_Medieval_Recent,PD_Basque,R,-0.23142478882693585,0.21784310839591625,-1.062346156052528,0.49343589248148123,50
InnerAsia_Medieval_Recent,PD_Russian,D_VA,-0.001967432470470043,0.003191556595422477,-0.6164491876132961,0.008777094198403003,50
InnerAsia_Medieval_Recent,PD_Russian,R,-0.08210217912243545,0.15359352596881334,-0.5345419255438281,0.45432695761433306,50
InnerAsia_Medieval_Recent,PD_Han,D_VA,-0.001931202930162343,0.0036621414844554153,-0.5273425230455085,0.010335518516755503,50
InnerAsia_Medieval_Recent,PD_Han,R,-0.021190917766579,0.1705035298380772,-0.12428433468036389,0.4940473606669402,50
InnerAsia_Medieval_Recent,PD_Japanese,D_VA,-0.0014398402926282111,0.004112358381702121,-0.35012519799703246,0.010309537116276196,50
InnerAsia_Medieval_Recent,PD_Japanese,R,-0.13220026599658352,0.18101359086450286,-0.7303333709099313,0.5036115579922167,50
InnerAsia_Medieval_Recent,PD_Dai,D_VA,0.003358457371329518,0.005241985784178612,0.6406841814539121,0.010626140854554302,50
InnerAsia_Medieval_Recent,PD_Dai,R,0.04525886978987792,0.20844425476156192,0.21712697162917374,0.5145372128600156,50
InnerAsia_Medieval_Recent,PD_Papuan,D_VA,0.009751441369503441,0.007419441688705817,1.3143093211915786,0.01153292773983432,50
InnerAsia_Medieval_Recent,PD_Papuan,R,0.6410148924141652,0.2675337905677036,2.396014690532882,0.45122367984534734,50
InnerAsia_Medieval_Recent,PD_Karitiana,D_VA,-0.017340184470945846,0.006845095840478683,-2.5332274193159043,0.01084723869264557,50
InnerAsia_Medieval_Recent,PD_Karitiana,R,-0.35644326841733776,0.29519650901892464,-1.2074779258127564,0.5627048079431037,50
InnerAsia_Medieval_Recent,PD_Mixe,D_VA,-0.009874015862250021,0.005949033700156726,-1.6597680161048494,0.01121008205178195,50
InnerAsia_Medieval_Recent,PD_Mixe,R,-0.4076945760517243,0.3053525130367376,-1.3351603757807413,0.580919761962974,50
InnerAsia_Medieval_Recent,PD_Mbuti,D_VA,0.09439309069392743,0.007877746545554043,11.98224519513134,0.008357165599191144,50
InnerAsia_Medieval_Recent,PD_Mbuti,R,-76.75613281225255,2174.8518113706323,-0.03529258058454999,2174.873588568485,50
InnerAsia_Medieval_Recent,PD_Biaka,D_VA,0.0841490795324599,0.00671159737492127,12.537861679083067,0.007967109454197225,50
InnerAsia_Medieval_Recent,PD_Biaka,R,34.54622733176123,474.9449765771534,0.07273732544921295,474.95274292850314,50
InnerAsia_Medieval_Recent,PD_Juhoan,D_VA,0.0924651563471524,0.00955600430475355,9.676131717642322,0.009559719783402872,50
InnerAsia_Medieval_Recent,PD_Juhoan,R,3.7967343699755935,0.656881620156222,5.779936983276592,0.7124799552483541,50
InnerAsia_Medieval_Recent,PD_Mandenka,D_VA,0.06973534619644658,0.006901925208082717,10.103752807228455,0.007237335315620337,50
InnerAsia_Medieval_Recent,PD_Mandenka,R,-0.5358855671217477,2.7799984432930946,-0.1927647004316144,2.8404164336423303,50
InnerAsia_Medieval_Recent,PD_Mende,D_VA,0.07318900178601173,0.00662782266742053,11.042691613608913,0.006808259210351503,50
InnerAsia_Medieval_Recent,PD_Mende,R,-6.092531451756704,98.1405083292241,-0.062079681015290614,98.11242825479921,50
InnerAsia_Medieval_Recent,PD_Esan,D_VA,0.07500879215194964,0.006692853470314946,11.207296332519281,0.006740889353732116,50
InnerAsia_Medieval_Recent,PD_Esan,R,4.434221600148373,3.417029607937715,1.297683107529339,3.409042514482965,50
InnerAsia_Medieval_Recent,PD_Gambian,D_VA,0.07122328265453863,0.006759070177071087,10.537437959462329,0.006812616975216984,50
InnerAsia_Medieval_Recent,PD_Gambian,R,0.8261157242518489,1.3678339398211434,0.6039590773422913,1.3531791575915735,50
InnerAsia_Medieval_Recent,PD_Luhya,D_VA,0.07018575498550177,0.0060720129071302155,11.558894234741228,0.007126765348598189,50
InnerAsia_Medieval_Recent,PD_Luhya,R,-1.0749014675995086,3.6351571759714707,-0.2956960086085545,3.679507808056843,50
NearEast_Bronze,NearEast_Iron_Classical,D_VA,-0.003338982313252012,0.0028919300722322614,-1.1545861171790623,0.009574399344952873,50
NearEast_Bronze,NearEast_Iron_Classical,R,0.015142880244745083,0.12365516879828334,0.12246055212982983,0.4865730312138455,50
NearEast_Bronze,NearEast_Medieval_Recent,D_VA,0.0002904280196698583,0.002877135395091659,0.10094346625651447,0.00912100600417204,50
NearEast_Bronze,NearEast_Medieval_Recent,R,-0.0130162042262576,0.1378396256919451,-0.09443006073846458,0.47688405105685083,50
NearEast_Bronze,Siberia_Bronze,D_VA,-0.007396225717721666,0.003474863309967598,-2.128494003348475,0.009288774304671187,50
NearEast_Bronze,Siberia_Bronze,R,0.19030152798346078,0.1497767882475269,1.27056755729707,0.46901017770257614,50
NearEast_Bronze,Siberia_Iron_Classical,D_VA,-0.006849845670153815,0.003786554867504355,-1.8089915265557515,0.009496240958002004,50
NearEast_Bronze,Siberia_Iron_Classical,R,0.16050246986101868,0.16047787595516563,1.0001532541835232,0.47963308601402566,50
NearEast_Bronze,Siberia_Neolithic,D_VA,-0.007032759254301524,0.004327526935253368,-1.6251220060608982,0.009974277937108011,50
NearEast_Bronze,Siberia_Neolithic,R,0.18074908713904536,0.18308924058859602,0.9872185091705689,0.49223089006265014,50
NearEast_Bronze,SouthAsia_Iron_Classical,D_VA,-0.003170337519104477,0.006194616604085157,-0.5117891423681875,0.010481166267948648,50
NearEast_Bronze,SouthAsia_Iron_Classical,R,0.10870788197953507,0.2580719223869401,0.4212309536585073,0.540080194565652,50
NearEast_Bronze,SouthAsia_Medieval_Recent,D_VA,-0.0035046399844302634,0.005608867358780096,-0.6248391627489845,0.009721198222274708,50
NearEast_Bronze,SouthAsia_Medieval_Recent,R,0.20980511715771755,0.26373058737931987,0.7955281912596581,0.49569426962268276,50
NearEast_Bronze,WestSiberia_Bronze,D_VA,-0.005834869096391568,0.0030970165282689496,-1.8840290463844949,0.00913996648239873,50
NearEast_Bronze,WestSiberia_Bronze,R,0.16146188742756262,0.13619110349258615,1.1855538525418596,0.4745819500805898,50
NearEast_Bronze,WestSiberia_Iron_Classical,D_VA,-0.006178693957644532,0.0032581997659411844,-1.896352096710594,0.009190306932968684,50
NearEast_Bronze,WestSiberia_Iron_Classical,R,0.0855684228001996,0.14881910891163594,0.5749827654928872,0.47652700573709833,50
NearEast_Bronze,WestSiberia_LateGlacial_Meso,D_VA,-0.007836646780280676,0.005499786132095921,-1.4249002764938785,0.00989990451719744,50
NearEast_Bronze,WestSiberia_LateGlacial_Meso,R,0.2770802695959871,0.2378266164597516,1.1650515561317694,0.47595998699963016,50
NearEast_Bronze,WestSiberia_Medieval_Recent,D_VA,-0.0066064079745785514,0.003137530033555822,-2.1056078838841854,0.009127906911900947,50
NearEast_Bronze,WestSiberia_Medieval_Recent,R,0.15590422602825393,0.15290926559200022,1.0195865203109733,0.4669146787134586,50
NearEast_Bronze,WestSiberia_Neolithic,D_VA,-0.00670090598651471,0.004338766577721477,-1.5444264784656199,0.009493293088433004,50
NearEast_Bronze,WestSiberia_Neolithic,R,0.16638166512045505,0.18449851002995477,0.901804925651929,0.4912806354849529,50
NearEast_Bronze,ANC_Americas,D_VA,-0.011182410782628022,0.005782290592446057,-1.9339067457516996,0.010460215377941263,50
NearEast_Bronze,ANC_Americas,R,-0.02180873469684652,0.23629575464268038,-0.092294229872327,0.5110330166459809,50
NearEast_Bronze,ANC_Oceania,D_VA,-0.005267367280830701,0.00622918634077677,-0.8455947522953485,0.010254145206981067,50
NearEast_Bronze,ANC_Oceania,R,0.28537677950035745,0.23830059199749729,1.1975496036676005,0.46845232728322345,50
NearEast_Bronze,ANC_Africa,D_VA,0.03297605877236006,0.003709181595353154,8.890386713250253,0.007647517140471079,50
NearEast_Bronze,ANC_Africa,R,0.23671848288229214,0.19020383304091393,1.2445515902477773,0.5096495391908783,50
NearEast_Bronze,PD_French,D_VA,-0.007236256380060979,0.003140673221205455,-2.3040462570899227,0.009110136728817048,50
NearEast_Bronze,PD_French,R,-0.08358410306839525,0.1553798465118552,-0.5379340046008987,0.5017974913203628,50
NearEast_Bronze,PD_Sardinian,D_VA,-0.0048931361155992725,0.0027864088901902125,-1.7560725322209425,0.009769155804254411,50
NearEast_Bronze,PD_Sardinian,R,-0.06698263682106065,0.14359719153240405,-0.46646202551910904,0.5164398844037721,50
NearEast_Bronze,PD_Basque,D_VA,-0.008029824464352964,0.003408938473841671,-2.3555205017542686,0.009281878198656127,50
NearEast_Bronze,PD_Basque,R,-0.1451387192160003,0.18637529792354132,-0.7787443981741725,0.5159206562445431,50
NearEast_Bronze,PD_Russian,D_VA,-0.008104404557500292,0.0029677099753162447,-2.730861379618698,0.008720753499887959,50
NearEast_Bronze,PD_Russian,R,0.004183890488500097,0.16619326853987212,0.025174849289977846,0.4786524082942653,50
NearEast_Bronze,PD_Han,D_VA,-0.008068175017192591,0.005791248097061739,-1.393166875597348,0.010287716075415588,50
NearEast_Bronze,PD_Han,R,0.06509515184435655,0.2685854716925668,0.24236289265439848,0.5165055063915329,50
NearEast_Bronze,PD_Japanese,D_VA,-0.00757681237965846,0.00616941463316142,-1.228125005398744,0.010261613644551472,50
NearEast_Bronze,PD_Japanese,R,-0.045914196385647976,0.2926473511018394,-0.15689257467316056,0.525661245379714,50
NearEast_Bronze,PD_Dai,D_VA,-0.0027785147157007306,0.007369356195614974,-0.3770362894595927,0.010579651624651753,50
NearEast_Bronze,PD_Dai,R,0.13154493940081347,0.29851775086023086,0.44066035946520377,0.536137749993933,50
NearEast_Bronze,PD_Papuan,D_VA,0.0036144692824731928,0.00804432914168393,0.4493189200506248,0.011490107975576572,50
NearEast_Bronze,PD_Papuan,R,0.7273009620251008,0.3013414160783774,2.413544648094218,0.4757078439588532,50
NearEast_Bronze,PD_Karitiana,D_VA,-0.023477156557976095,0.007882012826190771,-2.9785737571962523,0.01080170108331996,50
NearEast_Bronze,PD_Karitiana,R,-0.2701571988064022,0.3314590864291359,-0.8150544361804977,0.5825219690561801,50
NearEast_Bronze,PD_Mixe,D_VA,-0.01601098794928027,0.007208779957049284,-2.2210399047655116,0.011166024298999723,50
NearEast_Bronze,PD_Mixe,R,-0.3214085064407888,0.3701179670707949,-0.8683947687935691,0.6001357458024996,50
NearEast_Bronze,PD_Mbuti,D_VA,0.08825611860689718,0.007412329521906106,11.90666420672051,0.00829797420401343,50
NearEast_Bronze,PD_Mbuti,R,-76.66984674264161,2174.899557200885,-0.03525213221401194,2174.873593786063,50
NearEast_Bronze,PD_Biaka,D_VA,0.07801210744542965,0.006491502150114063,12.017573997731617,0.00790499791861625,50
NearEast_Bronze,PD_Biaka,R,34.632513401372165,474.924649185575,0.0729221224056527,474.9527668205043,50
NearEast_Bronze,PD_Juhoan,D_VA,0.08632818426012215,0.009317865373798064,9.264802698574925,0.009508017741640612,50
NearEast_Bronze,PD_Juhoan,R,3.883020439586529,0.6747295103698504,5.754929019568251,0.7282326758540162,50
NearEast_Bronze,PD_Mandenka,D_VA,0.06359837410941634,0.0067194427344807834,9.464828650605448,0.007168903787113741,50
NearEast_Bronze,PD_Mandenka,R,-0.4495994975108122,2.788973588221155,-0.16120607932955466,2.844408666147714,50
NearEast_Bronze,PD_Mende,D_VA,0.06705202969898148,0.0063629902767879925,10.537817406948644,0.0067354697322090686,50
NearEast_Bronze,PD_Mende,R,-6.006245382145768,98.13392485154168,-0.06120457722680609,98.11254391359279,50
NearEast_Bronze,PD_Esan,D_VA,0.06887182006491939,0.006565247542191975,10.490361501574817,0.006667364420625845,50
NearEast_Bronze,PD_Esan,R,4.520507669759309,3.4138444904770275,1.324169182975187,3.4123695592803456,50
NearEast_Bronze,PD_Gambian,D_VA,0.06508631056750838,0.006415125652679016,10.14575771252863,0.006739874560344802,50
NearEast_Bronze,PD_Gambian,R,0.9124017938627844,1.3583597227812945,0.6716937925652022,1.3615391937403214,50
NearEast_Bronze,PD_Luhya,D_VA,0.06404878289847152,0.005861915697785232,10.926254521652476,0.007057261747459016,50
NearEast_Bronze,PD_Luhya,R,-0.988615397988573,3.6254135964114966,-0.2726903763386123,3.682590508473903,50
NearEast_Iron_Classical,NearEast_Medieval_Recent,D_VA,0.00362941033292187,0.003594108100747104,1.0098222510801576,0.009523403227590281,50
NearEast_Iron_Classical,NearEast_Medieval_Recent,R,-0.028159084471002682,0.13833779577233113,-0.2035530804419161,0.46213194419518255,50
NearEast_Iron_Classical,Siberia_Bronze,D_VA,-0.004057243404469654,0.004408022279130461,-0.9204226175712519,0.009684202940369138,50
NearEast_Iron_Classical,Siberia_Bronze,R,0.1751586477387157,0.184223326084123,0.9507951650961505,0.4540022934763967,50
NearEast_Iron_Classical,Siberia_Iron_Classical,D_VA,-0.0035108633569018027,0.004891863705941594,-0.7176944346665983,0.009883372442621463,50
NearEast_Iron_Classical,Siberia_Iron_Classical,R,0.1453595896162736,0.19870743765781287,0.7315256606881131,0.46496820632443664,50
NearEast_Iron_Classical,Siberia_Neolithic,D_VA,-0.003693776941049512,0.005523591204490517,-0.6687274282800979,0.010343533191023954,50
NearEast_Iron_Classical,Siberia_Neolithic,R,0.16560620689430028,0.21583930538097487,0.7672662150297006,0.4779527014518225,50
NearEast_Iron_Classical,SouthAsia_Iron_Classical,D_VA,0.00016864479414753497,0.0072635784313881575,0.02321786647456974,0.01083315765802008,50
NearEast_Iron_Classical,SouthAsia_Iron_Classical,R,0.09356500173478999,0.2893927276614961,0.32331497232450623,0.5270997555067719,50
NearEast_Iron_Classical,SouthAsia_Medieval_Recent,D_VA,-0.00016565767117825148,0.006477538365068753,-0.02557417059412402,0.010099710559411666,50
NearEast_Iron_Classical,SouthAsia_Medieval_Recent,R,0.19466223691297246,0.27391455779734997,0.7106677296684221,0.4815187894880023,50
NearEast_Iron_Classical,WestSiberia_Bronze,D_VA,-0.002495886783139556,0.004229477271807282,-0.5901170813179587,0.009541564117402701,50
NearEast_Iron_Classical,WestSiberia_Bronze,R,0.14631900718281754,0.17108832528266205,0.8552249660581919,0.45975598205517854,50
NearEast_Iron_Classical,WestSiberia_Iron_Classical,D_VA,-0.0028397116443925202,0.004021569144504042,-0.7061203083560872,0.009589796662563124,50
NearEast_Iron_Classical,WestSiberia_Iron_Classical,R,0.07042554255545452,0.16695349866055254,0.4218272939499323,0.4617634923746038,50
NearEast_Iron_Classical,WestSiberia_LateGlacial_Meso,D_VA,-0.004497664467028664,0.006009531020541901,-0.7484218737959178,0.010271833719290866,50
NearEast_Iron_Classical,WestSiberia_LateGlacial_Meso,R,0.261937389351242,0.24561598478093574,1.0664509054036662,0.46117832225497574,50
NearEast_Iron_Classical,WestSiberia_Medieval_Recent,D_VA,-0.0032674256613265396,0.004124937633454793,-0.79211516674252,0.009530012754422926,50
NearEast_Iron_Classical,WestSiberia_Medieval_Recent,R,0.14076134578350885,0.17338902792289304,0.8118238360855574,0.4518371973303199,50
NearEast_Iron_Classical,WestSiberia_Neolithic,D_VA,-0.0033619236732626984,0.005226532309076999,-0.6432417278706942,0.009880540074814958,50
NearEast_Iron_Classical,WestSiberia_Neolithic,R,0.15123878487570996,0.21596150094273003,0.7003043793246111,0.47697400190757283,50
NearEast_Iron_Classical,ANC_Americas,D_VA,-0.00784342846937601,0.006832873283201836,-1.147896081822351,0.010812888802723047,50
NearEast_Iron_Classical,ANC_Americas,R,-0.036951614941591604,0.287958760192926,-0.12832259354372424,0.4972949625680091,50
NearEast_Iron_Classical,ANC_Oceania,D_VA,-0.001928384967578689,0.007139924854945767,-0.27008477074417847,0.010613668189320191,50
NearEast_Iron_Classical,ANC_Oceania,R,0.27023389925561236,0.25290670730924286,1.0685121882717907,0.4534259792185429,50
NearEast_Iron_Classical,ANC_Africa,D_VA,0.03631504108561207,0.0045371441599951256,8.003942525302323,0.008123236849983725,50
NearEast_Iron_Classical,ANC_Africa,R,0.22157560263754705,0.18574370952366998,1.192910398988833,0.49587315766302653,50
NearEast_Iron_Classical,PD_French,D_VA,-0.0038972740668089673,0.0034989646190923926,-1.1138363747787463,0.009512993730938538,50
NearEast_Iron_Classical,PD_French,R,-0.09872698331314034,0.16157607772644147,-0.6110247550401079,0.4877994034320211,50
NearEast_Iron_Classical,PD_Sardinian,D_VA,-0.0015541538023472606,0.0037704028641957613,-0.4121983401576814,0.010145879145492136,50
NearEast_Iron_Classical,PD_Sardinian,R,-0.08212551706580573,0.1678305231077677,-0.4893360012533067,0.5028495698478898,50
NearEast_Iron_Classical,PD_Basque,D_VA,-0.004690842151100952,0.0039254726608206544,-1.1949751167341693,0.009677588615033317,50
NearEast_Iron_Classical,PD_Basque,R,-0.16028159946074538,0.1968591783826108,-0.814194190881087,0.502316294015062,50
NearEast_Iron_Classical,PD_Russian,D_VA,-0.00476542224424828,0.0038253956282788978,-1.2457331756800052,0.009140787718404944,50
NearEast_Iron_Classical,PD_Russian,R,-0.010958989756244986,0.18086052403008226,-0.06059359727622039,0.4639565320793816,50
NearEast_Iron_Classical,PD_Han,D_VA,-0.0047291927039405796,0.006472919844474071,-0.7306119676389766,0.010646105417264046,50
NearEast_Iron_Classical,PD_Han,R,0.049952271599611464,0.27966120097300595,0.1786170960641518,0.5029169651403699,50
NearEast_Iron_Classical,PD_Japanese,D_VA,-0.004237830066406448,0.007094859464578133,-0.5973099379296067,0.01062088381902276,50
NearEast_Iron_Classical,PD_Japanese,R,-0.06105707663039306,0.3053824256338843,-0.19993644527400845,0.5123156064257443,50
NearEast_Iron_Classical,PD_Dai,D_VA,0.0005604675975512813,0.007833735225186437,0.07154538434606622,0.010928471393846947,50
NearEast_Iron_Classical,PD_Dai,R,0.11640205915606838,0.29467842135156125,0.3950138548393973,0.5230594829097196,50
NearEast_Iron_Classical,PD_Papuan,D_VA,0.006953451595725205,0.008382255400653054,0.8295442292516484,0.011812071782610489,50
NearEast_Iron_Classical,PD_Papuan,R,0.7121580817803557,0.29390875756513,2.4230583929522473,0.4609180930460495,50
NearEast_Iron_Classical,PD_Karitiana,D_VA,-0.020138174244724083,0.008618169121126862,-2.336711424629241,0.011143572353627458,50
NearEast_Iron_Classical,PD_Karitiana,R,-0.2853000790511473,0.3810678074831218,-0.7486858597043355,0.5705080018074379,50
NearEast_Iron_Classical,PD_Mixe,D_VA,-0.012672005636028258,0.008009190417219257,-1.5821830891651971,0.011497067328366257,50
NearEast_Iron_Classical,PD_Mixe,R,-0.33655138668553386,0.3998610998055597,-0.8416707372864941,0.5884814772642795,50
NearEast_Iron_Classical,PD_Mbuti,D_VA,0.09159510092014919,0.008230118512750703,11.129256617416061,0.008738354215617887,50
NearEast_Iron_Classical,PD_Mbuti,R,-76.68498962288635,2174.897863754153,-0.035259122233224416,2174.873590601403,50
NearEast_Iron_Classical,PD_Biaka,D_VA,0.08135108975868166,0.007104778064420396,11.450194365123808,0.008366089325393424,50
NearEast_Iron_Classical,PD_Biaka,R,34.61737052112742,474.9220839276578,0.07289063131122049,474.9527522375126,50
NearEast_Iron_Classical,PD_Juhoan,D_VA,0.08966716657337416,0.009796086856875311,9.153365816723229,0.00989468846818773,50
NearEast_Iron_Classical,PD_Juhoan,R,3.867877559341784,0.6635225936635429,5.829307993848203,0.7186587269871053,50
NearEast_Iron_Classical,PD_Mandenka,D_VA,0.06693735642266835,0.007221958727032813,9.268587505507663,0.007674349484876768,50
NearEast_Iron_Classical,PD_Mandenka,R,-0.46474237775555727,2.802809324450939,-0.16581305538741875,2.841972588845544,50
NearEast_Iron_Classical,PD_Mende,D_VA,0.0703910120122335,0.006769049724074809,10.398950352200952,0.0072711079637589665,50
NearEast_Iron_Classical,PD_Mende,R,-6.021388262390513,98.13900712145126,-0.06135570797999602,98.11247331880062,50
NearEast_Iron_Classical,PD_Esan,D_VA,0.0722108023781714,0.007186835865414508,10.047648747020128,0.007208065400963145,50
NearEast_Iron_Classical,PD_Esan,R,4.505364789514564,3.4248562210330356,1.315490198346375,3.410339212570557,50
NearEast_Iron_Classical,PD_Gambian,D_VA,0.0684252928807604,0.006912467316332919,9.898823350539931,0.0072751884921504,50
NearEast_Iron_Classical,PD_Gambian,R,0.8972589136180393,1.3528609452503844,0.6632307014021879,1.3564425943563816,50
NearEast_Iron_Classical,PD_Luhya,D_VA,0.06738776521172353,0.006669875658511416,10.103301569907098,0.007570165247818759,50
NearEast_Iron_Classical,PD_Luhya,R,-1.003758278233318,3.6325142700188775,-0.27632603855623716,3.680709223613746,50
NearEast_Medieval_Recent,Siberia_Bronze,D_VA,-0.0076866537373915245,0.0039992358665705725,-1.9220306063075467,0.009236201291752073,50
NearEast_Medieval_Recent,Siberia_Bronze,R,0.20331773220971838,0.15130131957852325,1.343793515985823,0.44360248638797267,50
NearEast_Medieval_Recent,Siberia_Iron_Classical,D_VA,-0.007140273689823673,0.004365428105543095,-1.6356411140426659,0.009444822843816487,50
NearEast_Medieval_Recent,Siberia_Iron_Classical,R,0.17351867408727628,0.14975014623919608,1.158721232967043,0.4548192128091415,50
NearEast_Medieval_Recent,Siberia_Neolithic,D_VA,-0.007323187273971382,0.00523150855870079,-1.3998232425314137,0.009925336598086868,50
NearEast_Medieval_Recent,Siberia_Neolithic,R,0.19376529136530296,0.17488387308083575,1.1079654627487563,0.46808532157381116,50
NearEast_Medieval_Recent,SouthAsia_Iron_Classical,D_VA,-0.0034607655387743352,0.006693107507204659,-0.5170640894456073,0.010434602654391183,50
NearEast_Medieval_Recent,SouthAsia_Iron_Classical,R,0.12172408620579267,0.25341343335737126,0.48033793865273783,0.5181691188242136,50
NearEast_Medieval_Recent,SouthAsia_Medieval_Recent,D_VA,-0.0037950680041001217,0.006041893062216111,-0.6281256495307987,0.009670976222460683,50
NearEast_Medieval_Recent,SouthAsia_Medieval_Recent,R,0.22282132138397515,0.2447196556877931,0.9105166512176068,0.4717260095412954,50
NearEast_Medieval_Recent,WestSiberia_Bronze,D_VA,-0.006125297116061426,0.003606844627202096,-1.69824257742229,0.009086532535462313,50
NearEast_Medieval_Recent,WestSiberia_Bronze,R,0.17447809165382022,0.14945305371587064,1.1674441392514159,0.4494893174295524,50
NearEast_Medieval_Recent,WestSiberia_Iron_Classical,D_VA,-0.00646912197731439,0.003694032284362501,-1.7512359068163375,0.00913716738058438,50
NearEast_Medieval_Recent,WestSiberia_Iron_Classical,R,0.0985846270264572,0.13460576911584096,0.7323952581974094,0.4515424745666281,50
NearEast_Medieval_Recent,WestSiberia_LateGlacial_Meso,D_VA,-0.008127074799950534,0.005738304575320893,-1.4162850182095916,0.009850593670854018,50
NearEast_Medieval_Recent,WestSiberia_LateGlacial_Meso,R,0.2900964738222447,0.22332596240530475,1.2989823068388304,0.4509440412797108,50
NearEast_Medieval_Recent,WestSiberia_Medieval_Recent,D_VA,-0.00689683599424841,0.0036357509646559347,-1.8969495054238634,0.009074401953350538,50
NearEast_Medieval_Recent,WestSiberia_Medieval_Recent,R,0.16892043025451153,0.14129476785909956,1.1955179431906533,0.4413863798749138,50
NearEast_Medieval_Recent,WestSiberia_Neolithic,D_VA,-0.006991334006184569,0.004665597790342636,-1.498486221991959,0.009441858920865784,50
NearEast_Medieval_Recent,WestSiberia_Neolithic,R,0.17939786934671265,0.17708996307252473,1.013032394575873,0.4670859470627312,50
NearEast_Medieval_Recent,ANC_Americas,D_VA,-0.01147283880229788,0.00619266720908606,-1.8526490145416825,0.010413558084130603,50
NearEast_Medieval_Recent,ANC_Americas,R,-0.008792530470588922,0.25247428628582835,-0.034825449355404145,0.4878189861447388,50
NearEast_Medieval_Recent,ANC_Oceania,D_VA,-0.005557795300500559,0.006652220997212814,-0.8354796545137626,0.010206545945837689,50
NearEast_Medieval_Recent,ANC_Oceania,R,0.29839298372661505,0.1996632005696485,1.494481621426912,0.4430126432485395,50
NearEast_Medieval_Recent,ANC_Africa,D_VA,0.0326856307526902,0.004156587735442699,7.863572919196185,0.007583574660570166,50
NearEast_Medieval_Recent,ANC_Africa,R,0.24973468710854974,0.19797525487788414,1.2614439479448685,0.4863694808871791,50
NearEast_Medieval_Recent,PD_French,D_VA,-0.0075266843997308375,0.0034663592078716327,-2.1713515387091897,0.009056526786598951,50
NearEast_Medieval_Recent,PD_French,R,-0.07056789884213766,0.17692270439047802,-0.39886287678708815,0.4781352752479145,50
NearEast_Medieval_Recent,PD_Sardinian,D_VA,-0.005183564135269131,0.0035656657812671412,-1.4537436914311785,0.009719181619171473,50
NearEast_Medieval_Recent,PD_Sardinian,R,-0.05396643259480305,0.14810716948654096,-0.3643742080946809,0.49348026641799053,50
NearEast_Medieval_Recent,PD_Basque,D_VA,-0.008320252484022822,0.002983091140107168,-2.789137875192079,0.009229265903273718,50
NearEast_Medieval_Recent,PD_Basque,R,-0.1321225149897427,0.16416351987930242,-0.8048226249466559,0.4929368546586768,50
NearEast_Medieval_Recent,PD_Russian,D_VA,-0.00839483257717015,0.003301365913883653,-2.5428361460528492,0.008664734723259047,50
NearEast_Medieval_Recent,PD_Russian,R,0.017200094714757697,0.16155860469164143,0.10646350126374654,0.453784912824225,50
NearEast_Medieval_Recent,PD_Han,D_VA,-0.00835860303686245,0.006097421789309033,-1.3708421896477752,0.01024027286096456,50
NearEast_Medieval_Recent,PD_Han,R,0.07811135607061415,0.2454165823868329,0.3182806773321157,0.49354894111299974,50
NearEast_Medieval_Recent,PD_Japanese,D_VA,-0.007867240399328318,0.006532873019430572,-1.2042542960698865,0.010214049187696713,50
NearEast_Medieval_Recent,PD_Japanese,R,-0.03289799215939038,0.25714592017041915,-0.12793511224128223,0.5031226133211877,50
NearEast_Medieval_Recent,PD_Dai,D_VA,-0.003068942735370589,0.007891772406459137,-0.38887876858419884,0.010533523376232638,50
NearEast_Medieval_Recent,PD_Dai,R,0.14456114362707106,0.2807862304936194,0.5148441338200026,0.5140586601833944,50
NearEast_Medieval_Recent,PD_Papuan,D_VA,0.0033240412628033345,0.008493744600029303,0.39135168519098945,0.011447648994839566,50
NearEast_Medieval_Recent,PD_Papuan,R,0.7403171662513583,0.27659570779902853,2.676531650264309,0.4506779026588391,50
NearEast_Medieval_Recent,PD_Karitiana,D_VA,-0.023767584577645953,0.007874187540580696,-3.0184173865756274,0.01075652511325282,50
NearEast_Medieval_Recent,PD_Karitiana,R,-0.2571409945801446,0.3354955024531394,-0.7664513911510958,0.5622672528025074,50
NearEast_Medieval_Recent,PD_Mixe,D_VA,-0.016301415968950128,0.007339153574624066,-2.2211574949615542,0.011122328212406574,50
NearEast_Medieval_Recent,PD_Mixe,R,-0.3083923022145312,0.3732354240402656,-0.8262675039689186,0.580495936704911,50
NearEast_Medieval_Recent,PD_Mbuti,D_VA,0.08796569058722732,0.007595353718973686,11.58151336223925,0.008239081387455478,50
NearEast_Medieval_Recent,PD_Mbuti,R,-76.65683053841535,2174.9087907307403,-0.035245997839136824,2174.8735884553207,50
NearEast_Medieval_Recent,PD_Biaka,D_VA,0.07772167942575979,0.00651145539105973,11.936145570846136,0.0078431548698193,50
NearEast_Medieval_Recent,PD_Biaka,R,34.64552960559842,474.9420407500508,0.0729468580016302,474.952742410307,50
NearEast_Medieval_Recent,PD_Juhoan,D_VA,0.08603775624045229,0.009737062764953118,8.836109853387244,0.009456663660826457,50
NearEast_Medieval_Recent,PD_Juhoan,R,3.8960366438127867,0.6655556836433847,5.853810191335313,0.7121344320579438,50
NearEast_Medieval_Recent,PD_Mandenka,D_VA,0.06330794608974648,0.006485389663782833,9.761625649617464,0.007100652626874287,50
NearEast_Medieval_Recent,PD_Mandenka,R,-0.4365832932845546,2.8208331470866104,-0.15477104476578593,2.8403297835281744,50
NearEast_Medieval_Recent,PD_Mende,D_VA,0.06676160167931162,0.006379874912814839,10.46440605680402,0.0066627801053424736,50
NearEast_Medieval_Recent,PD_Mende,R,-5.993229177919511,98.15283288791565,-0.06106017525508816,98.1124257462622,50
NearEast_Medieval_Recent,PD_Esan,D_VA,0.06858139204524953,0.006461979180847449,10.613062983631512,0.006593924062049121,50
NearEast_Medieval_Recent,PD_Esan,R,4.533523873985566,3.4216997490389054,1.3249332806769363,3.4089703178883988,50
NearEast_Medieval_Recent,PD_Gambian,D_VA,0.06479588254783852,0.006167814244833363,10.50548540791684,0.006667232957368896,50
NearEast_Medieval_Recent,PD_Gambian,R,0.925417998089042,1.34518301100321,0.6879495135750222,1.3529972635715248,50
NearEast_Medieval_Recent,PD_Luhya,D_VA,0.06375835487880166,0.0058258767505189385,10.943993086211856,0.006987920262194701,50
NearEast_Medieval_Recent,PD_Luhya,R,-0.9755991937623154,3.6292949301841246,-0.26881232099613916,3.6794409184335417,50
Siberia_Bronze,Siberia_Iron_Classical,D_VA,0.0005463800475678515,0.002380286013784181,0.229543863386071,0.009606937915176462,50
Siberia_Bronze,Siberia_Iron_Classical,R,-0.0297990581224421,0.09301162361320638,-0.32037993709649687,0.44655645217210344,50
Siberia_Bronze,Siberia_Neolithic,D_VA,0.00036346646342014233,0.002779369388157834,0.1307729965541025,0.010079726392134851,50
Siberia_Bronze,Siberia_Neolithic,R,-0.009552440844415422,0.11019499778586192,-0.08668670117838148,0.4600608839154522,50
Siberia_Bronze,SouthAsia_Iron_Classical,D_VA,0.004225888198617189,0.005188648742665656,0.8144486952582088,0.01058156463430644,50
Siberia_Bronze,SouthAsia_Iron_Classical,R,-0.08159364600392571,0.2117888711720921,-0.38525936491547574,0.5109318783744766,50
Siberia_Bronze,SouthAsia_Medieval_Recent,D_VA,0.0038915857332914028,0.0048989292371521016,0.7943747592389601,0.009829362067315314,50
Siberia_Bronze,SouthAsia_Medieval_Recent,R,0.019503589174256764,0.21572512783765624,0.09040944543527712,0.4637645703522028,50
Siberia_Bronze,WestSiberia_Bronze,D_VA,0.0015613566213300983,0.001700981612367407,0.9179150497441414,0.009254925773499886,50
Siberia_Bronze,WestSiberia_Bronze,R,-0.02883964055589816,0.0700441294977137,-0.4117352983427328,0.4411267336259432,50
Siberia_Bronze,WestSiberia_Iron_Classical,D_VA,0.001217531760077134,0.0023037991412856655,0.5284886769241847,0.009304644286365411,50
Siberia_Bronze,WestSiberia_Iron_Classical,R,-0.10473310518326118,0.08570786082052914,-1.2219778230443832,0.4432186311223423,50
Siberia_Bronze,WestSiberia_LateGlacial_Meso,D_VA,-0.0004404210625590099,0.0038693779169907527,-0.1138221884776582,0.010006136778160016,50
Siberia_Bronze,WestSiberia_LateGlacial_Meso,R,0.0867787416125263,0.14885807216166305,0.5829629549298658,0.4426089436532959,50
Siberia_Bronze,WestSiberia_Medieval_Recent,D_VA,0.0007898177431431147,0.002326085596496061,0.3395480133374585,0.00924301619418409,50
Siberia_Bronze,WestSiberia_Medieval_Recent,R,-0.03439730195520685,0.09021837260551492,-0.3812671517098967,0.4328672833274544,50
Siberia_Bronze,WestSiberia_Neolithic,D_VA,0.0006953197312069559,0.0022333670716429546,0.3113324898694108,0.009604024023111878,50
Siberia_Bronze,WestSiberia_Neolithic,R,-0.023919862863005736,0.10223382465929934,-0.23397210211708488,0.459044039913054,50
Siberia_Bronze,ANC_Americas,D_VA,-0.0037861850649063555,0.004345144688376666,-0.8713599514958531,0.01056081291977749,50
Siberia_Bronze,ANC_Americas,R,-0.2121102626803073,0.18150616323790983,-1.1686119021880432,0.48012447540142106,50
Siberia_Bronze,ANC_Oceania,D_VA,0.002128858436890965,0.004811200953689774,0.4424796339588176,0.010356744551231967,50
Siberia_Bronze,ANC_Oceania,R,0.09507525151689666,0.1745913971483584,0.5445586269987107,0.43452543160817025,50
Siberia_Bronze,ANC_Africa,D_VA,0.04037228449008173,0.004271453194017094,9.451650915110124,0.00778454765464373,50
Siberia_Bronze,ANC_Africa,R,0.04641695489883135,0.21860240575183076,0.21233505980499767,0.4786516693532709,50
Siberia_Bronze,PD_French,D_VA,0.000159969337660687,0.0031310441862973247,0.051091370208307965,0.009225467738351352,50
Siberia_Bronze,PD_French,R,-0.27388563105185604,0.14725527749281112,-1.859937624749829,0.4702823514364619,50
Siberia_Bronze,PD_Sardinian,D_VA,0.0025030896021223936,0.004122416935965395,0.607189821166455,0.009876794464876645,50
Siberia_Bronze,PD_Sardinian,R,-0.25728416480452143,0.1843582885335285,-1.3955660298817005,0.4858754181682583,50
Siberia_Bronze,PD_Basque,D_VA,-0.0006335987466312976,0.003751450145001668,-0.1688943534210331,0.009395101205857664,50
Siberia_Bronze,PD_Basque,R,-0.3354402471994611,0.1798197444277999,-1.8654250025037986,0.4853234914126849,50
Siberia_Bronze,PD_Russian,D_VA,-0.0007081788397786254,0.0028333608011675794,-0.24994304978271636,0.008841165385820374,50
Siberia_Bronze,PD_Russian,R,-0.18611763749496069,0.12713431894342833,-1.4639448973473361,0.44550296939874423,50
Siberia_Bronze,PD_Han,D_VA,-0.0006719492994709253,0.004730532546418387,-0.1420451699417386,0.010389983918273626,50
Siberia_Bronze,PD_Han,R,-0.12520637613910424,0.21207210294087775,-0.5903953155687325,0.4859451675960696,50
Siberia_Bronze,PD_Japanese,D_VA,-0.0001805866619367935,0.005462680542869173,-0.03305825052730315,0.010364139055592856,50
Siberia_Bronze,PD_Japanese,R,-0.23621572436910876,0.22657778804295703,-1.0425369865660639,0.49566572674671616,50
Siberia_Bronze,PD_Dai,D_VA,0.0046177110020209355,0.006561603116287978,0.7037473800508162,0.010679124134151485,50
Siberia_Bronze,PD_Dai,R,-0.05875658858264732,0.25603283829234913,-0.22948848661184842,0.5067627203591001,50
Siberia_Bronze,PD_Papuan,D_VA,0.011010695000194859,0.007494980777056353,1.4690758158981294,0.01158176346952521,50
Siberia_Bronze,PD_Papuan,R,0.53699943404164,0.27062426247143523,1.9842989284758643,0.4423377901346198,50
Siberia_Bronze,PD_Karitiana,D_VA,-0.01608093084025443,0.006681858093933372,-2.406655546135395,0.010899147217420998,50
Siberia_Bronze,PD_Karitiana,R,-0.460458726789863,0.3032989559002846,-1.5181678599027149,0.5556047265910251,50
Siberia_Bronze,PD_Mixe,D_VA,-0.008614762231558604,0.005780988050259709,-1.4901885554272316,0.011260318042554238,50
Siberia_Bronze,PD_Mixe,R,-0.5117100344242496,0.3133360008180165,-1.6331032281268165,0.5740450166730139,50
Siberia_Bronze,PD_Mbuti,D_VA,0.09565234432461885,0.007770504101505343,12.309670399130034,0.008424431118128545,50
Siberia_Bronze,PD_Mbuti,R,-76.86014827062506,2174.878334565288,-0.03533997605709185,2174.8735867430714,50
Siberia_Bronze,PD_Biaka,D_VA,0.08540833316315131,0.006343254584915476,13.464434072417005,0.00803763994384841,50
Siberia_Bronze,PD_Biaka,R,34.4422118733887,474.9477989680803,0.07251788922534506,474.95273456968334,50
Siberia_Bronze,PD_Juhoan,D_VA,0.09372440997784381,0.009659880882115805,9.70243951469051,0.009618579164771318,50
Siberia_Bronze,PD_Juhoan,R,3.6927189116030683,0.6563251911469261,5.62635559538718,0.7068858450688478,50
Siberia_Bronze,PD_Mandenka,D_VA,0.070994599827138,0.006864498603041677,10.342284838645043,0.00731490569197676,50
Siberia_Bronze,PD_Mandenka,R,-0.639901025494273,2.8088297664132225,-0.22781766027472866,2.8390183915983034,50
Siberia_Bronze,PD_Mende,D_VA,0.07444825541670315,0.0067977272273163514,10.951933334061462,0.006890661527540353,50
Siberia_Bronze,PD_Mende,R,-6.1965469101292285,98.11772973639104,-0.06315420186318255,98.11238779055603,50
Siberia_Bronze,PD_Esan,D_VA,0.07626804578264106,0.006587119002029896,11.578361611371859,0.006824105222741489,50
Siberia_Bronze,PD_Esan,R,4.330206141775848,3.4048855423659665,1.2717626151882042,3.4078777526314434,50
Siberia_Bronze,PD_Gambian,D_VA,0.07248253628523005,0.006685129290443708,10.842353698206368,0.0068949672125981345,50
Siberia_Bronze,PD_Gambian,R,0.7221002658793236,1.3535060626685915,0.5335035326370247,1.3502421056492955,50
Siberia_Bronze,PD_Luhya,D_VA,0.07144500861619318,0.006059396735792712,11.790779137165456,0.007205526153291551,50
Siberia_Bronze,PD_Luhya,R,-1.1789169259720338,3.626365107630654,-0.32509603721129415,3.6784286891115987,50
Siberia_Iron_Classical,Siberia_Neolithic,D_VA,-0.0001829135841477092,0.0032406647883522466,-0.05644322881068909,0.010271229156708315,50
Siberia_Iron_Classical,Siberia_Neolithic,R,0.02024661727802668,0.1279380966804637,0.1582532318625494,0.47088572639208637,50
Siberia_Iron_Classical,SouthAsia_Iron_Classical,D_VA,0.0036795081510493377,0.0038523104304699772,0.9551432101489397,0.010764142992329669,50
Siberia_Iron_Classical,SouthAsia_Iron_Classical,R,-0.05179458788148361,0.17169478011193398,-0.30166664267671306,0.5207002350201184,50
Siberia_Iron_Classical,SouthAsia_Medieval_Recent,D_VA,0.0033452056857235513,0.003705791004715369,0.9026968011598611,0.010025648253339646,50
Siberia_Iron_Classical,SouthAsia_Medieval_Recent,R,0.049302647296698865,0.17484390508131079,0.2819809319276573,0.47450492845143233,50
Siberia_Iron_Classical,WestSiberia_Bronze,D_VA,0.0010149765737622468,0.0025533520590968854,0.3975074922183828,0.0094631345400088,50
Siberia_Iron_Classical,WestSiberia_Bronze,R,0.0009594175665439408,0.11497846229822642,0.008344324209654525,0.4524048469349433,50
Siberia_Iron_Classical,WestSiberia_Iron_Classical,D_VA,0.0006711517125092825,0.0023526967115635017,0.2852691165888797,0.009511764796561552,50
Siberia_Iron_Classical,WestSiberia_Iron_Classical,R,-0.07493404706081908,0.09158407324586908,-0.8181995450196794,0.4544448320585223,50
Siberia_Iron_Classical,WestSiberia_LateGlacial_Meso,D_VA,-0.0009868011101268614,0.00475472801447288,-0.2075410217205159,0.010199021397789183,50
Siberia_Iron_Classical,WestSiberia_LateGlacial_Meso,R,0.1165777997349684,0.19343023801235282,0.6026865340853457,0.45385022574922457,50
Siberia_Iron_Classical,WestSiberia_Medieval_Recent,D_VA,0.00024343769557526318,0.002758812776226222,0.08824002037146625,0.009451487322917194,50
Siberia_Iron_Classical,WestSiberia_Medieval_Recent,R,-0.004598243832764748,0.10081498088234325,-0.04561071968194049,0.44435507804685465,50
Siberia_Iron_Classical,WestSiberia_Neolithic,D_VA,0.00014893968363910437,0.0031706066652154603,0.04697513736822448,0.009804822368907312,50
Siberia_Iron_Classical,WestSiberia_Neolithic,R,0.005879195259436365,0.14144332955448274,0.04156573009101677,0.46989230786472036,50
Siberia_Iron_Classical,ANC_Americas,D_VA,-0.004332565112474207,0.0038160759330012994,-1.1353456242854933,0.010743743936629085,50
Siberia_Iron_Classical,ANC_Americas,R,-0.1823112045578652,0.17306911447348147,-1.053401151976194,0.49050674031069685,50
Siberia_Iron_Classical,ANC_Oceania,D_VA,0.0015824783893231137,0.0036421659452432484,0.4344882723945806,0.01054321686909589,50
Siberia_Iron_Classical,ANC_Oceania,R,0.12487430963933877,0.1437608713980958,0.8686251580483451,0.4459705159817208,50
Siberia_Iron_Classical,ANC_Africa,D_VA,0.039825904442513875,0.004499350117794298,8.85147930253483,0.008030967963871746,50
Siberia_Iron_Classical,ANC_Africa,R,0.07621601302127345,0.21413870661020426,0.3559189005470605,0.4890652011597315,50
Siberia_Iron_Classical,PD_French,D_VA,-0.00038641070990716453,0.003696511713575641,-0.10453387946480736,0.009434326644794355,50
Siberia_Iron_Classical,PD_French,R,-0.24408657292941394,0.16614154927175728,-1.4691482895116272,0.48087715737321474,50
Siberia_Iron_Classical,PD_Sardinian,D_VA,0.001956709554554542,0.004078860603598324,0.479719643477974,0.010072156330733405,50
Siberia_Iron_Classical,PD_Sardinian,R,-0.22748510668207933,0.17134048303106492,-1.3276786819892128,0.49613735234400114,50
Siberia_Iron_Classical,PD_Basque,D_VA,-0.001179978794199149,0.004093475507331497,-0.288258422967423,0.00960027035648597,50
Siberia_Iron_Classical,PD_Basque,R,-0.305641189077019,0.18947318652236025,-1.6131105128215566,0.49559685403333026,50
Siberia_Iron_Classical,PD_Russian,D_VA,-0.001254558887346477,0.0032083657507706934,-0.39102739051653157,0.009058888984237715,50
Siberia_Iron_Classical,PD_Russian,R,-0.15631857937251858,0.13649017853367315,-1.1452734625440733,0.4566730188590455,50
Siberia_Iron_Classical,PD_Han,D_VA,-0.0012183293470387768,0.0034253132533397846,-0.3556840665159219,0.010575870180335028,50
Siberia_Iron_Classical,PD_Han,R,-0.09540731801666213,0.17562570244576453,-0.543242342595755,0.4962056592993553,50
Siberia_Iron_Classical,PD_Japanese,D_VA,-0.000726966709504645,0.004177274479528709,-0.1740289543019599,0.010550480681607842,50
Siberia_Iron_Classical,PD_Japanese,R,-0.20641666624666666,0.19126456813698656,-1.079220622289163,0.5057290411693657,50
Siberia_Iron_Classical,PD_Dai,D_VA,0.004071330954453084,0.005670077529936302,0.7180379691384611,0.01086006245478965,50
Siberia_Iron_Classical,PD_Dai,R,-0.028957530460205216,0.23298498372523985,-0.12428925674606975,0.5166099158518844,50
Siberia_Iron_Classical,PD_Papuan,D_VA,0.010464314952627007,0.0075900880348061545,1.3786816311800867,0.01174880884657435,50
Siberia_Iron_Classical,PD_Papuan,R,0.5667984921640821,0.27181184835709893,2.0852604313975225,0.45358579231708157,50
Siberia_Iron_Classical,PD_Karitiana,D_VA,-0.01662731088782228,0.006469634426445079,-2.570054162543867,0.011076491967962192,50
Siberia_Iron_Classical,PD_Karitiana,R,-0.4306596686674209,0.28966426044329935,-1.486754589635406,0.5646007107868564,50
Siberia_Iron_Classical,PD_Mixe,D_VA,-0.009161142279126455,0.005608064611022295,-1.6335657512077897,0.011432061348190343,50
Siberia_Iron_Classical,PD_Mixe,R,-0.48191097630180746,0.31460800414462964,-1.5317823130789334,0.5827564084399729,50
Siberia_Iron_Classical,PD_Mbuti,D_VA,0.095105964277051,0.00778369537479469,12.218613357483765,0.008652647219978847,50
Siberia_Iron_Classical,PD_Mbuti,R,-76.83034921250263,2174.8799098922195,-0.03532624898646018,2174.873589059838,50
Siberia_Iron_Classical,PD_Biaka,D_VA,0.08486195311558346,0.006892652942468307,12.311943430767574,0.008276528264693028,50
Siberia_Iron_Classical,PD_Biaka,R,34.47201093151114,474.95831382336263,0.07257902415480469,474.95274517847616,50
Siberia_Iron_Classical,PD_Juhoan,D_VA,0.09317802993027596,0.009769037129376953,9.538097634011004,0.00981907986515478,50
Siberia_Iron_Classical,PD_Juhoan,R,3.7225179697255104,0.6652349891528093,5.595794013279751,0.7139782548295394,50
Siberia_Iron_Classical,PD_Mandenka,D_VA,0.07044821977957015,0.007161142227046644,9.837567464237335,0.007576615968348211,50
Siberia_Iron_Classical,PD_Mandenka,R,-0.6101019673718309,2.7852036156970685,-0.2190511185370328,2.8407926320384864,50
Siberia_Iron_Classical,PD_Mende,D_VA,0.0739018753691353,0.007028597035238389,10.514456156559097,0.00716787838460167,50
Siberia_Iron_Classical,PD_Mende,R,-6.166747852006787,98.13045009211905,-0.06284234757119538,98.11243914669974,50
Siberia_Iron_Classical,PD_Esan,D_VA,0.0757216657350732,0.006987713662578398,10.8364007730581,0.007103919787016374,50
Siberia_Iron_Classical,PD_Esan,R,4.36000519989829,3.409383984581024,1.2788249195797425,3.40935596957711,50
Siberia_Iron_Classical,PD_Gambian,D_VA,0.0719361562376622,0.006957469653907958,10.339413582243395,0.007172017645831498,50
Siberia_Iron_Classical,PD_Gambian,R,0.7518993240017657,1.3495530574989278,0.5571469160280592,1.3539686459733766,50
Siberia_Iron_Classical,PD_Luhya,D_VA,0.07089862856862533,0.006143964784621893,11.53955646784986,0.0074710689593312975,50
Siberia_Iron_Classical,PD_Luhya,R,-1.1491178678495917,3.6182446670056265,-0.3175898739873151,3.67979822426312,50
Siberia_Neolithic,SouthAsia_Iron_Classical,D_VA,0.003862421735197047,0.0053436029753836526,0.7228122585061136,0.01118813668103696,50
Siberia_Neolithic,SouthAsia_Iron_Classical,R,-0.07204120515951029,0.17670579144327567,-0.4076901191019324,0.5323270486106616,50
Siberia_Neolithic,SouthAsia_Medieval_Recent,D_VA,0.0035281192698712605,0.004850363787445164,0.7273927120690529,0.010479563489665833,50
Siberia_Neolithic,SouthAsia_Medieval_Recent,R,0.029056030018672185,0.19779366709568535,0.14690070943786052,0.48723534257813234,50
Siberia_Neolithic,WestSiberia_Bronze,D_VA,0.001197890157909956,0.003080218313060321,0.38889781053207356,0.009942763366215268,50
Siberia_Neolithic,WestSiberia_Bronze,R,-0.01928719971148274,0.14135848590592437,-0.13644175365827407,0.46573973146249886,50
Siberia_Neolithic,WestSiberia_Iron_Classical,D_VA,0.0008540652966569917,0.0030871713148821773,0.2766497902270083,0.009989058893577133,50
Siberia_Neolithic,WestSiberia_Iron_Classical,R,-0.09518066433884576,0.13819821483383846,-0.6887257151135091,0.46772155960275086,50
Siberia_Neolithic,WestSiberia_LateGlacial_Meso,D_VA,-0.0008038875259791523,0.004480698809999767,-0.17941119456301818,0.01064554674532062,50
Siberia_Neolithic,WestSiberia_LateGlacial_Meso,R,0.09633118245694172,0.18950168402463866,0.5083394533022563,0.46714385294591343,50
Siberia_Neolithic,WestSiberia_Medieval_Recent,D_VA,0.0004263512797229724,0.0033923304546968954,0.12568093981901501,0.009931678642078048,50
Siberia_Neolithic,WestSiberia_Medieval_Recent,R,-0.024844861110791427,0.13849484363964593,-0.17939195754779183,0.4579244340702485,50
Siberia_Neolithic,WestSiberia_Neolithic,D_VA,0.00033185326778681357,0.003156637834022454,0.10512871138084859,0.010268503772218716,50
Siberia_Neolithic,WestSiberia_Neolithic,R,-0.014367422018590315,0.14211489143399691,-0.10109723107562618,0.48274437637632217,50
Siberia_Neolithic,ANC_Americas,D_VA,-0.004149651528326498,0.004839517572872131,-0.857451484748672,0.01116851206786737,50
Siberia_Neolithic,ANC_Americas,R,-0.20255782183589188,0.17355146017281706,-1.167134068674451,0.5028321929060992,50
Siberia_Neolithic,ANC_Oceania,D_VA,0.0017653919734708229,0.005313382646637118,0.332253874956315,0.010975748265290752,50
Siberia_Neolithic,ANC_Oceania,R,0.10462769236131209,0.18550077519892327,0.5640283295264601,0.4594921686574575,50
Siberia_Neolithic,ANC_Africa,D_VA,0.040008818026661584,0.005306468242345186,7.539632048938776,0.008590929779190324,50
Siberia_Neolithic,ANC_Africa,R,0.055969395743246775,0.24130171026315142,0.2319477789121734,0.5014260891875688,50
Siberia_Neolithic,PD_French,D_VA,-0.00020349712575945533,0.004150697096194571,-0.04902721664416923,0.009915349074789125,50
Siberia_Neolithic,PD_French,R,-0.2643331902074406,0.19489350887108664,-1.356295505882062,0.49344320080012716,50
Siberia_Neolithic,PD_Sardinian,D_VA,0.0021396231387022513,0.004924214435265611,0.43451055327301974,0.010524065810559046,50
Siberia_Neolithic,PD_Sardinian,R,-0.247731723960106,0.20103327314398306,-1.2322921478907465,0.5083262971000483,50
Siberia_Neolithic,PD_Basque,D_VA,-0.0009970652100514399,0.004862012297540675,-0.20507253972923514,0.010073371776712506,50
Siberia_Neolithic,PD_Basque,R,-0.32588780635504566,0.20805305716523395,-1.5663687464886822,0.5077987728030318,50
Siberia_Neolithic,PD_Russian,D_VA,-0.0010716453031987677,0.0038654106733910175,-0.2772397020000576,0.009558823027077562,50
Siberia_Neolithic,PD_Russian,R,-0.17656519665054526,0.17247060642672485,-1.023740800294339,0.469886792840962,50
Siberia_Neolithic,PD_Han,D_VA,-0.0010354157628910676,0.004754639395706125,-0.2177695670940141,0.011007118519646478,50
Siberia_Neolithic,PD_Han,R,-0.11565393529468881,0.197814810113725,-0.584657616020755,0.5083929663687715,50
Siberia_Neolithic,PD_Japanese,D_VA,-0.0005440531253569358,0.005163018419812834,-0.10537501149892439,0.010982726011661455,50
Siberia_Neolithic,PD_Japanese,R,-0.22666328352469334,0.2007111296315859,-1.129301020530071,0.5176922010370806,50
Siberia_Neolithic,PD_Dai,D_VA,0.004254244538600793,0.006386801848918255,0.6660993466270356,0.011280451434059572,50
Siberia_Neolithic,PD_Dai,R,-0.049204147738231896,0.24375073194162103,-0.20186256404766992,0.5283267521988851,50
Siberia_Neolithic,PD_Papuan,D_VA,0.010647228536774717,0.008538966468144383,1.246898975010085,0.012138456959086216,50
Siberia_Neolithic,PD_Papuan,R,0.5465518748860554,0.3015759061602031,1.8123194317642743,0.4668869487621663,50
Siberia_Neolithic,PD_Karitiana,D_VA,-0.01644439730367457,0.007161403795234466,-2.2962533287981115,0.011488964372413023,50
Siberia_Neolithic,PD_Karitiana,R,-0.45090628594544757,0.28088937743124937,-1.605280662690107,0.5753410419512538,50
Siberia_Neolithic,PD_Mixe,D_VA,-0.008978228694978746,0.006733567399656172,-1.3333539507508592,0.011832144974730171,50
Siberia_Neolithic,PD_Mixe,R,-0.5021575935798341,0.2900208602514647,-1.7314533621631036,0.5931680904350702,50
Siberia_Neolithic,PD_Mbuti,D_VA,0.0952888778611987,0.008253414879308967,11.545388091429247,0.009174744244263842,50
Siberia_Neolithic,PD_Mbuti,R,-76.85059582978064,2174.878487702251,-0.03533558139653722,2174.8735918745656,50
Siberia_Neolithic,PD_Biaka,D_VA,0.08504486669973117,0.007335214324517876,11.594053416472047,0.00882091538053208,50
Siberia_Neolithic,PD_Biaka,R,34.45176431423312,474.9671442243874,0.07253504738836665,474.9527580674971,50
Siberia_Neolithic,PD_Juhoan,D_VA,0.09336094351442367,0.010135238894360233,9.211518789791377,0.010282118333910227,50
Siberia_Neolithic,PD_Juhoan,R,3.7022713524474837,0.6559896869502765,5.643795056686788,0.7225014188927007,50
Siberia_Neolithic,PD_Mandenka,D_VA,0.07063113336371786,0.007844370208264681,9.00405405258694,0.008167786576917514,50
Siberia_Neolithic,PD_Mandenka,R,-0.6303485846498575,2.7855820468981793,-0.22628972115603907,2.842946733615789,50
Siberia_Neolithic,PD_Mende,D_VA,0.074084788953283,0.007633897812537422,9.704713211069047,0.007790128918746125,50
Siberia_Neolithic,PD_Mende,R,-6.186994469284814,98.1125219368182,-0.06306019198313005,98.1125015411736,50
Siberia_Neolithic,PD_Esan,D_VA,0.07590457931922091,0.0076032702466360975,9.98314894210202,0.0077313197045916805,50
Siberia_Neolithic,PD_Esan,R,4.339758582620263,3.4212879134998184,1.268457578649349,3.4111510490190264,50
Siberia_Neolithic,PD_Gambian,D_VA,0.0721190698218099,0.00770639428248343,9.358341550955412,0.007793937717634342,50
Siberia_Neolithic,PD_Gambian,R,0.731652706723739,1.344340975096641,0.544246378171388,1.3584824055583162,50
Siberia_Neolithic,PD_Luhya,D_VA,0.07108154215277304,0.006940673766493926,10.241302868306374,0.008069975181456784,50
Siberia_Neolithic,PD_Luhya,R,-1.1693644851276184,3.6056222868063843,-0.32431696725598014,3.681461438508156,50
SouthAsia_Iron_Classical,SouthAsia_Medieval_Recent,D_VA,-0.00033430246532578645,0.0032078098277929083,-0.1042151758590374,0.010963114379757336,50
SouthAsia_Iron_Classical,SouthAsia_Medieval_Recent,R,0.10109723517818248,0.14166130894902154,0.7136545322658531,0.5355311816201124,50
SouthAsia_Iron_Classical,WestSiberia_Bronze,D_VA,-0.002664531577287091,0.0055327612715024505,-0.4815916405089214,0.010451180283884559,50
SouthAsia_Iron_Classical,WestSiberia_Bronze,R,0.05275400544802755,0.24671223144465373,0.21382809088596866,0.5160512231290265,50
SouthAsia_Iron_Classical,WestSiberia_Iron_Classical,D_VA,-0.003008356438540055,0.004766541026609257,-0.6311403639968436,0.010495233372777251,50
SouthAsia_Iron_Classical,WestSiberia_Iron_Classical,R,-0.023139459179335464,0.20558360203745274,-0.11255498468754319,0.5178405398840781,50
SouthAsia_Iron_Classical,WestSiberia_LateGlacial_Meso,D_VA,-0.004666309261176199,0.007201787071480853,-0.6479376875296452,0.011121883450050687,50
SouthAsia_Iron_Classical,WestSiberia_LateGlacial_Meso,R,0.168372387616452,0.3044454053020917,0.5530462430509712,0.5173188057429934,50
SouthAsia_Iron_Classical,WestSiberia_Medieval_Recent,D_VA,-0.0034360704554740745,0.005451499563884913,-0.6302982170699141,0.010440635355150288,50
SouthAsia_Iron_Classical,WestSiberia_Medieval_Recent,R,0.04719634404871886,0.2170588987285047,0.21743565606011675,0.5090089927975351,50
SouthAsia_Iron_Classical,WestSiberia_Neolithic,D_VA,-0.0035305684674102333,0.005974930403200003,-0.5908970028369471,0.01076154244008613,50
SouthAsia_Iron_Classical,WestSiberia_Neolithic,R,0.057673783140919976,0.2542668951639643,0.22682379907824404,0.5314484926624291,50
SouthAsia_Iron_Classical,ANC_Americas,D_VA,-0.008012073263523545,0.005793614520286705,-1.3829144544340612,0.01162343700373534,50
SouthAsia_Iron_Classical,ANC_Americas,R,-0.1305166166763816,0.23709697986717135,-0.5504777696852183,0.5497595671318147,50
SouthAsia_Iron_Classical,ANC_Oceania,D_VA,-0.002097029761726224,0.0036286909202898096,-0.5779025570904073,0.011438342360357024,50
SouthAsia_Iron_Classical,ANC_Oceania,R,0.17666889752082238,0.19124825620995387,0.9237673640635649,0.5104198472705946,50
SouthAsia_Iron_Classical,ANC_Africa,D_VA,0.03614639629146454,0.006403332586934557,5.64493500856384,0.009174568133742539,50
SouthAsia_Iron_Classical,ANC_Africa,R,0.12801060090275707,0.30352904444624956,0.4217408621843628,0.548473782735459,50
SouthAsia_Iron_Classical,PD_French,D_VA,-0.004065918860956502,0.0063391640684684804,-0.6413966915891505,0.01042510303280627,50
SouthAsia_Iron_Classical,PD_French,R,-0.19229198504793032,0.2765143139272187,-0.6954142167791845,0.5411853285576748,50
SouthAsia_Iron_Classical,PD_Sardinian,D_VA,-0.0017227985964947956,0.006211267266053923,-0.2773666826269586,0.01100566159550087,50
SouthAsia_Iron_Classical,PD_Sardinian,R,-0.17569051880059572,0.2525077314326738,-0.6957827303099435,0.5547891417048917,50
SouthAsia_Iron_Classical,PD_Basque,D_VA,-0.004859486945248487,0.006119972808002866,-0.794037342599613,0.010575511567842616,50
SouthAsia_Iron_Classical,PD_Basque,R,-0.25384660119553537,0.27372176691717487,-0.9273891662125158,0.5543058371426995,50
SouthAsia_Iron_Classical,PD_Russian,D_VA,-0.004934067038395815,0.0056931774723813465,-0.866663135363667,0.010086611107438076,50
SouthAsia_Iron_Classical,PD_Russian,R,-0.10452399149103497,0.2492756806637269,-0.4193108257200506,0.5197970426200682,50
SouthAsia_Iron_Classical,PD_Han,D_VA,-0.0048978374980881145,0.0033947224018456294,-1.4427799738279858,0.011468447326262149,50
SouthAsia_Iron_Classical,PD_Han,R,-0.043612730135178523,0.12842596631605818,-0.3395943311638937,0.5548502281548081,50
SouthAsia_Iron_Classical,PD_Japanese,D_VA,-0.004406474860553983,0.0037696242870335155,-1.1689427181671819,0.011445038078439497,50
SouthAsia_Iron_Classical,PD_Japanese,R,-0.15462207836518305,0.13813271354489232,-1.1193733504332541,0.5633831577575077,50
SouthAsia_Iron_Classical,PD_Dai,D_VA,0.0003918228034037463,0.005765904322634225,0.06795513443843224,0.01173103620853169,50
SouthAsia_Iron_Classical,PD_Dai,R,0.022837057421278395,0.20485356212484146,0.11147991367297329,0.5731705893704124,50
SouthAsia_Iron_Classical,PD_Papuan,D_VA,0.00678480680157767,0.009079645629549741,0.7472545822159061,0.012558294602265607,50
SouthAsia_Iron_Classical,PD_Papuan,R,0.6185930800455657,0.3392280384776908,1.823531695143906,0.5170868305755325,50
SouthAsia_Iron_Classical,PD_Karitiana,D_VA,-0.020306819038871618,0.008210818980276103,-2.473178264878611,0.011931677514929772,50
SouthAsia_Iron_Classical,PD_Karitiana,R,-0.3788650807859373,0.33633929731837475,-1.126437153810511,0.6167760387561746,50
SouthAsia_Iron_Classical,PD_Mixe,D_VA,-0.012840650430175793,0.0068985060906644495,-1.861366832386026,0.012262474492235952,50
SouthAsia_Iron_Classical,PD_Mixe,R,-0.43011638842032385,0.31874830485823813,-1.3493919241754593,0.6334380403327474,50
SouthAsia_Iron_Classical,PD_Mbuti,D_VA,0.09142645612600166,0.008925438524595333,10.24335732906152,0.00972340258949291,50
SouthAsia_Iron_Classical,PD_Mbuti,R,-76.77855462462114,2174.8722843754517,-0.03530255784498596,2174.8736032304823,50
SouthAsia_Iron_Classical,PD_Biaka,D_VA,0.08118244496453413,0.00840295671201264,9.661176148685605,0.009390270183557677,50
SouthAsia_Iron_Classical,PD_Biaka,R,34.52380551939263,474.97826606509574,0.0726850215808846,474.95281006778964,50
SouthAsia_Iron_Classical,PD_Juhoan,D_VA,0.08949852177922663,0.011220154524555964,7.976585490275903,0.010774534022510569,50
SouthAsia_Iron_Classical,PD_Juhoan,R,3.774312557606994,0.7166168732209234,5.266848575087101,0.755912473592128,50
SouthAsia_Iron_Classical,PD_Mandenka,D_VA,0.06676871162852081,0.008607138390119565,7.757364713127762,0.008779599281048017,50
SouthAsia_Iron_Classical,PD_Mandenka,R,-0.5583073794903473,2.7650225768694505,-0.2019178375470847,2.851620854462754,50
SouthAsia_Iron_Classical,PD_Mende,D_VA,0.07022236721808596,0.008444143580730262,8.316102935333204,0.008429397044889368,50
SouthAsia_Iron_Classical,PD_Mende,R,-6.114953264125303,98.12106162321737,-0.062320496364038365,98.11275326905378,50
SouthAsia_Iron_Classical,PD_Esan,D_VA,0.07204215758402387,0.00826672342969086,8.714717287538182,0.008375077930641154,50
SouthAsia_Iron_Classical,PD_Esan,R,4.411799787779774,3.4582295181624407,1.2757394396783766,3.4183836599559463,50
SouthAsia_Iron_Classical,PD_Gambian,D_VA,0.06825664808661286,0.008390339187104972,8.135147645939727,0.008432917117822762,50
SouthAsia_Iron_Classical,PD_Gambian,R,0.8036939118832493,1.3708538707652724,0.5862724897399831,1.3765427031667827,50
SouthAsia_Iron_Classical,PD_Luhya,D_VA,0.067219120417576,0.0075262043758093046,8.93134401633198,0.008688678000653113,50
SouthAsia_Iron_Classical,PD_Luhya,R,-1.097323279968108,3.6177257411762516,-0.3033185372452609,3.6881639999670224,50
SouthAsia_Medieval_Recent,WestSiberia_Bronze,D_VA,-0.0023302291119613044,0.0050664565422185335,-0.4599327148162862,0.009688860504033987,50
SouthAsia_Medieval_Recent,WestSiberia_Bronze,R,-0.048343229730154924,0.24851233728431685,-0.19453050202029457,0.4693986123410002,50
SouthAsia_Medieval_Recent,WestSiberia_Iron_Classical,D_VA,-0.0026740539732142687,0.0040798162972060445,-0.6554348966755009,0.00973636339140183,50
SouthAsia_Medieval_Recent,WestSiberia_Iron_Classical,R,-0.12423669435751794,0.20971076806972672,-0.5924192424692779,0.4713650571713242,50
SouthAsia_Medieval_Recent,WestSiberia_LateGlacial_Meso,D_VA,-0.004332006795850413,0.006337476116452206,-0.6835539442278042,0.010408801084509386,50
SouthAsia_Medieval_Recent,WestSiberia_LateGlacial_Meso,R,0.06727515243826954,0.29048122915697033,0.23159896642380073,0.47079182145620296,50
SouthAsia_Medieval_Recent,WestSiberia_Medieval_Recent,D_VA,-0.003101767990148288,0.00462970897946451,-0.6699704028712082,0.009677484960442283,50
SouthAsia_Medieval_Recent,WestSiberia_Medieval_Recent,R,-0.05390089112946361,0.20731802799383725,-0.25999133626269044,0.46164526112963994,50
SouthAsia_Medieval_Recent,WestSiberia_Neolithic,D_VA,-0.003196266002084447,0.005426323210876217,-0.5890297864450889,0.01002285609146152,50
SouthAsia_Medieval_Recent,WestSiberia_Neolithic,R,-0.0434234520372625,0.26076560653883707,-0.1665229269059884,0.4862753260529063,50
SouthAsia_Medieval_Recent,ANC_Americas,D_VA,-0.007677770798197758,0.0052772667978964296,-1.4548763767748474,0.010943086233790558,50
SouthAsia_Medieval_Recent,ANC_Americas,R,-0.23161385185456407,0.24151663145296348,-0.9589975251856391,0.506223047704915,50
SouthAsia_Medieval_Recent,ANC_Oceania,D_VA,-0.0017627272964004376,0.0030971363492272048,-0.569147463217198,0.010746279565184888,50
SouthAsia_Medieval_Recent,ANC_Oceania,R,0.0755716623426399,0.1535739029870131,0.4920866167543491,0.46320040248517647,50
SouthAsia_Medieval_Recent,ANC_Africa,D_VA,0.036480698756790324,0.005665439507324641,6.439164818479794,0.008295754877107715,50
SouthAsia_Medieval_Recent,ANC_Africa,R,0.02691336572457459,0.3054142772635574,0.08812085003265806,0.5048263886950006,50
SouthAsia_Medieval_Recent,PD_French,D_VA,-0.003731616395630716,0.005464273079479872,-0.6829117691142035,0.009660725738007412,50
SouthAsia_Medieval_Recent,PD_French,R,-0.2933892202261128,0.26597426316352485,-1.1030737212560031,0.4968981306271646,50
SouthAsia_Medieval_Recent,PD_Sardinian,D_VA,-0.0013884961311690092,0.005574160894992015,-0.24909509383133766,0.010284524086950022,50
SouthAsia_Medieval_Recent,PD_Sardinian,R,-0.2767877539787782,0.26243953393978275,-1.0546724794987925,0.5116807443400061,50
SouthAsia_Medieval_Recent,PD_Basque,D_VA,-0.0045251844799227,0.005443782800554235,-0.8312573527845358,0.00982284548702388,50
SouthAsia_Medieval_Recent,PD_Basque,R,-0.35494383637371785,0.2874835582918358,-1.23465786524529,0.5111566819138348,50
SouthAsia_Medieval_Recent,PD_Russian,D_VA,-0.004599764573070028,0.004867061180784292,-0.9450804915357175,0.009294437700746914,50
SouthAsia_Medieval_Recent,PD_Russian,R,-0.20562122666921745,0.2420695695533967,-0.8494302982757223,0.47351363010082537,50
SouthAsia_Medieval_Recent,PD_Han,D_VA,-0.004563535032762328,0.0027704719874849923,-1.647204899878833,0.010778317708048034,50
SouthAsia_Medieval_Recent,PD_Han,R,-0.144709965313361,0.11858009590138599,-1.2203562850354348,0.5117469765989194,50
SouthAsia_Medieval_Recent,PD_Japanese,D_VA,-0.004072172395228196,0.0028056408169216725,-1.4514232793690791,0.010753406211861544,50
SouthAsia_Medieval_Recent,PD_Japanese,R,-0.2557193135433655,0.13936044106343468,-1.834949083054108,0.5209863480164457,50
SouthAsia_Medieval_Recent,PD_Dai,D_VA,0.0007261252687295328,0.004420964900085425,0.16424587960775305,0.011057307948422797,50
SouthAsia_Medieval_Recent,PD_Dai,R,-0.07826017775690408,0.17173172614314863,-0.45571182165646873,0.5315549989360634,50
SouthAsia_Medieval_Recent,PD_Papuan,D_VA,0.007119109266903456,0.007828283752076849,0.9094086893586033,0.011931370912752058,50
SouthAsia_Medieval_Recent,PD_Papuan,R,0.5174958448673832,0.2923532314240025,1.77010475426165,0.4705369089979465,50
SouthAsia_Medieval_Recent,PD_Karitiana,D_VA,-0.01997251657354583,0.007631536866233031,-2.6171028095163194,0.01126995017116993,50
SouthAsia_Medieval_Recent,PD_Karitiana,R,-0.47996231596411976,0.3393741166574203,-1.414257282468644,0.5783069032602417,50
SouthAsia_Medieval_Recent,PD_Mixe,D_VA,-0.012506347964850006,0.00697625512964347,-1.792702206619149,0.011619601078053831,50
SouthAsia_Medieval_Recent,PD_Mixe,R,-0.5312136235985063,0.3426045049673636,-1.5505155825347643,0.5960452527411687,50
SouthAsia_Medieval_Recent,PD_Mbuti,D_VA,0.09176075859132744,0.008016488981900617,11.446502178011105,0.008898955357665854,50
SouthAsia_Medieval_Recent,PD_Mbuti,R,-76.87965185979932,2174.8318002717633,-0.035349700078044,2174.8735926611766,50
SouthAsia_Medieval_Recent,PD_Biaka,D_VA,0.08151674742985991,0.007903459939429812,10.314058406645238,0.008533699236590468,50
SouthAsia_Medieval_Recent,PD_Biaka,R,34.422708284214444,474.9779491888083,0.07247222390640094,474.95276166949725,50
SouthAsia_Medieval_Recent,PD_Juhoan,D_VA,0.08983282424455241,0.01025995981911123,8.755670180815015,0.010036803870884903,50
SouthAsia_Medieval_Recent,PD_Juhoan,R,3.6732153224288115,0.6886857594547346,5.3336594695047435,0.7248654082702953,50
SouthAsia_Medieval_Recent,PD_Mandenka,D_VA,0.0671030140938466,0.00792710043163633,8.46501374273557,0.007856730368044408,50
SouthAsia_Medieval_Recent,PD_Mandenka,R,-0.6594046146685297,2.806081948278625,-0.23499121794110034,2.843548432853145,50
SouthAsia_Medieval_Recent,PD_Mende,D_VA,0.07055666968341175,0.007341605255727755,9.610523478957823,0.0074633493205639246,50
SouthAsia_Medieval_Recent,PD_Mende,R,-6.216050499303486,98.12467181655803,-0.06334849721509651,98.11251897809268,50
SouthAsia_Medieval_Recent,PD_Esan,D_VA,0.07237646004934965,0.007454128628665748,9.709580241346691,0.0074019442638191294,50
SouthAsia_Medieval_Recent,PD_Esan,R,4.310702552601591,3.4780649816889135,1.2393967839290791,3.4116525378514884,50
SouthAsia_Medieval_Recent,PD_Gambian,D_VA,0.06859095055193865,0.007429743512740388,9.231940568920063,0.007467324799179458,50
SouthAsia_Medieval_Recent,PD_Gambian,R,0.7025966767050669,1.3734332965516824,0.5115622858926575,1.3597411540496984,50
SouthAsia_Medieval_Recent,PD_Luhya,D_VA,0.06755342288290178,0.0067507984169734025,10.006730865056422,0.007754996707891357,50
SouthAsia_Medieval_Recent,PD_Luhya,R,-1.1984205151462906,3.6618664276030524,-0.3272704067282816,3.6819261104790573,50
WestSiberia_Bronze,WestSiberia_Iron_Classical,D_VA,-0.0003438248612529643,0.002237332462213916,-0.1536762493101888,0.009156094391826955,50
WestSiberia_Bronze,WestSiberia_Iron_Classical,R,-0.07589346462736302,0.08127234672862033,-0.9338165770059754,0.4491104936735016,50
WestSiberia_Bronze,WestSiberia_LateGlacial_Meso,D_VA,-0.0020017776838891083,0.003835439809689135,-0.5219160730490915,0.009868152432927808,50
WestSiberia_Bronze,WestSiberia_LateGlacial_Meso,R,0.11561838216842446,0.135485339360181,0.8533645242682588,0.44850881547142396,50
WestSiberia_Bronze,WestSiberia_Medieval_Recent,D_VA,-0.0007715388781869836,0.0021203108157449003,-0.36388008421111095,0.009093459604694015,50
WestSiberia_Bronze,WestSiberia_Medieval_Recent,R,-0.005557661399308689,0.09091270046980936,-0.061131848142100875,0.43889812659543675,50
WestSiberia_Bronze,WestSiberia_Neolithic,D_VA,-0.0008660368901231424,0.002026659045186473,-0.4273224409305899,0.009460176354210453,50
WestSiberia_Bronze,WestSiberia_Neolithic,R,0.004919777692892424,0.07832481615124752,0.06281250227759475,0.4647353129829827,50
WestSiberia_Bronze,ANC_Americas,D_VA,-0.005347541686236454,0.004040765356712887,-1.3233982214167996,0.010430169161753402,50
WestSiberia_Bronze,ANC_Americas,R,-0.18327062212440914,0.19824174964274172,-0.9244804510386305,0.48556873090550545,50
WestSiberia_Bronze,ANC_Oceania,D_VA,0.0005675018155608669,0.005279661017179131,0.10748830535034563,0.010223493381213955,50
WestSiberia_Bronze,ANC_Oceania,R,0.12391489207279482,0.20591099505597366,0.6017886127892808,0.440533575642039,50
WestSiberia_Bronze,ANC_Africa,D_VA,0.03881092786875163,0.0039165202106902445,9.909543620588549,0.0076063684767221015,50
WestSiberia_Bronze,ANC_Africa,R,0.07525659545472951,0.1894627398060682,0.39721053085034697,0.4841124880937966,50
WestSiberia_Bronze,PD_French,D_VA,-0.0014013872836694113,0.0026313643605110674,-0.5325705952015067,0.009075621973595757,50
WestSiberia_Bronze,PD_French,R,-0.24504599049595788,0.12141967786825138,-2.0181736173097864,0.4758392277085836,50
WestSiberia_Bronze,PD_Sardinian,D_VA,0.0009417329807922953,0.003713615586974399,0.25358924711955855,0.009736977360437398,50
WestSiberia_Bronze,PD_Sardinian,R,-0.22844452424862327,0.16490866043368768,-1.385279121471515,0.4912559440188722,50
WestSiberia_Bronze,PD_Basque,D_VA,-0.002194955367961396,0.003363898469566208,-0.6525034533056067,0.00924800442714863,50
WestSiberia_Bronze,PD_Basque,R,-0.3066006066435629,0.1653144996999253,-1.8546504220748732,0.49071006905370484,50
WestSiberia_Bronze,PD_Russian,D_VA,-0.0022695354611087237,0.0024942077409270433,-0.9099223869240284,0.008684691393232165,50
WestSiberia_Bronze,PD_Russian,R,-0.15727799693906253,0.12116614578296438,-1.2980358162153853,0.4513650144802893,50
WestSiberia_Bronze,PD_Han,D_VA,-0.0022333059208010236,0.005116627034932369,-0.4364801079996137,0.010257164571080892,50
WestSiberia_Bronze,PD_Han,R,-0.09636673558320608,0.25432004663286406,-0.37891914876187843,0.49132492961752466,50
WestSiberia_Bronze,PD_Japanese,D_VA,-0.0017419432832668919,0.005680358347303985,-0.30666080848467137,0.010230984194099691,50
WestSiberia_Bronze,PD_Japanese,R,-0.2073760838132106,0.26790902704967723,-0.7740541111918477,0.5009411075416388,50
WestSiberia_Bronze,PD_Dai,D_VA,0.003056354380690837,0.006946252824981509,0.44000045171102353,0.010549945568052435,50
WestSiberia_Bronze,PD_Dai,R,-0.029916948026749157,0.29171813054110957,-0.10255429777798193,0.5119237592644522,50
WestSiberia_Bronze,PD_Papuan,D_VA,0.00944933837886476,0.007818064948163957,1.2086543718319842,0.011462761634103763,50
WestSiberia_Bronze,PD_Papuan,R,0.5658390745975381,0.2916855493164674,1.9398940945943979,0.44824123096260604,50
WestSiberia_Bronze,PD_Karitiana,D_VA,-0.017642287461584527,0.006409080289147831,-2.75270189569279,0.010772607357704465,50
WestSiberia_Bronze,PD_Karitiana,R,-0.43161908623396483,0.3141758041686982,-1.3738138981644967,0.5603160650596957,50
WestSiberia_Bronze,PD_Mixe,D_VA,-0.010176118852888702,0.005610774779381128,-1.8136744483639984,0.011137882277871543,50
WestSiberia_Bronze,PD_Mixe,R,-0.4828703938683514,0.32238256481608746,-1.4978179547142039,0.5786062233685482,50
WestSiberia_Bronze,PD_Mbuti,D_VA,0.09409098770328875,0.007334115251660081,12.82922131363987,0.00826006651791286,50
WestSiberia_Bronze,PD_Mbuti,R,-76.83130863006917,2174.8826600864263,-0.03532664545084746,2174.873587951758,50
WestSiberia_Bronze,PD_Biaka,D_VA,0.08384697654182122,0.006038620349346539,13.885121383876136,0.00786519644275971,50
WestSiberia_Bronze,PD_Biaka,R,34.4710515139446,474.94120419369636,0.07257961871820705,474.9527401044241,50
WestSiberia_Bronze,PD_Juhoan,D_VA,0.09216305335651372,0.009225674845408796,9.98984409280142,0.009474952472979768,50
WestSiberia_Bronze,PD_Juhoan,R,3.7215585521589665,0.6567689465772982,5.6664654617938135,0.7105948765030553,50
WestSiberia_Bronze,PD_Mandenka,D_VA,0.0694332432058079,0.006375686889827001,10.890315726858399,0.00712499154376807,50
WestSiberia_Bronze,PD_Mandenka,R,-0.6110613849383748,2.8137294284854804,-0.21717133806546746,2.8399441734631177,50
WestSiberia_Bronze,PD_Mende,D_VA,0.07288689879537305,0.006434997624839762,11.3266395801021,0.006688712544531814,50
WestSiberia_Bronze,PD_Mende,R,-6.167707269573331,98.10409425626179,-0.06286900986479123,98.11241458370598,50
WestSiberia_Bronze,PD_Esan,D_VA,0.07470668916131096,0.006341400573614633,11.780786956142046,0.006620126230465714,50
WestSiberia_Bronze,PD_Esan,R,4.359045782331746,3.389711497281565,1.285963653788104,3.408649036998974,50
WestSiberia_Bronze,PD_Gambian,D_VA,0.07092117966389995,0.006259872663545966,11.329492383592026,0.006693148144113934,50
WestSiberia_Bronze,PD_Gambian,R,0.7509399064352218,1.3434785025764482,0.5589519333544312,1.352187569984999,50
WestSiberia_Bronze,PD_Luhya,D_VA,0.06988365199486309,0.0056228441533944865,12.428523730766152,0.007012650452006077,50
WestSiberia_Bronze,PD_Luhya,R,-1.1500772854161356,3.6156299230652778,-0.31808490080232465,3.6791432564434032,50
WestSiberia_Iron_Classical,WestSiberia_LateGlacial_Meso,D_VA,-0.001657952822636144,0.0041619036443210425,-0.39836405749047954,0.009914796350016427,50
WestSiberia_Iron_Classical,WestSiberia_LateGlacial_Meso,R,0.19151184679578748,0.16887910254493582,1.1340174356079935,0.45056644061675183,50
WestSiberia_Iron_Classical,WestSiberia_Medieval_Recent,D_VA,-0.00042771401693401934,0.0020897274464477178,-0.20467454627208972,0.009144056091527538,50
WestSiberia_Iron_Classical,WestSiberia_Medieval_Recent,R,0.07033580322805433,0.07810306575558024,0.9005511185459328,0.4410005956724471,50
WestSiberia_Iron_Classical,WestSiberia_Neolithic,D_VA,-0.0005222120288701781,0.002793401751252997,-0.18694483478287247,0.00950882173960384,50
WestSiberia_Iron_Classical,WestSiberia_Neolithic,R,0.08081324232025544,0.10771299821505559,0.7502645331523208,0.46672140618131064,50
WestSiberia_Iron_Classical,ANC_Americas,D_VA,-0.00500371682498349,0.004379953330747819,-1.1424132740996973,0.010474310620064296,50
WestSiberia_Iron_Classical,ANC_Americas,R,-0.10737715749704613,0.18811119917254993,-0.5708174631248383,0.4874699501381108,50
WestSiberia_Iron_Classical,ANC_Oceania,D_VA,0.0009113266768138312,0.00455693645683591,0.19998669839838124,0.010268523318302665,50
WestSiberia_Iron_Classical,ANC_Oceania,R,0.19980835670015784,0.16968458619519963,1.1775280311572014,0.44262827646054104,50
WestSiberia_Iron_Classical,ANC_Africa,D_VA,0.03915475273000459,0.004210925135961857,9.298373033426273,0.007666785221099632,50
WestSiberia_Iron_Classical,ANC_Africa,R,0.15115006008209253,0.19261905493502202,0.7847098000407146,0.48601940391597065,50
WestSiberia_Iron_Classical,PD_French,D_VA,-0.001057562422416447,0.0029738152714360888,-0.35562478697802175,0.009126317353150401,50
WestSiberia_Iron_Classical,PD_French,R,-0.16915252586859486,0.1356449304706102,-1.2470243103205738,0.4777791649714022,50
WestSiberia_Iron_Classical,PD_Sardinian,D_VA,0.0012855578420452596,0.003700536257567411,0.34739771551119336,0.009784246641436962,50
WestSiberia_Iron_Classical,PD_Sardinian,R,-0.15255105962126025,0.15637095698349485,-0.9755715675345148,0.4931352374231052,50
WestSiberia_Iron_Classical,PD_Basque,D_VA,-0.0018511305067084316,0.003437284247786706,-0.5385444942181866,0.009297759951050612,50
WestSiberia_Iron_Classical,PD_Basque,R,-0.2307071420161999,0.15070605389306158,-1.530841900882799,0.49259144503854396,50
WestSiberia_Iron_Classical,PD_Russian,D_VA,-0.0019257105998557594,0.002491133206704415,-0.7730259444469179,0.008737655224285339,50
WestSiberia_Iron_Classical,PD_Russian,R,-0.08138453231169951,0.11978364486451194,-0.679429419631988,0.453409678052047,50
WestSiberia_Iron_Classical,PD_Han,D_VA,-0.0018894810595480593,0.004218143967260332,-0.44794133965400657,0.010302047333469067,50
WestSiberia_Iron_Classical,PD_Han,R,-0.02047327095584306,0.21666546442971718,-0.09449254411509714,0.49320396016063645,50
WestSiberia_Iron_Classical,PD_Japanese,D_VA,-0.0013981184220139276,0.004690070237562067,-0.2981018089700677,0.010275981306070858,50
WestSiberia_Iron_Classical,PD_Japanese,R,-0.13148261918584758,0.22752634415123602,-0.5778786613758076,0.5027842013026192,50
WestSiberia_Iron_Classical,PD_Dai,D_VA,0.0034001792419438015,0.005963324333629378,0.5701818401472717,0.010593587952703713,50
WestSiberia_Iron_Classical,PD_Dai,R,0.04597651660061386,0.25978086587584853,0.17698192068767077,0.513727452209747,50
WestSiberia_Iron_Classical,PD_Papuan,D_VA,0.009793163240117725,0.0075652515880868755,1.2944927377615807,0.011502941297906426,50
WestSiberia_Iron_Classical,PD_Papuan,R,0.6417325392249011,0.2763574203157027,2.322110759652498,0.4503000788244895,50
WestSiberia_Iron_Classical,PD_Karitiana,D_VA,-0.017298462600331563,0.006840642795866647,-2.5287773556578474,0.010815351289073712,50
WestSiberia_Iron_Classical,PD_Karitiana,R,-0.3557256216066018,0.31301014112321696,-1.1364667621633697,0.5619644585011139,50
WestSiberia_Iron_Classical,PD_Mixe,D_VA,-0.009832293991635738,0.006300112858840627,-1.5606536282661319,0.011179229663019052,50
WestSiberia_Iron_Classical,PD_Mixe,R,-0.4069769292409884,0.31246095475520186,-1.3024889127661894,0.5802026556086101,50
WestSiberia_Iron_Classical,PD_Mbuti,D_VA,0.09443481256454171,0.007664079486426282,12.321742321670015,0.008315735271348235,50
WestSiberia_Iron_Classical,PD_Mbuti,R,-76.7554151654418,2174.87755594484,-0.035291832846238866,2174.8735883770605,50
WestSiberia_Iron_Classical,PD_Biaka,D_VA,0.08419080140307418,0.006639617088067556,12.68006878805984,0.007923639902595273,50
WestSiberia_Iron_Classical,PD_Biaka,R,34.546944978571965,474.94027342316156,0.07273955676483847,474.952742051944,50
WestSiberia_Iron_Classical,PD_Juhoan,D_VA,0.09250687821776668,0.009824307981689056,9.41612156196495,0.009523522383447496,50
WestSiberia_Iron_Classical,PD_Juhoan,R,3.7974520167863295,0.6790553069399142,5.5922573286395725,0.7118953844258731,50
WestSiberia_Iron_Classical,PD_Mandenka,D_VA,0.06977706806706087,0.006686899115042942,10.434891698917575,0.007189454688748413,50
WestSiberia_Iron_Classical,PD_Mandenka,R,-0.5351679203110118,2.7983194069308843,-0.19124618833200618,2.840269858348248,50
WestSiberia_Iron_Classical,PD_Mende,D_VA,0.07323072365662602,0.006547906752498138,11.18383728184389,0.006757338953033013,50
WestSiberia_Iron_Classical,PD_Mende,R,-6.091813804945968,98.10791369977278,-0.06209299102606517,98.11242401146175,50
WestSiberia_Iron_Classical,PD_Esan,D_VA,0.07505051402256392,0.006603474273681156,11.365307247684099,0.006689456295551994,50
WestSiberia_Iron_Classical,PD_Esan,R,4.434939246959109,3.3994693339051842,1.30459751547881,3.4089203888164508,50
WestSiberia_Iron_Classical,PD_Gambian,D_VA,0.07126500452515291,0.0065439658751738,10.89018584212287,0.006761729534805117,50
WestSiberia_Iron_Classical,PD_Gambian,R,0.8268333710625848,1.3351771071864726,0.6192686847401947,1.3528714588889832,50
WestSiberia_Iron_Classical,PD_Luhya,D_VA,0.07022747685611605,0.006017318419942047,11.670892572906656,0.007078136801787677,50
WestSiberia_Iron_Classical,PD_Luhya,R,-1.0741838207887726,3.6101524135150713,-0.29754528278845704,3.6793946596264226,50
WestSiberia_LateGlacial_Meso,WestSiberia_Medieval_Recent,D_VA,0.0012302388057021246,0.004116679315392591,0.29884251637045517,0.009856983805021488,50
WestSiberia_LateGlacial_Meso,WestSiberia_Medieval_Recent,R,-0.12117604356773315,0.1678655401542312,-0.721863721740622,0.44038783749256366,50
WestSiberia_LateGlacial_Meso,WestSiberia_Neolithic,D_VA,0.0011357407937659658,0.002690119664373469,0.42218969245387855,0.010196276712752387,50
WestSiberia_LateGlacial_Meso,WestSiberia_Neolithic,R,-0.11069860447553204,0.12252243543886059,-0.9034966051647846,0.4661424600009996,50
WestSiberia_LateGlacial_Meso,ANC_Americas,D_VA,-0.0033457640023473456,0.0057334222973555,-0.5835544337786797,0.01110214172549809,50
WestSiberia_LateGlacial_Meso,ANC_Americas,R,-0.2988890042928336,0.24035067911011088,-1.2435538164462803,0.48691567474828307,50
WestSiberia_LateGlacial_Meso,ANC_Oceania,D_VA,0.002569279499449975,0.006583214964210752,0.3902773209469396,0.0109082051257748,50
WestSiberia_LateGlacial_Meso,ANC_Oceania,R,0.008296509904370364,0.2470291218442554,0.03358514916148659,0.44201777469956194,50
WestSiberia_LateGlacial_Meso,ANC_Africa,D_VA,0.040812705552640736,0.0055643137638832964,7.334723972171877,0.008504467270436506,50
WestSiberia_LateGlacial_Meso,ANC_Africa,R,-0.04036178671369495,0.24426869936646872,-0.16523519721673965,0.48546347237537757,50
WestSiberia_LateGlacial_Meso,PD_French,D_VA,0.0006003904002196969,0.004582036515238126,0.13103134342623085,0.00984053028844829,50
WestSiberia_LateGlacial_Meso,PD_French,R,-0.36066437266438234,0.19865886047749687,-1.8154960307206467,0.4772136340347936,50
WestSiberia_LateGlacial_Meso,PD_Sardinian,D_VA,0.0029435106646814035,0.006389852856680191,0.46065390404164747,0.01045360465427713,50
WestSiberia_LateGlacial_Meso,PD_Sardinian,R,-0.34406290641704773,0.2607716039370471,-1.319403267926779,0.49258733684115946,50
WestSiberia_LateGlacial_Meso,PD_Basque,D_VA,-0.00019317768407228764,0.0055628261409464835,-0.03472653632842452,0.00999973539824003,50
WestSiberia_LateGlacial_Meso,PD_Basque,R,-0.4222189888119874,0.23498709488666292,-1.7967752187226649,0.4920429389322485,50
WestSiberia_LateGlacial_Meso,PD_Russian,D_VA,-0.00026775777721961547,0.0047400099253292974,-0.056488864250851506,0.009481191209227609,50
WestSiberia_LateGlacial_Meso,PD_Russian,R,-0.272896379107487,0.189419154390384,-1.440701073688991,0.4528137124460615,50
WestSiberia_LateGlacial_Meso,PD_Han,D_VA,-0.00023152823691191537,0.0065792655752694535,-0.03519058993183037,0.010939769064678246,50
WestSiberia_LateGlacial_Meso,PD_Han,R,-0.21198511775163054,0.3025269177550912,-0.7007148961311329,0.4926561360077211,50
WestSiberia_LateGlacial_Meso,PD_Japanese,D_VA,0.0002598344006222164,0.007154100469211696,0.036319646577572785,0.010915226050346907,50
WestSiberia_LateGlacial_Meso,PD_Japanese,R,-0.32299446598163506,0.313354567032153,-1.0307635501878387,0.5022468268764236,50
WestSiberia_LateGlacial_Meso,PD_Dai,D_VA,0.0050581320645799455,0.007685641558143918,0.6581275000029384,0.011214743583297982,50
WestSiberia_LateGlacial_Meso,PD_Dai,R,-0.14553533019517362,0.32692120420744925,-0.4451694424287742,0.5132015366128998,50
WestSiberia_LateGlacial_Meso,PD_Papuan,D_VA,0.011451116062753869,0.008586060638496066,1.333686837874423,0.012077418036589408,50
WestSiberia_LateGlacial_Meso,PD_Papuan,R,0.45022069242911367,0.3291506192807151,1.3678257492359276,0.44969999223622964,50
WestSiberia_LateGlacial_Meso,PD_Karitiana,D_VA,-0.01564050977769542,0.007177782113481187,-2.179017073856238,0.011424455848464837,50
WestSiberia_LateGlacial_Meso,PD_Karitiana,R,-0.5472374684023893,0.3401726174285073,-1.6087052289486528,0.5614837260743839,50
WestSiberia_LateGlacial_Meso,PD_Mixe,D_VA,-0.008174341168999594,0.006780080875116437,-1.205640658211059,0.011769517568106989,50
WestSiberia_LateGlacial_Meso,PD_Mixe,R,-0.5984887760367759,0.3367548984627584,-1.777223668516176,0.5797370469473266,50
WestSiberia_LateGlacial_Meso,PD_Mbuti,D_VA,0.09609276538717786,0.008343951938620038,11.516457200863279,0.009093834231532875,50
WestSiberia_LateGlacial_Meso,PD_Mbuti,R,-76.9469270122376,2174.870769603857,-0.03537999962464581,2174.8735882528977,50
WestSiberia_LateGlacial_Meso,PD_Biaka,D_VA,0.08584875422571032,0.007287388269483197,11.780455638024966,0.008736729206828723,50
WestSiberia_LateGlacial_Meso,PD_Biaka,R,34.35543313177618,474.93004185777556,0.07233788159070467,474.95274148338433,50
WestSiberia_LateGlacial_Meso,PD_Juhoan,D_VA,0.09416483104040282,0.0098170283333069,9.591989331529522,0.010209987586450801,50
WestSiberia_LateGlacial_Meso,PD_Juhoan,R,3.605940169990542,0.6408149282090378,5.627116365825769,0.7115159593394831,50
WestSiberia_LateGlacial_Meso,PD_Mandenka,D_VA,0.07143502088969701,0.007750530918762467,9.216790648078995,0.008076795568108712,50
WestSiberia_LateGlacial_Meso,PD_Mandenka,R,-0.7266797671067993,2.8445759878077093,-0.2554615416221822,2.8401747816409997,50
WestSiberia_LateGlacial_Meso,PD_Mende,D_VA,0.07488867647926216,0.007555526424341757,9.911774808700574,0.007694673329884207,50
WestSiberia_LateGlacial_Meso,PD_Mende,R,-6.283325651741755,98.09005975207644,-0.06405670123581249,98.1124212591193,50
WestSiberia_LateGlacial_Meso,PD_Esan,D_VA,0.07670846684520007,0.007530718180529755,10.186075883642209,0.007635128909033182,50
WestSiberia_LateGlacial_Meso,PD_Esan,R,4.243427400163322,3.3740070083436726,1.2576818571122217,3.4088411724978367,50
WestSiberia_LateGlacial_Meso,PD_Gambian,D_VA,0.07292295734778906,0.007555543654271528,9.651583087149797,0.007698529354968379,50
WestSiberia_LateGlacial_Meso,PD_Gambian,R,0.6353215242667973,1.3683831791268417,0.4642862715341128,1.3526718398430304,50
WestSiberia_LateGlacial_Meso,PD_Luhya,D_VA,0.0718854296787522,0.007098433586146549,10.126942628447676,0.007977868669781115,50
WestSiberia_LateGlacial_Meso,PD_Luhya,R,-1.26569566758456,3.6210756102414527,-0.349535829631617,3.6793212666625568,50
WestSiberia_Medieval_Recent,WestSiberia_Neolithic,D_VA,-9.449801193615881e-05,0.0026536527688987856,-0.035610541455796285,0.009448525490557745,50
WestSiberia_Medieval_Recent,WestSiberia_Neolithic,R,0.010477439092201113,0.12130054679988045,0.08637586036183836,0.4569028353919329,50
WestSiberia_Medieval_Recent,ANC_Americas,D_VA,-0.00457600280804947,0.004515983303114997,-1.0132904621000423,0.010419602969199379,50
WestSiberia_Medieval_Recent,ANC_Americas,R,-0.17771296072510046,0.187592248058884,-0.947336377510213,0.4780776948247847,50
WestSiberia_Medieval_Recent,ANC_Oceania,D_VA,0.0013390406937478505,0.005063928383288265,0.2644272573377792,0.01021271336172138,50
WestSiberia_Medieval_Recent,ANC_Oceania,R,0.1294725534721035,0.17285904188360143,0.7490065434892714,0.43226279174103904,50
WestSiberia_Medieval_Recent,ANC_Africa,D_VA,0.03958246674693861,0.00419044229499273,9.445892333188013,0.0075918732007738765,50
WestSiberia_Medieval_Recent,ANC_Africa,R,0.0808142568540382,0.20724187557160573,0.38995138714673255,0.4765985637663664,50
WestSiberia_Medieval_Recent,PD_French,D_VA,-0.0006298484054824277,0.0029820528276651033,-0.2112130273612853,0.009063476788769915,50
WestSiberia_Medieval_Recent,PD_French,R,-0.2394883290966492,0.15370276574519948,-1.5581263481859564,0.46819254637605895,50
WestSiberia_Medieval_Recent,PD_Sardinian,D_VA,0.001713271858979279,0.0036297168733021934,0.4720125339750266,0.009725658096531427,50
WestSiberia_Medieval_Recent,PD_Sardinian,R,-0.22288686284931458,0.1651212198587213,-1.3498377921385145,0.48385296567208314,50
WestSiberia_Medieval_Recent,PD_Basque,D_VA,-0.0014234164897744123,0.0036766368121051267,-0.3871517809667495,0.009236085923025918,50
WestSiberia_Medieval_Recent,PD_Basque,R,-0.30104294524425423,0.18879068989633682,-1.5945857574309097,0.48329872928292356,50
WestSiberia_Medieval_Recent,PD_Russian,D_VA,-0.00149799658292174,0.0022161425460284112,-0.6759477568833858,0.008671998725128926,50
WestSiberia_Medieval_Recent,PD_Russian,R,-0.15172033553975384,0.11676979520175651,-1.2993114810007955,0.44329636379355586,50
WestSiberia_Medieval_Recent,PD_Han,D_VA,-0.00146176704261404,0.004750677012316805,-0.3076965743670221,0.010246419976323142,50
WestSiberia_Medieval_Recent,PD_Han,R,-0.09080907418389739,0.21268323251388732,-0.4269686571458704,0.48392300660276777,50
WestSiberia_Medieval_Recent,PD_Japanese,D_VA,-0.0009704044050799082,0.005323972552149758,-0.18227073779485775,0.010220212075728888,50
WestSiberia_Medieval_Recent,PD_Japanese,R,-0.2018184224139019,0.23327174132651504,-0.8651644698421173,0.49368338343602425,50
WestSiberia_Medieval_Recent,PD_Dai,D_VA,0.003827893258877821,0.006275589399550223,0.6099655371258307,0.010539499455943156,50
WestSiberia_Medieval_Recent,PD_Dai,R,-0.02435928662744047,0.25089656232590796,-0.09708896128994547,0.504823954617098,50
WestSiberia_Medieval_Recent,PD_Papuan,D_VA,0.010220877257051744,0.007071793520212017,1.4453019913320821,0.011453148107539604,50
WestSiberia_Medieval_Recent,PD_Papuan,R,0.5713967359968468,0.2530298069324471,2.2582190727806077,0.44011531556021677,50
WestSiberia_Medieval_Recent,PD_Karitiana,D_VA,-0.016870748583397543,0.006849196669845224,-2.463171872064054,0.010762377366373345,50
WestSiberia_Medieval_Recent,PD_Karitiana,R,-0.42606142483465614,0.3131929734588569,-1.360379896551627,0.5538369639341328,50
WestSiberia_Medieval_Recent,PD_Mixe,D_VA,-0.009404579974701718,0.0065264913084730185,-1.440985597037756,0.011127988089887672,50
WestSiberia_Medieval_Recent,PD_Mixe,R,-0.4773127324690427,0.3196530388936567,-1.493221319343805,0.5723342131802108,50
WestSiberia_Medieval_Recent,PD_Mbuti,D_VA,0.09486252658147573,0.007779561625749592,12.193813886310766,0.008246720328306395,50
WestSiberia_Medieval_Recent,PD_Mbuti,R,-76.82575096866985,2174.882300305559,-0.035324095909868895,2174.8735862921876,50
WestSiberia_Medieval_Recent,PD_Biaka,D_VA,0.0846185154200082,0.0064516232308163635,13.115848894558106,0.007851179043695084,50
WestSiberia_Medieval_Recent,PD_Biaka,R,34.47660917534391,474.9417032958746,0.07259124422237986,474.9527325050257,50
WestSiberia_Medieval_Recent,PD_Juhoan,D_VA,0.0929345922347007,0.00929343404808482,10.000027089432301,0.009463319801115373,50
WestSiberia_Medieval_Recent,PD_Juhoan,R,3.727116213558275,0.6633117733105667,5.618950791354665,0.7054972490153234,50
WestSiberia_Medieval_Recent,PD_Mandenka,D_VA,0.07020478208399489,0.006489500655004751,10.818210185378815,0.007109514877382519,50
WestSiberia_Medieval_Recent,PD_Mandenka,R,-0.6055037235390661,2.7965154843650075,-0.21652078342650594,2.838672964299147,50
WestSiberia_Medieval_Recent,PD_Mende,D_VA,0.07365843767356003,0.006417013043713904,11.478617414642116,0.006672223976781215,50
WestSiberia_Medieval_Recent,PD_Mende,R,-6.162149608174023,98.12920308342237,-0.06279628708423737,98.1123777957443,50
WestSiberia_Medieval_Recent,PD_Esan,D_VA,0.07547822803949794,0.006496419587994163,11.618434895890497,0.006603466407899494,50
WestSiberia_Medieval_Recent,PD_Esan,R,4.364603443731054,3.41772680644938,1.2770486615533114,3.4075899910772462,50
WestSiberia_Medieval_Recent,PD_Gambian,D_VA,0.07169271854208693,0.006516126194326355,11.002352686863304,0.006676670530437507,50
WestSiberia_Medieval_Recent,PD_Gambian,R,0.7564975678345305,1.3533611770861635,0.5589768501142449,1.3495156591450628,50
WestSiberia_Medieval_Recent,PD_Luhya,D_VA,0.07065519087305007,0.005861399938181799,12.054320063163484,0.006996925300085596,50
WestSiberia_Medieval_Recent,PD_Luhya,R,-1.144519624016827,3.628710306050745,-0.3154067223576325,3.678162094210744,50
WestSiberia_Neolithic,ANC_Americas,D_VA,-0.004481504796113311,0.004201218398331046,-1.0667155027916688,0.010741138445542413,50
WestSiberia_Neolithic,ANC_Americas,R,-0.18819039981730157,0.20591815672554142,-0.9139087237854973,0.5019020102503943,50
WestSiberia_Neolithic,ANC_Oceania,D_VA,0.0014335387056840093,0.005523812822063897,0.25951978313928226,0.010540561810418037,50
WestSiberia_Neolithic,ANC_Oceania,R,0.1189951143799024,0.2223972655164911,0.535056553431763,0.4584740633101983,50
WestSiberia_Neolithic,ANC_Africa,D_VA,0.03967696475887477,0.004825757866306981,8.221913709325506,0.008027482031570629,50
WestSiberia_Neolithic,ANC_Africa,R,0.07033681776183709,0.22551564127102744,0.31189330090548106,0.5004932932503392,50
WestSiberia_Neolithic,PD_French,D_VA,-0.0005353503935462689,0.003465160398655133,-0.1544951263306727,0.009431359423282083,50
WestSiberia_Neolithic,PD_French,R,-0.2499657681888503,0.15375852536563808,-1.6257034697388728,0.49249528534444365,50
WestSiberia_Neolithic,PD_Sardinian,D_VA,0.0018077698709154377,0.004885271855949871,0.37004488679861663,0.01006937706520061,50
WestSiberia_Neolithic,PD_Sardinian,R,-0.2333643019415157,0.1886985259803042,-1.236704424314759,0.507406186397128,50
WestSiberia_Neolithic,PD_Basque,D_VA,-0.0013289184778382535,0.004303022230706689,-0.30883374674548314,0.009597354440056815,50
WestSiberia_Neolithic,PD_Basque,R,-0.31152038433645535,0.17706761858834086,-1.7593300617020193,0.5068777045115473,50
WestSiberia_Neolithic,PD_Russian,D_VA,-0.0014034985709855813,0.0034303102747144398,-0.4091462458457689,0.009055798747719522,50
WestSiberia_Neolithic,PD_Russian,R,-0.16219777463195495,0.14972112402432725,-1.0833326004525616,0.4688912579234076,50
WestSiberia_Neolithic,PD_Han,D_VA,-0.0013672690306778812,0.005532629168017699,-0.24712826201719998,0.010573223321284513,50
WestSiberia_Neolithic,PD_Han,R,-0.1012865132760985,0.27408119389637337,-0.36954929973923584,0.5074729765454209,50
WestSiberia_Neolithic,PD_Japanese,D_VA,-0.0008759063931437494,0.006137160536066269,-0.1427217665231841,0.01054782745134918,50
WestSiberia_Neolithic,PD_Japanese,R,-0.21229586150610302,0.2772747651972486,-0.7656515779756565,0.516788766020748,50
WestSiberia_Neolithic,PD_Dai,D_VA,0.00392239127081398,0.0070772718355359004,0.5542236276864687,0.010857484876912647,50
WestSiberia_Neolithic,PD_Dai,R,-0.03483672571964158,0.3055004347817719,-0.11403167312847359,0.527441533024896,50
WestSiberia_Neolithic,PD_Papuan,D_VA,0.010315375268987903,0.007816440144320593,1.3197024577080694,0.011746426292443107,50
WestSiberia_Neolithic,PD_Papuan,R,0.5609192969046457,0.3128357375810069,1.7930154055989178,0.465885003616854,50
WestSiberia_Neolithic,PD_Karitiana,D_VA,-0.016776250571461385,0.006447064113410609,-2.602153519237527,0.011073964766369179,50
WestSiberia_Neolithic,PD_Karitiana,R,-0.43653886392685726,0.3154320673734826,-1.3839393932322674,0.5745282658183014,50
WestSiberia_Neolithic,PD_Mixe,D_VA,-0.00931008196276556,0.0058736768169264444,-1.5850517917390805,0.011429612766810721,50
WestSiberia_Neolithic,PD_Mixe,R,-0.4877901715612438,0.3141599802942869,-1.5526808064614412,0.5923797744530259,50
WestSiberia_Neolithic,PD_Mbuti,D_VA,0.09495702459341189,0.007858049514178145,12.084045082953796,0.00864941184381127,50
WestSiberia_Neolithic,PD_Mbuti,R,-76.83622840776206,2174.8895419023197,-0.03532879575141798,2174.8735916597057,50
WestSiberia_Neolithic,PD_Biaka,D_VA,0.08471301343194436,0.006681548392926438,12.678649985028557,0.008273145801127743,50
WestSiberia_Neolithic,PD_Biaka,R,34.46613173625171,474.9449543043859,0.07256868701075372,474.95275708362414,50
WestSiberia_Neolithic,PD_Juhoan,D_VA,0.09302909024663686,0.00971017059507716,9.580582476460355,0.009816228946430652,50
WestSiberia_Neolithic,PD_Juhoan,R,3.716638774466074,0.6680483186391037,5.563428079629513,0.7218543578677046,50
WestSiberia_Neolithic,PD_Mandenka,D_VA,0.07029928009593105,0.006979419871592525,10.072367243882484,0.007572920893703044,50
WestSiberia_Neolithic,PD_Mandenka,R,-0.6159811626312672,2.830996182525895,-0.2175845966989865,2.842782359563833,50
WestSiberia_Neolithic,PD_Mende,D_VA,0.0737529356854962,0.00697193669608041,10.578543509576004,0.007163972492053195,50
WestSiberia_Neolithic,PD_Mende,R,-6.172627047266223,98.08266678748782,-0.0629329039415316,98.1124967783435,50
WestSiberia_Neolithic,PD_Esan,D_VA,0.0755727260514341,0.00687955791730361,10.985113718041674,0.007099978709180598,50
WestSiberia_Neolithic,PD_Esan,R,4.354126004638854,3.3937162921897617,1.2829964645717034,3.4110140563905973,50
WestSiberia_Neolithic,PD_Gambian,D_VA,0.07178721655402309,0.006902211408063856,10.400611095475004,0.007168114008759445,50
WestSiberia_Neolithic,PD_Gambian,R,0.7460201287423294,1.3457935709778515,0.5543347396140943,1.3581383802404452,50
WestSiberia_Neolithic,PD_Luhya,D_VA,0.07074968888498623,0.0063117191700981885,11.209258044965521,0.007467321656761456,50
WestSiberia_Neolithic,PD_Luhya,R,-1.154997063109028,3.6005049948770957,-0.3207875186265237,3.681334504889928,50
ANC_Americas,ANC_Oceania,D_VA,0.005915043501797321,0.004881740191537721,1.2116670018717475,0.01141914775144241,50
ANC_Americas,ANC_Oceania,R,0.30718551419720397,0.20953047116677131,1.4660660689905394,0.4795795533881277,50
ANC_Americas,ANC_Africa,D_VA,0.04415846955498808,0.006322194585030123,6.98467422365452,0.00915062620027823,50
ANC_Americas,ANC_Africa,R,0.25852721757913866,0.2715848051868783,0.9519207725971464,0.5198957759862666,50
ANC_Americas,PD_French,D_VA,0.0039461544025670425,0.00510089132857776,0.7736205593047434,0.010404039247386603,50
ANC_Americas,PD_French,R,-0.06177536837154873,0.24979037798537118,-0.24730883899445708,0.5122008272018869,50
ANC_Americas,PD_Sardinian,D_VA,0.006289274667028749,0.00546762336250354,1.1502757688395324,0.010985711018009582,50
ANC_Americas,PD_Sardinian,R,-0.04517390212421413,0.264457453066163,-0.1708172774125309,0.5265540041570942,50
ANC_Americas,PD_Basque,D_VA,0.003152586318275058,0.005582487564134788,0.5647278712323772,0.010554747952372304,50
ANC_Americas,PD_Basque,R,-0.12332998451915378,0.27104877252712717,-0.45501030448979674,0.5260447591514317,50
ANC_Americas,PD_Russian,D_VA,0.00307800622512773,0.004882516619472297,0.6304138756747133,0.010064838948002473,50
ANC_Americas,PD_Russian,R,0.02599262518534662,0.23133947262630658,0.11235706941950938,0.48954784552358904,50
ANC_Americas,PD_Han,D_VA,0.0031142357654354302,0.005380310737260079,0.5788208000457151,0.011449303188045276,50
ANC_Americas,PD_Han,R,0.08690388654120307,0.2551544578136333,0.34059325196927703,0.5266183658244948,50
ANC_Americas,PD_Japanese,D_VA,0.003605598402969562,0.005513042330830394,0.6540124647340544,0.011425854717852155,50
ANC_Americas,PD_Japanese,R,-0.024105461688801455,0.24268999839931554,-0.09932614383695772,0.5356012602534087,50
ANC_Americas,PD_Dai,D_VA,0.008403896066927291,0.0067655453375220055,1.2421609268241722,0.011712321287533734,50
ANC_Americas,PD_Dai,R,0.15335367409766,0.2985113254419693,0.5137281604663003,0.545887032323946,50
ANC_Americas,PD_Papuan,D_VA,0.014796880065101214,0.007871339045909918,1.879842804229088,0.01254081427714436,50
ANC_Americas,PD_Papuan,R,0.7491096967219473,0.3074102547599912,2.4368402976888666,0.4866692078762209,50
ANC_Americas,PD_Karitiana,D_VA,-0.012294745775348073,0.004465434819213132,-2.753314351930137,0.011913277791473472,50
ANC_Americas,PD_Karitiana,R,-0.2483484641095557,0.20333940890599084,-1.2213493953076933,0.591507235394443,50
ANC_Americas,PD_Mixe,D_VA,-0.004828577166652248,0.004439307008191452,-1.0876871452554444,0.012244571862228245,50
ANC_Americas,PD_Mixe,R,-0.29959977174394226,0.22859094330509364,-1.3106371031684978,0.6088611323453076,50
ANC_Americas,PD_Mbuti,D_VA,0.0994385293895252,0.0087573366671113,11.35488255955404,0.009700815292226305,50
ANC_Americas,PD_Mbuti,R,-76.64803800794476,2174.840606870668,-0.035243060004398204,2174.8735962112532,50
ANC_Americas,PD_Biaka,D_VA,0.08919451822805767,0.0076759576832314365,11.619985662884533,0.009366879605116459,50
ANC_Americas,PD_Biaka,R,34.65432213606901,474.9108365053103,0.07297016507577948,474.95277792578224,50
ANC_Americas,PD_Juhoan,D_VA,0.09751059504275017,0.01064983162590866,9.156069172542473,0.010754154677089785,50
ANC_Americas,PD_Juhoan,R,3.9048291742833756,0.6879795979178468,5.675792110843467,0.7354398651639632,50
ANC_Americas,PD_Mandenka,D_VA,0.07478078489204436,0.00802906817738566,9.313756371214883,0.008754577257201697,50
ANC_Americas,PD_Mandenka,R,-0.42779076281396566,2.769273461041317,-0.1544776161806373,2.846262395694941,50
ANC_Americas,PD_Mende,D_VA,0.0782344404816095,0.00836951562537805,9.347546976839016,0.008403332312655732,50
ANC_Americas,PD_Mende,R,-5.984436647448922,98.09277177954705,-0.06100792687251513,98.1125976730907,50
ANC_Americas,PD_Esan,D_VA,0.08005423084754741,0.008063850033916565,9.927544598527899,0.008348843618181313,50
ANC_Americas,PD_Esan,R,4.542316404456155,3.3895495921915337,1.3400943933436575,3.4139149043574633,50
ANC_Americas,PD_Gambian,D_VA,0.0762687213501364,0.00811995618784581,9.392750353049648,0.008406863299269382,50
ANC_Americas,PD_Gambian,R,0.9342105285596309,1.3241071635041746,0.705539970108836,1.365407609903333,50
ANC_Americas,PD_Luhya,D_VA,0.07523119368109954,0.007258097895359151,10.365139016546275,0.008663393377630254,50
ANC_Americas,PD_Luhya,R,-0.9668066632917265,3.5803862653707355,-0.270028592345641,3.6840225051148865,50
ANC_Oceania,ANC_Africa,D_VA,0.03824342605319076,0.006497557837602536,5.88581541081007,0.008914333852293859,50
ANC_Oceania,ANC_Africa,R,-0.04865829661806531,0.2624440406394038,-0.18540446374593605,0.4781050687068055,50
ANC_Oceania,PD_French,D_VA,-0.001968889099230278,0.006260520623762707,-0.31449287009087973,0.010196833863219245,50
ANC_Oceania,PD_French,R,-0.3689608825687527,0.23458612373066887,-1.572816314541951,0.46972601186337776,50
ANC_Oceania,PD_Sardinian,D_VA,0.0003742311652314284,0.006020873386602901,0.06215562779714543,0.010789681864825812,50
ANC_Oceania,PD_Sardinian,R,-0.3523594163214181,0.22860376431557586,-1.541354392725589,0.4853369531868,50
ANC_Oceania,PD_Basque,D_VA,-0.0027624571835222628,0.0061241006883081565,-0.4510796481181662,0.010350560009537707,50
ANC_Oceania,PD_Basque,R,-0.43051549871635775,0.2558671049955962,-1.6825746268703339,0.48478441338956496,50
ANC_Oceania,PD_Russian,D_VA,-0.0028370372766695906,0.005402970997434469,-0.5250883778603885,0.009850501064522628,50
ANC_Oceania,PD_Russian,R,-0.28119288901185735,0.2089502894829993,-1.3457406051343896,0.44491564581565873,50
ANC_Oceania,PD_Han,D_VA,-0.0028008077363618905,0.002963907214884973,-0.94497146276915,0.011261346796219254,50
ANC_Oceania,PD_Han,R,-0.2202816276560009,0.1691164502852464,-1.3025440593416837,0.4854067799881234,50
ANC_Oceania,PD_Japanese,D_VA,-0.0023094450988277587,0.0035987726272134076,-0.6417313173285978,0.011237506138214042,50
ANC_Oceania,PD_Japanese,R,-0.3312909758860054,0.18244105697148308,-1.8158795031416022,0.4951379088898532,50
ANC_Oceania,PD_Dai,D_VA,0.0024888525651299703,0.004371071397680867,0.5693918810043839,0.01152865378590882,50
ANC_Oceania,PD_Dai,R,-0.15383184009954398,0.21603555824322354,-0.7120672233334499,0.5062464724758304,50
ANC_Oceania,PD_Papuan,D_VA,0.008881836563303894,0.00702151456455801,1.2649459716477833,0.012369454753818444,50
ANC_Oceania,PD_Papuan,R,0.4419241825247433,0.2310948412079037,1.9123065673593627,0.4417462583085965,50
ANC_Oceania,PD_Karitiana,D_VA,-0.018209789277145394,0.007290634515254964,-2.4976960837967024,0.011732756535006978,50
ANC_Oceania,PD_Karitiana,R,-0.5555339783067597,0.3322189035999467,-1.6721925582408332,0.5551339012875668,50
ANC_Oceania,PD_Mixe,D_VA,-0.010743620668449569,0.006835961007343112,-1.5716328189860787,0.012069006929412443,50
ANC_Oceania,PD_Mixe,R,-0.6067852859411462,0.33731146768008363,-1.798887212801907,0.5735893281046878,50
ANC_Oceania,PD_Mbuti,D_VA,0.09352348588772788,0.008670562363970775,10.786322958283622,0.009478249073896805,50
ANC_Oceania,PD_Mbuti,R,-76.95522352214196,2174.863340252159,-0.03538393521002546,2174.8735866228426,50
ANC_Oceania,PD_Biaka,D_VA,0.08327947472626035,0.00825699333912321,10.085932167544124,0.009136182009443581,50
ANC_Oceania,PD_Biaka,R,34.347136621871805,474.9449396273986,0.07231814418070787,474.9527340191403,50
ANC_Oceania,PD_Juhoan,D_VA,0.09159555154095285,0.011064444549909997,8.278368708684786,0.010553825419804232,50
ANC_Oceania,PD_Juhoan,R,3.5976436600861716,0.668175070624933,5.384282979491222,0.7065158413702876,50
ANC_Oceania,PD_Mandenka,D_VA,0.06886574139024704,0.00863470282360204,7.975461668699225,0.008507291644539235,50
ANC_Oceania,PD_Mandenka,R,-0.7349762770111696,2.8043870440967296,-0.26208089876834373,2.8389262871694787,50
ANC_Oceania,PD_Mende,D_VA,0.07231939697981218,0.008262863088420658,8.752341192867945,0.008145390238033892,50
ANC_Oceania,PD_Mende,R,-6.291622161646126,98.14028152356576,-0.06410845846346346,98.1123851254295,50
ANC_Oceania,PD_Esan,D_VA,0.07413918734575009,0.008049415918375625,9.210505221441137,0.008089164229621052,50
ANC_Oceania,PD_Esan,R,4.235130890258951,3.3997031691748654,1.2457354891035533,3.407801023098151,50
ANC_Oceania,PD_Gambian,D_VA,0.07035367784833908,0.008162379985021026,8.619260311017959,0.008149032992051043,50
ANC_Oceania,PD_Gambian,R,0.627025014362427,1.3662429440261183,0.45894108152879154,1.3500484361743135,50
ANC_Oceania,PD_Luhya,D_VA,0.06931615017930222,0.0075312384374883025,9.203818303543105,0.00841342813533827,50
ANC_Oceania,PD_Luhya,R,-1.2739921774889305,3.6515103923104,-0.3488945780277088,3.6783576032011545,50
ANC_Africa,PD_French,D_VA,-0.04021231515242104,0.004006011631135934,-10.037992610874808,0.007570498353611925,50
ANC_Africa,PD_French,R,-0.3203025859506874,0.1889215949379112,-1.6954260102237353,0.5108205125887961,50
ANC_Africa,PD_Sardinian,D_VA,-0.03786919488795933,0.004659674639997855,-8.12700409657288,0.008351901533908142,50
ANC_Africa,PD_Sardinian,R,-0.3037011197033528,0.19116988589381437,-1.5886451900277017,0.5252114126607041,50
ANC_Africa,PD_Basque,D_VA,-0.041005883236713024,0.004367695048281477,-9.388449235449093,0.007776317701778097,50
ANC_Africa,PD_Basque,R,-0.38185720209829244,0.2196534638511061,-1.7384529039666659,0.5247008646132298,50
ANC_Africa,PD_Russian,D_VA,-0.04108046332986035,0.0038005273383411677,-10.809148224096427,0.00709713996692383,50
ANC_Africa,PD_Russian,R,-0.23253459239379204,0.2110700019012342,-1.1016941787047585,0.4881034744313658,50
ANC_Africa,PD_Han,D_VA,-0.04104423378955265,0.00633321129404042,-6.480793373841081,0.008952930031708268,50
ANC_Africa,PD_Han,R,-0.1716233310379356,0.3156999357153885,-0.5436280202244271,0.525275938834861,50
ANC_Africa,PD_Japanese,D_VA,-0.04055287115201852,0.006587390822129455,-6.1561356001205505,0.00892292377499351,50
ANC_Africa,PD_Japanese,R,-0.2826326792679401,0.3267172576714144,-0.8650681059284264,0.5342814040187276,50
ANC_Africa,PD_Dai,D_VA,-0.03575457348806079,0.007576452448864469,-4.719170842736505,0.009286919973990082,50
ANC_Africa,PD_Dai,R,-0.10517354348147867,0.3446119218509488,-0.30519415264736033,0.5445921049323319,50
ANC_Africa,PD_Papuan,D_VA,-0.029361589489886868,0.008711131166510603,-3.370582870197806,0.01031214989198217,50
ANC_Africa,PD_Papuan,R,0.4905824791428086,0.3567356968436274,1.3751987353198691,0.4852162678538834,50
ANC_Africa,PD_Karitiana,D_VA,-0.056453215330336155,0.007837752801525783,-7.202729756843869,0.009539108993910023,50
ANC_Africa,PD_Karitiana,R,-0.5068756816886943,0.37171902849516414,-1.3635989627452945,0.5903123903656099,50
ANC_Africa,PD_Mixe,D_VA,-0.04898704672164033,0.006798058796110067,-7.206034574115676,0.009949771492358593,50
ANC_Africa,PD_Mixe,R,-0.5581269893230809,0.35498644863507317,-1.5722487195471415,0.6077004090635396,50
ANC_Africa,PD_Mbuti,D_VA,0.05528005983453711,0.0049617253952496075,11.141297720237127,0.0065707100068996965,50
ANC_Africa,PD_Mbuti,R,-76.90656522552389,2174.908135098143,-0.03536083385979587,2174.8735958866155,50
ANC_Africa,PD_Biaka,D_VA,0.045036048673069595,0.0038790854950271282,11.609965475317434,0.00606686461012826,50
ANC_Africa,PD_Biaka,R,34.39579491848987,474.9103975439731,0.07242586200759077,474.95277643922253,50
ANC_Africa,PD_Juhoan,D_VA,0.05335212548776209,0.006717644446045316,7.942088319242698,0.008044890022843827,50
ANC_Africa,PD_Juhoan,R,3.646301956704237,0.6371537253583353,5.722797829760089,0.7344792059463437,50
ANC_Africa,PD_Mandenka,D_VA,0.030622315337056276,0.004570301777358858,6.7002830072968775,0.005070605053954926,50
ANC_Africa,PD_Mandenka,R,-0.6863179803931043,2.8071374227385215,-0.24449033910265863,2.8460143242510725,50
ANC_Africa,PD_Mende,D_VA,0.034075970926621416,0.003891022875574711,8.75758689071915,0.004436711238947605,50
ANC_Africa,PD_Mende,R,-6.24296386502806,98.15741490801727,-0.06360155135379537,98.11259047681116,50
ANC_Africa,PD_Esan,D_VA,0.03589576129255932,0.003927328357583705,9.139994934022845,0.004332620733658431,50
ANC_Africa,PD_Esan,R,4.283789186877017,3.35078865397704,1.2784420711800493,3.4137080840179075,50
ANC_Africa,PD_Gambian,D_VA,0.03211025179514832,0.003911427669581798,8.20934311143263,0.004443395457697023,50
ANC_Africa,PD_Gambian,R,0.6756833109804923,1.3629768246887328,0.495740865685519,1.3648904168016989,50
ANC_Africa,PD_Luhya,D_VA,0.03107272412611145,0.003305856369579275,9.399296476412243,0.004911496459985264,50
ANC_Africa,PD_Luhya,R,-1.2253338808708651,3.5679557143335416,-0.3434274354775015,3.6838308493860232,50
PD_French,PD_Sardinian,D_VA,0.0023431202644617066,0.0034327239662811882,0.6825833616328043,0.009708982028824628,50
PD_French,PD_Sardinian,R,0.016601466247334606,0.15132728990858524,0.10970569985997454,0.5175954960072463,50
PD_French,PD_Basque,D_VA,-0.0007935680842919846,0.002766228539042592,-0.2868772674027299,0.009218524274683547,50
PD_French,PD_Basque,R,-0.061554616147605046,0.1565726797403127,-0.39313765498360187,0.5170774282675717,50
PD_French,PD_Russian,D_VA,-0.0008681481774393124,0.0025777449609882736,-0.3367859080622451,0.008653292351125668,50
PD_French,PD_Russian,R,0.08776799355689535,0.12387060607087651,0.7085457667549968,0.4798990219305577,50
PD_French,PD_Han,D_VA,-0.0008319186371316123,0.005627542382204923,-0.147829830613494,0.01023059279595304,50
PD_French,PD_Han,R,0.1486792549127518,0.27185912104375515,0.5468981667487338,0.5176609715023721,50
PD_French,PD_Japanese,D_VA,-0.0003405559995974805,0.00609287769312576,-0.05589411387359869,0.010204344246363255,50
PD_French,PD_Japanese,R,0.03766990668274728,0.28667333007177764,0.1314035968163325,0.5267966288599024,50
PD_French,PD_Dai,D_VA,0.0044577416643602485,0.007281100818810122,0.6122345748659381,0.010524113046106943,50
PD_French,PD_Dai,R,0.21512904246920872,0.29673287625785355,0.7249922731253644,0.5372509937194746,50
PD_French,PD_Papuan,D_VA,0.010850725662534172,0.007799983303367361,1.3911216525104309,0.011438990698424852,50
PD_French,PD_Papuan,R,0.810885065093496,0.3012596183530264,2.6916487165673595,0.4769621537270923,50
PD_French,PD_Karitiana,D_VA,-0.016240900177915116,0.006974715635559204,-2.3285394023971544,0.010747310044919963,50
PD_French,PD_Karitiana,R,-0.18657309573800696,0.3533955346096319,-0.5279441234142913,0.5835467313909788,50
PD_French,PD_Mixe,D_VA,-0.00877473156921929,0.0061523897319384424,-1.426231424135516,0.011113416466329972,50
PD_French,PD_Mixe,R,-0.23782440337239352,0.3486583627658629,-0.68211300450608,0.6011304822365343,50
PD_French,PD_Mbuti,D_VA,0.09549237498695816,0.007384814084448368,12.930911177311142,0.008227047027865723,50
PD_French,PD_Mbuti,R,-76.5862626395732,2174.894022054628,-0.035213790586091163,2174.8735940607785,50
PD_French,PD_Biaka,D_VA,0.08524836382549063,0.006328643910871,13.470241812634715,0.007830512052322578,50
PD_French,PD_Biaka,R,34.71609750444056,474.92915491878273,0.07309742336281153,474.95276807846443,50
PD_French,PD_Juhoan,D_VA,0.09356444064018313,0.009393029363664906,9.961050585247698,0.009446180618831856,50
PD_French,PD_Juhoan,R,3.9666045426549243,0.6750744447341946,5.875803140817668,0.7290526547962819,50
PD_French,PD_Mandenka,D_VA,0.07083463048947732,0.0063987547185247575,11.070064974424954,0.007086685291244113,50
PD_French,PD_Mandenka,R,-0.36601539444241693,2.8212165770578146,-0.1297367233054211,2.8446187096586817,50
PD_French,PD_Mende,D_VA,0.07428828607904246,0.006205615701142951,11.971138668055135,0.006647892855766135,50
PD_French,PD_Mende,R,-5.9226612790773725,98.12005314359968,-0.06036137455418515,98.11255000324859,50
PD_French,PD_Esan,D_VA,0.07610807644498037,0.0064463129079915795,11.806450839615337,0.006578881001026643,50
PD_French,PD_Esan,R,4.604091772827704,3.399621646788134,1.3542953455357363,3.4125446447463728,50
PD_French,PD_Gambian,D_VA,0.07232256694756936,0.006251244664231688,11.569306727248083,0.006652355672799294,50
PD_French,PD_Gambian,R,0.9959858969311797,1.3807937873049476,0.7213140050949669,1.361977943791694,50
PD_French,PD_Luhya,D_VA,0.0712850392785325,0.005625989878620594,12.670666107918859,0.00697372714410237,50
PD_French,PD_Luhya,R,-0.9050312949201778,3.6114919656857176,-0.2505976210162601,3.682752747115408,50
PD_Sardinian,PD_Basque,D_VA,-0.003136688348753691,0.003376215443407941,-0.9290545586710331,0.009870309200475238,50
PD_Sardinian,PD_Basque,R,-0.07815608239493965,0.1472258915981293,-0.530858271915079,0.5312988789103341,50
PD_Sardinian,PD_Russian,D_VA,-0.003211268441901019,0.0033410514872655016,-0.9611550298284376,0.009344585727794803,50
PD_Sardinian,PD_Russian,R,0.07116652730956075,0.15555415813202497,0.45750321408418343,0.49518936090901416,50
PD_Sardinian,PD_Han,D_VA,-0.003175038901593319,0.005603916035502341,-0.5665750310102041,0.010821591512650186,50
PD_Sardinian,PD_Han,R,0.1320777886654172,0.26999140932879334,0.48919255984390947,0.531866819160917,50
PD_Sardinian,PD_Japanese,D_VA,-0.002683676264059187,0.0061100492693180915,-0.43922334268815105,0.010796779862919461,50
PD_Sardinian,PD_Japanese,R,0.021068440435412672,0.28381253883951096,0.0742336491599702,0.540762535763832,50
PD_Sardinian,PD_Dai,D_VA,0.002114621399898542,0.0071156423372779635,0.2971792706359486,0.011099494101863143,50
PD_Sardinian,PD_Dai,R,0.1985275762218741,0.29009560627707087,0.6843522339744093,0.5509519599385548,50
PD_Sardinian,PD_Papuan,D_VA,0.008507605398072465,0.007800354767311752,1.0906690338911924,0.011970477104472762,50
PD_Sardinian,PD_Papuan,R,0.7942835988461614,0.3141138542477479,2.528648730723268,0.4923437092068491,50
PD_Sardinian,PD_Karitiana,D_VA,-0.018584020442376822,0.007965643406640367,-2.333021890847474,0.011311343293866289,50
PD_Sardinian,PD_Karitiana,R,-0.20317456198534156,0.36849179987650466,-0.5513679328914047,0.5961847193820613,50
PD_Sardinian,PD_Mixe,D_VA,-0.011117851833680997,0.0067683991626768,-1.642611726416569,0.011659752976120484,50
PD_Sardinian,PD_Mixe,R,-0.25442586961972813,0.3692453253138364,-0.6890428996047042,0.6134062997569395,50
PD_Sardinian,PD_Mbuti,D_VA,0.09314925472249645,0.007951971423426173,11.713982578971885,0.00895131927197162,50
PD_Sardinian,PD_Mbuti,R,-76.60286410582054,2174.9111231640522,-0.03522114687352327,2174.873597488433,50
PD_Sardinian,PD_Biaka,D_VA,0.08290524356102892,0.007192548973147769,11.526545578006127,0.00858829045338043,50
PD_Sardinian,PD_Biaka,R,34.699496038193224,474.92503883405834,0.07306310091247355,474.95278377416366,50
PD_Sardinian,PD_Juhoan,D_VA,0.09122132037572142,0.009970625559865533,9.149006732627884,0.010083260494187923,50
PD_Sardinian,PD_Juhoan,R,3.9500030764075897,0.6857648036139586,5.7599968029726805,0.739207146456985,50
PD_Sardinian,PD_Mandenka,D_VA,0.06849151022501561,0.007283358337736849,9.403836396479967,0.007915991556791352,50
PD_Sardinian,PD_Mandenka,R,-0.38261686068975154,2.823031408494868,-0.13553404313476913,2.847238141646707,50
PD_Sardinian,PD_Mende,D_VA,0.07194516581458076,0.007082089974723407,10.1587477808612,0.007525708825871668,50
PD_Sardinian,PD_Mende,R,-5.939262745324708,98.13499316480373,-0.06052135485810411,98.11262598448715,50
PD_Sardinian,PD_Esan,D_VA,0.07376495618051866,0.007273017891606181,10.142276188492687,0.007464816751650749,50
PD_Sardinian,PD_Esan,R,4.587490306580369,3.4057290625244048,1.3469921483360792,3.414728449568826,50
PD_Sardinian,PD_Gambian,D_VA,0.06997944668310765,0.007218841982043663,9.693998962323372,0.0075296513802088644,50
PD_Sardinian,PD_Gambian,R,0.9793844306838451,1.3767777248105335,0.7113598753339969,1.3674404379286955,50
PD_Sardinian,PD_Luhya,D_VA,0.06894191901407079,0.006380851313074427,10.804501724214779,0.007815029378732142,50
PD_Sardinian,PD_Luhya,R,-0.9216327611675124,3.586376862174046,-0.25698157125875015,3.6847764149665383,50
PD_Basque,PD_Russian,D_VA,-7.458009314732783e-05,0.0030288403966187345,-0.024623315652612728,0.008833919865552127,50
PD_Basque,PD_Russian,R,0.1493226097045004,0.1691307165596838,0.8828828538180206,0.4946478267356447,50
PD_Basque,PD_Han,D_VA,-3.835055283962774e-05,0.005697121316603259,-0.006731566822679691,0.010383819173769964,50
PD_Basque,PD_Han,R,0.21023387106035685,0.29129905909499193,0.721711466262581,0.5313626658518362,50
PD_Basque,PD_Japanese,D_VA,0.00045301208469450405,0.0061977220130220835,0.073093321020639,0.010357958929018467,50
PD_Basque,PD_Japanese,R,0.09922452283035232,0.29779989801874723,0.33319193018698046,0.5402666836133321,50
PD_Basque,PD_Dai,D_VA,0.005251309748652233,0.007564236837049116,0.6942286263343417,0.010673126396899124,50
PD_Basque,PD_Dai,R,0.27668365861681377,0.3129824699475972,0.8840228612904072,0.5504652863686805,50
PD_Basque,PD_Papuan,D_VA,0.011644293746826156,0.007968855744871233,1.4612253151050503,0.011576233406233516,50
PD_Basque,PD_Papuan,R,0.872439681241101,0.33139628691000483,2.6326175509565197,0.49179904161392685,50
PD_Basque,PD_Karitiana,D_VA,-0.015447332093623131,0.007584625452746837,-2.0366637996644577,0.010893270623581516,50
PD_Basque,PD_Karitiana,R,-0.1250184795904019,0.3780538867285734,-0.3306895762194871,0.5957349989395332,50
PD_Basque,PD_Mixe,D_VA,-0.007981163484927306,0.006406869205468189,-1.24571974687972,0.011254630035280622,50
PD_Basque,PD_Mixe,R,-0.17626978722478848,0.35884638272286135,-0.49121238421656993,0.6129692144947565,50
PD_Basque,PD_Mbuti,D_VA,0.09628594307125014,0.007500530436794156,12.837217831810342,0.008416826865016337,50
PD_Basque,PD_Mbuti,R,-76.5247080234256,2174.9141302178914,-0.035185162926758426,2174.8735973652006,50
PD_Basque,PD_Biaka,D_VA,0.08604193190978261,0.006745460336382504,12.755531515870672,0.008029669400325002,50
PD_Basque,PD_Biaka,R,34.777652120588165,474.90926700042485,0.07323009790953827,474.9527832098648,50
PD_Basque,PD_Juhoan,D_VA,0.09435800872447511,0.010156283941305064,9.29060365678889,0.009611919681340512,50
PD_Basque,PD_Juhoan,R,4.028159158802529,0.6949866728017252,5.796023602242132,0.7388444861470491,50
PD_Basque,PD_Mandenka,D_VA,0.0716281985737693,0.00670235324438037,10.687022298298945,0.007306146733681317,50
PD_Basque,PD_Mandenka,R,-0.3044607782948119,2.8331645675274695,-0.10746314625857326,2.8471440084029145,50
PD_Basque,PD_Mende,D_VA,0.07508185416333445,0.006573686033379555,11.421575928951782,0.006881362590264587,50
PD_Basque,PD_Mende,R,-5.8611066629297675,98.10639448407575,-0.05974235108478194,98.1126232527762,50
PD_Basque,PD_Esan,D_VA,0.07690164452927235,0.006587861248602787,11.673233789734468,0.006814715467473008,50
PD_Basque,PD_Esan,R,4.6656463889753095,3.383103582911246,1.3791024349778858,3.4146499606301575,50
PD_Basque,PD_Gambian,D_VA,0.07311613503186135,0.006322446946233305,11.564531209774945,0.006885674090048953,50
PD_Basque,PD_Gambian,R,1.0575405130787847,1.334831390508579,0.7922652408375378,1.3672444260699845,50
PD_Basque,PD_Luhya,D_VA,0.07207860736282448,0.005757399725531656,12.519298780521709,0.007196634071379253,50
PD_Basque,PD_Luhya,R,-0.8434766787725727,3.5679957670731555,-0.23640069491015142,3.684703678402169,50
PD_Russian,PD_Han,D_VA,3.622954030770009e-05,0.0050215743051367995,0.007214777300146536,0.009885442799625768,50
PD_Russian,PD_Han,R,0.06091126135585645,0.24521195635547963,0.24840249334153358,0.49525779861327796,50
PD_Russian,PD_Japanese,D_VA,0.0005275921778418319,0.0054392968252381605,0.09699639398126267,0.009858275299785129,50
PD_Russian,PD_Japanese,R,-0.05009808687414807,0.2573727202302457,-0.1946518917363515,0.5047990628444632,50
PD_Russian,PD_Dai,D_VA,0.005325889841799561,0.006454807262110551,0.8251043951478322,0.010188910922925232,50
PD_Russian,PD_Dai,R,0.12736104891231337,0.2761641256675873,0.46117883198781245,0.5156995597468098,50
PD_Russian,PD_Papuan,D_VA,0.011718873839973484,0.007320522078594689,1.6008248748049867,0.011131372717985729,50
PD_Russian,PD_Papuan,R,0.7231170715366007,0.27625511703683264,2.6175698727064254,0.4525486733584322,50
PD_Russian,PD_Karitiana,D_VA,-0.015372752000475803,0.006918554996121356,-2.2219599336991607,0.010419290935073473,50
PD_Russian,PD_Karitiana,R,-0.2743410892949023,0.32964651259321226,-0.8322280952914023,0.5637678541630284,50
PD_Russian,PD_Mixe,D_VA,-0.007906583391779978,0.006632128177769809,-1.1921638393965317,0.010796526105287797,50
PD_Russian,PD_Mixe,R,-0.3255923969292889,0.3380709722386571,-0.9630888886237794,0.581949535908758,50
PD_Russian,PD_Mbuti,D_VA,0.09636052316439747,0.007072316697621067,13.62502943297357,0.007793667505531714,50
PD_Russian,PD_Mbuti,R,-76.6740306331301,2174.90045553302,-0.03525404136914349,2174.873588843787,50
PD_Russian,PD_Biaka,D_VA,0.08611651200292994,0.005879831849896346,14.646084140050377,0.007373863938915327,50
PD_Russian,PD_Biaka,R,34.62832951088367,474.9384192237016,0.07291119881917431,474.952744189147,50
PD_Russian,PD_Juhoan,D_VA,0.09443258881762244,0.008997430682911743,10.495506122316934,0.009071233580481836,50
PD_Russian,PD_Juhoan,R,3.878836549098029,0.6436292022973654,6.026508019295796,0.7133198294846408,50
PD_Russian,PD_Mandenka,D_VA,0.07170277866691663,0.00592793534992581,12.095742351139846,0.0065786061445569435,50
PD_Russian,PD_Mandenka,R,-0.4537833879993123,2.805453848749505,-0.16175043770603478,2.8406272210571233,50
PD_Russian,PD_Mende,D_VA,0.07515643425648177,0.005768541828922665,13.028671107082536,0.006103394941326764,50
PD_Russian,PD_Mende,R,-6.010429272634268,98.13634983733172,-0.06124569828200255,98.11243435745352,50
PD_Russian,PD_Esan,D_VA,0.07697622462241968,0.005855745047780577,13.145419411932036,0.006028152753019456,50
PD_Russian,PD_Esan,R,4.516323779270809,3.41213015015099,1.3236082976116714,3.409218144686203,50
PD_Russian,PD_Gambian,D_VA,0.07319071512500867,0.005834618009897737,12.544217119415412,0.006108255592678785,50
PD_Russian,PD_Gambian,R,0.9082179033742843,1.3647976002665392,0.6654597745459937,1.353621559020667,50
PD_Russian,PD_Luhya,D_VA,0.07215318745597181,0.005324246503801794,13.551811961457947,0.006456765495854477,50
PD_Russian,PD_Luhya,R,-0.9927992884770731,3.621169704306623,-0.2741653580323359,3.679670529008891,50
PD_Han,PD_Japanese,D_VA,0.0004913626375341318,0.0024097190665113544,0.20390868145700358,0.011268147688458375,50
PD_Han,PD_Japanese,R,-0.11100934823000452,0.10700383870304125,-1.0374333255284367,0.5408252065275083,50
PD_Han,PD_Dai,D_VA,0.005289660301491861,0.003946908069043203,1.3402035742814156,0.011558523531916233,50
PD_Han,PD_Dai,R,0.06644978755645692,0.14783918335037752,0.4494734484495327,0.5510134717862415,50
PD_Han,PD_Papuan,D_VA,0.011682644299665784,0.008108411015030579,1.4408056372586,0.012397298860206333,50
PD_Han,PD_Papuan,R,0.6622058101807442,0.3018428810573056,2.1938758597226045,0.4924125424127118,50
PD_Han,PD_Karitiana,D_VA,-0.015408981540783503,0.007712604670207421,-1.9978959378413332,0.011762107975709986,50
PD_Han,PD_Karitiana,R,-0.33525235065075876,0.35415039954798594,-0.946638352176512,0.5962415647658753,50
PD_Han,PD_Mixe,D_VA,-0.007942812932087678,0.00713983124638,-1.1124650790751955,0.012097542576272137,50
PD_Han,PD_Mixe,R,-0.3865036582851453,0.3514270552559029,-1.0998119026541662,0.6134615493340171,50
PD_Han,PD_Mbuti,D_VA,0.09632429362408977,0.00906999548548599,10.620103811322736,0.00951455798391797,50
PD_Han,PD_Mbuti,R,-76.73494189448596,2174.852991017044,-0.03528281783248337,2174.8735975040167,50
PD_Han,PD_Biaka,D_VA,0.08608028246262224,0.00841445930812057,10.230043228035871,0.009173844877268859,50
PD_Han,PD_Biaka,R,34.567418249527805,474.9877900212693,0.07277538281137695,474.9527838455223,50
PD_Han,PD_Juhoan,D_VA,0.09439635927731474,0.011190015291405479,8.435766781285466,0.010586446009601971,50
PD_Han,PD_Juhoan,R,3.8179252877421725,0.7008175005897638,5.447816706245559,0.7392529941115361,50
PD_Han,PD_Mandenka,D_VA,0.07166654912660893,0.008592325307330046,8.340763013880625,0.0085477259693885,50
PD_Han,PD_Mandenka,R,-0.5146946493551687,2.769366515059971,-0.1858528463301012,2.8472500450746487,50
PD_Han,PD_Mende,D_VA,0.07512020471617407,0.008165359446493922,9.199865016160375,0.008187611999378657,50
PD_Han,PD_Mende,R,-6.071340533990124,98.14985090391002,-0.06185786812793068,98.11262632992654,50
PD_Han,PD_Esan,D_VA,0.07693999508211198,0.008259631616571953,9.315184823466119,0.00813167793608996,50
PD_Han,PD_Esan,R,4.455412517914953,3.4741402935059567,1.282450373763904,3.414738374784298,50
PD_Han,PD_Gambian,D_VA,0.07315448558470097,0.008256820010222928,8.85988619034047,0.008191235976825957,50
PD_Han,PD_Gambian,R,0.8473066420184279,1.3787938606883257,0.6145274258730982,1.3674652226701836,50
PD_Han,PD_Luhya,D_VA,0.07211695791566411,0.007645313403460064,9.432832129945897,0.00845431139188835,50
PD_Han,PD_Luhya,R,-1.0537105498329296,3.656308166709545,-0.2881897536501156,3.6847856127899012,50
PD_Japanese,PD_Dai,D_VA,0.004798297663957729,0.004232361836566943,1.133716314730274,0.011535297082413697,50
PD_Japanese,PD_Dai,R,0.17745913578646144,0.1746685627659695,1.0159763896622365,0.5596049078155992,50
PD_Japanese,PD_Papuan,D_VA,0.011191281662131652,0.008472101487185725,1.320956987951426,0.012375646713241043,50
PD_Japanese,PD_Papuan,R,0.7732151584107487,0.3279469876632551,2.3577443535011433,0.502007887076218,50
PD_Japanese,PD_Karitiana,D_VA,-0.015900344178317635,0.007266390382951766,-2.188203955518637,0.011739284329717084,50
PD_Japanese,PD_Karitiana,R,-0.22424300242075423,0.3215338119569408,-0.6974165517957546,0.6041902103773592,50
PD_Japanese,PD_Mixe,D_VA,-0.00843417556962181,0.007555869064404006,-1.1162416259111132,0.01207535295245641,50
PD_Japanese,PD_Mixe,R,-0.2754943100551408,0.32303828581200905,-0.8528224738521046,0.6211898898667546,50
PD_Japanese,PD_Mbuti,D_VA,0.09583293098655564,0.008862094254127428,10.813801821383523,0.009486328381993625,50
PD_Japanese,PD_Mbuti,R,-76.62393254625596,2174.8453518440238,-0.03523189935380348,2174.873599697663,50
PD_Japanese,PD_Biaka,D_VA,0.08558891982508811,0.008658400283648362,9.885073110644381,0.009144563542010778,50
PD_Japanese,PD_Biaka,R,34.67842759775781,474.9787251670629,0.07301048607084552,474.9527938905278,50
PD_Japanese,PD_Juhoan,D_VA,0.09390499663978061,0.011202226772186392,8.382708058806125,0.01056108193585762,50
PD_Japanese,PD_Juhoan,R,3.928934635972177,0.706216995823651,5.563353274144748,0.7456787485668671,50
PD_Japanese,PD_Mandenka,D_VA,0.0711751864890748,0.00862302651310844,8.254084152574114,0.00851629213856824,50
PD_Japanese,PD_Mandenka,R,-0.4036853011251642,2.774235763978606,-0.14551225471415172,2.848925170294749,50
PD_Japanese,PD_Mende,D_VA,0.07462884207863994,0.00821729536156761,9.08192279757643,0.008154790174740856,50
PD_Japanese,PD_Mende,R,-5.96033118576012,98.1192826953479,-0.06074576802876195,98.11267495671777,50
PD_Japanese,PD_Esan,D_VA,0.07644863244457785,0.00828802194238852,9.223990111993619,0.008098629427129809,50
PD_Japanese,PD_Esan,R,4.566421866144957,3.488726324525047,1.308908020111502,3.416135239563254,50
PD_Japanese,PD_Gambian,D_VA,0.07266312294716684,0.008250305927418123,8.807324672129615,0.008158428731669385,50
PD_Japanese,PD_Gambian,R,0.9583159902484324,1.374911515246132,0.6970019376678782,1.370949649685864,50
PD_Japanese,PD_Luhya,D_VA,0.07162559527812998,0.007693974499427397,9.309310198969403,0.008422528934512114,50
PD_Japanese,PD_Luhya,R,-0.942701201602925,3.628196909896575,-0.2598263614170262,3.686080142778345,50
PD_Dai,PD_Papuan,D_VA,0.006392983998173923,0.007979449622294885,0.8011810714753663,0.012640607005990866,50
PD_Dai,PD_Papuan,R,0.5957560226242873,0.33558161396316144,1.7752939905989205,0.5129676995300329,50
PD_Dai,PD_Karitiana,D_VA,-0.020698641842275364,0.008227186204968685,-2.5158834778499033,0.012018282343284028,50
PD_Dai,PD_Karitiana,R,-0.4017021382072157,0.39285943587698924,-1.0225085654630814,0.6133267908629483,50
PD_Dai,PD_Mixe,D_VA,-0.01323247323357954,0.008911696308601674,-1.4848433760929893,0.01234675920374854,50
PD_Dai,PD_Mixe,R,-0.45295344584160224,0.3885974118248475,-1.1656110721750301,0.6300800118612524,50
PD_Dai,PD_Mbuti,D_VA,0.09103463332259791,0.009608604982742866,9.4742820093132,0.009829483205131861,50
PD_Dai,PD_Mbuti,R,-76.80139168204242,2174.857581755416,-0.03531329698382038,2174.8736022550397,50
PD_Dai,PD_Biaka,D_VA,0.08079062216113038,0.009145604601381783,8.833819707110885,0.009500071383038352,50
PD_Dai,PD_Biaka,R,34.500968461971354,474.91825127903235,0.07264612039873097,474.9528056011042,50
PD_Dai,PD_Juhoan,D_VA,0.08910669897582288,0.01100745237379454,8.095124643733126,0.010870361795490049,50
PD_Dai,PD_Juhoan,R,3.7514755001857156,0.6841627066658427,5.48330896091652,0.753100748996211,50
PD_Dai,PD_Mandenka,D_VA,0.06637688882511707,0.009240523712806205,7.1832388388470925,0.008896940243611325,50
PD_Dai,PD_Mandenka,R,-0.5811444369116257,2.775487999456513,-0.2093845972403496,2.850876806881239,50
PD_Dai,PD_Mende,D_VA,0.06983054441468221,0.008561506358013426,8.156338557095387,0.008551544696895497,50
PD_Dai,PD_Mende,R,-6.137790321546582,98.13399333439722,-0.06254499702902856,98.11273164632931,50
PD_Dai,PD_Esan,D_VA,0.07165033478062012,0.00873386538531195,8.203737019019897,0.008498006384260041,50
PD_Dai,PD_Esan,R,4.388962730358495,3.499640876097735,1.25411803260579,3.4177629989600353,50
PD_Dai,PD_Gambian,D_VA,0.06786482528320911,0.00889149358807656,7.632556286630566,0.00855501451072294,50
PD_Dai,PD_Gambian,R,0.780856854461971,1.418486235780445,0.5504860285319207,1.375000685108265,50
PD_Dai,PD_Luhya,D_VA,0.06682729761417225,0.008475616000386921,7.88465376571113,0.008807230413793277,50
PD_Dai,PD_Luhya,R,-1.1201603373893865,3.681324644315547,-0.3042818674302638,3.687588746194352,50
PD_Papuan,PD_Karitiana,D_VA,-0.027091625840449288,0.00916109419437509,-2.957247820580596,0.012827028622183101,50
PD_Papuan,PD_Karitiana,R,-0.997458160831503,0.41707733174085665,-2.3915424908569602,0.5612700047442998,50
PD_Papuan,PD_Mixe,D_VA,-0.019625457231753463,0.009953227650400702,-1.9717681460810725,0.013135296556483267,50
PD_Papuan,PD_Mixe,R,-1.0487094684658895,0.44393695093192814,-2.3622937137005637,0.5795300571864236,50
PD_Papuan,PD_Mbuti,D_VA,0.08464164932442399,0.01031337546693001,8.206978364729247,0.010803346373757588,50
PD_Papuan,PD_Mbuti,R,-77.39714770466671,2174.8726247711343,-0.03558697958820064,2174.873588197732,50
PD_Papuan,PD_Biaka,D_VA,0.07439763816295646,0.009772734977951187,7.612775577236989,0.010504518507491723,50
PD_Papuan,PD_Biaka,R,33.90521243934706,474.9210565885875,0.0713912595977363,474.9527412307735,50
PD_Papuan,PD_Juhoan,D_VA,0.08271371497764896,0.012006152912745018,6.8892771547033185,0.011758329743473841,50
PD_Papuan,PD_Juhoan,R,3.155719477561428,0.6893811474960446,4.577612093141167,0.7113473159955533,50
PD_Papuan,PD_Mandenka,D_VA,0.059983904826943144,0.009570182677867488,6.267790996891324,0.00996238417698307,50
PD_Papuan,PD_Mandenka,R,-1.176900459535913,2.7948663492161816,-0.42109364544962014,2.8401325380778966,50
PD_Papuan,PD_Mende,D_VA,0.06343756041650829,0.009510399644512509,6.670335925694952,0.009655178377141119,50
PD_Papuan,PD_Mende,R,-6.733546344170869,98.15894681562001,-0.06859839640312197,98.11242003625466,50
PD_Papuan,PD_Esan,D_VA,0.0652573507824462,0.009663559958691186,6.752930706841139,0.009607791905445097,50
PD_Papuan,PD_Esan,R,3.7932067077342078,3.415506430874173,1.1105839747352972,3.4088059761294303,50
PD_Papuan,PD_Gambian,D_VA,0.06147184128503519,0.009547390225248382,6.43860152719755,0.009658251708776903,50
PD_Papuan,PD_Gambian,R,0.18510083183768367,1.362984387971563,0.1358055407466234,1.3525831397306496,50
PD_Papuan,PD_Luhya,D_VA,0.06043431361599832,0.009554404721163092,6.325282985148805,0.009882350952736763,50
PD_Papuan,PD_Luhya,R,-1.7159163600136738,3.70770600827829,-0.46279730814215136,3.6792886577291886,50
PD_Karitiana,PD_Mixe,D_VA,0.007466168608695825,0.006630055961450358,1.1261094404190464,0.012537550822618763,50
PD_Karitiana,PD_Mixe,R,-0.05125130763438657,0.28766116653223645,-0.17816554195417664,0.6699917751820601,50
PD_Karitiana,PD_Mbuti,D_VA,0.11173327516487327,0.0094806305520231,11.785426565433475,0.010068091074000496,50
PD_Karitiana,PD_Mbuti,R,-76.39968954383521,2174.8300607387264,-0.03512903878010793,2174.8736141840445,50
PD_Karitiana,PD_Biaka,D_VA,0.10148926400340574,0.008615009859894157,11.780516291208588,0.009746746845857001,50
PD_Karitiana,PD_Biaka,R,34.90267060017857,474.9198712529353,0.07349170399650412,474.9528602256415,50
PD_Karitiana,PD_Juhoan,D_VA,0.10980534081809824,0.01096746064937445,10.011920199992803,0.01108659024945221,50
PD_Karitiana,PD_Juhoan,R,4.153177638392931,0.7266154548044598,5.715784891350263,0.7867966037059301,50
PD_Karitiana,PD_Mandenka,D_VA,0.08707553066739243,0.008578666324442638,10.150241001831924,0.009159872460508929,50
PD_Karitiana,PD_Mandenka,R,-0.17944229870440997,2.799065839279374,-0.06410792350300977,2.859962714001339,50
PD_Karitiana,PD_Mende,D_VA,0.09052918625695758,0.008903710302839565,10.167579938903232,0.008824773906304947,50
PD_Karitiana,PD_Mende,R,-5.7360881833393655,98.10978763562483,-0.05846601365240876,98.11299607728883,50
PD_Karitiana,PD_Esan,D_VA,0.09234897662289548,0.008620629461110241,10.712556088798875,0.008772903185452555,50
PD_Karitiana,PD_Esan,R,4.790664868565711,3.453287900888457,1.3872764177389252,3.425345540894353,50
PD_Karitiana,PD_Gambian,D_VA,0.08856346712548448,0.008708389507497905,10.169901914611366,0.0088281363306804,50
PD_Karitiana,PD_Gambian,R,1.1825589926691866,1.3510326887377884,0.8753000593745814,1.3937413825788234,50
PD_Karitiana,PD_Luhya,D_VA,0.08752593945644761,0.008172307595031863,10.710064255248625,0.009072762829262343,50
PD_Karitiana,PD_Luhya,R,-0.7184581991821708,3.5760897706147143,-0.2009060860512657,3.694617560522843,50
PD_Mixe,PD_Mbuti,D_VA,0.10426710655617745,0.009165648812123306,11.37585660256418,0.010458002210117624,50
PD_Mixe,PD_Mbuti,R,-76.34843823620082,2174.838668205377,-0.035105334180581614,2174.8736189730744,50
PD_Mixe,PD_Biaka,D_VA,0.09402309539470992,0.007976628352399356,11.787323069455523,0.010149011105998458,50
PD_Mixe,PD_Biaka,R,34.953921907812955,474.8999458374467,0.07360270771598976,474.9528821552583,50
PD_Mixe,PD_Juhoan,D_VA,0.10233917220940242,0.011131462436803907,9.193686165713396,0.011441845817511502,50
PD_Mixe,PD_Juhoan,R,4.204428946027318,0.7455898127037663,5.639064368088139,0.7999249743319804,50
PD_Mixe,PD_Mandenka,D_VA,0.0796093620586966,0.008870135009339496,8.974988765658553,0.009586793825114136,50
PD_Mixe,PD_Mandenka,R,-0.1281909910700234,2.7956371109613993,-0.04585394526614345,2.863602240960629,50
PD_Mixe,PD_Mende,D_VA,0.08306301764826175,0.009279220140512896,8.951508466278348,0.009267145561059096,50
PD_Mixe,PD_Mende,R,-5.684836875704979,98.06804253792279,-0.057968291490132065,98.1131022357924,50
PD_Mixe,PD_Esan,D_VA,0.08488280801419966,0.008635015189452358,9.83007049227704,0.009217764514988448,50
PD_Mixe,PD_Esan,R,4.8419161762000975,3.341460344190296,1.4490419389889222,3.428384917637117,50
PD_Mixe,PD_Gambian,D_VA,0.08109729851678865,0.008826247168869903,9.188197085939098,0.009270347535315806,50
PD_Mixe,PD_Gambian,R,1.2338103003035732,1.345751783998323,0.9168186250794601,1.4011945298457182,50
PD_Mixe,PD_Luhya,D_VA,0.08005977084775179,0.007818468233859802,10.239828116335273,0.009503598145360581,50
PD_Mixe,PD_Luhya,R,-0.6672068915477842,3.565325045393174,-0.1871377456621789,3.697435596123426,50
PD_Mbuti,PD_Biaka,D_VA,-0.010244011161467522,0.0044217975513307466,-2.316707411985556,0.006868675540036819,50
PD_Mbuti,PD_Biaka,R,111.30236014401376,2247.3710216161007,0.0495255830361181,2226.130056634737,50
PD_Mbuti,PD_Juhoan,D_VA,-0.001927934346775028,0.006325706268823782,-0.3047777220192541,0.008665570549959508,50
PD_Mbuti,PD_Juhoan,R,80.55286718222813,2174.9658183101965,0.037036383056728836,2174.8736580925697,50
PD_Mbuti,PD_Mandenka,D_VA,-0.024657744497480837,0.0063007820850622094,-3.9134418814354825,0.0060069037856342105,50
PD_Mbuti,PD_Mandenka,R,76.22024724513079,2174.671076598127,0.035049092281285756,2174.8753962015353,50
PD_Mbuti,PD_Mende,D_VA,-0.021204088907915697,0.004672147906640774,-4.5384027500022395,0.005482359354737462,50
PD_Mbuti,PD_Mende,R,70.66360136049583,2181.4065863757737,0.032393594940912665,2177.085430022286,50
PD_Mbuti,PD_Esan,D_VA,-0.01938429854197779,0.005043217617773183,-3.843637140238431,0.0053984682918768985,50
PD_Mbuti,PD_Esan,R,81.19035441240091,2174.5858746515355,0.037336007448043954,2174.876213168955,50
PD_Mbuti,PD_Gambian,D_VA,-0.023169808039388798,0.0046822042209853235,-4.948483010532365,0.0054877700999728385,50
PD_Mbuti,PD_Gambian,R,77.5822485365044,2174.777733325078,0.0356736448730725,2174.8739623553133,50
PD_Mbuti,PD_Luhya,D_VA,-0.024207335708425665,0.004550733347934509,-5.319436200192418,0.005873215044004531,50
PD_Mbuti,PD_Luhya,R,75.68123134465303,2174.632223765624,0.03480185316743,2174.876653931201,50
PD_Biaka,PD_Juhoan,D_VA,0.008316076814692494,0.00598404472774648,1.3897083315793044,0.008290037946787726,50
PD_Biaka,PD_Juhoan,R,-30.749492961785634,474.7294878966347,-0.06477266263367419,474.9530612886956,50
PD_Biaka,PD_Mandenka,D_VA,-0.014413733336013316,0.004918573762468955,-2.9304700980591,0.0054511933824366865,50
PD_Biaka,PD_Mandenka,R,-35.082112898882976,474.819595725596,-0.07388514125090438,474.9610202588559,50
PD_Biaka,PD_Mende,D_VA,-0.010960077746448174,0.004276726377071894,-2.562725968443206,0.004867122383640284,50
PD_Biaka,PD_Mende,R,-40.63875878351793,478.79235505415,-0.08487762670922723,484.9803618476422,50
PD_Biaka,PD_Esan,D_VA,-0.009140287380510268,0.004071185826727637,-2.245116722627497,0.00477242874239681,50
PD_Biaka,PD_Esan,R,-30.112005731612854,474.2911320549253,-0.06348844348227395,474.9647611883248,50
PD_Biaka,PD_Gambian,D_VA,-0.012925796877921274,0.004222616619303295,-3.061087009138412,0.004873216276034834,50
PD_Biaka,PD_Gambian,R,-33.72011160750938,475.0469940149249,-0.07098268599179888,474.95445454659057,50
PD_Biaka,PD_Luhya,D_VA,-0.013963324546958141,0.0042000043650845436,-3.324597627335339,0.005303514981215389,50
PD_Biaka,PD_Luhya,R,-35.62112879936074,475.3973410171279,-0.0749291712973156,474.96677944623286,50
PD_Juhoan,PD_Mandenka,D_VA,-0.022729810150705812,0.007242929964729666,-3.1382065353926385,0.007591371323729788,50
PD_Juhoan,PD_Mandenka,R,-4.332619937097341,2.8260375613031683,-1.5331076969477517,2.89316050561083,50
PD_Juhoan,PD_Mende,D_VA,-0.01927615456114067,0.006384863661869191,-3.0190393377166505,0.0071834733645610264,50
PD_Juhoan,PD_Mende,R,-9.889265821732298,98.17982520457059,-0.10072604836204088,98.11396939400547,50
PD_Juhoan,PD_Esan,D_VA,-0.017456364195202762,0.006697280620515541,-2.606485405692768,0.007119654864056307,50
PD_Juhoan,PD_Esan,R,0.6374872301727796,3.368001001293232,0.18927762489619204,3.453112083363822,50
PD_Juhoan,PD_Gambian,D_VA,-0.021241873692613766,0.006965600306845293,-3.0495395596756785,0.007187603644820452,50
PD_Juhoan,PD_Gambian,R,-2.9706186457237447,1.4650780098627003,-2.0276180692945736,1.4606526032089702,50
PD_Juhoan,PD_Luhya,D_VA,-0.022279401361650637,0.006770035797952291,-3.2908838337885022,0.007486032356195203,50
PD_Juhoan,PD_Luhya,R,-4.871635837575102,3.74104495884823,-1.3022125879703277,3.720374968235349,50
PD_Mandenka,PD_Mende,D_VA,0.0034536555895651406,0.003178919277424061,1.086424438044776,0.0035486715419856467,50
PD_Mandenka,PD_Mende,R,-5.556645884634956,97.8404289825336,-0.05679294277856166,98.15249017767056,50
PD_Mandenka,PD_Esan,D_VA,0.005273445955503048,0.0028372442286359683,1.8586506943176713,0.0034176403433980158,50
PD_Mandenka,PD_Esan,R,4.970107167270121,3.9816462375512476,1.248254332691994,4.414104766557762,50
PD_Mandenka,PD_Gambian,D_VA,0.0014879364580920422,0.0028717666105350435,0.5181258298057941,0.003557024920994697,50
PD_Mandenka,PD_Gambian,R,1.3620012913735966,2.6013366675388805,0.5235774778288054,3.113493834446418,50
PD_Mandenka,PD_Luhya,D_VA,0.00045040878905517386,0.0033233201831795877,0.13552976066971828,0.0041269190168384175,50
PD_Mandenka,PD_Luhya,R,-0.5390159004777608,4.335126236082625,-0.12433684075710673,4.626178523808489,50
PD_Mende,PD_Esan,D_VA,0.0018197903659379069,0.002217943057540333,0.8204856115449727,0.0023777376897867564,50
PD_Mende,PD_Esan,R,10.526753051905077,97.75442174645269,0.10768569711566087,98.17059098032752,50
PD_Mende,PD_Gambian,D_VA,-0.0019657191314730984,0.0018727980233134347,-1.049616192991951,0.0025740624105075782,50
PD_Mende,PD_Gambian,R,6.918647176008553,97.78564208828315,0.07075320086114725,98.12071369692411,50
PD_Mende,PD_Luhya,D_VA,-0.0030032468005099667,0.002679916162434169,-1.1206495347160847,0.0033173530979009954,50
PD_Mende,PD_Luhya,R,5.017629984157195,98.02111318904416,0.05118927770673407,98.18035516472102,50
PD_Esan,PD_Gambian,D_VA,-0.0037855094974110054,0.0018040086803633316,-2.098387628960075,0.002390186833097154,50
PD_Esan,PD_Gambian,R,-3.6081058758965243,3.3238292350246827,-1.0855268489356464,3.6397045492983056,50
PD_Esan,PD_Luhya,D_VA,-0.004823037166447873,0.0024369127709882076,-1.9791587224076361,0.0031767951429193934,50
PD_Esan,PD_Luhya,R,-5.509123067747882,4.455745896136483,-1.236408717230659,4.995511293470751,50
PD_Gambian,PD_Luhya,D_VA,-0.0010375276690368683,0.002514552968090043,-0.41260919225135045,0.0033262874427553418,50
PD_Gambian,PD_Luhya,R,-1.9010171918513574,3.41682715031241,-0.5563691425472144,3.8941823339671346,50
