cohort_a,cohort_b,statistic,diff,se,z,se_independent,n_blocks_used
IUP_Eurasia_45ka,UP_Europe_pre_LGM,D_VA,-0.0035065599208471687,0.010950055689291258,-0.3202321540954766,0.017761680286450424,50
IUP_Eurasia_45ka,UP_Europe_pre_LGM,R,0.08395639190235737,0.2267554117810413,0.37025088505242393,0.3512325262652721,50
IUP_Eurasia_45ka,UP_Europe_post_LGM,D_VA,0.015492976519610985,0.012480864012045135,1.2413384605952678,0.01758657220007768,50
IUP_Eurasia_45ka,UP_Europe_post_LGM,R,0.10437442224602167,0.32694045248392706,0.31924597110280467,0.41368269966774507,50
IUP_Eurasia_45ka,UP_NorthEastAsia,D_VA,-0.0020388903287452548,0.011322333763214943,-0.1800768614832211,0.01797077283373386,50
IUP_Eurasia_45ka,UP_NorthEastAsia,R,-0.0764512816813332,0.2594727360570257,-0.2946409046402898,0.40070870501045425,50
IUP_Eurasia_45ka,Oase1_40ka,D_VA,0.03654517188128297,0.08109443576049123,0.45064956107737764,0.08195477449136858,50
IUP_Eurasia_45ka,Oase1_40ka,R,0.9529061305366238,0.9193813167612689,1.0364645367098102,0.934528245350338,50
IUP_Eurasia_45ka,UstIshim_44ka,D_VA,0.012421813864337126,0.015097788001870898,0.8227572054129937,0.02204429436743751,50
IUP_Eurasia_45ka,UstIshim_44ka,R,-0.01877683423112897,0.38809540661645753,-0.04838200584446887,0.5046472944328368,50
IUP_Eurasia_45ka,Caucasus_Bronze,D_VA,0.0014918962597912783,0.008775836653193597,0.17000045907285266,0.01606595495163668,50
IUP_Eurasia_45ka,Caucasus_Bronze,R,-0.22102449190158224,0.2356834712425995,-0.9378022596844388,0.40512902391861344,50
IUP_Eurasia_45ka,Caucasus_Iron_Classical,D_VA,0.00119869119360215,0.008662583659484845,0.13837571338080848,0.016294799004516317,50
IUP_Eurasia_45ka,Caucasus_Iron_Classical,R,-0.19548938218810852,0.22459738899907347,-0.8703991754281478,0.39239790545450476,50
IUP_Eurasia_45ka,Caucasus_Medieval_Recent,D_VA,-0.0032877114032450333,0.008842328071256705,-0.3718151347417458,0.01601348807898187,50
IUP_Eurasia_45ka,Caucasus_Medieval_Recent,R,-0.251100455565082,0.2336530035433675,-1.074672491930865,0.3947090111444703,50
IUP_Eurasia_45ka,Caucasus_Neolithic,D_VA,0.0021059925270140445,0.008934945701515786,0.2357028903552004,0.016561526013318797,50
IUP_Eurasia_45ka,Caucasus_Neolithic,R,-0.18569502527040793,0.23478102084364902,-0.7909286048895341,0.4012903690705138,50
IUP_Eurasia_45ka,CentralAsia_Bronze,D_VA,0.003960865780500547,0.008825423141125567,0.44880179875379783,0.01615928982860529,50
IUP_Eurasia_45ka,CentralAsia_Bronze,R,-0.09601409407197026,0.23613520592556328,-0.40660643420632797,0.3913983596915854,50
IUP_Eurasia_45ka,CentralAsia_Iron_Classical,D_VA,5.26481002939283e-05,0.008290621973439135,0.0063503197302444,0.01540411617685101,50
IUP_Eurasia_45ka,CentralAsia_Iron_Classical,R,-0.22221463675648367,0.21864165951202347,-1.016341703829154,0.3813942417193229,50
IUP_Eurasia_45ka,CentralAsia_Medieval_Recent,D_VA,0.0012465969872730437,0.00830197075188082,0.1501567548874616,0.01596354451789217,50
IUP_Eurasia_45ka,CentralAsia_Medieval_Recent,R,-0.19009588102559616,0.2176961192435518,-0.8732166732514081,0.3768060589639291,50
IUP_Eurasia_45ka,CentralAsia_Neolithic,D_VA,0.01731730419621144,0.008858821538672278,1.9548090138868386,0.015973505824202653,50
IUP_Eurasia_45ka,CentralAsia_Neolithic,R,0.05239333560508874,0.22455703062694146,0.23331861602734782,0.39017082070525066,50
IUP_Eurasia_45ka,EastAsia_Bronze,D_VA,-0.004110656292142412,0.007958985425423764,-0.5164799371301206,0.016701189957141125,50
IUP_Eurasia_45ka,EastAsia_Bronze,R,-0.3105784608761739,0.2049447046553805,-1.5154256432163942,0.3949093356136356,50
IUP_Eurasia_45ka,EastAsia_Iron_Classical,D_VA,-0.0041075281968705885,0.007866124961074441,-0.522179372587737,0.01648159386191695,50
IUP_Eurasia_45ka,EastAsia_Iron_Classical,R,-0.24370028302949165,0.20144652908357974,-1.209751709985437,0.3817809810964158,50
IUP_Eurasia_45ka,EastAsia_LateGlacial_Meso,D_VA,-0.006363554461920121,0.00942474627989926,-0.6751963684679839,0.017752232271637542,50
IUP_Eurasia_45ka,EastAsia_LateGlacial_Meso,R,-0.314938104932061,0.23616425302758612,-1.3335553577419414,0.3946310257732938,50
IUP_Eurasia_45ka,EastAsia_Medieval_Recent,D_VA,-0.004429142726877361,0.008448976859026715,-0.5242223763632818,0.016778788487463135,50
IUP_Eurasia_45ka,EastAsia_Medieval_Recent,R,-0.23272698426253968,0.20337821272757742,-1.144306369602503,0.38091774427606434,50
IUP_Eurasia_45ka,EastAsia_Neolithic,D_VA,-0.008220866953753472,0.008225432480460766,-0.9994449499502744,0.016490793982539675,50
IUP_Eurasia_45ka,EastAsia_Neolithic,R,-0.492337076121137,0.24755623252190556,-1.9887888545790156,0.4256926082951406,50
IUP_Eurasia_45ka,Europe_Bronze,D_VA,-0.004896731210387598,0.008301922236868969,-0.5898310139115899,0.016156235176406932,50
IUP_Eurasia_45ka,Europe_Bronze,R,-0.24856782231708818,0.22397327164015562,-1.1098102041231381,0.38639228367888295,50
IUP_Eurasia_45ka,Europe_Iron_Classical,D_VA,-0.005367132770680752,0.008265143896015318,-0.6493695497870622,0.016351594988824814,50
IUP_Eurasia_45ka,Europe_Iron_Classical,R,-0.3042666019821554,0.2291528906245728,-1.327788626854563,0.39768133338200073,50
IUP_Eurasia_45ka,Europe_LateGlacial_Meso,D_VA,-0.002056505501129957,0.008989472159420682,-0.2287682151587515,0.016907961959626395,50
IUP_Eurasia_45ka,Europe_LateGlacial_Meso,R,-0.18584831230511845,0.2301030960651816,-0.8076741055777579,0.3908612333761568,50
IUP_Eurasia_45ka,Europe_Medieval_Recent,D_VA,-0.006730659446176762,0.00799549141383571,-0.8418068506120546,0.01619702619831004,50
IUP_Eurasia_45ka,Europe_Medieval_Recent,R,-0.2900808081184585,0.21490392530239957,-1.349816238629772,0.3862755077894171,50
IUP_Eurasia_45ka,Europe_Neolithic,D_VA,-0.005600864305337128,0.008436524984480165,-0.6638828564652485,0.01668231369743439,50
IUP_Eurasia_45ka,Europe_Neolithic,R,-0.32173616026392704,0.23452438785196095,-1.3718665389589115,0.401503025563025,50
IUP_Eurasia_45ka,Europe_Palaeolithic,D_VA,0.0016576794233312403,0.006398697921339517,0.25906511663926435,0.01653522572502218,50
IUP_Eurasia_45ka,Europe_Palaeolithic,R,0.07981157088392021,0.14156428984918024,0.56378321799198,0.3378550523448951,50
IUP_Eurasia_45ka,InnerAsia_Bronze,D_VA,-0.0016019099228981176,0.009312545667186938,-0.1720163293848319,0.016482585838009347,50
IUP_Eurasia_45ka,InnerAsia_Bronze,R,-0.15454779766850524,0.2285258157012482,-0.6762815710525483,0.3954142941264119,50
IUP_Eurasia_45ka,InnerAsia_Iron_Classical,D_VA,-0.002651844889003635,0.007751747243087058,-0.3420964081831393,0.015691903516068736,50
IUP_Eurasia_45ka,InnerAsia_Iron_Classical,R,-0.179589468451556,0.19573433157375034,-0.9175164469493633,0.36254612329685576,50
IUP_Eurasia_45ka,InnerAsia_Medieval_Recent,D_VA,-0.0025842060642527614,0.00796386092950462,-0.32449161118305814,0.01583909953118916,50
IUP_Eurasia_45ka,InnerAsia_Medieval_Recent,R,-0.2758364660156747,0.21791835160810677,-1.2657789671230852,0.3812702622241827,50
IUP_Eurasia_45ka,NearEast_Bronze,D_VA,-0.0009056485457945296,0.009760511359507673,-0.0927869977746956,0.016945475747173682,50
IUP_Eurasia_45ka,NearEast_Bronze,R,-0.3532606168434429,0.27416051406444536,-1.2885174878261423,0.42895662275924007,50
IUP_Eurasia_45ka,NearEast_Iron_Classical,D_VA,-0.00018508241768162847,0.009811992198298215,-0.018862878602138415,0.01781135344693268,50
IUP_Eurasia_45ka,NearEast_Iron_Classical,R,-0.2503773193511618,0.26794543306568347,-0.9344339871237326,0.4240982133774275,50
IUP_Eurasia_45ka,NearEast_Medieval_Recent,D_VA,-0.007042375153005376,0.010198404977522816,-0.6905369191090863,0.016319040795272625,50
IUP_Eurasia_45ka,NearEast_Medieval_Recent,R,-0.6587362594070836,0.33588210750924746,-1.961212713270079,0.47490683730620314,50
IUP_Eurasia_45ka,Siberia_Bronze,D_VA,-0.0014476227208686104,0.008721855281090167,-0.16597646649872735,0.016181548119436135,50
IUP_Eurasia_45ka,Siberia_Bronze,R,-0.10387309408827883,0.20836992310718863,-0.49850329903344515,0.37390487264803823,50
IUP_Eurasia_45ka,Siberia_Iron_Classical,D_VA,0.0020912082934926163,0.007470234435655641,0.279938777223807,0.015999450394916476,50
IUP_Eurasia_45ka,Siberia_Iron_Classical,R,-0.07726715581548915,0.19390742837946282,-0.3984744496960834,0.3716172951858744,50
IUP_Eurasia_45ka,Siberia_Neolithic,D_VA,0.002549338728055156,0.009754481460581008,0.26135051241394325,0.017049353500956155,50
IUP_Eurasia_45ka,Siberia_Neolithic,R,-0.04606879297351596,0.2190020251869503,-0.21035783999800686,0.3844168031057684,50
IUP_Eurasia_45ka,SouthAsia_Iron_Classical,D_VA,0.0019475195794963207,0.008526841278086318,0.22839871365981415,0.016396839951656098,50
IUP_Eurasia_45ka,SouthAsia_Iron_Classical,R,-0.2495847830101301,0.2399432695422264,-1.0401824709911562,0.41705948960473277,50
IUP_Eurasia_45ka,SouthAsia_Medieval_Recent,D_VA,-0.0014072761865609462,0.00939251061627095,-0.14982960829696335,0.016557308680590337,50
IUP_Eurasia_45ka,SouthAsia_Medieval_Recent,R,-0.2065427191211413,0.24047917180879666,-0.8588798670903691,0.39225639278372476,50
IUP_Eurasia_45ka,WestSiberia_Bronze,D_VA,0.001199787684319789,0.00860228317226861,0.1394731677966117,0.016180155264194154,50
IUP_Eurasia_45ka,WestSiberia_Bronze,R,-0.11228661157695519,0.21889296928198532,-0.5129749573285919,0.3857453708166564,50
IUP_Eurasia_45ka,WestSiberia_Iron_Classical,D_VA,-3.1693455533554626e-05,0.008950553533376194,-0.0035409492178747628,0.01652529057078102,50
IUP_Eurasia_45ka,WestSiberia_Iron_Classical,R,-0.1611743621915145,0.22528322744808124,-0.7154299235554885,0.39802751479089526,50
IUP_Eurasia_45ka,WestSiberia_LateGlacial_Meso,D_VA,-0.006328341516028582,0.010306114517636057,-0.6140375701433727,0.01780314123116042,50
IUP_Eurasia_45ka,WestSiberia_LateGlacial_Meso,R,-0.13808560223541666,0.22793020896330077,-0.6058240496662289,0.39422322105309143,50
IUP_Eurasia_45ka,WestSiberia_Medieval_Recent,D_VA,-0.0006585989612284682,0.008191451955210722,-0.08040075982006123,0.01607880609230319,50
IUP_Eurasia_45ka,WestSiberia_Medieval_Recent,R,-0.1819264707212116,0.21476520348446085,-0.8470947237706258,0.3790463444707894,50
IUP_Eurasia_45ka,WestSiberia_Neolithic,D_VA,-8.194943418966816e-05,0.009347422756047915,-0.008767061930160986,0.016824899484262554,50
IUP_Eurasia_45ka,WestSiberia_Neolithic,R,-0.1011896440725788,0.22664003316385983,-0.44647736174402647,0.4020054745003757,50
IUP_Eurasia_45ka,ANC_Americas,D_VA,-0.010655414753188153,0.009846259040243263,-1.0821789991140531,0.017412512501249477,50
IUP_Eurasia_45ka,ANC_Americas,R,-0.33046505656447867,0.22930093092695172,-1.4411849756935995,0.3900679662273992,50
IUP_Eurasia_45ka,ANC_Oceania,D_VA,-0.0011194573904491217,0.009251650677131712,-0.12100082779997341,0.017059840078903304,50
IUP_Eurasia_45ka,ANC_Oceania,R,-0.12239089251044355,0.21421240377486891,-0.5713529672122669,0.3747524849169076,50
IUP_Eurasia_45ka,ANC_Africa,D_VA,0.03727415776055132,0.008399560149060317,4.4376321020477825,0.013553042049530771,50
IUP_Eurasia_45ka,ANC_Africa,R,-0.19486838170891652,0.27465527525037225,-0.7095016890947279,0.4399590728067175,50
IUP_Eurasia_45ka,PD_French,D_VA,-0.004943737272292595,0.008534303502306006,-0.5792783524697447,0.017168273268470098,50
IUP_Eurasia_45ka,PD_French,R,-0.4574834596752986,0.26953027710230315,-1.6973360640357882,0.4568079508766461,50
IUP_Eurasia_45ka,PD_Sardinian,D_VA,-0.0027241571222977323,0.00824256638202125,-0.3304986573404717,0.017028517171116447,50
IUP_Eurasia_45ka,PD_Sardinian,R,-0.42669495954763925,0.2577807455379259,-1.6552631138420768,0.4419388799494114,50
IUP_Eurasia_45ka,PD_Basque,D_VA,-0.0076090237800366806,0.00789937936680102,-0.9632432406038598,0.01638326222368683,50
IUP_Eurasia_45ka,PD_Basque,R,-0.4849335935714276,0.24594614739170767,-1.9717064028618227,0.42007654211065143,50
IUP_Eurasia_45ka,PD_Russian,D_VA,-0.004423318728374426,0.008499080804804908,-0.520446720058683,0.015848695873642824,50
IUP_Eurasia_45ka,PD_Russian,R,-0.39602920682818765,0.26034517355366943,-1.5211697663622996,0.41401754038389843,50
IUP_Eurasia_45ka,PD_Han,D_VA,-0.0016463560272631655,0.00810484616582807,-0.20313229808168207,0.016399804584348105,50
IUP_Eurasia_45ka,PD_Han,R,-0.34417772451069073,0.2352893426854403,-1.4627850143252088,0.4193875480777057,50
IUP_Eurasia_45ka,PD_Japanese,D_VA,-0.0035495720746897413,0.008310023588052246,-0.42714344154126666,0.01656857220533005,50
IUP_Eurasia_45ka,PD_Japanese,R,-0.48058383868442456,0.2445894090392581,-1.9648595602407621,0.42448959626112853,50
IUP_Eurasia_45ka,PD_Dai,D_VA,0.0061925694656057295,0.008835789882630346,0.7008506933578472,0.016777991617804598,50
IUP_Eurasia_45ka,PD_Dai,R,-0.16195893131536443,0.23445076571319548,-0.6908014602668835,0.41998924145207905,50
IUP_Eurasia_45ka,PD_Papuan,D_VA,3.852626765982192e-05,0.014667595152377104,0.0026266246961130614,0.02027544107222933,50
IUP_Eurasia_45ka,PD_Papuan,R,0.11496086642591874,0.2890148875729914,0.3977679744849999,0.4028479439778529,50
IUP_Eurasia_45ka,PD_Karitiana,D_VA,-0.0278328395713488,0.012769338282679423,-2.179661855235036,0.018164932739512894,50
IUP_Eurasia_45ka,PD_Karitiana,R,-0.5288243939423201,0.3078419350412619,-1.7178439119135558,0.42350035540580794,50
IUP_Eurasia_45ka,PD_Mixe,D_VA,-0.024314317207171574,0.012420647669749733,-1.957572411170527,0.018988447279626845,50
IUP_Eurasia_45ka,PD_Mixe,R,-0.7146969678692279,0.3591211125363186,-1.9901279621842036,0.4911962410303625,50
IUP_Eurasia_45ka,PD_Mbuti,D_VA,0.09073751156084721,0.0130192890615389,6.969467467229112,0.014181853464272679,50
IUP_Eurasia_45ka,PD_Mbuti,R,-1.4252947768182604,2.263525048697894,-0.6296792596300931,2.192717275191556,50
IUP_Eurasia_45ka,PD_Biaka,D_VA,0.07872004361629105,0.011855722834346664,6.639835016067925,0.013418182997079973,50
IUP_Eurasia_45ka,PD_Biaka,R,-0.01795578095649608,1.9129415215682208,-0.009386476666456596,1.8189378302512234,50
IUP_Eurasia_45ka,PD_Juhoan,D_VA,0.09635355434177342,0.015189006417374053,6.343637739961629,0.015504274874316704,50
IUP_Eurasia_45ka,PD_Juhoan,R,5.28474978590796,3.4998317887230646,1.510001081462299,3.4368219175032877,50
IUP_Eurasia_45ka,PD_Mandenka,D_VA,0.06856602836976491,0.011633925961172662,5.893627705608475,0.012817798838629196,50
IUP_Eurasia_45ka,PD_Mandenka,R,5.450596545739141,12.201138362296994,0.4467285251499277,12.180056525746306,50
IUP_Eurasia_45ka,PD_Mende,D_VA,0.07399156808050221,0.012284297810558644,6.0232639440656275,0.012200059489770718,50
IUP_Eurasia_45ka,PD_Mende,R,0.7235723913923183,3.0828564529727513,0.2347084278590359,3.0503542278555624,50
IUP_Eurasia_45ka,PD_Esan,D_VA,0.07233332176594678,0.012282782868245508,5.8890010954235,0.011929755867080274,50
IUP_Eurasia_45ka,PD_Esan,R,-0.11327622761686462,8.985882921175843,-0.012606020867456607,9.019118472868465,50
IUP_Eurasia_45ka,PD_Gambian,D_VA,0.07253637683282683,0.011778115910685028,6.1585721674739435,0.0121157716966488,50
IUP_Eurasia_45ka,PD_Gambian,R,0.941632742788233,1.94259238896353,0.48472996606902236,1.9720108953037356,50
IUP_Eurasia_45ka,PD_Luhya,D_VA,0.06721094173526163,0.011201017892828876,6.000431601693223,0.012274787722240256,50
IUP_Eurasia_45ka,PD_Luhya,R,-1.6575874814416318,4.0841399573375545,-0.4058596176322544,4.155533393646037,50
UP_Europe_pre_LGM,UP_Europe_post_LGM,D_VA,0.018999536440458153,0.010824897759418067,1.7551700591285349,0.0187323955769707,50
UP_Europe_pre_LGM,UP_Europe_post_LGM,R,0.020418030343664295,0.2643971811397079,0.07722484126211382,0.41412183078004594,50
UP_Europe_pre_LGM,UP_NorthEastAsia,D_VA,0.001467669592101914,0.010985989480643714,0.1335946657046969,0.01909355384796747,50
UP_Europe_pre_LGM,UP_NorthEastAsia,R,-0.16040767358369057,0.25009963020342246,-0.6413750930108152,0.4011620383278788,50
UP_Europe_pre_LGM,Oase1_40ka,D_VA,0.04005173180213014,0.08108083805755877,0.49397283947284404,0.08220827321039316,50
UP_Europe_pre_LGM,Oase1_40ka,R,0.8689497386342664,0.9381226016913784,0.9262645810553999,0.9347227161473101,50
UP_Europe_pre_LGM,UstIshim_44ka,D_VA,0.015928373785184295,0.019374103445134183,0.822147658615125,0.022968805725631525,50
UP_Europe_pre_LGM,UstIshim_44ka,R,-0.10273322613348634,0.4343724502079821,-0.23650953481118933,0.5050073331176544,50
UP_Europe_pre_LGM,Caucasus_Bronze,D_VA,0.004998456180638447,0.009768396551590744,0.5116966898548431,0.017312712982418023,50
UP_Europe_pre_LGM,Caucasus_Bronze,R,-0.3049808838039396,0.2314282087904232,-1.317820698686409,0.40557741646382595,50
UP_Europe_pre_LGM,Caucasus_Iron_Classical,D_VA,0.004705251114449319,0.010265466408895368,0.45835726571294044,0.017525284502716423,50
UP_Europe_pre_LGM,Caucasus_Iron_Classical,R,-0.2794457740904659,0.22762178188552395,-1.2276758918924788,0.3928608289576675,50
UP_Europe_pre_LGM,Caucasus_Medieval_Recent,D_VA,0.00021884851760213542,0.011088287977298243,0.019736907812116525,0.017264035529367425,50
UP_Europe_pre_LGM,Caucasus_Medieval_Recent,R,-0.33505684746743936,0.24283045030243958,-1.3797974967724764,0.3951692272974565,50
UP_Europe_pre_LGM,Caucasus_Neolithic,D_VA,0.005612552447861213,0.009801885189636043,0.5725992846555281,0.01777355524911664,50
UP_Europe_pre_LGM,Caucasus_Neolithic,R,-0.2696514171727653,0.22139699132449486,-1.2179542981121427,0.4017430460293898,50
UP_Europe_pre_LGM,CentralAsia_Bronze,D_VA,0.007467425701347716,0.01058181629681034,0.7056846851138977,0.017399361197136885,50
UP_Europe_pre_LGM,CentralAsia_Bronze,R,-0.17997048597432763,0.23210036932888,-0.7753993950751292,0.39186246400170416,50
UP_Europe_pre_LGM,CentralAsia_Iron_Classical,D_VA,0.003559208021141097,0.009364292419600018,0.3800829642709004,0.016700356807370597,50
UP_Europe_pre_LGM,CentralAsia_Iron_Classical,R,-0.30617102865884105,0.21216728046290168,-1.4430643028031662,0.3818705046751851,50
UP_Europe_pre_LGM,CentralAsia_Medieval_Recent,D_VA,0.004753156908120212,0.010429330906705515,0.45574897859115593,0.01721771982227297,50
UP_Europe_pre_LGM,CentralAsia_Medieval_Recent,R,-0.27405227292795353,0.21366752734034283,-1.2826107754381701,0.37728811377533655,50
UP_Europe_pre_LGM,CentralAsia_Neolithic,D_VA,0.02082386411705861,0.010586694358104002,1.9669845385796147,0.017226955930152096,50
UP_Europe_pre_LGM,CentralAsia_Neolithic,R,-0.03156305629726863,0.2366375764322127,-0.13338142138347245,0.39063638342329576,50
UP_Europe_pre_LGM,EastAsia_Bronze,D_VA,-0.000604096371295243,0.010550120267707786,-0.057259666806290764,0.017903766874266376,50
UP_Europe_pre_LGM,EastAsia_Bronze,R,-0.3945348527785313,0.23878908909729835,-1.6522314912712444,0.3953693185858335,50
UP_Europe_pre_LGM,EastAsia_Iron_Classical,D_VA,-0.0006009682760234197,0.010161564218984747,-0.05914131555657906,0.017699097675665416,50
UP_Europe_pre_LGM,EastAsia_Iron_Classical,R,-0.327656674931849,0.22768743589620377,-1.4390634847379913,0.3822567622046274,50
UP_Europe_pre_LGM,EastAsia_LateGlacial_Meso,D_VA,-0.002856994541072952,0.011202169390856392,-0.2550393982977022,0.018888008707371347,50
UP_Europe_pre_LGM,EastAsia_LateGlacial_Meso,R,-0.39889449683441836,0.24560610980605724,-1.6241228573238884,0.39509133276636843,50
UP_Europe_pre_LGM,EastAsia_Medieval_Recent,D_VA,-0.0009225828060301922,0.010725634288051346,-0.08601661974042644,0.01797617493825068,50
UP_Europe_pre_LGM,EastAsia_Medieval_Recent,R,-0.31668337616489706,0.21898923935618225,-1.4461138688637434,0.38139460225413313,50
UP_Europe_pre_LGM,EastAsia_Neolithic,D_VA,-0.004714307032906304,0.01092437124856384,-0.43154035373212574,0.01770766524638788,50
UP_Europe_pre_LGM,EastAsia_Neolithic,R,-0.5762934680234943,0.28115480904725687,-2.049737189189,0.4261193629505039,50
UP_Europe_pre_LGM,Europe_Bronze,D_VA,-0.001390171289540429,0.009491948077294487,-0.14645795343801257,0.01739652429018323,50
UP_Europe_pre_LGM,Europe_Bronze,R,-0.33252421421944556,0.21054378723477854,-1.5793589475458898,0.38686239363733144,50
UP_Europe_pre_LGM,Europe_Iron_Classical,D_VA,-0.0018605728498335833,0.009749769114155687,-0.19083250362639032,0.01757810515903598,50
UP_Europe_pre_LGM,Europe_Iron_Classical,R,-0.38822299388451276,0.2219106704300071,-1.7494561804181574,0.3981381137805187,50
UP_Europe_pre_LGM,Europe_LateGlacial_Meso,D_VA,0.0014500544197172116,0.009120846491229464,0.1589824388680999,0.018096803583277893,50
UP_Europe_pre_LGM,Europe_LateGlacial_Meso,R,-0.2698047042074758,0.20142525989723895,-1.3394779996566568,0.3913259747072174,50
UP_Europe_pre_LGM,Europe_Medieval_Recent,D_VA,-0.0032240995253295934,0.009436688048420308,-0.34165583399456595,0.01743441366872738,50
UP_Europe_pre_LGM,Europe_Medieval_Recent,R,-0.37403720002081586,0.2088379252765716,-1.7910405857818443,0.38674575969517144,50
UP_Europe_pre_LGM,Europe_Neolithic,D_VA,-0.002094304384489959,0.009892137986359522,-0.21171402859299368,0.017886159805927414,50
UP_Europe_pre_LGM,Europe_Neolithic,R,-0.4056925521662844,0.22195473908394153,-1.8278165802661896,0.40195546303102575,50
UP_Europe_pre_LGM,Europe_Palaeolithic,D_VA,0.005164239344178409,0.00534793633654479,0.9656508640330853,0.017749051019167243,50
UP_Europe_pre_LGM,Europe_Palaeolithic,R,-0.0041448210184371614,0.10038503268489384,-0.041289233141435074,0.33839259909045744,50
UP_Europe_pre_LGM,InnerAsia_Bronze,D_VA,0.001904649997949051,0.010388783902429338,0.18333714666099304,0.017700021418374404,50
UP_Europe_pre_LGM,InnerAsia_Bronze,R,-0.2385041895708626,0.23724743074028906,-1.0052972494861254,0.39587369036564146,50
UP_Europe_pre_LGM,InnerAsia_Iron_Classical,D_VA,0.0008547150318435337,0.009457647652363316,0.0903728985536857,0.01696617099587225,50
UP_Europe_pre_LGM,InnerAsia_Iron_Classical,R,-0.26354586035391336,0.2052019463200244,-1.2843243696280455,0.36304711297819486,50
UP_Europe_pre_LGM,InnerAsia_Medieval_Recent,D_VA,0.0009223538565944073,0.010739542421461091,0.08588390644570153,0.01710240323061303,50
UP_Europe_pre_LGM,InnerAsia_Medieval_Recent,R,-0.35979285791803206,0.23645311039529074,-1.52162455091645,0.38174667985552974,50
UP_Europe_pre_LGM,NearEast_Bronze,D_VA,0.002600911375052639,0.010338535330348958,0.2515744534351608,0.018131857891612153,50
UP_Europe_pre_LGM,NearEast_Bronze,R,-0.4372170087458003,0.2530442823499572,-1.7278280492468683,0.42938013337046255,50
UP_Europe_pre_LGM,NearEast_Iron_Classical,D_VA,0.0033214775031655402,0.010779512507633222,0.30812873038678934,0.018943585561216416,50
UP_Europe_pre_LGM,NearEast_Iron_Classical,R,-0.3343337112535192,0.2708553144951985,-1.2343627514809055,0.4245265707987537,50
UP_Europe_pre_LGM,NearEast_Medieval_Recent,D_VA,-0.003535815232158207,0.010991499105941192,-0.3216863503402376,0.017547826497356832,50
UP_Europe_pre_LGM,NearEast_Medieval_Recent,R,-0.742692651309441,0.3182887947374149,-2.3333923895189432,0.4752894053567823,50
UP_Europe_pre_LGM,Siberia_Bronze,D_VA,0.0020589371999785583,0.009729993183512746,0.21160726026688087,0.01742003507014821,50
UP_Europe_pre_LGM,Siberia_Bronze,R,-0.1878294859906362,0.21361492813242206,-0.8792900741197207,0.37439066296339296,50
UP_Europe_pre_LGM,Siberia_Iron_Classical,D_VA,0.005597768214339785,0.009752126317462846,0.5740048920732319,0.017251015484398575,50
UP_Europe_pre_LGM,Siberia_Iron_Classical,R,-0.16122354771784653,0.20287576292664192,-0.7946910236692174,0.37210607198148293,50
UP_Europe_pre_LGM,Siberia_Neolithic,D_VA,0.006055898648902325,0.01175560940913231,0.5151496990192459,0.01822897630433844,50
UP_Europe_pre_LGM,Siberia_Neolithic,R,-0.13002518487587333,0.26101984785655685,-0.4981429034750205,0.38488932595524444,50
UP_Europe_pre_LGM,SouthAsia_Iron_Classical,D_VA,0.005454079500343489,0.011961772777750292,0.4559591292762597,0.01762020098363784,50
UP_Europe_pre_LGM,SouthAsia_Iron_Classical,R,-0.33354117491248747,0.2995552953549762,-1.113454444252897,0.4174950689452313,50
UP_Europe_pre_LGM,SouthAsia_Medieval_Recent,D_VA,0.0020992837342862225,0.010748796361394879,0.1953040753312585,0.017769625574218455,50
UP_Europe_pre_LGM,SouthAsia_Medieval_Recent,R,-0.2904991110234987,0.27436816782526485,-1.0587930565199788,0.39271948309693394,50
UP_Europe_pre_LGM,WestSiberia_Bronze,D_VA,0.004706347605166958,0.009860023192585323,0.47731607859767533,0.017418741248350758,50
UP_Europe_pre_LGM,WestSiberia_Bronze,R,-0.19624300347931256,0.21704404680586395,-0.9041621107205167,0.38621626821083416,50
UP_Europe_pre_LGM,WestSiberia_Iron_Classical,D_VA,0.003474866465313614,0.009855056487359527,0.35259731588252297,0.017739795679553656,50
UP_Europe_pre_LGM,WestSiberia_Iron_Classical,R,-0.24513075409387186,0.21852138922986766,-1.121770070004512,0.3984838983633336,50
UP_Europe_pre_LGM,WestSiberia_LateGlacial_Meso,D_VA,-0.0028217815951814135,0.010488691750283987,-0.2690308441093249,0.018935864384817782,50
UP_Europe_pre_LGM,WestSiberia_LateGlacial_Meso,R,-0.22204199413777403,0.23210602784374093,-0.9566403604444852,0.3946840036557066,50
UP_Europe_pre_LGM,WestSiberia_Medieval_Recent,D_VA,0.0028479609596187005,0.009630131026091957,0.295734393634148,0.01732463932257906,50
UP_Europe_pre_LGM,WestSiberia_Medieval_Recent,R,-0.26588286262356897,0.1997622698960598,-1.330996402683615,0.37952555379169345,50
UP_Europe_pre_LGM,WestSiberia_Neolithic,D_VA,0.0034246104866575006,0.010158890887739164,0.3371047611891065,0.018019222096392087,50
UP_Europe_pre_LGM,WestSiberia_Neolithic,R,-0.18514603597493617,0.23913794170839303,-0.7742227546672829,0.4024573471220217,50
UP_Europe_pre_LGM,ANC_Americas,D_VA,-0.007148854832340984,0.011572590176247828,-0.6177402572341719,0.018569079511643428,50
UP_Europe_pre_LGM,ANC_Americas,R,-0.41442144846683604,0.26039513951584214,-1.5915099231013992,0.39053365156027553,50
UP_Europe_pre_LGM,ANC_Oceania,D_VA,0.002387102530398047,0.010832722147391248,0.22036035798932704,0.018238784658559954,50
UP_Europe_pre_LGM,ANC_Oceania,R,-0.20634728441280092,0.22497944256860794,-0.9171828414939507,0.37523717789635436,50
UP_Europe_pre_LGM,ANC_Africa,D_VA,0.04078071768139849,0.010608154399942633,3.8442801776734155,0.015009999037305622,50
UP_Europe_pre_LGM,ANC_Africa,R,-0.2788247736112739,0.28695556219633583,-0.9716653389715484,0.4403720023675095,50
UP_Europe_pre_LGM,PD_French,D_VA,-0.0014371773514454261,0.010914289971355661,-0.13167850178227533,0.018340248889380736,50
UP_Europe_pre_LGM,PD_French,R,-0.541439851577656,0.29547078621573086,-1.8324649232237014,0.45720566346923525,50
UP_Europe_pre_LGM,PD_Sardinian,D_VA,0.0007824027985494364,0.010578435726442306,0.07396205060770084,0.018209489815768427,50
UP_Europe_pre_LGM,PD_Sardinian,R,-0.5106513514499966,0.2625927348476963,-1.9446514837745768,0.44234996138257265,50
UP_Europe_pre_LGM,PD_Basque,D_VA,-0.004102463859189512,0.00985441353337573,-0.41630725616445396,0.017607566651688424,50
UP_Europe_pre_LGM,PD_Basque,R,-0.568889985473785,0.24669211403358923,-2.306072845913209,0.4205089962841047,50
UP_Europe_pre_LGM,PD_Russian,D_VA,-0.000916758807527257,0.009680463707704822,-0.09470195180811383,0.017111291102625468,50
UP_Europe_pre_LGM,PD_Russian,R,-0.479985598730545,0.2528412191153721,-1.8983676807519518,0.4144563167207808,50
UP_Europe_pre_LGM,PD_Han,D_VA,0.0018602038935840032,0.01038289412569227,0.17916044130518147,0.017622959816908496,50
UP_Europe_pre_LGM,PD_Han,R,-0.4281341164130481,0.27788959963587645,-1.5406626119654698,0.4198207119793557,50
UP_Europe_pre_LGM,PD_Japanese,D_VA,-4.301215384257262e-05,0.010547787757256786,-0.00407783649353208,0.017780121125200523,50
UP_Europe_pre_LGM,PD_Japanese,R,-0.5645402305867819,0.2861478903104478,-1.9728967072736427,0.4249175591313674,50
UP_Europe_pre_LGM,PD_Dai,D_VA,0.009699129386452898,0.009946769017635299,0.975103510421993,0.017975431150063906,50
UP_Europe_pre_LGM,PD_Dai,R,-0.2459153232177218,0.26782751492976975,-0.9181854346899578,0.42042178542472797,50
UP_Europe_pre_LGM,PD_Papuan,D_VA,0.0035450861885069906,0.01391358013372428,0.25479324188562164,0.02127695074433859,50
UP_Europe_pre_LGM,PD_Papuan,R,0.031004474523561365,0.2549357107982169,0.12161683597203683,0.4032988726631982,50
UP_Europe_pre_LGM,PD_Karitiana,D_VA,-0.02432627965050163,0.013696004720196078,-1.7761588249623037,0.019276407957256814,50
UP_Europe_pre_LGM,PD_Karitiana,R,-0.6127807858446774,0.33236906018816537,-1.8436757786593057,0.42392931693039215,50
UP_Europe_pre_LGM,PD_Mixe,D_VA,-0.020807757286324405,0.014788260681810123,-1.407045610976982,0.020054332509329115,50
UP_Europe_pre_LGM,PD_Mixe,R,-0.7986533597715852,0.389293360421006,-2.051546316916045,0.4915661317936593,50
UP_Europe_pre_LGM,PD_Mbuti,D_VA,0.09424407148169438,0.01452134127293463,6.490039019835564,0.015580118420142685,50
UP_Europe_pre_LGM,PD_Mbuti,R,-1.5092511687206178,2.2424691508127634,-0.6730309615066958,2.1928001650053988,50
UP_Europe_pre_LGM,PD_Biaka,D_VA,0.08222660353713822,0.015193612186312402,5.4119193335219125,0.014888342998691712,50
UP_Europe_pre_LGM,PD_Biaka,R,-0.10191217285885346,1.8201715516668804,-0.055990421763005865,1.8190377525063222,50
UP_Europe_pre_LGM,PD_Juhoan,D_VA,0.09986011426262059,0.017016420814770936,5.868455849184102,0.016792786001195117,50
UP_Europe_pre_LGM,PD_Juhoan,R,5.200793394005602,3.422898909380868,1.5194119171186153,3.43687480239755,50
UP_Europe_pre_LGM,PD_Mandenka,D_VA,0.07207258829061208,0.013563363978350841,5.313769386831373,0.014349602411604663,50
UP_Europe_pre_LGM,PD_Mandenka,R,5.366640153836784,12.23745222794274,0.4385422761106034,12.180071448275637,50
UP_Europe_pre_LGM,PD_Mende,D_VA,0.07749812800134938,0.014108992708181682,5.492817921467128,0.013800600489018983,50
UP_Europe_pre_LGM,PD_Mende,R,0.639615999489961,3.0580483779281225,0.20915823441724332,3.050413812931047,50
UP_Europe_pre_LGM,PD_Esan,D_VA,0.07583988168679395,0.014292402832420073,5.306307314174148,0.013562234231560175,50
UP_Europe_pre_LGM,PD_Esan,R,-0.197232619519222,9.006861912025707,-0.021898039677491068,9.01913862529906,50
UP_Europe_pre_LGM,PD_Gambian,D_VA,0.076042936753674,0.013053157497983294,5.82563542693962,0.013726144619261542,50
UP_Europe_pre_LGM,PD_Gambian,R,0.8576763508858756,1.9128739168725764,0.44837056081987897,1.972103061688426,50
UP_Europe_pre_LGM,PD_Luhya,D_VA,0.0707175016561088,0.013361741956114922,5.292536099587326,0.013866706023047671,50
UP_Europe_pre_LGM,PD_Luhya,R,-1.7415438733439892,4.1759943055143,-0.417036936818693,4.155577132051764,50
UP_Europe_post_LGM,UP_NorthEastAsia,D_VA,-0.01753186684835624,0.013024602213702833,-1.3460577575191843,0.01893076949560415,50
UP_Europe_post_LGM,UP_NorthEastAsia,R,-0.18082570392735486,0.35245914068157064,-0.5130401883681659,0.4568370272789709,50
UP_Europe_post_LGM,Oase1_40ka,D_VA,0.021052195361671987,0.08003133579993701,0.2630494062263116,0.08217061773763848,50
UP_Europe_post_LGM,Oase1_40ka,R,0.8485317082906021,0.9678831726559924,0.8766881502466098,0.9599352293668117,50
UP_Europe_post_LGM,UstIshim_44ka,D_VA,-0.0030711626552738583,0.01873061878498751,-0.16396482628408296,0.022833665312697104,50
UP_Europe_post_LGM,UstIshim_44ka,R,-0.12315125647715064,0.4597306432321134,-0.2678769803364463,0.5502740181039936,50
UP_Europe_post_LGM,Caucasus_Bronze,D_VA,-0.014001080259819706,0.010994133458121256,-1.2735046662069804,0.017133016837733186,50
UP_Europe_post_LGM,Caucasus_Bronze,R,-0.3253989141476039,0.27659841473299296,-1.176430871672635,0.4607191435605649,50
UP_Europe_post_LGM,Caucasus_Iron_Classical,D_VA,-0.014294285326008835,0.011226873830903622,-1.273220447767188,0.01734779040833776,50
UP_Europe_post_LGM,Caucasus_Iron_Classical,R,-0.2998638044341302,0.284318759640235,-1.0546747067044229,0.44956503359026306,50
UP_Europe_post_LGM,Caucasus_Medieval_Recent,D_VA,-0.018780687922856018,0.011505243825303966,-1.6323589667479157,0.017083827378831833,50
UP_Europe_post_LGM,Caucasus_Medieval_Recent,R,-0.35547487781110365,0.27162480407732353,-1.3086981471320656,0.4515836652278042,50
UP_Europe_post_LGM,Caucasus_Neolithic,D_VA,-0.01338698399259694,0.011397478427321984,-1.174556642327633,0.017598565320612502,50
UP_Europe_post_LGM,Caucasus_Neolithic,R,-0.2900694475164296,0.2767486996313016,-1.048133009849277,0.45734731171253334,50
UP_Europe_post_LGM,CentralAsia_Bronze,D_VA,-0.011532110739110438,0.011355584280711515,-1.0155453435098685,0.01722056924781803,50
UP_Europe_post_LGM,CentralAsia_Bronze,R,-0.20038851631799193,0.29581251759239385,-0.6774172977835623,0.44869285618471305,50
UP_Europe_post_LGM,CentralAsia_Iron_Classical,D_VA,-0.015440328419317056,0.010585057742365577,-1.4586909958477383,0.016513998687294144,50
UP_Europe_post_LGM,CentralAsia_Iron_Classical,R,-0.32658905900250534,0.2899325637647118,-1.126431107847345,0.4399933759030802,50
UP_Europe_post_LGM,CentralAsia_Medieval_Recent,D_VA,-0.014246379532337941,0.01007248848022958,-1.4143852892262854,0.017037021776964274,50
UP_Europe_post_LGM,CentralAsia_Medieval_Recent,R,-0.29447030327161783,0.26556844403196456,-1.108830171238924,0.43602225779638815,50
UP_Europe_post_LGM,CentralAsia_Neolithic,D_VA,0.0018243276766004568,0.011186180955321113,0.16308762426488813,0.01704635579148417,50
UP_Europe_post_LGM,CentralAsia_Neolithic,R,-0.05198108664093293,0.28872740276927517,-0.18003516861359886,0.44762246654043275,50
UP_Europe_post_LGM,EastAsia_Bronze,D_VA,-0.019603632811753396,0.011139125533974456,-1.7598897464582923,0.017730062138597857,50
UP_Europe_post_LGM,EastAsia_Bronze,R,-0.4149528831221956,0.3261792559513294,-1.2721620874140214,0.45175877033737266,50
UP_Europe_post_LGM,EastAsia_Iron_Classical,D_VA,-0.019600504716481573,0.011144257312109258,-1.7587986500620214,0.01752336422275153,50
UP_Europe_post_LGM,EastAsia_Iron_Classical,R,-0.3480747052755133,0.31758590857991864,-1.0960017301520868,0.4403286508380686,50
UP_Europe_post_LGM,EastAsia_LateGlacial_Meso,D_VA,-0.021856530981531105,0.012682598800394164,-1.7233479766664088,0.018723437400226462,50
UP_Europe_post_LGM,EastAsia_LateGlacial_Meso,R,-0.41931252717808265,0.3486872206080286,-1.2025463005122474,0.4515155033050515,50
UP_Europe_post_LGM,EastAsia_Medieval_Recent,D_VA,-0.019922119246488346,0.01134994975782807,-1.7552605669243642,0.01780317669858543,50
UP_Europe_post_LGM,EastAsia_Medieval_Recent,R,-0.33710140650856135,0.30055890993969664,-1.1215818109541205,0.4395804034830228,50
UP_Europe_post_LGM,EastAsia_Neolithic,D_VA,-0.023713843473364457,0.011373289368365645,-2.085047052379022,0.017532017671351933,50
UP_Europe_post_LGM,EastAsia_Neolithic,R,-0.5967114983671586,0.3438098096490811,-1.7355860176770657,0.478901660029543,50
UP_Europe_post_LGM,Europe_Bronze,D_VA,-0.020389707729998582,0.010776201596812038,-1.8921052605428745,0.017217702881900315,50
UP_Europe_post_LGM,Europe_Bronze,R,-0.35294224456310985,0.26970111883389253,-1.308642122395069,0.44433275831128444,50
UP_Europe_post_LGM,Europe_Iron_Classical,D_VA,-0.020860109290291737,0.010939820090885954,-1.9068055157205417,0.017401149850874528,50
UP_Europe_post_LGM,Europe_Iron_Classical,R,-0.40864102422817705,0.27420127837709324,-1.4902958390522036,0.4541839342627808,50
UP_Europe_post_LGM,Europe_LateGlacial_Meso,D_VA,-0.017549482020740942,0.010010994681546264,-1.7530208115174333,0.017924969597804145,50
UP_Europe_post_LGM,Europe_LateGlacial_Meso,R,-0.2902227345511401,0.2446778208123722,-1.1861423875182109,0.4482243935555744,50
UP_Europe_post_LGM,Europe_Medieval_Recent,D_VA,-0.022223635965787747,0.01065757654621691,-2.0852429132846724,0.01725598490735233,50
UP_Europe_post_LGM,Europe_Medieval_Recent,R,-0.39445523036448016,0.27174196037900644,-1.4515801307031198,0.4442312136037989,50
UP_Europe_post_LGM,Europe_Neolithic,D_VA,-0.021093840824948112,0.01120679358543326,-1.8822369363852804,0.017712282398201447,50
UP_Europe_post_LGM,Europe_Neolithic,R,-0.4261105825099487,0.28379977027590536,-1.501447947247072,0.45753391432569784,50
UP_Europe_post_LGM,Europe_Palaeolithic,D_VA,-0.013835297096279744,0.009192699039980944,-1.505031007336059,0.017573817093376867,50
UP_Europe_post_LGM,Europe_Palaeolithic,R,-0.024562851362101457,0.2466080746489961,-0.09960278631209632,0.40283823008362024,50
UP_Europe_post_LGM,InnerAsia_Bronze,D_VA,-0.017094886442509102,0.011302954232422268,-1.5124264056093237,0.017524297228744327,50
UP_Europe_post_LGM,InnerAsia_Bronze,R,-0.2589222199145269,0.2980664663061543,-0.8686727598822841,0.4522002512398909,50
UP_Europe_post_LGM,InnerAsia_Iron_Classical,D_VA,-0.01814482140861462,0.010418031502401559,-1.7416746536456418,0.01678276477257666,50
UP_Europe_post_LGM,InnerAsia_Iron_Classical,R,-0.28396389069757766,0.2775771909325957,-1.0230087340516854,0.4237597134456164,50
UP_Europe_post_LGM,InnerAsia_Medieval_Recent,D_VA,-0.018077182583863746,0.011419783623291206,-1.5829706744175476,0.01692047373488539,50
UP_Europe_post_LGM,InnerAsia_Medieval_Recent,R,-0.38021088826169636,0.29504985446450394,-1.2886326920979307,0.43988591257100856,50
UP_Europe_post_LGM,NearEast_Bronze,D_VA,-0.016398625065405514,0.01169213666476388,-1.4025345012281107,0.01796035928794525,50
UP_Europe_post_LGM,NearEast_Bronze,R,-0.45763503908946457,0.3137997060724413,-1.4583666913436133,0.48180534184558904,50
UP_Europe_post_LGM,NearEast_Iron_Classical,D_VA,-0.015678058937292613,0.013447567306445205,-1.1658658090358371,0.018779501299704165,50
UP_Europe_post_LGM,NearEast_Iron_Classical,R,-0.3547517415971835,0.34455161597120426,-1.0296040568471219,0.47748497129423656,50
UP_Europe_post_LGM,NearEast_Medieval_Recent,D_VA,-0.02253535167261636,0.011727934366785441,-1.9215107254043382,0.017370562740792305,50
UP_Europe_post_LGM,NearEast_Medieval_Recent,R,-0.7631106816531052,0.361473838356958,-2.1111090227767133,0.5231339286856783,50
UP_Europe_post_LGM,Siberia_Bronze,D_VA,-0.016940599240479595,0.010146878531202488,-1.6695379951958482,0.017241457507869134,50
UP_Europe_post_LGM,Siberia_Bronze,R,-0.2082475163343005,0.2759109878271427,-0.7547634038582286,0.43351753945126326,50
UP_Europe_post_LGM,Siberia_Iron_Classical,D_VA,-0.013401768226118368,0.011137343190573282,-1.2033182417743677,0.01707066988707305,50
UP_Europe_post_LGM,Siberia_Iron_Classical,R,-0.18164157806151082,0.2870496420799706,-0.632788031872572,0.43154607784476184,50
UP_Europe_post_LGM,Siberia_Neolithic,D_VA,-0.012943637791555829,0.011665184457084742,-1.1095956381293766,0.01805840004691987,50
UP_Europe_post_LGM,Siberia_Neolithic,R,-0.15044321521953763,0.31506376286690774,-0.47750085205161885,0.44261595286658056,50
UP_Europe_post_LGM,SouthAsia_Iron_Classical,D_VA,-0.013545456940114664,0.011946488538240476,-1.1338442167969207,0.017443672716898104,50
UP_Europe_post_LGM,SouthAsia_Iron_Classical,R,-0.35395920525615177,0.3474755916784326,-1.0186591914165855,0.4712443326887785,50
UP_Europe_post_LGM,SouthAsia_Medieval_Recent,D_VA,-0.01690025270617193,0.01172000014637815,-1.4420010661343414,0.017594596562535383,50
UP_Europe_post_LGM,SouthAsia_Medieval_Recent,R,-0.310917141367163,0.3544801794192027,-0.8771072669749392,0.4494415211144068,50
UP_Europe_post_LGM,WestSiberia_Bronze,D_VA,-0.014293188835291196,0.01052229785764006,-1.3583714345163833,0.017240150284364097,50
UP_Europe_post_LGM,WestSiberia_Bronze,R,-0.21666103382297686,0.2649167302739237,-0.8178457947859673,0.4437703170880311,50
UP_Europe_post_LGM,WestSiberia_Iron_Classical,D_VA,-0.01552466997514454,0.01121195556389009,-1.3846531844225498,0.017564469417058227,50
UP_Europe_post_LGM,WestSiberia_Iron_Classical,R,-0.26554878443753616,0.2844922850371025,-0.9334129549520269,0.45448707985216513,50
UP_Europe_post_LGM,WestSiberia_LateGlacial_Meso,D_VA,-0.021821318035639567,0.010871195189410699,-2.0072602556980166,0.018771712632327235,50
UP_Europe_post_LGM,WestSiberia_LateGlacial_Meso,R,-0.24246002448143833,0.2732927463850751,-0.8871806064688126,0.4511591196456152,50
UP_Europe_post_LGM,WestSiberia_Medieval_Recent,D_VA,-0.016151575480839453,0.010036675839120232,-1.6092554686169105,0.017145068177406467,50
UP_Europe_post_LGM,WestSiberia_Medieval_Recent,R,-0.28630089296723327,0.2607613036805264,-1.0979424052811029,0.4379597407052391,50
UP_Europe_post_LGM,WestSiberia_Neolithic,D_VA,-0.015574925953800653,0.011103041247606131,-1.4027621447554905,0.01784664114363171,50
UP_Europe_post_LGM,WestSiberia_Neolithic,R,-0.20556406631860047,0.2821352953517764,-0.7286010283197493,0.45797489532746677,50
UP_Europe_post_LGM,ANC_Americas,D_VA,-0.026148391272799137,0.013423080101032787,-1.9480172267456894,0.018401656149928437,50
UP_Europe_post_LGM,ANC_Americas,R,-0.43483947881050034,0.35437684076132475,-1.2270538838720777,0.4475328161137587,50
UP_Europe_post_LGM,ANC_Oceania,D_VA,-0.016612433910060107,0.01236691297341538,-1.3432967423455748,0.018068300998483097,50
UP_Europe_post_LGM,ANC_Oceania,R,-0.22676531475646522,0.324478106074003,-0.698861681301688,0.4342488090638004,50
UP_Europe_post_LGM,ANC_Africa,D_VA,0.021781181240940334,0.010989553645230321,1.9819896188771768,0.014802375020596491,50
UP_Europe_post_LGM,ANC_Africa,R,-0.2992428039549382,0.3365302883802988,-0.8892002125430577,0.491626473012671,50
UP_Europe_post_LGM,PD_French,D_VA,-0.02043671379190358,0.011629123252702302,-1.7573735652990543,0.018170717225109597,50
UP_Europe_post_LGM,PD_French,R,-0.5618578819213202,0.3354453412432414,-1.6749610527871377,0.5067604041418905,50
UP_Europe_post_LGM,PD_Sardinian,D_VA,-0.018217133641908717,0.012194047180880378,-1.4939366210155576,0.018038729292858668,50
UP_Europe_post_LGM,PD_Sardinian,R,-0.5310693817936609,0.31586819952261774,-1.6813005633244624,0.49339900368046163,50
UP_Europe_post_LGM,PD_Basque,D_VA,-0.023102000299647665,0.010885197034797784,-2.1223318444117476,0.017430910433597943,50
UP_Europe_post_LGM,PD_Basque,R,-0.5893080158174493,0.30287676966882443,-1.9457022618863056,0.47391655853491116,50
UP_Europe_post_LGM,PD_Russian,D_VA,-0.01991629524798541,0.010623984595034663,-1.8746540029146597,0.016929457119153373,50
UP_Europe_post_LGM,PD_Russian,R,-0.5004036290742093,0.28187666000996375,-1.775257408884159,0.4685542945779762,50
UP_Europe_post_LGM,PD_Han,D_VA,-0.01713933254687415,0.011488030699012613,-1.4919295565903443,0.01744645946485518,50
UP_Europe_post_LGM,PD_Han,R,-0.4485521467567124,0.36376131702272857,-1.2330946853501905,0.473305946196075,50
UP_Europe_post_LGM,PD_Japanese,D_VA,-0.019042548594300726,0.011188777211956552,-1.7019329488437287,0.01760519645949074,50
UP_Europe_post_LGM,PD_Japanese,R,-0.5849582609304462,0.35746411666557265,-1.6364111351565587,0.4778326281825759,50
UP_Europe_post_LGM,PD_Dai,D_VA,-0.009300407054005255,0.010916739181722564,-0.8519400252390874,0.017802425682506052,50
UP_Europe_post_LGM,PD_Dai,R,-0.2663333535613861,0.3459852258482239,-0.7697824463701831,0.47383917752484833,50
UP_Europe_post_LGM,PD_Papuan,D_VA,-0.015454450251951163,0.01667588862668393,-0.9267542256921599,0.021130993070073014,50
UP_Europe_post_LGM,PD_Papuan,R,0.01058644417989707,0.3609420183876718,0.029330040950030483,0.45871458358015527,50
UP_Europe_post_LGM,PD_Karitiana,D_VA,-0.043325816090959784,0.014533224356466576,-2.9811564886275157,0.019115180848871326,50
UP_Europe_post_LGM,PD_Karitiana,R,-0.6331988161883417,0.4067505490614194,-1.5567251664428083,0.47695403788077684,50
UP_Europe_post_LGM,PD_Mixe,D_VA,-0.03980729372678256,0.015509042474623468,-2.566715114225581,0.019899409226034774,50
UP_Europe_post_LGM,PD_Mixe,R,-0.8190713901152495,0.42609900568666415,-1.922256046562008,0.5379650085500821,50
UP_Europe_post_LGM,PD_Mbuti,D_VA,0.07524453504123622,0.014330354327651168,5.250710018805882,0.015380192623505491,50
UP_Europe_post_LGM,PD_Mbuti,R,-1.5296691990642821,2.244331865365079,-0.6815699686264781,2.2036655036882102,50
UP_Europe_post_LGM,PD_Biaka,D_VA,0.06322706709668006,0.0137290213939616,4.605358625523671,0.01467899834447691,50
UP_Europe_post_LGM,PD_Biaka,R,-0.12233020320251775,1.8802686731254992,-0.06505995922336615,1.8321210204407787,50
UP_Europe_post_LGM,PD_Juhoan,D_VA,0.08086057782216244,0.017124391510628785,4.721953347771441,0.016607465093517373,50
UP_Europe_post_LGM,PD_Juhoan,R,5.180375363661938,3.411922951001235,1.518315459656481,3.443817285491916,50
UP_Europe_post_LGM,PD_Mandenka,D_VA,0.05307305185015393,0.013596216437639773,3.903516253479642,0.014132279523190648,50
UP_Europe_post_LGM,PD_Mandenka,R,5.346222123493119,12.230890473842745,0.4371081676290593,12.182032243168505,50
UP_Europe_post_LGM,PD_Mende,D_VA,0.058498591560891225,0.013610413946898622,4.298075854939091,0.013574491114143996,50
UP_Europe_post_LGM,PD_Mende,R,0.6191979691462967,3.0980643294152963,0.19986607872121206,3.0582337253091425,50
UP_Europe_post_LGM,PD_Esan,D_VA,0.056840345246335806,0.013951572969081607,4.074117332310913,0.013332082826856648,50
UP_Europe_post_LGM,PD_Esan,R,-0.2176506498628863,9.023853885473432,-0.024119478509427056,9.021786443430099,50
UP_Europe_post_LGM,PD_Gambian,D_VA,0.05704340031321586,0.012859315752976228,4.435959222792506,0.01349878814039786,50
UP_Europe_post_LGM,PD_Gambian,R,0.8372583205422113,1.93798107631784,0.4320260557615972,1.9841773041788813,50
UP_Europe_post_LGM,PD_Luhya,D_VA,0.05171796521565064,0.012778876793203879,4.0471448353861215,0.013641692383281844,50
UP_Europe_post_LGM,PD_Luhya,R,-1.7619619036876535,4.0999768470147275,-0.42974923260129433,4.1613207505465475,50
UP_NorthEastAsia,Oase1_40ka,D_VA,0.038584062210028226,0.0789852865930468,0.48849683117342574,0.08225370249343326,50
UP_NorthEastAsia,Oase1_40ka,R,1.029357412217957,0.8983574228171655,1.1458216808516901,0.9544159129259502,50
UP_NorthEastAsia,UstIshim_44ka,D_VA,0.014460704193082381,0.018605795081533327,0.7772150628185172,0.02313087603411053,50
UP_NorthEastAsia,UstIshim_44ka,R,0.057674447450204225,0.41753579546578784,0.13813054611488984,0.5405881845426108,50
UP_NorthEastAsia,Caucasus_Bronze,D_VA,0.003530786588536533,0.010146137519079612,0.3479931729583754,0.017527162361750715,50
UP_NorthEastAsia,Caucasus_Bronze,R,-0.14457321022024905,0.2540233123680664,-0.5691336313683292,0.4491060225714435,50
UP_NorthEastAsia,Caucasus_Iron_Classical,D_VA,0.0032375815223474047,0.010672824713437683,0.3033481397170431,0.017737163993850245,50
UP_NorthEastAsia,Caucasus_Iron_Classical,R,-0.11903810050677532,0.26108281155621593,-0.4559400130450343,0.43765604039448136,50
UP_NorthEastAsia,Caucasus_Medieval_Recent,D_VA,-0.0012488210744997785,0.011158880825979609,-0.11191275307756034,0.0174790821384547,50
UP_NorthEastAsia,Caucasus_Medieval_Recent,R,-0.1746491738837488,0.2730914044937905,-0.6395264406343478,0.4397293451287269,50
UP_NorthEastAsia,Caucasus_Neolithic,D_VA,0.004144882855759299,0.010167308323977345,0.40766766617911165,0.017982509720197205,50
UP_NorthEastAsia,Caucasus_Neolithic,R,-0.10924374358907474,0.24099366819261522,-0.453305451584567,0.44564633264220027,50
UP_NorthEastAsia,CentralAsia_Bronze,D_VA,0.005999756109245802,0.009652213958124578,0.6215937747832055,0.017612755596783203,50
UP_NorthEastAsia,CentralAsia_Bronze,R,-0.019562812390637063,0.24043908783959675,-0.08136286228006293,0.43676008226251295,50
UP_NorthEastAsia,CentralAsia_Iron_Classical,D_VA,0.002091538429039183,0.008870560669338997,0.23578424262048783,0.01692256798293553,50
UP_NorthEastAsia,CentralAsia_Iron_Classical,R,-0.14576335507515048,0.20556517214201486,-0.7090858512474562,0.42781802335262914,50
UP_NorthEastAsia,CentralAsia_Medieval_Recent,D_VA,0.0032854873160182985,0.009952036130864393,0.33013217323729055,0.017433337761939817,50
UP_NorthEastAsia,CentralAsia_Medieval_Recent,R,-0.11364459934426296,0.22352488827667802,-0.5084203384260022,0.42373281624228903,50
UP_NorthEastAsia,CentralAsia_Neolithic,D_VA,0.019356194524956696,0.01085820895626246,1.7826323478323773,0.017442459696470215,50
UP_NorthEastAsia,CentralAsia_Neolithic,R,0.12884461728642194,0.2636887327893183,0.48862390108024084,0.43566037554326914,50
UP_NorthEastAsia,EastAsia_Bronze,D_VA,-0.002071765963397157,0.009514070685578026,-0.21775810080301994,0.018111219117764085,50
UP_NorthEastAsia,EastAsia_Bronze,R,-0.23412717919484072,0.21446424736262634,-1.091683961658035,0.43990916885590886,50
UP_NorthEastAsia,EastAsia_Iron_Classical,D_VA,-0.0020686378681253337,0.009363556958987444,-0.22092436423316553,0.01790892091043819,50
UP_NorthEastAsia,EastAsia_Iron_Classical,R,-0.16724900134815845,0.21113032346682745,-0.7921600204171355,0.42816283236128194,50
UP_NorthEastAsia,EastAsia_LateGlacial_Meso,D_VA,-0.004324664133174866,0.010348880589949537,-0.41788714205233224,0.01908476519565596,50
UP_NorthEastAsia,EastAsia_LateGlacial_Meso,R,-0.2384868232507278,0.22066384321067917,-1.0807698251817,0.4396593453931981,50
UP_NorthEastAsia,EastAsia_Medieval_Recent,D_VA,-0.002390252398132106,0.010230120783467911,-0.23364850217553676,0.01818280107833161,50
UP_NorthEastAsia,EastAsia_Medieval_Recent,R,-0.1562757025812065,0.22114101492489766,-0.7066789606364053,0.4273932865559058,50
UP_NorthEastAsia,EastAsia_Neolithic,D_VA,-0.0061819766250082175,0.009996731668296135,-0.6183997760601978,0.01791738815011045,50
UP_NorthEastAsia,EastAsia_Neolithic,R,-0.4158857944398038,0.24206207841887942,-1.7180956106645044,0.46774019524284366,50
UP_NorthEastAsia,Europe_Bronze,D_VA,-0.002857840881642343,0.010346995973719856,-0.2762000573790615,0.017609953067016404,50
UP_NorthEastAsia,Europe_Bronze,R,-0.172116540635755,0.2538588070935838,-0.6780010613234507,0.4322796437206774,50
UP_NorthEastAsia,Europe_Iron_Classical,D_VA,-0.0033282424419354972,0.010430595191613426,-0.3190846141370268,0.017789355542731516,50
UP_NorthEastAsia,Europe_Iron_Classical,R,-0.2278153203008222,0.2558721943500589,-0.8903480930372133,0.44239929521776983,50
UP_NorthEastAsia,Europe_LateGlacial_Meso,D_VA,-1.7615172384702338e-05,0.011081838046007363,-0.0015895533134098496,0.018302067904346898,50
UP_NorthEastAsia,Europe_LateGlacial_Meso,R,-0.10939703062378525,0.2657521598674727,-0.4116505795412545,0.4362788067795913,50
UP_NorthEastAsia,Europe_Medieval_Recent,D_VA,-0.004691769117431507,0.010058304478424622,-0.46645725703526864,0.017647384214548437,50
UP_NorthEastAsia,Europe_Medieval_Recent,R,-0.2136295264371253,0.23844778102080805,-0.8959174437378513,0.43217526700016684,50
UP_NorthEastAsia,Europe_Neolithic,D_VA,-0.003561973976591873,0.01109300424706264,-0.32110092967241605,0.01809381392207731,50
UP_NorthEastAsia,Europe_Neolithic,R,-0.24528487858259385,0.2763109950062773,-0.8877130588922869,0.44583783265326027,50
UP_NorthEastAsia,Europe_Palaeolithic,D_VA,0.003696569752076495,0.009127233745128594,0.4050043918344302,0.017958290612544028,50
UP_NorthEastAsia,Europe_Palaeolithic,R,0.1562628525652534,0.22435842062496278,0.6964875761291892,0.3895031834063301,50
UP_NorthEastAsia,InnerAsia_Bronze,D_VA,0.00043698040584713715,0.009935653691175017,0.04398104235811571,0.017909833831013005,50
UP_NorthEastAsia,InnerAsia_Bronze,R,-0.07809651598717204,0.2313352883181425,-0.3375901556349253,0.44036252961416006,50
UP_NorthEastAsia,InnerAsia_Iron_Classical,D_VA,-0.0006129545602583802,0.008966394775051192,-0.06836131752350606,0.01718494538556239,50
UP_NorthEastAsia,InnerAsia_Iron_Classical,R,-0.1031381867702228,0.20844326235741995,-0.4948022095018385,0.4111038615803462,50
UP_NorthEastAsia,InnerAsia_Medieval_Recent,D_VA,-0.0005453157355075067,0.009931515763482118,-0.05490760408523099,0.01731945685944188,50
UP_NorthEastAsia,InnerAsia_Medieval_Recent,R,-0.1993851843343415,0.22979139521229544,-0.8676790710554553,0.42770750092228976,50
UP_NorthEastAsia,NearEast_Bronze,D_VA,0.0011332417829507252,0.011031087085665416,0.1027316504846871,0.018336729813279225,50
UP_NorthEastAsia,NearEast_Bronze,R,-0.2768093351621097,0.2961054341581296,-0.9348336883756236,0.47071273373226946,50
UP_NorthEastAsia,NearEast_Iron_Classical,D_VA,0.0018538079110636263,0.011889031908172414,0.15592589248493272,0.01913977072900071,50
UP_NorthEastAsia,NearEast_Iron_Classical,R,-0.17392603766982861,0.2924875132914901,-0.5946443173336281,0.46628959679433063,50
UP_NorthEastAsia,NearEast_Medieval_Recent,D_VA,-0.005003484824260121,0.011895567115671803,-0.4206175944035728,0.017759437052590487,50
UP_NorthEastAsia,NearEast_Medieval_Recent,R,-0.5822849777257504,0.326467899954615,-1.7835902941964543,0.5129358611063121,50
UP_NorthEastAsia,Siberia_Bronze,D_VA,0.0005912676078766443,0.009683717149992178,0.061057918020366996,0.017633179279097085,50
UP_NorthEastAsia,Siberia_Bronze,R,-0.027421812406945634,0.22202840992896852,-0.12350587213464456,0.4211550157348706,50
UP_NorthEastAsia,Siberia_Iron_Classical,D_VA,0.004130098622237871,0.009756962119339513,0.4232975973178682,0.01746622239886303,50
UP_NorthEastAsia,Siberia_Iron_Classical,R,-0.0008158741341559583,0.21332302303516995,-0.0038245948446991936,0.41912540792698166,50
UP_NorthEastAsia,Siberia_Neolithic,D_VA,0.004588229056800411,0.011039962692970777,0.41560186247022096,0.018432768830203387,50
UP_NorthEastAsia,Siberia_Neolithic,R,0.030382488707817235,0.24185675833918235,0.1256218305266811,0.43051477558703205,50
UP_NorthEastAsia,SouthAsia_Iron_Classical,D_VA,0.0039864099082415755,0.010519022224419156,0.37897152636367765,0.017830952648340954,50
UP_NorthEastAsia,SouthAsia_Iron_Classical,R,-0.1731335013287969,0.2552038483039475,-0.6784125806856764,0.459897066046364,50
UP_NorthEastAsia,SouthAsia_Medieval_Recent,D_VA,0.0006316141421843086,0.009958404485062062,0.06342523474837267,0.017978625717543148,50
UP_NorthEastAsia,SouthAsia_Medieval_Recent,R,-0.1300914374398081,0.24193470956969615,-0.5377129956722129,0.4375291660774093,50
UP_NorthEastAsia,WestSiberia_Bronze,D_VA,0.003238678013065044,0.009881691737831641,0.3277452989821471,0.017631901097742732,50
UP_NorthEastAsia,WestSiberia_Bronze,R,-0.03583532989562199,0.2336781143291217,-0.153353385268892,0.4317014994126997,50
UP_NorthEastAsia,WestSiberia_Iron_Classical,D_VA,0.0020071968732117,0.009732012016995278,0.20624685519361027,0.01794914316606494,50
UP_NorthEastAsia,WestSiberia_Iron_Classical,R,-0.08472308051018129,0.2275985939593319,-0.37224782032405657,0.4427105104007695,50
UP_NorthEastAsia,WestSiberia_LateGlacial_Meso,D_VA,-0.004289451187283327,0.010067035844804468,-0.42608879648492415,0.019132128727452045,50
UP_NorthEastAsia,WestSiberia_LateGlacial_Meso,R,-0.061634320554083466,0.23747838795628073,-0.25953654597583936,0.4392933433437935,50
UP_NorthEastAsia,WestSiberia_Medieval_Recent,D_VA,0.0013802913675167866,0.009890742746523126,0.13955386394029892,0.017538942878663977,50
UP_NorthEastAsia,WestSiberia_Medieval_Recent,R,-0.1054751890398784,0.22749366713807231,-0.4636401108074034,0.4257262321555506,50
UP_NorthEastAsia,WestSiberia_Neolithic,D_VA,0.0019569408945555866,0.010183869050129407,0.19216084622874444,0.018225360205018998,50
UP_NorthEastAsia,WestSiberia_Neolithic,R,-0.024738362391245605,0.24050568943592052,-0.10285978036223051,0.4462903707419259,50
UP_NorthEastAsia,ANC_Americas,D_VA,-0.008616524424442898,0.011645044264213925,-0.7399305858305846,0.018769179618548088,50
UP_NorthEastAsia,ANC_Americas,R,-0.25401377488314547,0.25399962063535014,-1.0000557254682505,0.4355682630374634,50
UP_NorthEastAsia,ANC_Oceania,D_VA,0.000919432938296133,0.010487021283955508,0.08767341205865659,0.018442468800703098,50
UP_NorthEastAsia,ANC_Oceania,R,-0.045939610829110356,0.25330582906948945,-0.1813602592481507,0.4219077131791863,50
UP_NorthEastAsia,ANC_Africa,D_VA,0.03931304808929657,0.010660946264429101,3.6875758599841144,0.015256849633639998,50
UP_NorthEastAsia,ANC_Africa,R,-0.11841710002758332,0.3155620625067904,-0.37525771978700756,0.48076052170871936,50
UP_NorthEastAsia,PD_French,D_VA,-0.00290484694354734,0.011178146733071801,-0.2598683854232316,0.018542818528153066,50
UP_NorthEastAsia,PD_French,R,-0.3810321779939654,0.30271826133302254,-1.2587023204879904,0.4962259540499809,50
UP_NorthEastAsia,PD_Sardinian,D_VA,-0.0006852667935524775,0.011288023382955186,-0.06070742151254083,0.01841349801081151,50
UP_NorthEastAsia,PD_Sardinian,R,-0.35024367786630606,0.2917672429257541,-1.200421522149532,0.4825729655706313,50
UP_NorthEastAsia,PD_Basque,D_VA,-0.005570133451291426,0.01073305130751248,-0.5189701690322371,0.017818467752229304,50
UP_NorthEastAsia,PD_Basque,R,-0.40848231189009443,0.2699048221829095,-1.5134309516458861,0.46263483950123707,50
UP_NorthEastAsia,PD_Russian,D_VA,-0.002384428399629171,0.00995548037980211,-0.23950912549300482,0.01732823340223621,50
UP_NorthEastAsia,PD_Russian,R,-0.31957792514685446,0.2591662487166749,-1.233100092042551,0.4571402599139857,50
UP_NorthEastAsia,PD_Han,D_VA,0.00039253430148208923,0.009875884937422126,0.039746747149177634,0.017833678878794383,50
UP_NorthEastAsia,PD_Han,R,-0.26772644282935754,0.24621801793509193,-1.0873552028184048,0.46200931697458586,50
UP_NorthEastAsia,PD_Japanese,D_VA,-0.0015106817459444866,0.010093015859308645,-0.14967595087559546,0.01798899932932311,50
UP_NorthEastAsia,PD_Japanese,R,-0.40413255700309136,0.2319290047718109,-1.742483901057167,0.46664559445325243,50
UP_NorthEastAsia,PD_Dai,D_VA,0.008231459794350984,0.009466383403416137,0.8695464195312957,0.018182065742766224,50
UP_NorthEastAsia,PD_Dai,R,-0.08550764963403124,0.26067301522397146,-0.32802647240092214,0.4625555711740874,50
UP_NorthEastAsia,PD_Papuan,D_VA,0.0020774165964050767,0.012727711166492156,0.16321996698622654,0.021451806977981967,50
UP_NorthEastAsia,PD_Papuan,R,0.19141214810725193,0.26129184842699615,0.7325607333698804,0.44704939263562,50
UP_NorthEastAsia,PD_Karitiana,D_VA,-0.025793949242603545,0.013059700181657523,-1.9750797402555536,0.019469239671291202,50
UP_NorthEastAsia,PD_Karitiana,R,-0.45237311226098686,0.3210031012923642,-1.409248416727828,0.4657459012353614,50
UP_NorthEastAsia,PD_Mixe,D_VA,-0.02227542687842632,0.01487876148935834,-1.4971291054271054,0.020239754001427978,50
UP_NorthEastAsia,PD_Mixe,R,-0.6382456861878947,0.35640256897331046,-1.7907999036777154,0.5280534449192159,50
UP_NorthEastAsia,PD_Mbuti,D_VA,0.09277640188959246,0.013599388283277605,6.822101109038436,0.01581807446022602,50
UP_NorthEastAsia,PD_Mbuti,R,-1.3488434951369273,2.27700854294096,-0.5923752457225194,2.201266849432884,50
UP_NorthEastAsia,PD_Biaka,D_VA,0.0807589339450363,0.014093786225612593,5.73010918799615,0.015137177639516481,50
UP_NorthEastAsia,PD_Biaka,R,0.05849550072483711,1.900165119448691,0.03078443032456508,1.829235229216768,50
UP_NorthEastAsia,PD_Juhoan,D_VA,0.09839244467051869,0.015117702827731554,6.508425637923636,0.017013790034131723,50
UP_NorthEastAsia,PD_Juhoan,R,5.361201067589293,3.4257327151708417,1.5649793820303721,3.4422829032663294,50
UP_NorthEastAsia,PD_Mandenka,D_VA,0.07060491869851017,0.01374661899793824,5.136166115398973,0.014607617157316097,50
UP_NorthEastAsia,PD_Mandenka,R,5.527047827420474,12.228464621093622,0.4519821579142923,12.181598567670166,50
UP_NorthEastAsia,PD_Mende,D_VA,0.07603045840924746,0.014277438280791121,5.325217095250127,0.014068687341081123,50
UP_NorthEastAsia,PD_Mende,R,0.8000236730736515,3.092346767290385,0.25871085401416943,3.0565057842060432,50
UP_NorthEastAsia,PD_Esan,D_VA,0.07437221209469204,0.014120428931580971,5.266993832485872,0.013834940802016029,50
UP_NorthEastAsia,PD_Esan,R,-0.03682494593553143,9.001685053978488,-0.004090894728565942,9.021200846956345,50
UP_NorthEastAsia,PD_Gambian,D_VA,0.07457526716157209,0.01315697017782416,5.668118583050935,0.013995657746332177,50
UP_NorthEastAsia,PD_Gambian,R,1.0180840244695661,1.8859078019785032,0.5398376439195467,1.981512973635382,50
UP_NorthEastAsia,PD_Luhya,D_VA,0.06924983206400688,0.013819726962967366,5.010940682806195,0.014133539032146612,50
UP_NorthEastAsia,PD_Luhya,R,-1.5811361997602986,4.182284558699718,-0.3780556242810694,4.160051018821288,50
Oase1_40ka,UstIshim_44ka,D_VA,-0.024123358016945845,0.08424342799216734,-0.28635299621459787,0.08323865575437173,50
Oase1_40ka,UstIshim_44ka,R,-0.9716829647677527,1.025707034539782,-0.9473299217487876,1.0025024490511243,50
Oase1_40ka,Caucasus_Bronze,D_VA,-0.03505327562149169,0.08256178934699385,-0.42457020249607774,0.08185864527430552,50
Oase1_40ka,Caucasus_Bronze,R,-1.173930622438206,1.0023400644914027,-1.1711899623945194,0.9562801862406061,50
Oase1_40ka,Caucasus_Iron_Classical,D_VA,-0.03534648068768082,0.08249846188267992,-0.4284501781129766,0.08190386665008038,50
Oase1_40ka,Caucasus_Iron_Classical,R,-1.1483955127247323,0.9877987097637404,-1.1625804947643665,0.9509565630354534,50
Oase1_40ka,Caucasus_Medieval_Recent,D_VA,-0.039832883284528005,0.08280432017267686,-0.48104837044084275,0.08184836405263246,50
Oase1_40ka,Caucasus_Medieval_Recent,R,-1.2040065861017057,0.9985430283434878,-1.2057633491258433,0.9519125338253328,50
Oase1_40ka,Caucasus_Neolithic,D_VA,-0.03443917935426893,0.08228609209549778,-0.41852977188782114,0.08195734891714347,50
Oase1_40ka,Caucasus_Neolithic,R,-1.1386011558070317,0.9928531693541766,-1.146797120613172,0.9546602688306814,50
Oase1_40ka,CentralAsia_Bronze,D_VA,-0.032584306100782424,0.08320338063305234,-0.39162238184151843,0.08187701475628816,50
Oase1_40ka,CentralAsia_Bronze,R,-1.048920224608594,1.0064282733854033,-1.0422205460109513,0.9505445515831351,50
Oase1_40ka,CentralAsia_Iron_Classical,D_VA,-0.03649252378098904,0.08159799887758609,-0.44722326874382534,0.08173132626371901,50
Oase1_40ka,CentralAsia_Iron_Classical,R,-1.1751207672931074,0.966012422656361,-1.2164654819466358,0.946469141700762,50
Oase1_40ka,CentralAsia_Medieval_Recent,D_VA,-0.03529857489400993,0.08100672994443579,-0.43574867073664075,0.08183860733914823,50
Oase1_40ka,CentralAsia_Medieval_Recent,R,-1.14300201156222,0.9705548735722072,-1.1776789161392873,0.9446295965335025,50
Oase1_40ka,CentralAsia_Neolithic,D_VA,-0.01922786768507153,0.08163113145651137,-0.23554576963465335,0.0818405509875905,50
Oase1_40ka,CentralAsia_Neolithic,R,-0.900512794931535,0.9757118312736097,-0.9229290514557803,0.9500397559602064,50
Oase1_40ka,EastAsia_Bronze,D_VA,-0.04065582817342538,0.08194749631982337,-0.49612044295721336,0.08198568560194563,50
Oase1_40ka,EastAsia_Bronze,R,-1.2634845914127977,0.9722319401284546,-1.299571161225028,0.9519956154993167,50
Oase1_40ka,EastAsia_Iron_Classical,D_VA,-0.04065270007815356,0.08163015595329307,-0.4980108098949868,0.08194123402698876,50
Oase1_40ka,EastAsia_Iron_Classical,R,-1.1966064135661154,0.9620155865542429,-1.2438534575641673,0.9466250504302437,50
Oase1_40ka,EastAsia_LateGlacial_Meso,D_VA,-0.04290872634320309,0.08174883045523622,-0.5248848956524085,0.0822062324173948,50
Oase1_40ka,EastAsia_LateGlacial_Meso,R,-1.2678442354686847,0.9574573091759397,-1.324178345413528,0.9518801999611095,50
Oase1_40ka,EastAsia_Medieval_Recent,D_VA,-0.04097431460816033,0.08211639191196796,-0.4989785066553634,0.08200152828297524,50
Oase1_40ka,EastAsia_Medieval_Recent,R,-1.1856331147991634,0.9657340748574696,-1.2277014404551772,0.9462772302446493,50
Oase1_40ka,EastAsia_Neolithic,D_VA,-0.044766038835036444,0.08179156394946056,-0.5473185335189044,0.0819430850274209,50
Oase1_40ka,EastAsia_Neolithic,R,-1.4452432066577607,0.9808407014891812,-1.473473933599504,0.9651717284153322,50
Oase1_40ka,Europe_Bronze,D_VA,-0.04144190309167057,0.08172006784924385,-0.5071202726865336,0.08187641194331816,50
Oase1_40ka,Europe_Bronze,R,-1.201473952853712,0.9771094992526731,-1.229620583744852,0.9484942095035173,50
Oase1_40ka,Europe_Iron_Classical,D_VA,-0.041912304651963724,0.08213515798769888,-0.5102845806693498,0.08191518513874656,50
Oase1_40ka,Europe_Iron_Classical,R,-1.2571727325187791,0.985509250751405,-1.2756579723226782,0.9531488401585588,50
Oase1_40ka,Europe_LateGlacial_Meso,D_VA,-0.03860167738241293,0.08061967957733512,-0.4788120913502755,0.08202805663469503,50
Oase1_40ka,Europe_LateGlacial_Meso,R,-1.1387544428417422,0.9513731992619788,-1.1969587158069233,0.9503235093016748,50
Oase1_40ka,Europe_Medieval_Recent,D_VA,-0.043275831327459734,0.08207787514340491,-0.5272533097603833,0.08188447078234862,50
Oase1_40ka,Europe_Medieval_Recent,R,-1.2429869386550823,0.9814610962608035,-1.2664658267053548,0.9484466439885229,50
Oase1_40ka,Europe_Neolithic,D_VA,-0.0421460361866201,0.08172121481111351,-0.5157294379927467,0.08198184242828511,50
Oase1_40ka,Europe_Neolithic,R,-1.2746422908005508,0.9758049265677674,-1.306247033701597,0.954749678246284,50
Oase1_40ka,Europe_Palaeolithic,D_VA,-0.03488749245795173,0.08033542289056056,-0.43427284257255117,0.08195203833593157,50
Oase1_40ka,Europe_Palaeolithic,R,-0.8730945596527036,0.9173144227561967,-0.9517942136234722,0.9297786322400035,50
Oase1_40ka,InnerAsia_Bronze,D_VA,-0.03814708180418109,0.08276761055443949,-0.46089383937319617,0.08194143355802307,50
Oase1_40ka,InnerAsia_Bronze,R,-1.107453928205129,0.9939823273438784,-1.1141585697649874,0.9522051945744722,50
Oase1_40ka,InnerAsia_Iron_Classical,D_VA,-0.039197016770286607,0.08163690290177303,-0.48013845916532566,0.08178605464010459,50
Oase1_40ka,InnerAsia_Iron_Classical,R,-1.1324955989881798,0.9608505088247956,-1.1786387045507434,0.9390324595522237,50
Oase1_40ka,InnerAsia_Medieval_Recent,D_VA,-0.03912937794553573,0.08190712905192013,-0.47772859821190905,0.08181442398254406,50
Oase1_40ka,InnerAsia_Medieval_Recent,R,-1.2287425965522984,0.969712680544866,-1.267120273050248,0.9464191890656153,50
Oase1_40ka,NearEast_Bronze,D_VA,-0.0374508204270775,0.0826216163838411,-0.4532811395638832,0.08203579734441918,50
Oase1_40ka,NearEast_Bronze,R,-1.3061667473800667,1.0021766168559307,-1.3033298975562073,0.9666157730888384,50
Oase1_40ka,NearEast_Iron_Classical,D_VA,-0.0367302542989646,0.0820882612831077,-0.4474483162980945,0.08221901975363197,50
Oase1_40ka,NearEast_Iron_Classical,R,-1.2032834498877856,0.9944503541613571,-1.2099985131007795,0.9644695760702074,50
Oase1_40ka,NearEast_Medieval_Recent,D_VA,-0.04358754703428835,0.08240213908206126,-0.52896135367167,0.08190869300699612,50
Oase1_40ka,NearEast_Medieval_Recent,R,-1.6116423899437073,1.012197539929542,-1.592221208180265,0.9878657665367802,50
Oase1_40ka,Siberia_Bronze,D_VA,-0.03799279460215158,0.08170842201428577,-0.46498015339849524,0.08188141057149778,50
Oase1_40ka,Siberia_Bronze,R,-1.0567792246249026,0.9666484798519309,-1.0932404557102058,0.9434760846810403,50
Oase1_40ka,Siberia_Iron_Classical,D_VA,-0.034453963587790355,0.08197816349516297,-0.42028220832030805,0.08184561876225237,50
Oase1_40ka,Siberia_Iron_Classical,R,-1.030173286352113,0.9717379600761846,-1.0601348600926808,0.9425718448247778,50
Oase1_40ka,Siberia_Neolithic,D_VA,-0.033995833153227815,0.08120285085946205,-0.4186531974359432,0.08205731748258122,50
Oase1_40ka,Siberia_Neolithic,R,-0.9989749235101397,0.9674881114229827,-1.0325449085269338,0.9476911665121602,50
Oase1_40ka,SouthAsia_Iron_Classical,D_VA,-0.03459765230178665,0.08249947020277214,-0.4193681755379819,0.08192422876070783,50
Oase1_40ka,SouthAsia_Iron_Classical,R,-1.2024909135467539,0.993145037802483,-1.2107908389770414,0.9613952810600227,50
Oase1_40ka,SouthAsia_Medieval_Recent,D_VA,-0.03795244806784392,0.0822841126834009,-0.46123664496293504,0.0819564968039808,50
Oase1_40ka,SouthAsia_Medieval_Recent,R,-1.159448849657765,0.9775933095391687,-1.1860237159400384,0.9508981786999171,50
Oase1_40ka,WestSiberia_Bronze,D_VA,-0.03534538419696318,0.08219776786792966,-0.430004185195807,0.08188113532438343,50
Oase1_40ka,WestSiberia_Bronze,R,-1.065192742113579,0.9842257392321468,-1.0822646671937266,0.9482308577986689,50
Oase1_40ka,WestSiberia_Iron_Classical,D_VA,-0.036576865336816526,0.08193392262910665,-0.4464190675013863,0.08195003432632171,50
Oase1_40ka,WestSiberia_Iron_Classical,R,-1.1140804927281382,0.9846406148255392,-1.1314590074324056,0.9532933289946679,50
Oase1_40ka,WestSiberia_LateGlacial_Meso,D_VA,-0.042873513397311554,0.08128224976585915,-0.527464649672131,0.08221724110752687,50
Oase1_40ka,WestSiberia_LateGlacial_Meso,R,-1.0909917327720404,0.9678236898209283,-1.1272628932795614,0.9517112044063547,50
Oase1_40ka,WestSiberia_Medieval_Recent,D_VA,-0.03720377084251144,0.08279025865411559,-0.44937377231713727,0.0818611684682698,50
Oase1_40ka,WestSiberia_Medieval_Recent,R,-1.1348326012578354,0.9953764252124485,-1.1401039571693914,0.9455254622863353,50
Oase1_40ka,WestSiberia_Neolithic,D_VA,-0.03662712131547264,0.08184475058222294,-0.4475194933690496,0.08201097573064292,50
Oase1_40ka,WestSiberia_Neolithic,R,-1.0540957746092026,0.9818340531369205,-1.0735987117592924,0.9549610830308175,50
Oase1_40ka,ANC_Americas,D_VA,-0.047200586634471124,0.0824704884998728,-0.5723330550484604,0.08213354058630817,50
Oase1_40ka,ANC_Americas,R,-1.2833711871011024,0.9644641089418167,-1.3306572792109204,0.9499975193924978,50
Oase1_40ka,ANC_Oceania,D_VA,-0.03766462927173209,0.08234450150637004,-0.457403088035191,0.08205949695894021,50
Oase1_40ka,ANC_Oceania,R,-1.0752970230470673,0.9732961630313716,-1.10479940627528,0.9438123190160832,50
Oase1_40ka,ANC_Africa,D_VA,0.0007289858792683471,0.08100609856947735,0.008999148115288012,0.08140275085298354,50
Oase1_40ka,ANC_Africa,R,-1.1477745122455403,0.9919518669015318,-1.1570869016364043,0.9715483798144415,50
Oase1_40ka,PD_French,D_VA,-0.041488909153575566,0.08173722653536011,-0.5075889030272781,0.08208210831026105,50
Oase1_40ka,PD_French,R,-1.4103895902119223,1.009017014146629,-1.397785736452375,0.9792935068503417,50
Oase1_40ka,PD_Sardinian,D_VA,-0.039269329003580704,0.08266994629515247,-0.47501336051894044,0.08205299077232694,50
Oase1_40ka,PD_Sardinian,R,-1.379601090084263,1.027164846344394,-1.3431155622139563,0.9724465240752624,50
Oase1_40ka,PD_Basque,D_VA,-0.04415419566131965,0.08126603984733828,-0.543328993811747,0.08192151230737044,50
Oase1_40ka,PD_Basque,R,-1.4378397241080514,0.9808733762789321,-1.4658770019456326,0.9627079358802241,50
Oase1_40ka,PD_Russian,D_VA,-0.0409684906096574,0.08272541373477185,-0.4952346414489695,0.08181628235584763,50
Oase1_40ka,PD_Russian,R,-1.3489353373648114,1.0123746633328785,-1.3324467573338197,0.9600795760355767,50
Oase1_40ka,PD_Han,D_VA,-0.03819152790854614,0.0818674066635135,-0.4665046746322216,0.08192482217277842,50
Oase1_40ka,PD_Han,R,-1.2970838550473145,0.9779655336339051,-1.3263083518164855,0.9624074937664137,50
Oase1_40ka,PD_Japanese,D_VA,-0.04009474395597271,0.08155449321134153,-0.4916313298897045,0.08195877306646189,50
Oase1_40ka,PD_Japanese,R,-1.4334899692210483,0.9822800387926038,-1.4593495872959623,0.9646417396676632,50
Oase1_40ka,PD_Dai,D_VA,-0.030352602415677242,0.08141491951688161,-0.3728137618484478,0.08200136523475499,50
Oase1_40ka,PD_Dai,R,-1.1148650618519882,0.9632050929320365,-1.1574534541322787,0.9626698455392755,50
Oase1_40ka,PD_Papuan,D_VA,-0.03650664561362315,0.08055346057537574,-0.45319773170344474,0.0827877793415792,50
Oase1_40ka,PD_Papuan,R,-0.837945264110705,0.9464373998751925,-0.8853678692549614,0.9553160390898412,50
Oase1_40ka,PD_Karitiana,D_VA,-0.06437801145263178,0.08192019454225509,-0.7858625313618498,0.08229634061771879,50
Oase1_40ka,PD_Karitiana,R,-1.4817305244789438,0.965815714515196,-1.5341752077648871,0.9642068344520097,50
Oase1_40ka,PD_Mixe,D_VA,-0.060859489088454545,0.08166867776626287,-0.7451998826604666,0.08248202245173024,50
Oase1_40ka,PD_Mixe,R,-1.6676030984058516,1.0102592763933806,-1.650668434700431,0.9957991844631515,50
Oase1_40ka,PD_Mbuti,D_VA,0.054192339679564244,0.08166855859527848,0.6635642971014463,0.08150980226524088,50
Oase1_40ka,PD_Mbuti,R,-2.378200907354884,2.4654978477075264,-0.9645925708538692,2.357615600028682,50
Oase1_40ka,PD_Biaka,D_VA,0.04217487173500807,0.08114811852066703,0.5197270436315398,0.08138040631859544,50
Oase1_40ka,PD_Biaka,R,-0.9708619114931198,2.128841068535035,-0.4560518517999185,2.014665505460931,50
Oase1_40ka,PD_Juhoan,D_VA,0.05980838246049046,0.0786506945078411,0.7604304429190749,0.08175026261129031,50
Oase1_40ka,PD_Juhoan,R,4.331843655371336,3.4142632055325577,1.2687491838215366,3.5443034804043085,50
Oase1_40ka,PD_Mandenka,D_VA,0.032020856488481936,0.08054993902556724,0.3975280040661265,0.08128357069361636,50
Oase1_40ka,PD_Mandenka,R,4.497690415202517,12.241383411998656,0.3674168403870112,12.210819761136033,50
Oase1_40ka,PD_Mende,D_VA,0.03744639619921924,0.08068225143725997,0.46412185495763286,0.08118844960454971,50
Oase1_40ka,PD_Mende,R,-0.2293337391443055,3.3186357553928887,-0.06910482380346529,3.170962501192883,50
Oase1_40ka,PD_Esan,D_VA,0.03578814988466382,0.0812260225695612,0.4405995609844762,0.08114827153232963,50
Oase1_40ka,PD_Esan,R,-1.0661823581534884,9.084956897663426,-0.11735689779966942,9.060620304163082,50
Oase1_40ka,PD_Gambian,D_VA,0.03599120495154387,0.08054044883682726,0.44687117431467344,0.0811758265830529,50
Oase1_40ka,PD_Gambian,R,-0.011273387748390817,1.9548814472077691,-0.005766788448728194,2.1538730788446565,50
Oase1_40ka,PD_Luhya,D_VA,0.03066576985397865,0.08139127014749643,0.376769766565953,0.08119971250726583,50
Oase1_40ka,PD_Luhya,R,-2.6104936119782556,4.286926048552339,-0.6089430007452072,4.244855716544729,50
UstIshim_44ka,Caucasus_Bronze,D_VA,-0.010929917604545848,0.017261198511747712,-0.6332073405625404,0.021684179910057496,50
UstIshim_44ka,Caucasus_Bronze,R,-0.20224765767045327,0.44245835657215304,-0.4570998709060931,0.5438728206273677,50
UstIshim_44ka,Caucasus_Iron_Classical,D_VA,-0.011223122670734977,0.01783099848709809,-0.6294163884796271,0.02185427245325975,50
UstIshim_44ka,Caucasus_Iron_Classical,R,-0.17671254795697955,0.44573662977996764,-0.39645058572864317,0.534456953552859,50
UstIshim_44ka,Caucasus_Medieval_Recent,D_VA,-0.01570952526758216,0.017211662323944964,-0.9127256259104606,0.021645335532613403,50
UstIshim_44ka,Caucasus_Medieval_Recent,R,-0.232323621333953,0.433215966348139,-0.5362766827186932,0.5361560616784689,50
UstIshim_44ka,Caucasus_Neolithic,D_VA,-0.010315821337323082,0.017697563093677253,-0.5828950168291012,0.0220538634654692,50
UstIshim_44ka,Caucasus_Neolithic,R,-0.16691819103927896,0.4450493407261501,-0.3750554731008755,0.5410194814465277,50
UstIshim_44ka,CentralAsia_Bronze,D_VA,-0.00846094808383658,0.017135955192142255,-0.4937540970996687,0.021753422664688615,50
UstIshim_44ka,CentralAsia_Bronze,R,-0.07723725984084129,0.43048054266202523,-0.17942102414947259,0.5337235192168172,50
UstIshim_44ka,CentralAsia_Iron_Classical,D_VA,-0.012369165764043198,0.016770754118826326,-0.7375438025269214,0.02119847978166465,50
UstIshim_44ka,CentralAsia_Iron_Classical,R,-0.2034378025253547,0.42160118868655644,-0.48253612177693017,0.5264310843905191,50
UstIshim_44ka,CentralAsia_Medieval_Recent,D_VA,-0.011175216877064083,0.017045194629549086,-0.6556227206517801,0.021608412793133306,50
UstIshim_44ka,CentralAsia_Medieval_Recent,R,-0.1713190467944672,0.41666097709194444,-0.41117132684269175,0.5231165501758175,50
UstIshim_44ka,CentralAsia_Neolithic,D_VA,0.004895490331874315,0.017850496115334177,0.27424953907409466,0.021615772902664344,50
UstIshim_44ka,CentralAsia_Neolithic,R,0.07117016983621771,0.4280615152142184,0.166261547246548,0.5328239749914876,50
UstIshim_44ka,EastAsia_Bronze,D_VA,-0.016532470156479538,0.01698425032982095,-0.9734000521325232,0.022158937155202944,50
UstIshim_44ka,EastAsia_Bronze,R,-0.29180162664504494,0.4197431597706126,-0.69519090389588,0.5363035542961874,50
UstIshim_44ka,EastAsia_Iron_Classical,D_VA,-0.016529342061207715,0.016832911387970054,-0.9819657265599764,0.02199390111128311,50
UstIshim_44ka,EastAsia_Iron_Classical,R,-0.22492344879836268,0.4150632622670492,-0.5419016069257613,0.5267113407957553,50
UstIshim_44ka,EastAsia_LateGlacial_Meso,D_VA,-0.018785368326257247,0.017269754716210867,-1.0877611543969234,0.022961500397184226,50
UstIshim_44ka,EastAsia_LateGlacial_Meso,R,-0.296161270700932,0.42961493346991975,-0.6893644695003794,0.536098652767196,50
UstIshim_44ka,EastAsia_Medieval_Recent,D_VA,-0.016850956591214487,0.017426394393532715,-0.9669789521961133,0.02221748169731996,50
UstIshim_44ka,EastAsia_Medieval_Recent,R,-0.2139501500314107,0.42083182164206917,-0.5083982223506428,0.5260859691155864,50
UstIshim_44ka,EastAsia_Neolithic,D_VA,-0.0206426808180906,0.016607236135960463,-1.242993153652581,0.02200079625918773,50
UstIshim_44ka,EastAsia_Neolithic,R,-0.473560241890008,0.4200842069517519,-1.127298370310784,0.5593588434565423,50
UstIshim_44ka,Europe_Bronze,D_VA,-0.017318545074724724,0.016639585077786845,-1.040803901886007,0.021751153646165314,50
UstIshim_44ka,Europe_Bronze,R,-0.2297909880859592,0.43564416880793044,-0.5274740362409647,0.5300633130886374,50
UstIshim_44ka,Europe_Iron_Classical,D_VA,-0.01778894663501788,0.01669023720677712,-1.065829467528156,0.021896652907288885,50
UstIshim_44ka,Europe_Iron_Classical,R,-0.2854897677510264,0.4378991479792581,-0.6519532387045183,0.5383479933243984,50
UstIshim_44ka,Europe_LateGlacial_Meso,D_VA,-0.014478319365467084,0.01722058780605112,-0.8407563974314259,0.022315194991124214,50
UstIshim_44ka,Europe_LateGlacial_Meso,R,-0.16707147807398948,0.45057562289925335,-0.37079564357911543,0.5333297504848675,50
UstIshim_44ka,Europe_Medieval_Recent,D_VA,-0.01915247331051389,0.0166615641842635,-1.1495003169392104,0.021781469361190114,50
UstIshim_44ka,Europe_Medieval_Recent,R,-0.2713039738873295,0.42536632994590795,-0.6378125271970401,0.5299781947532299,50
UstIshim_44ka,Europe_Neolithic,D_VA,-0.018022678169674254,0.016717644582246824,-1.0780632451543624,0.022144713594068652,50
UstIshim_44ka,Europe_Neolithic,R,-0.30295932603279807,0.4526099550175016,-0.6693607214650927,0.5411772339374445,50
UstIshim_44ka,Europe_Palaeolithic,D_VA,-0.010764134441005886,0.01723905014648672,-0.6244041492738271,0.022034119897131294,50
UstIshim_44ka,Europe_Palaeolithic,R,0.09858840511504918,0.4134276466790439,0.23846592240984374,0.49579648585976516,50
UstIshim_44ka,InnerAsia_Bronze,D_VA,-0.014023723787235244,0.01762973978400675,-0.7954583538412295,0.021994644479306054,50
UstIshim_44ka,InnerAsia_Bronze,R,-0.13577096343737627,0.4274334972939826,-0.3176423099661629,0.5366754913310362,50
UstIshim_44ka,InnerAsia_Iron_Classical,D_VA,-0.015073658753340761,0.016550998891378732,-0.9107401222286647,0.02140851666560139,50
UstIshim_44ka,InnerAsia_Iron_Classical,R,-0.16081263422042702,0.4071432292950503,-0.3949780388068019,0.5129403576572031,50
UstIshim_44ka,InnerAsia_Medieval_Recent,D_VA,-0.015006019928589888,0.01578764735359293,-0.9504912031858147,0.021516640625865335,50
UstIshim_44ka,InnerAsia_Medieval_Recent,R,-0.2570596317845457,0.3997257618778246,-0.6430899789318946,0.5263412693798745,50
UstIshim_44ka,NearEast_Bronze,D_VA,-0.013327462410131656,0.017497933216718956,-0.7616592339829888,0.02234363216135133,50
UstIshim_44ka,NearEast_Bronze,R,-0.33448378261231393,0.4684121055074537,-0.7140801415666901,0.5618468681099268,50
UstIshim_44ka,NearEast_Iron_Classical,D_VA,-0.012606896282018755,0.018110701534443763,-0.6961020398929539,0.02300723932755259,50
UstIshim_44ka,NearEast_Iron_Classical,R,-0.23160048512003284,0.4504550651024628,-0.5141478097651134,0.5581464087368533,50
UstIshim_44ka,NearEast_Medieval_Recent,D_VA,-0.019464189017342502,0.01718205042025093,-1.1328210860330048,0.021872353379128965,50
UstIshim_44ka,NearEast_Medieval_Recent,R,-0.6399594251759546,0.48252850150179893,-1.326262434621323,0.5976659795538818,50
UstIshim_44ka,Siberia_Bronze,D_VA,-0.013869436585205737,0.016906121762999004,-0.8203795512440114,0.021769962090122,50
UstIshim_44ka,Siberia_Bronze,R,-0.08509625985714986,0.41244058950735957,-0.20632367914805194,0.5210306831520253,50
UstIshim_44ka,Siberia_Iron_Classical,D_VA,-0.01033060557084451,0.017029383677586156,-0.6066341428692756,0.02163495234113343,50
UstIshim_44ka,Siberia_Iron_Classical,R,-0.05849032158436018,0.4208712247833659,-0.1389743896472532,0.5193915027002134,50
UstIshim_44ka,Siberia_Neolithic,D_VA,-0.00987247513628197,0.017830474502812173,-0.5536854969689624,0.02242251557395574,50
UstIshim_44ka,Siberia_Neolithic,R,-0.02729195874238699,0.4221635901397931,-0.06464782700315219,0.5286250065083752,50
UstIshim_44ka,SouthAsia_Iron_Classical,D_VA,-0.010474294284840806,0.016353720596379857,-0.6404838717349401,0.021930460785490748,50
UstIshim_44ka,SouthAsia_Iron_Classical,R,-0.23080794877900113,0.4195018438137894,-0.550195314234312,0.5528170916906249,50
UstIshim_44ka,SouthAsia_Medieval_Recent,D_VA,-0.013829090050898073,0.017687329168427184,-0.781864232819488,0.022050696601424502,50
UstIshim_44ka,SouthAsia_Medieval_Recent,R,-0.18776588489001234,0.42689118884723865,-0.4398448358633226,0.534353063690684,50
UstIshim_44ka,WestSiberia_Bronze,D_VA,-0.011222026180017337,0.016809292187807506,-0.6676084902704678,0.02176892680490133,50
UstIshim_44ka,WestSiberia_Bronze,R,-0.09350977734582622,0.42535951999123495,-0.21983703890711814,0.5295919279052508,50
UstIshim_44ka,WestSiberia_Iron_Classical,D_VA,-0.012453507319870681,0.017446220607299622,-0.7138226438945777,0.02202666516548672,50
UstIshim_44ka,WestSiberia_Iron_Classical,R,-0.14239752796038552,0.4346688676008184,-0.3276000159531955,0.5386037704347574,50
UstIshim_44ka,WestSiberia_LateGlacial_Meso,D_VA,-0.01875015538036571,0.018545527333604532,-1.0110338219604245,0.023000882321345114,50
UstIshim_44ka,WestSiberia_LateGlacial_Meso,R,-0.11930876800428769,0.43882732002678726,-0.27188090294151407,0.5357985321120198,50
UstIshim_44ka,WestSiberia_Medieval_Recent,D_VA,-0.013080412825565595,0.016117153202077655,-0.8115833274997599,0.021693703123662592,50
UstIshim_44ka,WestSiberia_Medieval_Recent,R,-0.16314963649008263,0.4193468648442504,-0.3890565309238166,0.5247325511654378,50
UstIshim_44ka,WestSiberia_Neolithic,D_VA,-0.012503763298526795,0.01796138224413481,-0.6961470519681094,0.022252325553057607,50
UstIshim_44ka,WestSiberia_Neolithic,R,-0.08241280984144983,0.4421841621878718,-0.18637666585271073,0.5415501089688679,50
UstIshim_44ka,ANC_Americas,D_VA,-0.02307722861752528,0.017417176179557684,-1.3249695805805033,0.022699875362430767,50
UstIshim_44ka,ANC_Americas,R,-0.3116882223333497,0.427623805758319,-0.7288841690668343,0.5327486623847121,50
UstIshim_44ka,ANC_Oceania,D_VA,-0.013541271254786248,0.018341177782149647,-0.738298893104081,0.022430490261728064,50
UstIshim_44ka,ANC_Oceania,R,-0.10361405827931458,0.44335693971162293,-0.23370347681195494,0.521639285279893,50
UstIshim_44ka,ANC_Africa,D_VA,0.024852343896214192,0.017547254060009385,1.4163095724962051,0.019894061894446573,50
UstIshim_44ka,ANC_Africa,R,-0.17609154747778755,0.4990468290627018,-0.35285575866400876,0.570291245541142,50
UstIshim_44ka,PD_French,D_VA,-0.01736555113662972,0.01735455140755108,-1.0006338238782626,0.02251307080086115,50
UstIshim_44ka,PD_French,R,-0.4387066254441696,0.461512538004391,-0.9505844138951552,0.5833880552257141,50
UstIshim_44ka,PD_Sardinian,D_VA,-0.015145970986634859,0.016808123793391097,-0.901110152020073,0.022406676391440335,50
UstIshim_44ka,PD_Sardinian,R,-0.4079181253165103,0.4530023446192706,-0.9004768521879248,0.5718199826928583,50
UstIshim_44ka,PD_Basque,D_VA,-0.020030837644373807,0.017026980361004408,-1.176417498562981,0.021920310922836063,50
UstIshim_44ka,PD_Basque,R,-0.46615675934029865,0.4469773279937359,-1.042909181619233,0.5550967665439626,50
UstIshim_44ka,PD_Russian,D_VA,-0.016845132592711552,0.016610913992383947,-1.0141002837312258,0.0215237057859223,50
UstIshim_44ka,PD_Russian,R,-0.3772523725970587,0.4279468182287025,-0.8815403141879378,0.5505257875353828,50
UstIshim_44ka,PD_Han,D_VA,-0.014068169891600292,0.017495543750155308,-0.8041001807374755,0.021932677453255157,50
UstIshim_44ka,PD_Han,R,-0.32540089027956176,0.45200863802165714,-0.7198997163057994,0.5545755444288456,50
UstIshim_44ka,PD_Japanese,D_VA,-0.015971385939026868,0.016980300153055742,-0.9405832520665242,0.02205915535071453,50
UstIshim_44ka,PD_Japanese,R,-0.4618070044532956,0.4334406650695429,-1.0654445733170919,0.5584438524416366,50
UstIshim_44ka,PD_Dai,D_VA,-0.006229244398731397,0.018520284272447493,-0.33634712659344024,0.022216879902246477,50
UstIshim_44ka,PD_Dai,R,-0.14318209708423546,0.4500049602842697,-0.31817893072508985,0.5550307035934258,50
UstIshim_44ka,PD_Papuan,D_VA,-0.012383287596677305,0.021117821748255383,-0.5863903836436317,0.02496361873882002,50
UstIshim_44ka,PD_Papuan,R,0.1337377006570477,0.43978401639875303,0.3040985931052744,0.5421757878798202,50
UstIshim_44ka,PD_Karitiana,D_VA,-0.040254653435685926,0.02041798995642216,-1.97152871176844,0.02328204310825726,50
UstIshim_44ka,PD_Karitiana,R,-0.5100475597111911,0.48071210754368926,-1.0610249912726313,0.5576922717993913,50
UstIshim_44ka,PD_Mixe,D_VA,-0.0367361310715087,0.01987277814097935,-1.8485654502304179,0.023930104052320586,50
UstIshim_44ka,PD_Mixe,R,-0.6959201336380989,0.48419795714393016,-1.437263671542574,0.6106896643945094,50
UstIshim_44ka,PD_Mbuti,D_VA,0.07831569769651009,0.01991040291091206,3.9334059710860254,0.020327658929296923,50
UstIshim_44ka,PD_Mbuti,R,-1.4065179425871315,2.1865368341686824,-0.6432628623527795,2.2225384513927766,50
UstIshim_44ka,PD_Biaka,D_VA,0.06629822975195392,0.018481929983262497,3.587191911883367,0.019802433810187273,50
UstIshim_44ka,PD_Biaka,R,0.000821053274632888,1.9482402369478402,0.0004214332806918975,1.8547784097608395,50
UstIshim_44ka,PD_Juhoan,D_VA,0.0839317404774363,0.022194602854761603,3.781628399781422,0.02127137252840282,50
UstIshim_44ka,PD_Juhoan,R,5.303526620139088,3.529857998697419,1.502475913222624,3.4559243353445828,50
UstIshim_44ka,PD_Mandenka,D_VA,0.05614421450542778,0.018051036318957988,3.1103042237227494,0.019400637023852745,50
UstIshim_44ka,PD_Mandenka,R,5.4693733799702695,12.239443902933328,0.44686453268187043,12.185460397103224,50
UstIshim_44ka,PD_Mende,D_VA,0.06156975421616508,0.01939124561007843,3.175131471913529,0.01899816310640759,50
UstIshim_44ka,PD_Mende,R,0.7423492256234473,3.039839206796875,0.2442067409235346,3.0718608422896088,50
UstIshim_44ka,PD_Esan,D_VA,0.059911507901609665,0.019032436176223393,3.1478633290495504,0.018825722427356095,50
UstIshim_44ka,PD_Esan,R,-0.09449939338573565,9.02446556610062,-0.010471467001958753,9.026414911061485,50
UstIshim_44ka,PD_Gambian,D_VA,0.060114562968489715,0.019118329180835412,3.14434187213126,0.018944146158352933,50
UstIshim_44ka,PD_Gambian,R,0.9604095770193619,2.0317909208647253,0.4726911451157651,2.0051172260475347,50
UstIshim_44ka,PD_Luhya,D_VA,0.05478912787092449,0.01861048445950684,2.943992564521147,0.019046237515314726,50
UstIshim_44ka,PD_Luhya,R,-1.6388106472105028,4.192578590680043,-0.3908837036122644,4.171345814566717,50
Caucasus_Bronze,Caucasus_Iron_Classical,D_VA,-0.00029320506618912834,0.0024362398347975594,-0.12035147853720747,0.015804215222879302,50
Caucasus_Bronze,Caucasus_Iron_Classical,R,0.025535109713473725,0.07266656297896723,0.35140109379969797,0.44170676861903424,50
Caucasus_Bronze,Caucasus_Medieval_Recent,D_VA,-0.004779607663036312,0.0038749993828788845,-1.2334473352832793,0.015514011237239656,50
Caucasus_Bronze,Caucasus_Medieval_Recent,R,-0.03007596366349974,0.10220087448753612,-0.29428284067341953,0.44376114827396984,50
Caucasus_Bronze,Caucasus_Neolithic,D_VA,0.0006140962672227662,0.003228497411648093,0.19021116913619593,0.016079082315335638,50
Caucasus_Bronze,Caucasus_Neolithic,R,0.03532946663117431,0.07971206827498473,0.4432135233186694,0.4496250810926097,50
Caucasus_Bronze,CentralAsia_Bronze,D_VA,0.002468969520709269,0.003873104009058581,0.6374653288253394,0.015664462709533648,50
Caucasus_Bronze,CentralAsia_Bronze,R,0.12501039782961199,0.09890293335127724,1.2639705779565495,0.44081904360865615,50
Caucasus_Bronze,CentralAsia_Iron_Classical,D_VA,-0.00143924815949735,0.004252565128743824,-0.3384423555959726,0.014884204359099177,50
Caucasus_Bronze,CentralAsia_Iron_Classical,R,-0.0011901448549014315,0.11349673097197557,-0.010486159774904002,0.43196101774980106,50
Caucasus_Bronze,CentralAsia_Medieval_Recent,D_VA,-0.0002452992725182346,0.005326557912021014,-0.046052117816018,0.01546245445549409,50
Caucasus_Bronze,CentralAsia_Medieval_Recent,R,0.030928610875986084,0.12756501973908038,0.24245369882156576,0.42791536465838037,50
Caucasus_Bronze,CentralAsia_Neolithic,D_VA,0.015825407936420163,0.004352856927500731,3.63563705400871,0.01547273836556865,50
Caucasus_Bronze,CentralAsia_Neolithic,R,0.273417827506671,0.11891929097888397,2.2991881742317206,0.4397294879452543,50
Caucasus_Bronze,EastAsia_Bronze,D_VA,-0.00560255255193369,0.006768850390567146,-0.8276963189703865,0.016222900178390284,50
Caucasus_Bronze,EastAsia_Bronze,R,-0.08955396897459167,0.1805915845358936,-0.4958922599009164,0.44393933886691067,50
Caucasus_Bronze,EastAsia_Iron_Classical,D_VA,-0.005599424456661867,0.006422650262108729,-0.8718245939213612,0.01599673968165646,50
Caucasus_Bronze,EastAsia_Iron_Classical,R,-0.022675791127909406,0.1731576540747284,-0.13095459885430982,0.43230252227546445,50
Caucasus_Bronze,EastAsia_LateGlacial_Meso,D_VA,-0.007855450721711399,0.009265335097203823,-0.8478323384204516,0.01730301981850779,50
Caucasus_Bronze,EastAsia_LateGlacial_Meso,R,-0.09391361303047874,0.23102675312041088,-0.4065053581977628,0.4436917846226913,50
Caucasus_Bronze,EastAsia_Medieval_Recent,D_VA,-0.005921038986668639,0.0067948038985952705,-0.8714068978344953,0.016302775448386982,50
Caucasus_Bronze,EastAsia_Medieval_Recent,R,-0.01170249236095744,0.16427209399213005,-0.07123846830319264,0.43154035864928303,50
Caucasus_Bronze,EastAsia_Neolithic,D_VA,-0.00971276321354475,0.00729874116086482,-1.3307449873169492,0.016006218491201183,50
Caucasus_Bronze,EastAsia_Neolithic,R,-0.27131258421955473,0.19784836743489506,-1.3713157593217653,0.4715325545451838,50
Caucasus_Bronze,Europe_Bronze,D_VA,-0.006388627470178876,0.0025066791788957874,-2.5486418541175735,0.01566131154433985,50
Caucasus_Bronze,Europe_Bronze,R,-0.02754333041550594,0.07153034178455507,-0.38505800095943526,0.4363802815496697,50
Caucasus_Bronze,Europe_Iron_Classical,D_VA,-0.00685902903047203,0.0022343142137636407,-3.0698587460168305,0.015862767819395985,50
Caucasus_Bronze,Europe_Iron_Classical,R,-0.08324211008057314,0.05631136829097429,-1.4782469793744184,0.44640698489077507,50
Caucasus_Bronze,Europe_LateGlacial_Meso,D_VA,-0.0035484017609212354,0.006138686866240805,-0.5780392188491279,0.016435690488740568,50
Caucasus_Bronze,Europe_LateGlacial_Meso,R,0.0351761795964638,0.13883948180092187,0.25335862061846326,0.44034220442187594,50
Caucasus_Bronze,Europe_Medieval_Recent,D_VA,-0.00822255570596804,0.0021808630657701757,-3.770321867074323,0.015703388229367753,50
Caucasus_Bronze,Europe_Medieval_Recent,R,-0.06905631621687625,0.06226483555508484,-1.1090740961771766,0.4362768858841352,50
Caucasus_Bronze,Europe_Neolithic,D_VA,-0.007092760565128406,0.003949913220427916,-1.7956750362125697,0.016203466743666645,50
Caucasus_Bronze,Europe_Neolithic,R,-0.1007116683623448,0.10248376592782132,-0.9827085046159935,0.4498148872314585,50
Caucasus_Bronze,Europe_Palaeolithic,D_VA,0.00016578316353996203,0.007766090574148379,0.02134705511828796,0.016051991589548606,50
Caucasus_Bronze,Europe_Palaeolithic,R,0.30083606278550246,0.20003799922868654,1.5038945797572292,0.3940492223488818,50
Caucasus_Bronze,InnerAsia_Bronze,D_VA,-0.003093806182689396,0.004891459642093479,-0.6324914052373308,0.015997761722217587,50
Caucasus_Bronze,InnerAsia_Bronze,R,0.066476694233077,0.13662947555181182,0.4865472400050903,0.44438858810535986,50
Caucasus_Bronze,InnerAsia_Iron_Classical,D_VA,-0.004143741148794913,0.004101114599198965,-1.0103938937976213,0.015181850353995534,50
Caucasus_Bronze,InnerAsia_Iron_Classical,R,0.041435023450026254,0.11321638659674856,0.3659807974406438,0.4154135827778933,50
Caucasus_Bronze,InnerAsia_Medieval_Recent,D_VA,-0.00407610232404404,0.005300100283419974,-0.769061358479404,0.015333943334068397,50
Caucasus_Bronze,InnerAsia_Medieval_Recent,R,-0.05481197411409244,0.13823263318653103,-0.39651978588969794,0.4318515556244804,50
Caucasus_Bronze,NearEast_Bronze,D_VA,-0.002397544805585808,0.0032936921952207193,-0.7279201162345231,0.0164742797266392,50
Caucasus_Bronze,NearEast_Bronze,R,-0.13223612494186066,0.10698659948966179,-1.236006430456169,0.4744813351943358,50
Caucasus_Bronze,NearEast_Iron_Classical,D_VA,-0.0016769786774729067,0.005799837234542364,-0.28914236894188095,0.017363670574652833,50
Caucasus_Bronze,NearEast_Iron_Classical,R,-0.029352827449579566,0.15545749560951197,-0.18881577459159554,0.47009365857104757,50
Caucasus_Bronze,NearEast_Medieval_Recent,D_VA,-0.008534271412796654,0.004500596209083704,-1.8962535220492893,0.0158292083406365,50
Caucasus_Bronze,NearEast_Medieval_Recent,R,-0.43771176750550134,0.16834888526267705,-2.600027715197126,0.5163964149362068,50
Caucasus_Bronze,Siberia_Bronze,D_VA,-0.0029395189806598887,0.003996169322222667,-0.7355841916690682,0.015687423107544816,50
Caucasus_Bronze,Siberia_Bronze,R,0.11715139781330342,0.1130536034274709,1.0362464730145593,0.4253629121453025,50
Caucasus_Bronze,Siberia_Iron_Classical,D_VA,0.000599312033701338,0.004353326932763239,0.13766759146686222,0.015499521191085126,50
Caucasus_Bronze,Siberia_Iron_Classical,R,0.1437573360860931,0.12498471924861182,1.1501992959646528,0.4233534779827041,50
Caucasus_Bronze,Siberia_Neolithic,D_VA,0.0010574424682638778,0.0066949008553245405,0.15794744255590884,0.016581109703939292,50
Caucasus_Bronze,Siberia_Neolithic,R,0.17495569892806628,0.17692858454229674,0.9888492545207763,0.43463206479601313,50
Caucasus_Bronze,SouthAsia_Iron_Classical,D_VA,0.00045562331970504244,0.006521940089660206,0.0698600897035809,0.015909403025058153,50
Caucasus_Bronze,SouthAsia_Iron_Classical,R,-0.028560291108547853,0.19122217386514,-0.1493565862748223,0.46375356721878364,50
Caucasus_Bronze,SouthAsia_Medieval_Recent,D_VA,-0.0028991724463522245,0.007241593247100599,-0.40035008145659107,0.01607473841024656,50
Caucasus_Bronze,SouthAsia_Medieval_Recent,R,0.014481772780440938,0.22946266459751524,0.06311167355195856,0.44158105815182613,50
Caucasus_Bronze,WestSiberia_Bronze,D_VA,-0.00029210857547148916,0.0026836283069712453,-0.10884837319411203,0.015685986375964175,50
Caucasus_Bronze,WestSiberia_Bronze,R,0.10873788032462706,0.07095771116033482,1.5324321845574305,0.4358075772003814,50
Caucasus_Bronze,WestSiberia_Iron_Classical,D_VA,-0.001523589715324833,0.003621123682874168,-0.4207505318115854,0.01604175715631701,50
Caucasus_Bronze,WestSiberia_Iron_Classical,R,0.059850129710067757,0.09417978389689584,0.6354880764601162,0.4467154080277543,50
Caucasus_Bronze,WestSiberia_LateGlacial_Meso,D_VA,-0.00782023777581986,0.0068374608404796495,-1.1437341958175322,0.017355246524038432,50
Caucasus_Bronze,WestSiberia_LateGlacial_Meso,R,0.08293888966616558,0.16598323376598556,0.4996823340789857,0.4433291116724247,50
Caucasus_Bronze,WestSiberia_Medieval_Recent,D_VA,-0.0021504952210197464,0.003974656322705836,-0.5410518662292162,0.015581423220212913,50
Caucasus_Bronze,WestSiberia_Medieval_Recent,R,0.039098021180370646,0.10249833234846296,0.38145031518609823,0.4298893863489246,50
Caucasus_Bronze,WestSiberia_Neolithic,D_VA,-0.0015738456939809464,0.004517544327012535,-0.34838522437293606,0.016350228954636763,50
Caucasus_Bronze,WestSiberia_Neolithic,R,0.11983484782900344,0.11924493827511046,1.0049470406243324,0.4502634281918295,50
Caucasus_Bronze,ANC_Americas,D_VA,-0.012147311012979431,0.00826959918276844,-1.4689117023097167,0.0169543013958014,50
Caucasus_Bronze,ANC_Americas,R,-0.10944056466289642,0.2263230302692621,-0.48355911695196147,0.43963822799611735,50
Caucasus_Bronze,ANC_Oceania,D_VA,-0.0026113536502404,0.008362308930720597,-0.3122766298010201,0.016591892228774253,50
Caucasus_Bronze,ANC_Oceania,R,0.0986335993911387,0.20804707611185114,0.4740926968765035,0.4261081766291087,50
Caucasus_Bronze,ANC_Africa,D_VA,0.03578226150076004,0.005896812530497789,6.068068353147971,0.012959077629594369,50
Caucasus_Bronze,ANC_Africa,R,0.026156110192665727,0.1644744143492114,0.15902844400546812,0.4844509665422634,50
Caucasus_Bronze,PD_French,D_VA,-0.006435633532083873,0.0042964816649529005,-1.4978845562359504,0.01670336347070161,50
Caucasus_Bronze,PD_French,R,-0.23645896777371633,0.1420576437073492,-1.6645282971245243,0.49980221810522907,50
Caucasus_Bronze,PD_Sardinian,D_VA,-0.004216053382089011,0.00467299847342745,-0.9022158697596814,0.01655968421379199,50
Caucasus_Bronze,PD_Sardinian,R,-0.205670467646057,0.12330619719973766,-1.667965376573097,0.4862496548582085,50
Caucasus_Bronze,PD_Basque,D_VA,-0.009100920039827959,0.005366560928877109,-1.695857022857322,0.01589540893791625,50
Caucasus_Bronze,PD_Basque,R,-0.2639091016698454,0.12198896337989083,-2.1633850666309478,0.46646870685012576,50
Caucasus_Bronze,PD_Russian,D_VA,-0.005915214988165704,0.004078425370368228,-1.4503673479335084,0.015343855614177521,50
Caucasus_Bronze,PD_Russian,R,-0.1750047149266054,0.12676351296810415,-1.3805606268630277,0.46101982276722075,50
Caucasus_Bronze,PD_Han,D_VA,-0.003138252287054444,0.00715952028711576,-0.43833275990599935,0.01591245847184869,50
Caucasus_Bronze,PD_Han,R,-0.12315323260910849,0.2138537934376167,-0.5758758384851075,0.46584833231580486,50
Caucasus_Bronze,PD_Japanese,D_VA,-0.00504146833448102,0.008046952132244562,-0.6265065644269946,0.01608633983032621,50
Caucasus_Bronze,PD_Japanese,R,-0.2595593467828423,0.21817903582747947,-1.1896621772042455,0.47044677761966075,50
Caucasus_Bronze,PD_Dai,D_VA,0.004700673205814451,0.007893114688885499,0.595540973506136,0.016301955310349288,50
Caucasus_Bronze,PD_Dai,R,0.05906556058621781,0.21905612865098328,0.2696366495197471,0.4663900901330124,50
Caucasus_Bronze,PD_Papuan,D_VA,-0.0014533699921314563,0.013280031945548791,-0.10944024819297199,0.019883315993237848,50
Caucasus_Bronze,PD_Papuan,R,0.335985358327501,0.2787574310690248,1.2052965082904128,0.4510157638109448,50
Caucasus_Bronze,PD_Karitiana,D_VA,-0.029324735831140078,0.01158918413379408,-2.5303537757786674,0.01772618192517868,50
Caucasus_Bronze,PD_Karitiana,R,-0.3077999020407378,0.3043974580571644,-1.0111776359937095,0.4695543677441753,50
Caucasus_Bronze,PD_Mixe,D_VA,-0.025806213466962852,0.011630904012136069,-2.218762483125628,0.018569164609768315,50
Caucasus_Bronze,PD_Mixe,R,-0.49367247596764563,0.31425100903308634,-1.5709495332620194,0.5314155628518463,50
Caucasus_Bronze,PD_Mbuti,D_VA,0.08924561530105593,0.011303437284836352,7.895440391462127,0.013615348394205964,50
Caucasus_Bronze,PD_Mbuti,R,-1.2042702849166782,2.2668061169096676,-0.5312630294815234,2.202075793918608,50
Caucasus_Bronze,PD_Biaka,D_VA,0.07722814735649977,0.012216182738935053,6.321790448530254,0.012817970945380943,50
Caucasus_Bronze,PD_Biaka,R,0.20306871094508616,1.9055379865201367,0.10656765301012289,1.8302086174963266,50
Caucasus_Bronze,PD_Juhoan,D_VA,0.09486165808198216,0.014182584156417514,6.688601811613997,0.014987837855804025,50
Caucasus_Bronze,PD_Juhoan,R,5.505774277809542,3.442071793790134,1.5995524229746017,3.442800262267587,50
Caucasus_Bronze,PD_Mandenka,D_VA,0.06707413210997364,0.010929127499175984,6.137190010367322,0.012188056091152023,50
Caucasus_Bronze,PD_Mandenka,R,5.6716210376407235,12.209664605056682,0.46451898730222274,12.181744773373556,50
Caucasus_Bronze,PD_Mende,D_VA,0.07249967182071093,0.011746573206981605,6.171984845556538,0.011536645776283872,50
Caucasus_Bronze,PD_Mende,R,0.9445968832939006,3.1128913006959285,0.30344679336625835,3.0570884299665084,50
Caucasus_Bronze,PD_Esan,D_VA,0.0708414255061555,0.01173859133877713,6.034917091980087,0.011250414181781939,50
Caucasus_Bronze,PD_Esan,R,0.10774826428471762,8.986579219214303,0.011989908691211432,9.021398271935231,50
Caucasus_Bronze,PD_Gambian,D_VA,0.07104448057303556,0.011051702654071667,6.428374233074517,0.011447474307410352,50
Caucasus_Bronze,PD_Gambian,R,1.1626572346898152,1.9403497832172047,0.5991998168299669,1.9824115930944886,50
Caucasus_Bronze,PD_Luhya,D_VA,0.06571904547547035,0.010241512786087823,6.4169275426520755,0.011615642807850286,50
Caucasus_Bronze,PD_Luhya,R,-1.4365629895400496,4.072813784499782,-0.3527200273696006,4.1604791237243495,50
Caucasus_Iron_Classical,Caucasus_Medieval_Recent,D_VA,-0.004486402596847183,0.0038863641163622994,-1.1543958472544076,0.015750876507634903,50
Caucasus_Iron_Classical,Caucasus_Medieval_Recent,R,-0.05561107337697346,0.1080566876917139,-0.5146472149473251,0.43216958118459264,50
Caucasus_Iron_Classical,Caucasus_Neolithic,D_VA,0.0009073013334118946,0.003941509122426366,0.23019135697277443,0.01630774215496756,50
Caucasus_Iron_Classical,Caucasus_Neolithic,R,0.009794356917700586,0.10774866700559106,0.0909000286490074,0.4381886622579021,50
Caucasus_Iron_Classical,CentralAsia_Bronze,D_VA,0.002762174586898397,0.004370542056823937,0.6319981711617857,0.015899086705466355,50
Caucasus_Iron_Classical,CentralAsia_Bronze,R,0.09947528811613826,0.11127682658326411,0.8939443293856406,0.42914801571472316,50
Caucasus_Iron_Classical,CentralAsia_Iron_Classical,D_VA,-0.0011460430933082216,0.004740542384535523,-0.2417535801487219,0.015130932076147647,50
Caucasus_Iron_Classical,CentralAsia_Iron_Classical,R,-0.026725254568375156,0.12179021122852739,-0.21943680283325756,0.4200439394150068,50
Caucasus_Iron_Classical,CentralAsia_Medieval_Recent,D_VA,4.790579367089376e-05,0.005338060243044715,0.008974382357957302,0.015700097575422765,50
Caucasus_Iron_Classical,CentralAsia_Medieval_Recent,R,0.00539350116251236,0.13040827719173967,0.041358579981716034,0.4158823745899177,50
Caucasus_Iron_Classical,CentralAsia_Neolithic,D_VA,0.01611861300260929,0.004036529720280654,3.9931857609334256,0.01571022592513891,50
Caucasus_Iron_Classical,CentralAsia_Neolithic,R,0.24788271779319726,0.10423628315323337,2.3780847733106074,0.4280287522496935,50
Caucasus_Iron_Classical,EastAsia_Bronze,D_VA,-0.005309347485744562,0.006605792444266614,-0.8037411908623802,0.016449560975527043,50
Caucasus_Iron_Classical,EastAsia_Bronze,R,-0.1150890786880654,0.172453217131853,-0.6673640573493705,0.4323525491741938,50
Caucasus_Iron_Classical,EastAsia_Iron_Classical,D_VA,-0.005306219390472738,0.006359913083771797,-0.8343226268315357,0.01622655991059871,50
Caucasus_Iron_Classical,EastAsia_Iron_Classical,R,-0.04821090084138313,0.158810521143419,-0.3035749803871288,0.4203951247928101,50
Caucasus_Iron_Classical,EastAsia_LateGlacial_Meso,D_VA,-0.007562245655522271,0.009522438745166343,-0.7941500972490813,0.017515708975923302,50
Caucasus_Iron_Classical,EastAsia_LateGlacial_Meso,R,-0.11944872274395246,0.22758043320599752,-0.5248637638185345,0.43209835677250924,50
Caucasus_Iron_Classical,EastAsia_Medieval_Recent,D_VA,-0.005627833920479511,0.006709551361956962,-0.8387794677881489,0.01652834091523091,50
Caucasus_Iron_Classical,EastAsia_Medieval_Recent,R,-0.037237602074431164,0.16018793090069733,-0.23246197054330678,0.4196113336493496,50
Caucasus_Iron_Classical,EastAsia_Neolithic,D_VA,-0.009419558147355622,0.0071402742279173675,-1.3192151795132192,0.016235904547564864,50
Caucasus_Iron_Classical,EastAsia_Neolithic,R,-0.29684769393302846,0.19051137870477938,-1.5581625410051236,0.46064035882642834,50
Caucasus_Iron_Classical,Europe_Bronze,D_VA,-0.0060954224039897476,0.0033695969932268383,-1.8089470094619737,0.015895982051400265,50
Caucasus_Iron_Classical,Europe_Bronze,R,-0.053078440128979665,0.08858380130550429,-0.5991890091273556,0.4245872587692699,50
Caucasus_Iron_Classical,Europe_Iron_Classical,D_VA,-0.006565823964282902,0.002900491707007715,-2.2636934104722948,0.016094501203256707,50
Caucasus_Iron_Classical,Europe_Iron_Classical,R,-0.10877721979404686,0.07543403588011173,-1.4420177645927348,0.43488594636192446,50
Caucasus_Iron_Classical,Europe_LateGlacial_Meso,D_VA,-0.003255196694732107,0.006616958551064582,-0.4919475722283901,0.016659456411637324,50
Caucasus_Iron_Classical,Europe_LateGlacial_Meso,R,0.009641069882990072,0.1488567678477928,0.06476742725495786,0.4286581938782357,50
Caucasus_Iron_Classical,Europe_Medieval_Recent,D_VA,-0.007929350639778912,0.002870653597511444,-2.7622108939416545,0.01593743919115654,50
Caucasus_Iron_Classical,Europe_Medieval_Recent,R,-0.09459142593034997,0.07758265680214226,-1.2192341668781064,0.42448099055268973,50
Caucasus_Iron_Classical,Europe_Neolithic,D_VA,-0.006799555498939278,0.004136946346840404,-1.6436170375118455,0.016430395631349775,50
Caucasus_Iron_Classical,Europe_Neolithic,R,-0.12624677807581852,0.10405887799992443,-1.213224479279031,0.43838342003192105,50
Caucasus_Iron_Classical,Europe_Palaeolithic,D_VA,0.00045898822972909037,0.008020867696334548,0.057224261402397045,0.016281031910800554,50
Caucasus_Iron_Classical,Europe_Palaeolithic,R,0.27530095307202873,0.19427985928385538,1.4170329033942541,0.38094800146160684,50
Caucasus_Iron_Classical,InnerAsia_Bronze,D_VA,-0.0028006011165002676,0.005359902646411471,-0.5225096986370282,0.01622756747668661,50
Caucasus_Iron_Classical,InnerAsia_Bronze,R,0.04094158451960328,0.14334242735364616,0.2856208400782454,0.43281382535925206,50
Caucasus_Iron_Classical,InnerAsia_Iron_Classical,D_VA,-0.003850536082605785,0.004500261843720383,-0.855624898355366,0.015423817499590724,50
Caucasus_Iron_Classical,InnerAsia_Iron_Classical,R,0.01589991373655253,0.10830377844272525,0.14680848595657212,0.4030074874493023,50
Caucasus_Iron_Classical,InnerAsia_Medieval_Recent,D_VA,-0.0037828972578549114,0.0052394933563235,-0.7219967658303001,0.015573547581138582,50
Caucasus_Iron_Classical,InnerAsia_Medieval_Recent,R,-0.08034708382756617,0.13124801663483657,-0.6121775085646514,0.41993137091567434,50
Caucasus_Iron_Classical,NearEast_Bronze,D_VA,-0.0021043397393966795,0.0036936847121134945,-0.5697128757350257,0.016697528517751428,50
Caucasus_Iron_Classical,NearEast_Bronze,R,-0.15777123465533438,0.1167791959960403,-1.3510217578538906,0.4636584169748605,50
Caucasus_Iron_Classical,NearEast_Iron_Classical,D_VA,-0.0013837736112837784,0.006119174792968336,-0.22613729107295644,0.017575625790128536,50
Caucasus_Iron_Classical,NearEast_Iron_Classical,R,-0.05488793716305329,0.1620725415201935,-0.33866277808825807,0.45916733116865643,50
Caucasus_Iron_Classical,NearEast_Medieval_Recent,D_VA,-0.008241066346607526,0.004656016274834137,-1.7699822896132595,0.016061425926138777,50
Caucasus_Iron_Classical,NearEast_Medieval_Recent,R,-0.46324687721897506,0.17077054434719438,-2.7126860723541744,0.506469986813435,50
Caucasus_Iron_Classical,Siberia_Bronze,D_VA,-0.0026463139144707604,0.004754426370295191,-0.5566000413855303,0.015921708760202147,50
Caucasus_Iron_Classical,Siberia_Bronze,R,0.09161628809982969,0.12485866483727946,0.7337599534579959,0.41325560759966257,50
Caucasus_Iron_Classical,Siberia_Iron_Classical,D_VA,0.0008925170998904663,0.004334564838972333,0.20590696714599616,0.01573660456523146,50
Caucasus_Iron_Classical,Siberia_Iron_Classical,R,0.11822222637261937,0.1277364248548421,0.925516950290142,0.4111870103783507,50
Caucasus_Iron_Classical,Siberia_Neolithic,D_VA,0.0013506475344530061,0.0069865705508322835,0.1933205318154425,0.016802939180501623,50
Caucasus_Iron_Classical,Siberia_Neolithic,R,0.14942058921459256,0.17428106935757706,0.8573540991306543,0.4227902812656409,50
Caucasus_Iron_Classical,SouthAsia_Iron_Classical,D_VA,0.0007488283858941708,0.0064412961164865105,0.1162543022944626,0.01614046686757531,50
Caucasus_Iron_Classical,SouthAsia_Iron_Classical,R,-0.05409540082202158,0.17589267225494815,-0.3075477797256548,0.4526742330771444,50
Caucasus_Iron_Classical,SouthAsia_Medieval_Recent,D_VA,-0.002605967380163096,0.007183699191496048,-0.3627612057097268,0.016303459174280253,50
Caucasus_Iron_Classical,SouthAsia_Medieval_Recent,R,-0.011053336933032787,0.2151664185192276,-0.05137110618423499,0.4299307166303896,50
Caucasus_Iron_Classical,WestSiberia_Bronze,D_VA,1.0964907176391758e-06,0.003561768657506517,0.00030785006637876216,0.01592029317181378,50
Caucasus_Iron_Classical,WestSiberia_Bronze,R,0.08320277061115333,0.09150918209993357,0.9092286555494602,0.42399862562171164,50
Caucasus_Iron_Classical,WestSiberia_Iron_Classical,D_VA,-0.0012303846491357046,0.004069780230521331,-0.3023221352122237,0.016270941544723673,50
Caucasus_Iron_Classical,WestSiberia_Iron_Classical,R,0.03431501999659403,0.10939562050643357,0.31367818782632123,0.43520253440580625,50
Caucasus_Iron_Classical,WestSiberia_LateGlacial_Meso,D_VA,-0.007527032709630732,0.007421029460761309,-1.0142841703337677,0.017567303378712252,50
Caucasus_Iron_Classical,WestSiberia_LateGlacial_Meso,R,0.05740377995269186,0.17784130109783755,0.32278092658078206,0.43172594483085586,50
Caucasus_Iron_Classical,WestSiberia_Medieval_Recent,D_VA,-0.001857290154830618,0.004796058361767655,-0.38725345163358016,0.015817279021910085,50
Caucasus_Iron_Classical,WestSiberia_Medieval_Recent,R,0.01356291146689692,0.12031585020989509,0.11272755371163451,0.4179132382197158,50
Caucasus_Iron_Classical,WestSiberia_Neolithic,D_VA,-0.001280640627791818,0.00514668749777355,-0.248828130393738,0.01657514865570168,50
Caucasus_Iron_Classical,WestSiberia_Neolithic,R,0.09429973811552972,0.13752593235895214,0.6856869573470763,0.4388436452210432,50
Caucasus_Iron_Classical,ANC_Americas,D_VA,-0.011854105946790303,0.008074485814147386,-1.4680942192034825,0.017171310430751638,50
Caucasus_Iron_Classical,ANC_Americas,R,-0.13497567437637015,0.2169443100297637,-0.6221673864497859,0.4279349970490846,50
Caucasus_Iron_Classical,ANC_Oceania,D_VA,-0.0023181485840512717,0.00805718999909371,-0.2877117933562473,0.016813579447007298,50
Caucasus_Iron_Classical,ANC_Oceania,R,0.07309848967766497,0.19262929494713316,0.3794775332470938,0.4140226664978835,50
Caucasus_Iron_Classical,ANC_Africa,D_VA,0.03607546656694917,0.006061884410319683,5.9511967112957,0.013241724173966922,50
Caucasus_Iron_Classical,ANC_Africa,R,0.0006210004791920021,0.15602223387658196,0.003980205024389224,0.47385581052422177,50
Caucasus_Iron_Classical,PD_French,D_VA,-0.006142428465894745,0.004532782267219424,-1.355112181389365,0.01692359055649644,50
Caucasus_Iron_Classical,PD_French,R,-0.26199407748719006,0.15512669763216727,-1.6889038539866565,0.48953942375128573,50
Caucasus_Iron_Classical,PD_Sardinian,D_VA,-0.003922848315899882,0.0047698945285856754,-0.8224182510515696,0.016781796904684503,50
Caucasus_Iron_Classical,PD_Sardinian,R,-0.23120557735953073,0.1329672860422639,-1.7388154954598503,0.47569456275383354,50
Caucasus_Iron_Classical,PD_Basque,D_VA,-0.00880771497363883,0.005616976823376485,-1.5680525753610506,0.01612667328971337,50
Caucasus_Iron_Classical,PD_Basque,R,-0.2894442113833191,0.1407507991785143,-2.0564303227594247,0.45545542554048307,50
Caucasus_Iron_Classical,PD_Russian,D_VA,-0.005622009921976576,0.0049040810326728135,-1.1463941734487364,0.015583307453756207,50
Caucasus_Iron_Classical,PD_Russian,R,-0.20053982464007913,0.15732580992249934,-1.2746784824363375,0.4498731678686267,50
Caucasus_Iron_Classical,PD_Han,D_VA,-0.0028450472208653155,0.006766281632453661,-0.42047425386779447,0.016143478581392423,50
Caucasus_Iron_Classical,PD_Han,R,-0.1486883423225822,0.1933182638261979,-0.7691375836907988,0.45482002913817515,50
Caucasus_Iron_Classical,PD_Japanese,D_VA,-0.004748263268291891,0.007852310210015737,-0.6046963430246823,0.016314897953291226,50
Caucasus_Iron_Classical,PD_Japanese,R,-0.28509445649631604,0.21644311603094962,-1.317179597689537,0.45952884649013764,50
Caucasus_Iron_Classical,PD_Dai,D_VA,0.00499387827200358,0.00795309058588921,0.6279166844728237,0.016527531970327334,50
Caucasus_Iron_Classical,PD_Dai,R,0.03353045087274409,0.2087622344360936,0.16061550099478575,0.4553749074752729,50
Caucasus_Iron_Classical,PD_Papuan,D_VA,-0.001160164925942328,0.013368021621096855,-0.08678658359673835,0.020068677609063203,50
Caucasus_Iron_Classical,PD_Papuan,R,0.31045024861402726,0.2768225020709944,1.1214776482816726,0.4396155245095468,50
Caucasus_Iron_Classical,PD_Karitiana,D_VA,-0.02903153076495095,0.011469739663190844,-2.531141213093103,0.01793385323164261,50
Caucasus_Iron_Classical,PD_Karitiana,R,-0.33333501175421154,0.29661704480554857,-1.1237891334691636,0.4586151921289418,50
Caucasus_Iron_Classical,PD_Mixe,D_VA,-0.025513008400773723,0.01118955385575252,-2.2800737839657077,0.01876751023429157,50
Caucasus_Iron_Classical,PD_Mixe,R,-0.5192075856811194,0.31595869071203214,-1.643276798340484,0.5217749425039292,50
Caucasus_Iron_Classical,PD_Mbuti,D_VA,0.08953882036724506,0.011327291916569256,7.904697877192526,0.013884641802551972,50
Caucasus_Iron_Classical,PD_Mbuti,R,-1.229805394630152,2.265085563775013,-0.5429399287594887,2.19976916796879,50
Caucasus_Iron_Classical,PD_Biaka,D_VA,0.0775213524226889,0.012188809172435018,6.360043161394583,0.01310366152059022,50
Caucasus_Iron_Classical,PD_Biaka,R,0.17753360123161244,1.9077251077534296,0.09306036834661106,1.8274326728341181,50
Caucasus_Iron_Classical,PD_Juhoan,D_VA,0.09515486314817129,0.014257103246208075,6.674207341065541,0.015232887109193679,50
Caucasus_Iron_Classical,PD_Juhoan,R,5.480239168096068,3.444077602481672,1.5912066453285532,3.441325360388581,50
Caucasus_Iron_Classical,PD_Mandenka,D_VA,0.06736733717616276,0.011209775489700176,6.009695487484256,0.012488165492602774,50
Caucasus_Iron_Classical,PD_Mandenka,R,5.646085927927249,12.219032735788947,0.4620730666667371,12.181328019300595,50
Caucasus_Iron_Classical,PD_Mende,D_VA,0.07279287688690006,0.012012228474798914,6.059897798282481,0.011853259545669927,50
Caucasus_Iron_Classical,PD_Mende,R,0.9190617735804268,3.097958704038986,0.2966668898401368,3.055427344712835,50
Caucasus_Iron_Classical,PD_Esan,D_VA,0.07113463057234463,0.012078744896164588,5.889240246719036,0.011574860057521513,50
Caucasus_Iron_Classical,PD_Esan,R,0.0822131545712439,8.987871365501348,0.009147121852100294,9.020835514023068,50
Caucasus_Iron_Classical,PD_Gambian,D_VA,0.07133768563922468,0.011280176261160195,6.3241640899578835,0.011766487755842304,50
Caucasus_Iron_Classical,PD_Gambian,R,1.1371221249763415,1.9422510762306076,0.5854660805147771,1.979849063595319,50
Caucasus_Iron_Classical,PD_Luhya,D_VA,0.06601225054165948,0.010376715761923092,6.361574515116677,0.01193016026418467,50
Caucasus_Iron_Classical,PD_Luhya,R,-1.4620980992535233,4.056854888879857,-0.3604018727071662,4.159258723514319,50
Caucasus_Medieval_Recent,Caucasus_Neolithic,D_VA,0.005393703930259078,0.005262019533163763,1.0250254481697334,0.016026658418117436,50
Caucasus_Medieval_Recent,Caucasus_Neolithic,R,0.06540543029467405,0.13874464728501282,0.47140867467352837,0.4402594587342025,50
Caucasus_Medieval_Recent,CentralAsia_Bronze,D_VA,0.00724857718374558,0.004852985288401927,1.4936326308404109,0.015610646492892136,50
Caucasus_Medieval_Recent,CentralAsia_Bronze,R,0.15508636149311172,0.12282869982518459,1.2626231631030673,0.4312622249460848,50
Caucasus_Medieval_Recent,CentralAsia_Iron_Classical,D_VA,0.0033403595035389616,0.005537983655942474,0.6031725102609548,0.014827556486188213,50
Caucasus_Medieval_Recent,CentralAsia_Iron_Classical,R,0.028885818808598307,0.13918755219438395,0.20753162443906975,0.4222037402876022,50
Caucasus_Medieval_Recent,CentralAsia_Medieval_Recent,D_VA,0.004534308390518077,0.006088944623422924,0.7446788681696201,0.015407932688582992,50
Caucasus_Medieval_Recent,CentralAsia_Medieval_Recent,R,0.06100457453948582,0.129659096894592,0.47049976438660723,0.4180636754946689,50
Caucasus_Medieval_Recent,CentralAsia_Neolithic,D_VA,0.020605015599456475,0.005687410974509678,3.622916594528826,0.015418252964490344,50
Caucasus_Medieval_Recent,CentralAsia_Neolithic,R,0.3034937911701707,0.12545438540028436,2.419156494225532,0.4301484627730206,50
Caucasus_Medieval_Recent,EastAsia_Bronze,D_VA,-0.0008229448888973784,0.007457784421458569,-0.11034710074609927,0.016170942524964052,50
Caucasus_Medieval_Recent,EastAsia_Bronze,R,-0.05947800531109193,0.19775948761732723,-0.30075930124871847,0.4344511641726684,50
Caucasus_Medieval_Recent,EastAsia_Iron_Classical,D_VA,-0.0008198167936255552,0.007398555747195758,-0.11080767944963944,0.015944045044792042,50
Caucasus_Medieval_Recent,EastAsia_Iron_Classical,R,0.0074001725355903325,0.19354039652232494,0.03823580331838744,0.42255313065119465,50
Caucasus_Medieval_Recent,EastAsia_LateGlacial_Meso,D_VA,-0.0030758430586750873,0.010344825608111393,-0.2973315525264451,0.017254315019361057,50
Caucasus_Medieval_Recent,EastAsia_LateGlacial_Meso,R,-0.063837649366979,0.2521589688198777,-0.25316430212950125,0.43419820036368856,50
Caucasus_Medieval_Recent,EastAsia_Medieval_Recent,D_VA,-0.0011414313236323276,0.007404998695682696,-0.1541433524219,0.01625107317281553,50
Caucasus_Medieval_Recent,EastAsia_Medieval_Recent,R,0.0183734713025423,0.18395117696506286,0.09988232533044299,0.42177334979885694,50
Caucasus_Medieval_Recent,EastAsia_Neolithic,D_VA,-0.004933155550508439,0.008085574905174779,-0.6101180940580011,0.01595355516290165,50
Caucasus_Medieval_Recent,EastAsia_Neolithic,R,-0.241236620556055,0.21852838505229127,-1.1039143518968024,0.4626106650881536,50
Caucasus_Medieval_Recent,Europe_Bronze,D_VA,-0.0016090198071425643,0.004400828191874969,-0.36561750129514664,0.015607484462159427,50
Caucasus_Medieval_Recent,Europe_Bronze,R,0.0025326332479937985,0.12159640842206752,0.020828191234093817,0.42672406492107534,50
Caucasus_Medieval_Recent,Europe_Iron_Classical,D_VA,-0.0020794213674357187,0.004051594040584972,-0.513235370228625,0.015809626650864973,50
Caucasus_Medieval_Recent,Europe_Iron_Classical,R,-0.0531661464170734,0.11241833203150163,-0.47293128670664936,0.4369723945704921,50
Caucasus_Medieval_Recent,Europe_LateGlacial_Meso,D_VA,0.0012312059021150762,0.0073625861882501715,0.16722465050119714,0.016384407642308963,50
Caucasus_Medieval_Recent,Europe_LateGlacial_Meso,R,0.06525214325996354,0.17049299905348014,0.3827262328788954,0.4307748071237619,50
Caucasus_Medieval_Recent,Europe_Medieval_Recent,D_VA,-0.003442948042931729,0.004130054197885635,-0.8336326541899456,0.015649705870396442,50
Caucasus_Medieval_Recent,Europe_Medieval_Recent,R,-0.03898035255337651,0.11571550772723317,-0.33686368680386164,0.42661832897117286,50
Caucasus_Medieval_Recent,Europe_Neolithic,D_VA,-0.0023131529020920943,0.005140222433495833,-0.4500102732945223,0.0161514465748671,50
Caucasus_Medieval_Recent,Europe_Neolithic,R,-0.07063570469884506,0.13701931498905168,-0.5155164051468882,0.4404533008531629,50
Caucasus_Medieval_Recent,Europe_Palaeolithic,D_VA,0.004945390826576274,0.008726326834174845,0.5667207887754878,0.015999478927096796,50
Caucasus_Medieval_Recent,Europe_Palaeolithic,R,0.3309120264490022,0.2074231459695289,1.5953476402176168,0.383328145446112,50
Caucasus_Medieval_Recent,InnerAsia_Bronze,D_VA,0.0016858014803469157,0.006049528344669379,0.2786665975096028,0.015945070462952664,50
Caucasus_Medieval_Recent,InnerAsia_Bronze,R,0.09655265789657674,0.16104237906701718,0.5995481341988664,0.43491021452211526,50
Caucasus_Medieval_Recent,InnerAsia_Iron_Classical,D_VA,0.0006358665142413983,0.0053206987611307275,0.11950808395442165,0.015126317202769137,50
Caucasus_Medieval_Recent,InnerAsia_Iron_Classical,R,0.07151098711352599,0.13879862084206696,0.5152139601941383,0.4052580933353,50
Caucasus_Medieval_Recent,InnerAsia_Medieval_Recent,D_VA,0.0007035053389922719,0.005889880243557537,0.11944306333932331,0.015278962992300749,50
Caucasus_Medieval_Recent,InnerAsia_Medieval_Recent,R,-0.024736010450592705,0.14301926641260893,-0.1729557916989282,0.42209174779031255,50
Caucasus_Medieval_Recent,NearEast_Bronze,D_VA,0.0023820628574505037,0.004700325166440592,0.506786822847485,0.01642311737945116,50
Caucasus_Medieval_Recent,NearEast_Bronze,R,-0.10216016127836092,0.14577892392967606,-0.7007882794336108,0.4656159521592841,50
Caucasus_Medieval_Recent,NearEast_Iron_Classical,D_VA,0.003102628985563405,0.007169289957436282,0.43276656460870727,0.017315136377538003,50
Caucasus_Medieval_Recent,NearEast_Iron_Classical,R,0.0007231362139201725,0.1791927188281577,0.004035522306091275,0.46114393120381597,50
Caucasus_Medieval_Recent,NearEast_Medieval_Recent,D_VA,-0.0037546637497603425,0.00552101083565749,-0.6800681725728228,0.015775954127689118,50
Caucasus_Medieval_Recent,NearEast_Medieval_Recent,R,-0.4076358038420016,0.20701652457201478,-1.9690979002026356,0.508262663212993,50
Caucasus_Medieval_Recent,Siberia_Bronze,D_VA,0.0018400886823764229,0.005721222819510922,0.3216250687005619,0.015633685928238623,50
Caucasus_Medieval_Recent,Siberia_Bronze,R,0.14722736147680315,0.15405643719364057,0.9556715977518444,0.4154507004280164,50
Caucasus_Medieval_Recent,Siberia_Iron_Classical,D_VA,0.00537891969673765,0.0057657329193463586,0.9329116995151138,0.015445130271401796,50
Caucasus_Medieval_Recent,Siberia_Iron_Classical,R,0.17383329974959283,0.15789291098300262,1.1009569629652733,0.413393087481454,50
Caucasus_Medieval_Recent,Siberia_Neolithic,D_VA,0.005837050131300189,0.007608110079647623,0.767214205655991,0.01653027800618444,50
Caucasus_Medieval_Recent,Siberia_Neolithic,R,0.20503166259156602,0.1968821089143572,1.0413930637077533,0.4249361236777157,50
Caucasus_Medieval_Recent,SouthAsia_Iron_Classical,D_VA,0.005235230982741354,0.007083361355252094,0.7390885089971574,0.015856418150433746,50
Caucasus_Medieval_Recent,SouthAsia_Iron_Classical,R,0.0015156725549518857,0.19430962547191175,0.007800295797343207,0.45467906105905515,50
Caucasus_Medieval_Recent,SouthAsia_Medieval_Recent,D_VA,0.001880435216684087,0.007718517234028164,0.24362648416381388,0.016022300300067134,50
Caucasus_Medieval_Recent,SouthAsia_Medieval_Recent,R,0.044557736443940676,0.23226765489266685,0.19183788833848278,0.4320410957025773,50
Caucasus_Medieval_Recent,WestSiberia_Bronze,D_VA,0.004487499087564822,0.004478449633420463,1.0020206667228828,0.015632244257770826,50
Caucasus_Medieval_Recent,WestSiberia_Bronze,R,0.1388138439881268,0.12225157973515391,1.1354768935407904,0.42613838339518717,50
Caucasus_Medieval_Recent,WestSiberia_Iron_Classical,D_VA,0.0032560179477114787,0.005556241394424571,0.5860108869601564,0.015989210881401348,50
Caucasus_Medieval_Recent,WestSiberia_Iron_Classical,R,0.0899260933735675,0.15414761950936026,0.5833764651040033,0.4372874720670604,50
Caucasus_Medieval_Recent,WestSiberia_LateGlacial_Meso,D_VA,-0.003040630112783549,0.008112647350648617,-0.3748012185615891,0.017306688702863508,50
Caucasus_Medieval_Recent,WestSiberia_LateGlacial_Meso,R,0.11301485332966532,0.1905502650435425,0.5930973294833276,0.43382759100091633,50
Caucasus_Medieval_Recent,WestSiberia_Medieval_Recent,D_VA,0.002629112442016565,0.005464137282842796,0.48115783076532287,0.0155273191992393,50
Caucasus_Medieval_Recent,WestSiberia_Medieval_Recent,R,0.06917398484387038,0.14110704366157603,0.49022347183301324,0.4200839939260387,50
Caucasus_Medieval_Recent,WestSiberia_Neolithic,D_VA,0.003205761969055365,0.006498184002289212,0.4933319782767037,0.01629867721064251,50
Caucasus_Medieval_Recent,WestSiberia_Neolithic,R,0.14991081149250318,0.17152456119994183,0.8739903512579517,0.44091136549703047,50
Caucasus_Medieval_Recent,ANC_Americas,D_VA,-0.007367703349943119,0.008725792529475284,-0.8443592172350409,0.016904591913659096,50
Caucasus_Medieval_Recent,ANC_Americas,R,-0.07936460099939668,0.243385870449809,-0.3260854907177664,0.4300551696851966,50
Caucasus_Medieval_Recent,ANC_Oceania,D_VA,0.0021682540127959116,0.008769099275825957,0.24726074418762753,0.01654109366634911,50
Caucasus_Medieval_Recent,ANC_Oceania,R,0.12870956305463843,0.2151354558956637,0.5982722025934206,0.41621371391099166,50
Caucasus_Medieval_Recent,ANC_Africa,D_VA,0.04056186916379635,0.006451552936113263,6.2871481588172236,0.01289397475402866,50
Caucasus_Medieval_Recent,ANC_Africa,R,0.056232073856165465,0.19813494150136796,0.2838069521209475,0.4757713909443593,50
Caucasus_Medieval_Recent,PD_French,D_VA,-0.0016560258690475615,0.005748928831128125,-0.2880581613884053,0.016652904947247013,50
Caucasus_Medieval_Recent,PD_French,R,-0.2063830041102166,0.17857585686621943,-1.1557161630467716,0.491393869192834,50
Caucasus_Medieval_Recent,PD_Sardinian,D_VA,0.000563554280947301,0.005308918954418397,0.10615236092053688,0.016508786545600097,50
Caucasus_Medieval_Recent,PD_Sardinian,R,-0.17559450398255727,0.1463817193124021,-1.1995657982935042,0.47760276832020565,50
Caucasus_Medieval_Recent,PD_Basque,D_VA,-0.004321312376791647,0.006057558705255512,-0.7133752369650986,0.015842377260097774,50
Caucasus_Medieval_Recent,PD_Basque,R,-0.23383313800634564,0.1563516849344343,-1.495558798131296,0.4574480647328456,50
Caucasus_Medieval_Recent,PD_Russian,D_VA,-0.0011356073251293924,0.005491394364500793,-0.20679762729672888,0.015288910917930101,50
Caucasus_Medieval_Recent,PD_Russian,R,-0.14492875126310567,0.16280575443245254,-0.8901942794855942,0.4518904230471329,50
Caucasus_Medieval_Recent,PD_Han,D_VA,0.0016413553759818678,0.007566906956377073,0.21691232434126892,0.015859483805155335,50
Caucasus_Medieval_Recent,PD_Han,R,-0.09307726894560875,0.22559205190658574,-0.41259108270423744,0.4568154399523003,50
Caucasus_Medieval_Recent,PD_Japanese,D_VA,-0.00026186067144470804,0.008618659549156343,-0.030382992848387993,0.016033939661992454,50
Caucasus_Medieval_Recent,PD_Japanese,R,-0.22948338311934258,0.2304773616965014,-0.9956873049489879,0.4615038981743487,50
Caucasus_Medieval_Recent,PD_Dai,D_VA,0.009480280868850763,0.008916556392436055,1.0632222184892945,0.016250250425402697,50
Caucasus_Medieval_Recent,PD_Dai,R,0.08914152424971755,0.23736866604481605,0.3755404019201394,0.4573678974651332,50
Caucasus_Medieval_Recent,PD_Papuan,D_VA,0.0033262376709048552,0.013877152299409426,0.23969166001344605,0.019840946218228184,50
Caucasus_Medieval_Recent,PD_Papuan,R,0.3660613219910007,0.2914880989380897,1.2558362530909022,0.4416796312525257,50
Caucasus_Medieval_Recent,PD_Karitiana,D_VA,-0.024545128168103766,0.011915679807410854,-2.059901622468752,0.017678642979375044,50
Caucasus_Medieval_Recent,PD_Karitiana,R,-0.2777239383772381,0.31702136097290967,-0.876041720106584,0.46059416162716327,50
Caucasus_Medieval_Recent,PD_Mixe,D_VA,-0.02102660580392654,0.012091922326692496,-1.738896863198587,0.018523789198010954,50
Caucasus_Medieval_Recent,PD_Mixe,R,-0.4635965123041459,0.3335778302314419,-1.3897701534376397,0.5235152126715534,50
Caucasus_Medieval_Recent,PD_Mbuti,D_VA,0.09402522296409224,0.010993651116777636,8.552683905040285,0.013553398239677094,50
Caucasus_Medieval_Recent,PD_Mbuti,R,-1.1741943212531785,2.252952465876697,-0.5211802463822783,2.2001826014264507,50
Caucasus_Medieval_Recent,PD_Biaka,D_VA,0.08200775501953608,0.011923837239080352,6.877631200026434,0.012752147705555534,50
Caucasus_Medieval_Recent,PD_Biaka,R,0.2331446746085859,1.913660209819433,0.1218318034791478,1.8279303217068237,50
Caucasus_Medieval_Recent,PD_Juhoan,D_VA,0.09964126574501847,0.014253420279996019,6.990691622617775,0.01493158315583272,50
Caucasus_Medieval_Recent,PD_Juhoan,R,5.5358502414730415,3.4345369811351123,1.6118184989359021,3.441589650630528,50
Caucasus_Medieval_Recent,PD_Mandenka,D_VA,0.07185373977300995,0.011054363483281315,6.500034116091982,0.012118811956159034,50
Caucasus_Medieval_Recent,PD_Mandenka,R,5.701697001304223,12.208891096591989,0.46701186505757303,12.181402686106036,50
Caucasus_Medieval_Recent,PD_Mende,D_VA,0.07727927948374724,0.011983179376932261,6.44897961158043,0.011463467525802292,50
Caucasus_Medieval_Recent,PD_Mende,R,0.9746728469574003,3.08238388769403,0.3162074817639166,3.055725011530404,50
Caucasus_Medieval_Recent,PD_Esan,D_VA,0.07562103316919182,0.01136808443865556,6.652047104088461,0.011175361793217944,50
Caucasus_Medieval_Recent,PD_Esan,R,0.13782422794821736,8.970978130875674,0.015363344546996916,9.020936340443455,50
Caucasus_Medieval_Recent,PD_Gambian,D_VA,0.07582408823607187,0.01124125762775123,6.745160616983402,0.011373722344355665,50
Caucasus_Medieval_Recent,PD_Gambian,R,1.192733198353315,1.9643726671274506,0.6071827501537564,1.9803084108019198,50
Caucasus_Medieval_Recent,PD_Luhya,D_VA,0.07049865313850666,0.009728475305802372,7.246629191365581,0.011542965381011905,50
Caucasus_Medieval_Recent,PD_Luhya,R,-1.4064870258765498,4.083320989912175,-0.3444468434764911,4.159477397030008,50
Caucasus_Neolithic,CentralAsia_Bronze,D_VA,0.0018548732534865026,0.005049117372994553,0.36736584168301994,0.016172341430979818,50
Caucasus_Neolithic,CentralAsia_Bronze,R,0.08968093119843767,0.12400182466879935,0.7232226738434656,0.4372937954002446,50
Caucasus_Neolithic,CentralAsia_Iron_Classical,D_VA,-0.002053344426720116,0.005275780764803055,-0.3892020002837945,0.015417807067973157,50
Caucasus_Neolithic,CentralAsia_Iron_Classical,R,-0.03651961148607574,0.12272048487122088,-0.29758366359453603,0.42836287787685884,50
Caucasus_Neolithic,CentralAsia_Medieval_Recent,D_VA,-0.0008593955397410008,0.005973569690470249,-0.14386632855594053,0.015976756027743715,50
Caucasus_Neolithic,CentralAsia_Medieval_Recent,R,-0.004400855755188227,0.1412148698152178,-0.03116425176007899,0.42428291692951225,50
Caucasus_Neolithic,CentralAsia_Neolithic,D_VA,0.015211311669197397,0.00526878421461934,2.887062944614517,0.015986709101974556,50
Caucasus_Neolithic,CentralAsia_Neolithic,R,0.23808836087549667,0.14391458811832256,1.6543726663744962,0.43619543424489926,50
Caucasus_Neolithic,EastAsia_Bronze,D_VA,-0.006216648819156456,0.007600733623752486,-0.8179011562422436,0.016713818402143525,50
Caucasus_Neolithic,EastAsia_Bronze,R,-0.12488343560576598,0.19168729682618685,-0.6514956268542119,0.44043906602513183,50
Caucasus_Neolithic,EastAsia_Iron_Classical,D_VA,-0.006213520723884633,0.0070309814004131995,-0.8837344845656219,0.016494390435069086,50
Caucasus_Neolithic,EastAsia_Iron_Classical,R,-0.05800525775908372,0.17889125719975268,-0.3242487009542013,0.4287072486595359,50
Caucasus_Neolithic,EastAsia_LateGlacial_Meso,D_VA,-0.008469546988934165,0.00963244223793717,-0.879273062814437,0.0177641135501181,50
Caucasus_Neolithic,EastAsia_LateGlacial_Meso,R,-0.12924307966165305,0.22725389175516675,-0.5687166836328321,0.44018954329830395,50
Caucasus_Neolithic,EastAsia_Medieval_Recent,D_VA,-0.006535135253891405,0.007464891235585095,-0.8754494938571177,0.01679135857226405,50
Caucasus_Neolithic,EastAsia_Medieval_Recent,R,-0.04703195899213175,0.17719823867876958,-0.26542001400698306,0.42793868185833883,50
Caucasus_Neolithic,EastAsia_Neolithic,D_VA,-0.010326859480767517,0.008017548318566884,-1.2880320854260117,0.016503583422090087,50
Caucasus_Neolithic,EastAsia_Neolithic,R,-0.30664205085072904,0.2135777206389389,-1.4357398792972365,0.46823859760106,50
Caucasus_Neolithic,Europe_Bronze,D_VA,-0.007002723737401642,0.003356528287246598,-2.0862996340620934,0.01616928924445007,50
Caucasus_Neolithic,Europe_Bronze,R,-0.06287279704668025,0.08845322516820929,-0.7108027652707589,0.4328188817656523,50
Caucasus_Neolithic,Europe_Iron_Classical,D_VA,-0.0074731252976947965,0.0031450449718718938,-2.3761584856597073,0.016364493217752907,50
Caucasus_Neolithic,Europe_Iron_Classical,R,-0.11857157671174745,0.08275409079196193,-1.4328183123880631,0.44292621332087967,50
Caucasus_Neolithic,Europe_LateGlacial_Meso,D_VA,-0.004162498028144002,0.0059971927634143414,-0.6940744098700931,0.016920436082545072,50
Caucasus_Neolithic,Europe_LateGlacial_Meso,R,-0.0001532870347105142,0.13477222994606258,-0.0011373784849583735,0.4368131079565011,50
Caucasus_Neolithic,Europe_Medieval_Recent,D_VA,-0.008836651973190807,0.0033678046105627404,-2.623861237518246,0.01621004741708246,50
Caucasus_Neolithic,Europe_Medieval_Recent,R,-0.10438578284805056,0.08403308517249629,-1.242198624907986,0.43271463511679314,50
Caucasus_Neolithic,Europe_Neolithic,D_VA,-0.007706856832351172,0.00455848578451258,-1.6906615917362644,0.01669495642087535,50
Caucasus_Neolithic,Europe_Neolithic,R,-0.1360411349935191,0.1202561179339046,-1.131261654964534,0.44636069166376025,50
Caucasus_Neolithic,Europe_Palaeolithic,D_VA,-0.0004483131036828042,0.00772268724074129,-0.058051438535243756,0.016547980824643087,50
Caucasus_Neolithic,Europe_Palaeolithic,R,0.26550659615432814,0.18876187391355967,1.4065689784151667,0.3901015559072524,50
Caucasus_Neolithic,InnerAsia_Bronze,D_VA,-0.003707902449912162,0.005350246920716924,-0.6930338926143075,0.016495381641619157,50
Caucasus_Neolithic,InnerAsia_Bronze,R,0.031147227601902694,0.1393981725783677,0.22344071680274114,0.440891881900513,50
Caucasus_Neolithic,InnerAsia_Iron_Classical,D_VA,-0.0047578374160176795,0.005075596361897867,-0.9373947565520417,0.015705343535017957,50
Caucasus_Neolithic,InnerAsia_Iron_Classical,R,0.006105556818851943,0.12450693044362209,0.04903788726537272,0.411670838223776,50
Caucasus_Neolithic,InnerAsia_Medieval_Recent,D_VA,-0.004690198591266806,0.006498311486206365,-0.7217565057049746,0.01585241475467497,50
Caucasus_Neolithic,InnerAsia_Medieval_Recent,R,-0.09014144074526675,0.15564583817231378,-0.5791445618062216,0.4282524960613591,50
Caucasus_Neolithic,NearEast_Bronze,D_VA,-0.003011641072808574,0.004560598216366188,-0.6603609723831804,0.016957922275248567,50
Caucasus_Neolithic,NearEast_Bronze,R,-0.16756559157303497,0.12932029360341465,-1.2957408841562548,0.47120799201127767,50
Caucasus_Neolithic,NearEast_Iron_Classical,D_VA,-0.002291074944695673,0.006489024418633899,-0.35306924383218785,0.01782319531416521,50
Caucasus_Neolithic,NearEast_Iron_Classical,R,-0.06468229408075388,0.1816880770000683,-0.3560073679503447,0.46678954799375416,50
Caucasus_Neolithic,NearEast_Medieval_Recent,D_VA,-0.00914836768001942,0.005928074396037594,-1.5432275421736126,0.016331964734014465,50
Caucasus_Neolithic,NearEast_Medieval_Recent,R,-0.47304123413667565,0.19423083691447202,-2.4354589706318133,0.5133903891255346,50
Caucasus_Neolithic,Siberia_Bronze,D_VA,-0.003553615247882655,0.0047532508545277,-0.7476178633613805,0.016194581783329484,50
Caucasus_Neolithic,Siberia_Bronze,R,0.0818219311821291,0.11615340698758046,0.7044298854778991,0.4217084790660878,50
Caucasus_Neolithic,Siberia_Iron_Classical,D_VA,-1.4784233521428214e-05,0.005057912184849034,-0.00292299134131161,0.01601263228000671,50
Caucasus_Neolithic,Siberia_Iron_Classical,R,0.10842786945491878,0.12815003512543982,0.8461009733534917,0.41968154785212164,50
Caucasus_Neolithic,Siberia_Neolithic,D_VA,0.00044334620104111155,0.007762807726547712,0.05711157826631849,0.01706172425037651,50
Caucasus_Neolithic,Siberia_Neolithic,R,0.13962623229689197,0.19509848576844432,0.7156705073693372,0.4310562214332911,50
Caucasus_Neolithic,SouthAsia_Iron_Classical,D_VA,-0.00015847294751772378,0.007444051263075093,-0.02128853522325954,0.01640970261752313,50
Caucasus_Neolithic,SouthAsia_Iron_Classical,R,-0.06388975773972216,0.214754634963897,-0.29750118199061387,0.46040395892699226,50
Caucasus_Neolithic,SouthAsia_Medieval_Recent,D_VA,-0.0035132687135749907,0.00824026729963691,-0.4263537317205469,0.01657004678145696,50
Caucasus_Neolithic,SouthAsia_Medieval_Recent,R,-0.020847693850733373,0.24334610315958044,-0.08567095827732225,0.43806194220222683,50
Caucasus_Neolithic,WestSiberia_Bronze,D_VA,-0.0009062048426942554,0.003281204060600411,-0.27618058065197976,0.01619319004917653,50
Caucasus_Neolithic,WestSiberia_Bronze,R,0.07340841369345275,0.0738832739288331,0.993572831709681,0.43224145871580516,50
Caucasus_Neolithic,WestSiberia_Iron_Classical,D_VA,-0.002137685982547599,0.004625774731857215,-0.4621249642412513,0.0165380533329671,50
Caucasus_Neolithic,WestSiberia_Iron_Classical,R,0.024520663078893445,0.1044140340551307,0.23484068306322228,0.44323705853290707,50
Caucasus_Neolithic,WestSiberia_LateGlacial_Meso,D_VA,-0.008434334043042627,0.006255360844339036,-1.3483369309822493,0.017814988557166244,50
Caucasus_Neolithic,WestSiberia_LateGlacial_Meso,R,0.04760942303499127,0.15541481852364122,0.3063377320596303,0.4398239824563481,50
Caucasus_Neolithic,WestSiberia_Medieval_Recent,D_VA,-0.0027645914882425127,0.0051892274229499,-0.5327558927203341,0.01609192297238606,50
Caucasus_Neolithic,WestSiberia_Medieval_Recent,R,0.0037685545491963346,0.1218115075575564,0.03093759058367846,0.42627376037349013,50
Caucasus_Neolithic,WestSiberia_Neolithic,D_VA,-0.0021879419612037126,0.004184867961459323,-0.5228222207614757,0.01683743514466673,50
Caucasus_Neolithic,WestSiberia_Neolithic,R,0.08450538119782913,0.10853813665918552,0.7785777773500914,0.4468127001938951,50
Caucasus_Neolithic,ANC_Americas,D_VA,-0.012761407280202197,0.008190641906956952,-1.558047272139066,0.017424625424998078,50
Caucasus_Neolithic,ANC_Americas,R,-0.14477003129407073,0.21734288687557618,-0.6660904958759853,0.43610343475265906,50
Caucasus_Neolithic,ANC_Oceania,D_VA,-0.0032254499174631662,0.008263614887098349,-0.39031948626973556,0.017072203229609104,50
Caucasus_Neolithic,ANC_Oceania,R,0.06330413275996438,0.21169497856377917,0.2990346449851771,0.42246019040577587,50
Caucasus_Neolithic,ANC_Africa,D_VA,0.035168165233537274,0.007188708287224115,4.892139704157795,0.013568600826602177,50
Caucasus_Neolithic,ANC_Africa,R,-0.009173356438508584,0.20138341856806635,-0.045551696876215485,0.48124543974071476,50
Caucasus_Neolithic,PD_French,D_VA,-0.007049729799306639,0.005589354919185173,-1.2612778936454374,0.017180558390698042,50
Caucasus_Neolithic,PD_French,R,-0.27178843440489064,0.17583032471310014,-1.5457426632656455,0.4966957735982939,50
Caucasus_Neolithic,PD_Sardinian,D_VA,-0.004830149649311777,0.004966894733119606,-0.9724686970118365,0.01704090304656205,50
Caucasus_Neolithic,PD_Sardinian,R,-0.24099993427723132,0.13952880687205949,-1.7272414183131048,0.4830560641760205,50
Caucasus_Neolithic,PD_Basque,D_VA,-0.009715016307050725,0.0058366164539031375,-1.6644945549838166,0.016396135541200063,50
Caucasus_Neolithic,PD_Basque,R,-0.2992385683010197,0.14625566958532696,-2.0459963647866726,0.4631387359722023,50
Caucasus_Neolithic,PD_Russian,D_VA,-0.00652931125538847,0.004608583219439363,-1.4167719111260326,0.015862003041562663,50
Caucasus_Neolithic,PD_Russian,R,-0.21033418155777972,0.13192893921847232,-1.5942990431346493,0.4576502062403341,50
Caucasus_Neolithic,PD_Han,D_VA,-0.00375234855427721,0.007652491044697253,-0.4903434100556546,0.016412664926821762,50
Caucasus_Neolithic,PD_Han,R,-0.1584826992402828,0.22301561137655443,-0.7106350011196751,0.4625138949360519,50
Caucasus_Neolithic,PD_Japanese,D_VA,-0.005655564601703786,0.008610677040813926,-0.6568083525716804,0.016581301653324915,50
Caucasus_Neolithic,PD_Japanese,R,-0.2948888134140166,0.22814677614182352,-1.2925399096181138,0.4671451646546534,50
Caucasus_Neolithic,PD_Dai,D_VA,0.004086576938591685,0.008293673066022245,0.49273426937139464,0.016790562299173944,50
Caucasus_Neolithic,PD_Dai,R,0.023736093955043502,0.23222880296186763,0.10220994834538681,0.4630595539040094,50
Caucasus_Neolithic,PD_Papuan,D_VA,-0.0020674662593542226,0.0130037285817079,-0.15899026547374176,0.020285844578640647,50
Caucasus_Neolithic,PD_Papuan,R,0.30065589169632667,0.26939261073891824,1.116050996616634,0.44757083628568856,50
Caucasus_Neolithic,PD_Karitiana,D_VA,-0.029938832098362844,0.011894678698610332,-2.5169937630900976,0.018176544254240062,50
Caucasus_Neolithic,PD_Karitiana,R,-0.3431293686719121,0.3114145877182245,-1.1018410254512032,0.4662464354342379,50
Caucasus_Neolithic,PD_Mixe,D_VA,-0.026420309734185618,0.011193381311936073,-2.3603510858700307,0.0189995555128663,50
Caucasus_Neolithic,PD_Mixe,R,-0.5290019425988199,0.31229125012420295,-1.6939377660707045,0.5284949713371409,50
Caucasus_Neolithic,PD_Mbuti,D_VA,0.08863151903383316,0.012267865472002515,7.224689513926143,0.014196723117586784,50
Caucasus_Neolithic,PD_Mbuti,R,-1.2395997515478525,2.250054003574497,-0.5509199999549302,2.201372807238649,50
Caucasus_Neolithic,PD_Biaka,D_VA,0.076614051089277,0.012773414831569579,5.997930240230269,0.013433897965164322,50
Caucasus_Neolithic,PD_Biaka,R,0.16773924431391185,1.9005348573837537,0.08825896755443836,1.8293627354478705,50
Caucasus_Neolithic,PD_Juhoan,D_VA,0.09424756181475938,0.014407890491093076,6.541385213402545,0.015517877399106112,50
Caucasus_Neolithic,PD_Juhoan,R,5.470444811178368,3.430700510758564,1.5945562120690022,3.442350661997883,50
Caucasus_Neolithic,PD_Mandenka,D_VA,0.06646003584275087,0.011546752840553204,5.755733820623355,0.012834248971516953,50
Caucasus_Neolithic,PD_Mandenka,R,5.636291571009549,12.2287723884657,0.4609041195603375,12.181617715143643,50
Caucasus_Neolithic,PD_Mende,D_VA,0.07188557555348817,0.012329221337400966,5.830504099672676,0.012217341410849767,50
Caucasus_Neolithic,PD_Mende,R,0.9092674166627263,3.107393517322564,0.292614183428619,3.056582094909704,50
Caucasus_Neolithic,PD_Esan,D_VA,0.07022732923893274,0.012250626969353948,5.732549804562065,0.011947428787963385,50
Caucasus_Neolithic,PD_Esan,R,0.07241879765354331,8.973143718924627,0.008070616042938208,9.021226702348383,50
Caucasus_Neolithic,PD_Gambian,D_VA,0.07043038430581279,0.011580338893138576,6.081893194640723,0.012133173673884182,50
Caucasus_Neolithic,PD_Gambian,R,1.1273277680586409,1.9194644413110105,0.5873137026121028,1.9816306817171883,50
Caucasus_Neolithic,PD_Luhya,D_VA,0.06510494920824758,0.011012291044719761,5.912025839479106,0.012291964579406343,50
Caucasus_Neolithic,PD_Luhya,R,-1.4718924561712239,4.0827436193436695,-0.36051552421698263,4.160107086750728,50
CentralAsia_Bronze,CentralAsia_Iron_Classical,D_VA,-0.003908217680206619,0.004356614097493035,-0.8970768566478171,0.014984901690043686,50
CentralAsia_Bronze,CentralAsia_Iron_Classical,R,-0.12620054268451342,0.1166263000263859,-1.082093341347204,0.4191103324942719,50
CentralAsia_Bronze,CentralAsia_Medieval_Recent,D_VA,-0.0027142687932275034,0.005982319384575689,-0.4537151259803592,0.015559409919565597,50
CentralAsia_Bronze,CentralAsia_Medieval_Recent,R,-0.0940817869536259,0.14601185907485867,-0.6443434632620574,0.41493940432155857,50
CentralAsia_Bronze,CentralAsia_Neolithic,D_VA,0.013356438415710895,0.005162555199521232,2.5871759040851616,0.015569629789631712,50
CentralAsia_Bronze,CentralAsia_Neolithic,R,0.148407429677059,0.1258446667469671,1.1792905771323494,0.4271125993419191,50
CentralAsia_Bronze,EastAsia_Bronze,D_VA,-0.008071522072642959,0.006735312940769342,-1.1983885743133693,0.016315337246127114,50
CentralAsia_Bronze,EastAsia_Bronze,R,-0.21456436680420365,0.17635292707909514,-1.216675959724618,0.4314455777286457,50
CentralAsia_Bronze,EastAsia_Iron_Classical,D_VA,-0.008068393977371136,0.006638762826386196,-1.2153460197889248,0.016090476055714748,50
CentralAsia_Bronze,EastAsia_Iron_Classical,R,-0.1476861889575214,0.1720919184822562,-0.8581820126129213,0.41946229951420383,50
CentralAsia_Bronze,EastAsia_LateGlacial_Meso,D_VA,-0.010324420242420668,0.009334639217158033,-1.1060331312476774,0.017389716331686393,50
CentralAsia_Bronze,EastAsia_LateGlacial_Meso,R,-0.21892401086009072,0.2277573527923922,-0.9612159966560845,0.4311908506562771,50
CentralAsia_Bronze,EastAsia_Medieval_Recent,D_VA,-0.008390008507377908,0.006878629985091888,-1.219720863829228,0.01639476216897874,50
CentralAsia_Bronze,EastAsia_Medieval_Recent,R,-0.13671289019056942,0.16876499115380758,-0.8100784958769868,0.4186767620625331,50
CentralAsia_Bronze,EastAsia_Neolithic,D_VA,-0.01218173273425402,0.007266444293044931,-1.6764365407595228,0.016099899678101038,50
CentralAsia_Bronze,EastAsia_Neolithic,R,-0.3963229820491667,0.2028443801157362,-1.9538277660097763,0.45978919076455227,50
CentralAsia_Bronze,Europe_Bronze,D_VA,-0.008857596990888145,0.0046409467002198465,-1.9085754616549575,0.01575704345826716,50
CentralAsia_Bronze,Europe_Bronze,R,-0.15255372824511793,0.12563960747599062,-1.2142168485703884,0.42366366385776366,50
CentralAsia_Bronze,Europe_Iron_Classical,D_VA,-0.009327998551181299,0.004445454136558129,-2.0983229754797237,0.015957291190829097,50
CentralAsia_Bronze,Europe_Iron_Classical,R,-0.20825250791018513,0.11896686488972141,-1.7505084974982632,0.4339842694237751,50
CentralAsia_Bronze,Europe_LateGlacial_Meso,D_VA,-0.006017371281630504,0.007299503387065875,-0.8243535159244937,0.01652693743857356,50
CentralAsia_Bronze,Europe_LateGlacial_Meso,R,-0.08983421823314819,0.17381342767501004,-0.5168427976756601,0.4277433891284964,50
CentralAsia_Bronze,Europe_Medieval_Recent,D_VA,-0.01069152522667731,0.004307738324820249,-2.481934699950336,0.015798865185167345,50
CentralAsia_Bronze,Europe_Medieval_Recent,R,-0.19406671404648823,0.11470455882254432,-1.6918831826616632,0.4235571639162462,50
CentralAsia_Bronze,Europe_Neolithic,D_VA,-0.009561730085837675,0.005642808120053968,-1.6944985337807705,0.016296014045463946,50
CentralAsia_Bronze,Europe_Neolithic,R,-0.22572206619195678,0.1518376506334881,-1.4866014144068513,0.43748895154399603,50
CentralAsia_Bronze,Europe_Palaeolithic,D_VA,-0.0023031863571693068,0.008166011386039842,-0.28204545013330573,0.016145407187425975,50
CentralAsia_Bronze,Europe_Palaeolithic,R,0.17582566495589047,0.20239909779797133,0.8687077505226547,0.3799183327792614,50
CentralAsia_Bronze,InnerAsia_Bronze,D_VA,-0.005562775703398665,0.005427749010567448,-1.0248771069864007,0.016091492142672706,50
CentralAsia_Bronze,InnerAsia_Bronze,R,-0.05853370359653498,0.14471991363838208,-0.4044619853961196,0.43190782255741833,50
CentralAsia_Bronze,InnerAsia_Iron_Classical,D_VA,-0.006612710669504182,0.004450652044526267,-1.4857846902763319,0.015280586357465525,50
CentralAsia_Bronze,InnerAsia_Iron_Classical,R,-0.08357537437958573,0.11529637800375446,-0.7248742399944621,0.4020343203065887,50
CentralAsia_Bronze,InnerAsia_Medieval_Recent,D_VA,-0.0065450718447533085,0.005323442274560675,-1.2294811340456304,0.015431706238432217,50
CentralAsia_Bronze,InnerAsia_Medieval_Recent,R,-0.17982237194370443,0.13303214156717313,-1.35172124439495,0.4189975131707811,50
CentralAsia_Bronze,NearEast_Bronze,D_VA,-0.004866514326295077,0.004917232585220083,-0.9896856091213883,0.016565314116200835,50
CentralAsia_Bronze,NearEast_Bronze,R,-0.25724652277147264,0.16357933209185274,-1.5726101793044618,0.46281279951597576,50
CentralAsia_Bronze,NearEast_Iron_Classical,D_VA,-0.0041459481981821755,0.0071071454151593015,-0.5833492852614226,0.01745006576153545,50
CentralAsia_Bronze,NearEast_Iron_Classical,R,-0.15436322527919155,0.1839400774666576,-0.839203872289184,0.4583134274453759,50
CentralAsia_Bronze,NearEast_Medieval_Recent,D_VA,-0.011003240933505923,0.006579404044010501,-1.6723765343948775,0.015923930920100204,50
CentralAsia_Bronze,NearEast_Medieval_Recent,R,-0.5627221653351133,0.2218024032316015,-2.537042688160283,0.5056959633089653,50
CentralAsia_Bronze,Siberia_Bronze,D_VA,-0.0054084885013691575,0.005278521139692967,-1.0246219269065484,0.015782996642335647,50
CentralAsia_Bronze,Siberia_Bronze,R,-0.00785900001630857,0.1346622989285402,-0.05836080386893604,0.41230662979965227,50
CentralAsia_Bronze,Siberia_Iron_Classical,D_VA,-0.0018696574870079308,0.004910961305246517,-0.38071110130933505,0.01559624622817119,50
CentralAsia_Bronze,Siberia_Iron_Classical,R,0.018746938256481105,0.13246786053555382,0.14152065399629146,0.4102332473947804,50
CentralAsia_Bronze,Siberia_Neolithic,D_VA,-0.001411527052445391,0.007026502722295752,-0.20088614610031863,0.016671560762895506,50
CentralAsia_Bronze,Siberia_Neolithic,R,0.0499453010984543,0.16767892027715164,0.2978627308423811,0.42186275220367697,50
CentralAsia_Bronze,SouthAsia_Iron_Classical,D_VA,-0.0020133462010042263,0.006596276823427709,-0.30522463730653515,0.016003650954409643,50
CentralAsia_Bronze,SouthAsia_Iron_Classical,R,-0.15357068893815984,0.18806331536797,-0.8165903522315295,0.4518080577592237,50
CentralAsia_Bronze,SouthAsia_Medieval_Recent,D_VA,-0.005368141967061493,0.007166408958997597,-0.7490700011365753,0.016168022582081686,50
CentralAsia_Bronze,SouthAsia_Medieval_Recent,R,-0.11052862504917105,0.21719884250017818,-0.5088822011060228,0.42901862531421825,50
CentralAsia_Bronze,WestSiberia_Bronze,D_VA,-0.002761078096180758,0.004424954926558253,-0.623978807017665,0.015781568611636196,50
CentralAsia_Bronze,WestSiberia_Bronze,R,-0.01627251750498493,0.11276311744968562,-0.1443070914764808,0.42307374569131745,50
CentralAsia_Bronze,WestSiberia_Iron_Classical,D_VA,-0.003992559236034102,0.004933282663887878,-0.8093108601418756,0.016135232006980724,50
CentralAsia_Bronze,WestSiberia_Iron_Classical,R,-0.06516026811954423,0.12520599574179964,-0.5204245031038132,0.4343015147537689,50
CentralAsia_Bronze,WestSiberia_LateGlacial_Meso,D_VA,-0.01028920729652913,0.00796629704805044,-1.2915922208860096,0.01744168343844697,50
CentralAsia_Bronze,WestSiberia_LateGlacial_Meso,R,-0.0420715081634464,0.18047251639039025,-0.23311864324227163,0.4308176542393271,50
CentralAsia_Bronze,WestSiberia_Medieval_Recent,D_VA,-0.004619464741729015,0.004551466800938884,-1.014939786175328,0.01567764296137137,50
CentralAsia_Bronze,WestSiberia_Medieval_Recent,R,-0.08591237664924134,0.11891007156932089,-0.7224987380413532,0.4169748606852338,50
CentralAsia_Bronze,WestSiberia_Neolithic,D_VA,-0.004042815214690215,0.005971646387069819,-0.6770017768372841,0.016441950192294393,50
CentralAsia_Bronze,WestSiberia_Neolithic,R,-0.005175550000608542,0.14916104393746546,-0.03469773249092001,0.43795011669718054,50
CentralAsia_Bronze,ANC_Americas,D_VA,-0.0146162805336887,0.008265122488488598,-1.76842878663272,0.01704277193054347,50
CentralAsia_Bronze,ANC_Americas,R,-0.2344509624925084,0.21281682937137425,-1.1016561198897559,0.42701864299299774,50
CentralAsia_Bronze,ANC_Oceania,D_VA,-0.005080323170949669,0.008529937765871194,-0.5955873665663018,0.01668228482517028,50
CentralAsia_Bronze,ANC_Oceania,R,-0.026376798438473292,0.20179772380679734,-0.13070909790700433,0.41307545090237313,50
CentralAsia_Bronze,ANC_Africa,D_VA,0.03331329198005077,0.006697609321148487,4.973907909925433,0.013074610214713874,50
CentralAsia_Bronze,ANC_Africa,R,-0.09885428763694626,0.20174521741333154,-0.4899956931044149,0.47302842296393605,50
CentralAsia_Bronze,PD_French,D_VA,-0.008904603052793142,0.00588190362220267,-1.5138981569131056,0.01679315606106297,50
CentralAsia_Bronze,PD_French,R,-0.3614693656033283,0.18307425252432794,-1.9744413024725813,0.48873858776540463,50
CentralAsia_Bronze,PD_Sardinian,D_VA,-0.006685022902798279,0.005561679897905638,-1.2019790828515067,0.016650251665285987,50
CentralAsia_Bronze,PD_Sardinian,R,-0.330680865475669,0.16023956312031465,-2.063665545739037,0.47487037894328815,50
CentralAsia_Bronze,PD_Basque,D_VA,-0.011569889560537228,0.006145155993433347,-1.8827658033255295,0.015989739352485866,50
CentralAsia_Bronze,PD_Basque,R,-0.38891949949945737,0.16014360150300513,-2.428567209987214,0.45459454948167133,50
CentralAsia_Bronze,PD_Russian,D_VA,-0.008384184508874973,0.005053381334135616,-1.6591236549357091,0.01544155576247336,50
CentralAsia_Bronze,PD_Russian,R,-0.3000151127562174,0.14836268642721104,-2.022173633957547,0.4490015890086969,50
CentralAsia_Bronze,PD_Han,D_VA,-0.005607221807763713,0.0072527713129387494,-0.7731143815000177,0.016006688410634982,50
CentralAsia_Bronze,PD_Han,R,-0.24816363043872047,0.2188835342275152,-1.1337702094154352,0.45395794812893375,50
CentralAsia_Bronze,PD_Japanese,D_VA,-0.007510437855190288,0.008063689457391962,-0.9313897682785255,0.016179557113641482,50
CentralAsia_Bronze,PD_Japanese,R,-0.3845697446124543,0.2161969027618612,-1.7787939591163069,0.45867561579043825,50
CentralAsia_Bronze,PD_Dai,D_VA,0.0022317036851051825,0.008318796112955908,0.26827243447275617,0.016393946632750532,50
CentralAsia_Bronze,PD_Dai,R,-0.06594483724339417,0.22327068917326462,-0.2953582375168782,0.4545138789105285,50
CentralAsia_Bronze,PD_Papuan,D_VA,-0.003922339512840725,0.013396019048486403,-0.2927988903751152,0.019958807432905283,50
CentralAsia_Bronze,PD_Papuan,R,0.210974960497889,0.26742741736921327,0.7889055003160526,0.43872356804026963,50
CentralAsia_Bronze,PD_Karitiana,D_VA,-0.03179370535184935,0.011377460405983423,-2.79444658274785,0.017810818759994684,50
CentralAsia_Bronze,PD_Karitiana,R,-0.4328102998703498,0.28734744809752966,-1.506226356753473,0.45776025844938467,50
CentralAsia_Bronze,PD_Mixe,D_VA,-0.02827518298767212,0.011602214088183698,-2.4370506157500618,0.018649976234878136,50
CentralAsia_Bronze,PD_Mixe,R,-0.6186828737972576,0.3104559570975966,-1.9928201075000314,0.521023656266354,50
CentralAsia_Bronze,PD_Mbuti,D_VA,0.08677664578034666,0.011576933675641993,7.495650248297246,0.013725357960813048,50
CentralAsia_Bronze,PD_Mbuti,R,-1.3292806827462902,2.2501547546698357,-0.5907507828017522,2.199591087477462,50
CentralAsia_Bronze,PD_Biaka,D_VA,0.0747591778357905,0.011947814277795446,6.257142611827133,0.012934763948888948,50
CentralAsia_Bronze,PD_Biaka,R,0.07805831311547418,1.9099484808193716,0.04086932914650505,1.827218304830003,50
CentralAsia_Bronze,PD_Juhoan,D_VA,0.09239268856127289,0.014166312845052945,6.5219997307582815,0.015087843545342037,50
CentralAsia_Bronze,PD_Juhoan,R,5.38076387997993,3.4291886918399594,1.569106970632414,3.4412115302343413,50
CentralAsia_Bronze,PD_Mandenka,D_VA,0.06460516258926437,0.011038292554016414,5.852822098446468,0.012310826557868285,50
CentralAsia_Bronze,PD_Mandenka,R,5.546610639811111,12.22666797919522,0.4536485859638268,12.18129586183514,50
CentralAsia_Bronze,PD_Mende,D_VA,0.07003070230000166,0.011928207050727089,5.871016658428386,0.011666273399174892,50
CentralAsia_Bronze,PD_Mende,R,0.8195864854642886,3.0880372259107727,0.26540693181655645,3.055299137332236,50
CentralAsia_Bronze,PD_Esan,D_VA,0.06837245598544624,0.01173907223468193,5.824349200565149,0.011383301740641304,50
CentralAsia_Bronze,PD_Esan,R,-0.017262133544894365,8.984343175007119,-0.0019213573222486224,9.02079208998988,50
CentralAsia_Bronze,PD_Gambian,D_VA,0.06857551105232629,0.011219510851972448,6.112165847254416,0.011578100331041672,50
CentralAsia_Bronze,PD_Gambian,R,1.0376468368602032,1.9536313854954257,0.5311374727925269,1.979651200182356,50
CentralAsia_Bronze,PD_Luhya,D_VA,0.06325007595476108,0.010389154272349928,6.088087085500032,0.011744398541279637,50
CentralAsia_Bronze,PD_Luhya,R,-1.5615733873696616,4.103043943541922,-0.3805889990107308,4.159164542176006,50
CentralAsia_Iron_Classical,CentralAsia_Medieval_Recent,D_VA,0.0011939488869791154,0.004986237487115576,0.2394488610027653,0.014773604315472,50
CentralAsia_Iron_Classical,CentralAsia_Medieval_Recent,R,0.032118755730887516,0.1279526806796133,0.2510205769843242,0.4055164619422046,50
CentralAsia_Iron_Classical,CentralAsia_Neolithic,D_VA,0.017264656095917513,0.004897613305216868,3.525116218858571,0.01478436739300143,50
CentralAsia_Iron_Classical,CentralAsia_Neolithic,R,0.2746079723615724,0.13596179750007634,2.019743614829881,0.41796419004982277,50
CentralAsia_Iron_Classical,EastAsia_Bronze,D_VA,-0.00416330439243634,0.005734406104654306,-0.7260218959827788,0.015567735123643366,50
CentralAsia_Iron_Classical,EastAsia_Bronze,R,-0.08836382411969024,0.16103240860842158,-0.5487331704424934,0.4223910252230728,50
CentralAsia_Iron_Classical,EastAsia_Iron_Classical,D_VA,-0.004160176297164517,0.005520562147450042,-0.7535783831518154,0.015331913354979094,50
CentralAsia_Iron_Classical,EastAsia_Iron_Classical,R,-0.021485646273007974,0.15382106635234843,-0.13967947812682646,0.41014328272097456,50
CentralAsia_Iron_Classical,EastAsia_LateGlacial_Meso,D_VA,-0.006416202562214049,0.007999478459588783,-0.802077609762559,0.016690308011584963,50
CentralAsia_Iron_Classical,EastAsia_LateGlacial_Meso,R,-0.0927234681755773,0.2100979485227849,-0.44133447674060244,0.42213083438322474,50
CentralAsia_Iron_Classical,EastAsia_Medieval_Recent,D_VA,-0.004481790827171289,0.005809892863138763,-0.7714067940230529,0.015650954411870005,50
CentralAsia_Iron_Classical,EastAsia_Medieval_Recent,R,-0.010512347506056008,0.14360047603848852,-0.07320551989840504,0.4093398621421577,50
CentralAsia_Iron_Classical,EastAsia_Neolithic,D_VA,-0.0082735150540474,0.006228919282653626,-1.3282424572570062,0.015341802927621464,50
CentralAsia_Iron_Classical,EastAsia_Neolithic,R,-0.2701224393646533,0.18599084958001524,-1.4523426285465928,0.4513036578527982,50
CentralAsia_Iron_Classical,Europe_Bronze,D_VA,-0.004949379310681526,0.004510190181956801,-1.0973770752465648,0.014981607589667288,50
CentralAsia_Iron_Classical,Europe_Bronze,R,-0.02635318556060451,0.1202891737896748,-0.21908194004792952,0.4144391290898795,50
CentralAsia_Iron_Classical,Europe_Iron_Classical,D_VA,-0.00541978087097468,0.00471188533121457,-1.1502361560181766,0.015192079830423765,50
CentralAsia_Iron_Classical,Europe_Iron_Classical,R,-0.08205196522567171,0.1202087351710283,-0.6825790580770306,0.4249838088147377,50
CentralAsia_Iron_Classical,Europe_LateGlacial_Meso,D_VA,-0.0021091536014238854,0.007269959896892653,-0.29011901459392997,0.01578935744492413,50
CentralAsia_Iron_Classical,Europe_LateGlacial_Meso,R,0.03636632445136523,0.17526308560475928,0.20749563050245476,0.41860876554430393,50
CentralAsia_Iron_Classical,Europe_Medieval_Recent,D_VA,-0.0067833075464706905,0.004181933153547964,-1.6220506874232825,0.015025587794297749,50
CentralAsia_Iron_Classical,Europe_Medieval_Recent,R,-0.06786617136197481,0.10702160546450422,-0.6341352390240861,0.41433025806977647,50
CentralAsia_Iron_Classical,Europe_Neolithic,D_VA,-0.005653512405631056,0.005706611056174401,-0.9906952392548474,0.015547482792883703,50
CentralAsia_Iron_Classical,Europe_Neolithic,R,-0.09952152350744337,0.15030663128098995,-0.6621233052678386,0.42856210094974395,50
CentralAsia_Iron_Classical,Europe_Palaeolithic,D_VA,0.001605031323037312,0.0070641726576323345,0.22720726132071392,0.01538955232204118,50
CentralAsia_Iron_Classical,Europe_Palaeolithic,R,0.3020262076404039,0.1786722617373023,1.6903922562107936,0.3696036136581558,50
CentralAsia_Iron_Classical,InnerAsia_Bronze,D_VA,-0.001654558023192046,0.0050494514268556645,-0.32767084645912775,0.015332979710504872,50
CentralAsia_Iron_Classical,InnerAsia_Bronze,R,0.06766683908797844,0.13362620708585965,0.5063889828475043,0.4228631679795297,50
CentralAsia_Iron_Classical,InnerAsia_Iron_Classical,D_VA,-0.0027044929892975633,0.003416139543238816,-0.7916810642733447,0.014479657000530716,50
CentralAsia_Iron_Classical,InnerAsia_Iron_Classical,R,0.042625168304927685,0.09803582174368519,0.4347917684249259,0.3923015247890001,50
CentralAsia_Iron_Classical,InnerAsia_Medieval_Recent,D_VA,-0.0026368541645466897,0.004219009592459401,-0.624993640512104,0.014639047265936553,50
CentralAsia_Iron_Classical,InnerAsia_Medieval_Recent,R,-0.05362182925919101,0.11322802202108809,-0.47357384066290803,0.40966792367805965,50
CentralAsia_Iron_Classical,NearEast_Bronze,D_VA,-0.0009582966460884579,0.005160715715139256,-0.18569064815510758,0.015829522393093837,50
CentralAsia_Iron_Classical,NearEast_Bronze,R,-0.13104598008695922,0.15753784288934505,-0.8318381011412365,0.45438373545188476,50
CentralAsia_Iron_Classical,NearEast_Iron_Classical,D_VA,-0.00023773051797555678,0.00701648269309154,-0.03388172227797658,0.01675317708695782,50
CentralAsia_Iron_Classical,NearEast_Iron_Classical,R,-0.028162682594678135,0.1912901090854342,-0.14722498057701502,0.44980005494010494,50
CentralAsia_Iron_Classical,NearEast_Medieval_Recent,D_VA,-0.007095023253299304,0.006273316380868509,-1.1309844462709904,0.015157035441443686,50
CentralAsia_Iron_Classical,NearEast_Medieval_Recent,R,-0.4365216226505999,0.20919298124016888,-2.086693444793165,0.4979932719970983,50
CentralAsia_Iron_Classical,Siberia_Bronze,D_VA,-0.0015002708211625387,0.004928274927710322,-0.3044210891577766,0.015008901706555177,50
CentralAsia_Iron_Classical,Siberia_Bronze,R,0.11834154266820485,0.11997145752456662,0.986414144747487,0.40282210543134434,50
CentralAsia_Iron_Classical,Siberia_Iron_Classical,D_VA,0.002038560193198688,0.004196051926498932,0.4858281615450849,0.01481239493919875,50
CentralAsia_Iron_Classical,Siberia_Iron_Classical,R,0.14494748094099452,0.11103603800106919,1.3054093387193695,0.40069964925797075,50
CentralAsia_Iron_Classical,Siberia_Neolithic,D_VA,0.0024966906277612277,0.00660546308406809,0.37797359488437215,0.0159406739410846,50
CentralAsia_Iron_Classical,Siberia_Neolithic,R,0.17614584378296771,0.169757765076527,1.0376305537691366,0.4125979560592304,50
CentralAsia_Iron_Classical,SouthAsia_Iron_Classical,D_VA,0.0018948714792023924,0.006446430794130764,0.29394118074262154,0.015240767411637556,50
CentralAsia_Iron_Classical,SouthAsia_Iron_Classical,R,-0.02737014625364642,0.20075280994275801,-0.1363375499523551,0.4431697335147739,50
CentralAsia_Iron_Classical,SouthAsia_Medieval_Recent,D_VA,-0.0014599242868548745,0.006275763109981278,-0.23262896659259497,0.015413276797610558,50
CentralAsia_Iron_Classical,SouthAsia_Medieval_Recent,R,0.01567191763534237,0.21411049118294637,0.07319546813776409,0.41991174371990986,50
CentralAsia_Iron_Classical,WestSiberia_Bronze,D_VA,0.0011471395840258608,0.004675760879959247,0.2453375212027222,0.015007400016952888,50
CentralAsia_Iron_Classical,WestSiberia_Bronze,R,0.10992802517952849,0.1086557210367538,1.0117094997910354,0.4138360616725846,50
CentralAsia_Iron_Classical,WestSiberia_Iron_Classical,D_VA,-8.434155582748293e-05,0.00462866353154281,-0.018221578486473072,0.015378877050817199,50
CentralAsia_Iron_Classical,WestSiberia_Iron_Classical,R,0.06104027456496919,0.12291520128977947,0.4966047642965114,0.42530776781621543,50
CentralAsia_Iron_Classical,WestSiberia_LateGlacial_Meso,D_VA,-0.0063809896163225105,0.007308093035088185,-0.8731401729131809,0.01674444590280765,50
CentralAsia_Iron_Classical,WestSiberia_LateGlacial_Meso,R,0.08412903452106701,0.16965859005490125,0.49587253138106946,0.42174962104508174,50
CentralAsia_Iron_Classical,WestSiberia_Medieval_Recent,D_VA,-0.0007112470615223965,0.0037487952795393774,-0.18972683448582153,0.014898074917562133,50
CentralAsia_Iron_Classical,WestSiberia_Medieval_Recent,R,0.04028816603527208,0.10585496173683447,0.38059780452646425,0.40759897704835296,50
CentralAsia_Iron_Classical,WestSiberia_Neolithic,D_VA,-0.00013459753448359646,0.00612465564865207,-0.021976343194611933,0.015700378134011494,50
CentralAsia_Iron_Classical,WestSiberia_Neolithic,R,0.12102499268390488,0.15157695205271704,0.7984392814668388,0.42903286163470933,50
CentralAsia_Iron_Classical,ANC_Americas,D_VA,-0.010708062853482081,0.0075405640350912065,-1.420061258501409,0.016328509500305812,50
CentralAsia_Iron_Classical,ANC_Americas,R,-0.10825041980799499,0.19832664996105112,-0.5458188288324036,0.41786817671482823,50
CentralAsia_Iron_Classical,ANC_Oceania,D_VA,-0.00117210549074305,0.007881739130971526,-0.14871153069976994,0.01595188936813327,50
CentralAsia_Iron_Classical,ANC_Oceania,R,0.09982374424604012,0.19834881023153395,0.5032737233438163,0.4036089936876934,50
CentralAsia_Iron_Classical,ANC_Africa,D_VA,0.03722150966025739,0.005830571424122099,6.383852791214505,0.012128873801460589,50
CentralAsia_Iron_Classical,ANC_Africa,R,0.02734625504756716,0.2031685318500984,0.13459887118613303,0.46478466043872624,50
CentralAsia_Iron_Classical,PD_French,D_VA,-0.004996385372586523,0.006301627404954491,-0.792872229903381,0.016067801278217025,50
CentralAsia_Iron_Classical,PD_French,R,-0.2352688229188149,0.19159784250400724,-1.2279304393205486,0.48076428613023636,50
CentralAsia_Iron_Classical,PD_Sardinian,D_VA,-0.0027768052225916606,0.006246067395350465,-0.44456856559996416,0.01591838647421325,50
CentralAsia_Iron_Classical,PD_Sardinian,R,-0.20448032279115558,0.16853402680669438,-1.2132880621531164,0.46665915660697765,50
CentralAsia_Iron_Classical,PD_Basque,D_VA,-0.007661671880330609,0.006674890007864076,-1.147834926313984,0.0152261588059987,50
CentralAsia_Iron_Classical,PD_Basque,R,-0.26271895681494395,0.17417046851409604,-1.5084012752350233,0.4460101972666515,50
CentralAsia_Iron_Classical,PD_Russian,D_VA,-0.004475966828668354,0.0050535133401743235,-0.8857138642705064,0.014649429742847702,50
CentralAsia_Iron_Classical,PD_Russian,R,-0.17381457007170398,0.14300025486259646,-1.2154843376937743,0.44030820862178854,50
CentralAsia_Iron_Classical,PD_Han,D_VA,-0.0016990041275570938,0.005951423017715649,-0.2854786363697648,0.015243956878061973,50
CentralAsia_Iron_Classical,PD_Han,R,-0.12196308775420706,0.1938439882309071,-0.6291816881569964,0.4453613255737698,50
CentralAsia_Iron_Classical,PD_Japanese,D_VA,-0.0036022201749836696,0.0065831045985504585,-0.547191696722675,0.015425375710777463,50
CentralAsia_Iron_Classical,PD_Japanese,R,-0.2583692019279409,0.19906834300310888,-1.2978919602696743,0.4501690928619282,50
CentralAsia_Iron_Classical,PD_Dai,D_VA,0.006139921365311801,0.007072032007792093,0.8681976210722356,0.01565010011541553,50
CentralAsia_Iron_Classical,PD_Dai,R,0.060255705441119245,0.21388373445853695,0.2817217755883175,0.4459279737465326,50
CentralAsia_Iron_Classical,PD_Papuan,D_VA,-1.412183263410638e-05,0.012996448431324699,-0.0010865916722347948,0.01935247120056898,50
CentralAsia_Iron_Classical,PD_Papuan,R,0.3371755031824024,0.2570275831928731,1.3118261433030183,0.4298223595875147,50
CentralAsia_Iron_Classical,PD_Karitiana,D_VA,-0.027885487671642728,0.010311782709869174,-2.7042353835631308,0.017128613847198354,50
CentralAsia_Iron_Classical,PD_Karitiana,R,-0.3066097571858364,0.26103618174663906,-1.1745871975840916,0.4492364030920035,50
CentralAsia_Iron_Classical,PD_Mixe,D_VA,-0.024366965307465502,0.011368729114815443,-2.1433323867054836,0.017999604467503608,50
CentralAsia_Iron_Classical,PD_Mixe,R,-0.4924823311127442,0.29851920995110487,-1.649750886026427,0.5135509147460975,50
CentralAsia_Iron_Classical,PD_Mbuti,D_VA,0.09068486346055328,0.010994429809201102,8.248255256007933,0.012827688746516684,50
CentralAsia_Iron_Classical,PD_Mbuti,R,-1.2030801400617768,2.251998111533844,-0.5342278636469879,2.19783298814029,50
CentralAsia_Iron_Classical,PD_Biaka,D_VA,0.07866739551599712,0.011392634185827668,6.905110287299371,0.01197799089323973,50
CentralAsia_Iron_Classical,PD_Biaka,R,0.2042588557999876,1.8912364422706769,0.1080028129929371,1.8251015383132039,50
CentralAsia_Iron_Classical,PD_Juhoan,D_VA,0.0963009062414795,0.013387785280494342,7.1931917209478575,0.014276104870509185,50
CentralAsia_Iron_Classical,PD_Juhoan,R,5.506964422664444,3.41770826930105,1.6113032443786268,3.440088034842302,50
CentralAsia_Iron_Classical,PD_Mandenka,D_VA,0.06851338026947099,0.010022340070380354,6.836066206928345,0.011301353811069352,50
CentralAsia_Iron_Classical,PD_Mandenka,R,5.672811182495625,12.211148563835811,0.46456000046515367,12.180978522483706,50
CentralAsia_Iron_Classical,PD_Mende,D_VA,0.07393891998020828,0.01099811999660237,6.722868999706322,0.010595569000735749,50
CentralAsia_Iron_Classical,PD_Mende,R,0.945787028148802,3.0887586720211946,0.30620295354117333,3.0540336786339637,50
CentralAsia_Iron_Classical,PD_Esan,D_VA,0.07228067366565286,0.010929478830586134,6.6133687421009935,0.010283175868550726,50
CentralAsia_Iron_Classical,PD_Esan,R,0.10893840913961905,9.007898534846035,0.012093654110134917,9.020363563763457,50
CentralAsia_Iron_Classical,PD_Gambian,D_VA,0.0724837287325329,0.010124918854237807,7.15894416301368,0.010498407245898015,50
CentralAsia_Iron_Classical,PD_Gambian,R,1.1638473795447166,1.9342856824419306,0.6016936330084512,1.9776975921588307,50
CentralAsia_Iron_Classical,PD_Luhya,D_VA,0.0671582936349677,0.009717586924857035,6.911005186192942,0.010681528192232977,50
CentralAsia_Iron_Classical,PD_Luhya,R,-1.4353728446851481,4.126762562475343,-0.3478205549640765,4.158235031902542,50
CentralAsia_Medieval_Recent,CentralAsia_Neolithic,D_VA,0.016070707208938398,0.00591652052118093,2.7162429592538126,0.015366374900933727,50
CentralAsia_Medieval_Recent,CentralAsia_Neolithic,R,0.2424892166306849,0.14401028569290997,1.6838326197600435,0.4137817088988771,50
CentralAsia_Medieval_Recent,EastAsia_Bronze,D_VA,-0.005357253279415455,0.0061010423904847046,-0.8780881915802985,0.016121486757266573,50
CentralAsia_Medieval_Recent,EastAsia_Bronze,R,-0.12048257985057775,0.15922399984700236,-0.7566860521425723,0.41825281426939526,50
CentralAsia_Medieval_Recent,EastAsia_Iron_Classical,D_VA,-0.005354125184143632,0.005992909604710476,-0.8934099689965698,0.015893883273429072,50
CentralAsia_Medieval_Recent,EastAsia_Iron_Classical,R,-0.05360440200389549,0.15577710152447324,-0.34410963793336474,0.40588021732576224,50
CentralAsia_Medieval_Recent,EastAsia_LateGlacial_Meso,D_VA,-0.007610151449193164,0.00815851215451918,-0.9327866778966227,0.0172079731492811,50
CentralAsia_Medieval_Recent,EastAsia_LateGlacial_Meso,R,-0.12484222390646482,0.1932732305386207,-0.6459364473732347,0.41799004748001867,50
CentralAsia_Medieval_Recent,EastAsia_Medieval_Recent,D_VA,-0.005675739714150405,0.005662890242591205,-1.0022690659731592,0.016201862003709183,50
CentralAsia_Medieval_Recent,EastAsia_Medieval_Recent,R,-0.042631103236943524,0.13876697056065138,-0.30721361909612777,0.4050683413867731,50
CentralAsia_Medieval_Recent,EastAsia_Neolithic,D_VA,-0.009467463941026516,0.00668913731087375,-1.4153490205136565,0.01590342338789912,50
CentralAsia_Medieval_Recent,EastAsia_Neolithic,R,-0.3022411950955408,0.1882009515063723,-1.605949346570159,0.447432933573945,50
CentralAsia_Medieval_Recent,Europe_Bronze,D_VA,-0.006143328197660641,0.0054082416253967164,-1.1359196987079887,0.015556237474260243,50
CentralAsia_Medieval_Recent,Europe_Bronze,R,-0.058471941291492024,0.13792339854235405,-0.4239450442017366,0.41022070910187913,50
CentralAsia_Medieval_Recent,Europe_Iron_Classical,D_VA,-0.006613729757953796,0.005461865733251483,-1.2108920432975567,0.01575903702510946,50
CentralAsia_Medieval_Recent,Europe_Iron_Classical,R,-0.11417072095655922,0.13400726999140633,-0.8519740829275965,0.42087109215287316,50
CentralAsia_Medieval_Recent,Europe_LateGlacial_Meso,D_VA,-0.003303102488403001,0.007177416828419164,-0.46020769970113523,0.01633559814969697,50
CentralAsia_Medieval_Recent,Europe_LateGlacial_Meso,R,0.004247568720477712,0.174836142398558,0.024294568973015417,0.41443278953986823,50
CentralAsia_Medieval_Recent,Europe_Medieval_Recent,D_VA,-0.007977256433449806,0.004950703610500828,-1.6113379149843314,0.015598597595583765,50
CentralAsia_Medieval_Recent,Europe_Medieval_Recent,R,-0.09998492709286233,0.12238486833210567,-0.8169713172509327,0.41011071823038014,50
CentralAsia_Medieval_Recent,Europe_Neolithic,D_VA,-0.006847461292610171,0.006312877696228092,-1.0846814435675651,0.016101930927060176,50
CentralAsia_Medieval_Recent,Europe_Neolithic,R,-0.13164027923833088,0.16297450348961676,-0.807735421306056,0.4244840548545131,50
CentralAsia_Medieval_Recent,Europe_Palaeolithic,D_VA,0.0004110824360581966,0.007617486335323698,0.05396562828763224,0.01594949149840349,50
CentralAsia_Medieval_Recent,Europe_Palaeolithic,R,0.26990745190951637,0.1805053057992434,1.4952881895322532,0.3648671945851504,50
CentralAsia_Medieval_Recent,InnerAsia_Bronze,D_VA,-0.0028485069101711613,0.005699018675585834,-0.4998241052225272,0.015894911927643897,50
CentralAsia_Medieval_Recent,InnerAsia_Bronze,R,0.03554808335709092,0.13950120148306974,0.2548227755687476,0.4187296231328215,50
CentralAsia_Medieval_Recent,InnerAsia_Iron_Classical,D_VA,-0.0038984418762766787,0.004165770728066923,-0.9358272768136006,0.01507343442078879,50
CentralAsia_Medieval_Recent,InnerAsia_Iron_Classical,R,0.01050641257404017,0.10855098501217847,0.09678781425024786,0.3878423968663627,50
CentralAsia_Medieval_Recent,InnerAsia_Medieval_Recent,D_VA,-0.003830803051525805,0.005506849898535138,-0.695643266497027,0.015226610366037695,50
CentralAsia_Medieval_Recent,InnerAsia_Medieval_Recent,R,-0.08574058499007853,0.13328767998970112,-0.6432746447136265,0.40539985957812474,50
CentralAsia_Medieval_Recent,NearEast_Bronze,D_VA,-0.0021522455330675733,0.006433624625680127,-0.33453079069561814,0.016374423274676315,50
CentralAsia_Medieval_Recent,NearEast_Bronze,R,-0.16316473581784674,0.17181697481934893,-0.9496426996773788,0.45053947385160287,50
CentralAsia_Medieval_Recent,NearEast_Iron_Classical,D_VA,-0.0014316794049546722,0.007478132816074227,-0.19144878008548888,0.017268957724534812,50
CentralAsia_Medieval_Recent,NearEast_Iron_Classical,R,-0.06028143832556565,0.17640136378284715,-0.34172886780950884,0.4459162790024515,50
CentralAsia_Medieval_Recent,NearEast_Medieval_Recent,D_VA,-0.00828897214027842,0.006399278862195106,-1.2952978482070874,0.01572525617463773,50
CentralAsia_Medieval_Recent,NearEast_Medieval_Recent,R,-0.4686403783814874,0.21719214666747028,-2.1577224847774734,0.4944881569963498,50
CentralAsia_Medieval_Recent,Siberia_Bronze,D_VA,-0.002694219708141654,0.005449855795354487,-0.49436532071880407,0.015582525110579384,50
CentralAsia_Medieval_Recent,Siberia_Bronze,R,0.08622278693731733,0.1376480557063589,0.6264003257790594,0.3984807235982838,50
CentralAsia_Medieval_Recent,Siberia_Iron_Classical,D_VA,0.0008446113062195726,0.005049807776688324,0.16725613004886905,0.0153933427889982,50
CentralAsia_Medieval_Recent,Siberia_Iron_Classical,R,0.112828725210107,0.12966755164307034,0.8701384716562339,0.39633501910723395,50
CentralAsia_Medieval_Recent,Siberia_Neolithic,D_VA,0.0013027417407821124,0.007217270183759394,0.1805033908407083,0.016481900499662524,50
CentralAsia_Medieval_Recent,Siberia_Neolithic,R,0.1440270880520802,0.17787872517438214,0.8096926032659851,0.4083605169449237,50
CentralAsia_Medieval_Recent,SouthAsia_Iron_Classical,D_VA,0.000700922592223277,0.006899180002925395,0.10159505795269458,0.01580597828925611,50
CentralAsia_Medieval_Recent,SouthAsia_Iron_Classical,R,-0.05948890198453394,0.1894488984502382,-0.31401028177611523,0.43922733425735977,50
CentralAsia_Medieval_Recent,SouthAsia_Medieval_Recent,D_VA,-0.00265387317383399,0.00603626800225139,-0.4396546297884978,0.01597238429366643,50
CentralAsia_Medieval_Recent,SouthAsia_Medieval_Recent,R,-0.016446838095545147,0.18351721773602406,-0.08962013645609376,0.4157488556438442,50
CentralAsia_Medieval_Recent,WestSiberia_Bronze,D_VA,-4.6809302953254583e-05,0.004944215152979982,-0.009467489076611409,0.015581078706355335,50
CentralAsia_Medieval_Recent,WestSiberia_Bronze,R,0.07780926944864097,0.11869280015103442,0.6555517213312863,0.40961143098788877,50
CentralAsia_Medieval_Recent,WestSiberia_Iron_Classical,D_VA,-0.0012782904428065983,0.005667467539671931,-0.22554878944760465,0.015939191250780388,50
CentralAsia_Medieval_Recent,WestSiberia_Iron_Classical,R,0.028921518834081672,0.14011107035997586,0.20641851325363506,0.42119821440751926,50
CentralAsia_Medieval_Recent,WestSiberia_LateGlacial_Meso,D_VA,-0.007574938503301626,0.007307934802410114,-1.0365361361466245,0.017260487448993268,50
CentralAsia_Medieval_Recent,WestSiberia_LateGlacial_Meso,R,0.0520102787901795,0.1814172111534882,0.2866887791929298,0.41760505421623045,50
CentralAsia_Medieval_Recent,WestSiberia_Medieval_Recent,D_VA,-0.0019051959485015119,0.0050905969715045836,-0.3742578638941848,0.015475806752285843,50
CentralAsia_Medieval_Recent,WestSiberia_Medieval_Recent,R,0.008169410304384561,0.1247879541650015,0.0654663373484152,0.40330901867691293,50
CentralAsia_Medieval_Recent,WestSiberia_Neolithic,D_VA,-0.0013285464214627118,0.006315774775382677,-0.21035367293986734,0.01624961020873265,50
CentralAsia_Medieval_Recent,WestSiberia_Neolithic,R,0.08890623695301736,0.16778735562278746,0.5298744748852986,0.42495933313405226,50
CentralAsia_Medieval_Recent,ANC_Americas,D_VA,-0.011902011740461196,0.007825531544462442,-1.5209205499763632,0.016857288657621643,50
CentralAsia_Medieval_Recent,ANC_Americas,R,-0.1403691755388825,0.20695844575395242,-0.6782481141444395,0.41368472484036156,50
CentralAsia_Medieval_Recent,ANC_Oceania,D_VA,-0.0023660543777221654,0.008542711127398982,-0.276967620985513,0.016492747884993737,50
CentralAsia_Medieval_Recent,ANC_Oceania,R,0.06770498851515261,0.2054140599772128,0.3296025039506221,0.3992761678849155,50
CentralAsia_Medieval_Recent,ANC_Africa,D_VA,0.036027560773278275,0.006986232106692621,5.1569372764991375,0.012831895342331904,50
CentralAsia_Medieval_Recent,ANC_Africa,R,-0.004772500683320358,0.21765971535026074,-0.021926430785046233,0.4610271348135734,50
CentralAsia_Medieval_Recent,PD_French,D_VA,-0.0061903342595656385,0.0064283841947756345,-0.9629689315390546,0.016604884712068158,50
CentralAsia_Medieval_Recent,PD_French,R,-0.2673875786497024,0.1966054223323415,-1.3600213843426499,0.4771326202153721,50
CentralAsia_Medieval_Recent,PD_Sardinian,D_VA,-0.003970754109570776,0.006768874638136606,-0.5866195374928497,0.016460345875078615,50
CentralAsia_Medieval_Recent,PD_Sardinian,R,-0.2365990785220431,0.18628017068449595,-1.2701248750881415,0.46291684663706767,50
CentralAsia_Medieval_Recent,PD_Basque,D_VA,-0.008855620767309724,0.006880532657286629,-1.2870545360948815,0.015791892551885407,50
CentralAsia_Medieval_Recent,PD_Basque,R,-0.29483771254583147,0.19033562250448333,-1.5490411551252663,0.44209312878748536,50
CentralAsia_Medieval_Recent,PD_Russian,D_VA,-0.0056699157156474694,0.005518337716892421,-1.0274680540647316,0.015236592472578407,50
CentralAsia_Medieval_Recent,PD_Russian,R,-0.2059333258025915,0.16705175466196076,-1.2327516476514115,0.43633995580854057,50
CentralAsia_Medieval_Recent,PD_Han,D_VA,-0.0028929530145362092,0.006610873367175057,-0.4376052684506978,0.015809053725160626,50
CentralAsia_Medieval_Recent,PD_Han,R,-0.15408184348509457,0.19767779500833352,-0.7794595416172005,0.4414384994221688,50
CentralAsia_Medieval_Recent,PD_Japanese,D_VA,-0.004796169061962785,0.007045091469571669,-0.6807816594969469,0.015984060003748905,50
CentralAsia_Medieval_Recent,PD_Japanese,R,-0.2904879576588284,0.19901371909099236,-1.4596378530367171,0.44628852844701494,50
CentralAsia_Medieval_Recent,PD_Dai,D_VA,0.004945972478332686,0.007620674284459334,0.6490203220493093,0.01620103675717487,50
CentralAsia_Medieval_Recent,PD_Dai,R,0.02813694971023173,0.2070514956191561,0.13589348691296554,0.44201017660791364,50
CentralAsia_Medieval_Recent,PD_Papuan,D_VA,-0.0012080707196132218,0.01280688638698595,-0.09432977564639242,0.019800659078769423,50
CentralAsia_Medieval_Recent,PD_Papuan,R,0.3050567474515149,0.25232704718393995,1.2089736350345999,0.42575638486891715,50
CentralAsia_Medieval_Recent,PD_Karitiana,D_VA,-0.029079436558621843,0.010059524229954488,-2.890736767851436,0.017633416308567018,50
CentralAsia_Medieval_Recent,PD_Karitiana,R,-0.3387285129167239,0.27604398702912497,-1.2270816566672222,0.44534771170211684,50
CentralAsia_Medieval_Recent,PD_Mixe,D_VA,-0.025560914194444617,0.011422362683346217,-2.237795708563201,0.018480630924602604,50
CentralAsia_Medieval_Recent,PD_Mixe,R,-0.5246010868436317,0.325094324941129,-1.6136888484246263,0.5101527031113569,50
CentralAsia_Medieval_Recent,PD_Mbuti,D_VA,0.08949091457357417,0.011549019550767509,7.748788906295245,0.013494352780415698,50
CentralAsia_Medieval_Recent,PD_Mbuti,R,-1.2351988957926643,2.246589372420516,-0.5498107090490857,2.197041438437825,50
CentralAsia_Medieval_Recent,PD_Biaka,D_VA,0.077473446629018,0.011400258554181935,6.795762241778155,0.012689374461467201,50
CentralAsia_Medieval_Recent,PD_Biaka,R,0.17214010006910008,1.8969333857312913,0.09074651822986285,1.824148257025315,50
CentralAsia_Medieval_Recent,PD_Juhoan,D_VA,0.0951069573545004,0.01428564395490371,6.657519790828459,0.01487800822215723,50
CentralAsia_Medieval_Recent,PD_Juhoan,R,5.474845666933556,3.4173856934600546,1.602056705923162,3.4395823766731395,50
CentralAsia_Medieval_Recent,PD_Mandenka,D_VA,0.06731943138249187,0.010607331648621125,6.346500101299548,0.012052740615634848,50
CentralAsia_Medieval_Recent,PD_Mandenka,R,5.640692426764737,12.205201358312387,0.46215480279013404,12.180835726815488,50
CentralAsia_Medieval_Recent,PD_Mende,D_VA,0.07274497109322917,0.011551642307730146,6.297370465197799,0.011393596483733942,50
CentralAsia_Medieval_Recent,PD_Mende,R,0.9136682724179145,3.095544474966812,0.29515591838741395,3.0534640899617225,50
CentralAsia_Medieval_Recent,PD_Esan,D_VA,0.07108672477867374,0.011493017586291966,6.185209780193916,0.011103677964005717,50
CentralAsia_Medieval_Recent,PD_Esan,R,0.07681965340873154,8.980217413036621,0.00855431999866864,9.020170733468778,50
CentralAsia_Medieval_Recent,PD_Gambian,D_VA,0.07128977984555379,0.010722922775944235,6.648353376701081,0.011303296558328728,50
CentralAsia_Medieval_Recent,PD_Gambian,R,1.131728623813829,1.925045422450187,0.5878971013439108,1.9768178986659615,50
CentralAsia_Medieval_Recent,PD_Luhya,D_VA,0.06596434474798858,0.010407791774071185,6.337976986849872,0.011473578469957401,50
CentralAsia_Medieval_Recent,PD_Luhya,R,-1.4674916004160357,4.107373864248079,-0.35728220729784566,4.157816713011386,50
CentralAsia_Neolithic,EastAsia_Bronze,D_VA,-0.021427960488353853,0.007329959247501542,-2.9233396482603493,0.016131350532606763,50
CentralAsia_Neolithic,EastAsia_Bronze,R,-0.36297179648126265,0.18729932705898653,-1.9379236550430918,0.43033229009934887,50
CentralAsia_Neolithic,EastAsia_Iron_Classical,D_VA,-0.02142483239308203,0.00713379011356865,-3.003288862161988,0.015903888211707833,50
CentralAsia_Neolithic,EastAsia_Iron_Classical,R,-0.2960936186345804,0.17701327835345587,-1.6727198173424467,0.41831712142140304,50
CentralAsia_Neolithic,EastAsia_LateGlacial_Meso,D_VA,-0.023680858658131562,0.010288155417803473,-2.3017594210476497,0.017217214485725916,50
CentralAsia_Neolithic,EastAsia_LateGlacial_Meso,R,-0.3673314405371497,0.23191532999486353,-1.583903231171848,0.43007690364657936,50
CentralAsia_Neolithic,EastAsia_Medieval_Recent,D_VA,-0.021746446923088802,0.00761158670507862,-2.857018879989778,0.016211676875892457,50
CentralAsia_Neolithic,EastAsia_Medieval_Recent,R,-0.2851203198676284,0.1765382102526663,-1.6150629343050236,0.41752942944385635,50
CentralAsia_Neolithic,EastAsia_Neolithic,D_VA,-0.025538171149964914,0.007810728488337981,-3.2696273066072354,0.015913422328207333,50
CentralAsia_Neolithic,EastAsia_Neolithic,R,-0.5447304117262257,0.21114602105527583,-2.5798753346321455,0.4587446929441986,50
CentralAsia_Neolithic,Europe_Bronze,D_VA,-0.02221403540659904,0.0048821724589696806,-4.550030871151779,0.01556645942713659,50
CentralAsia_Neolithic,Europe_Bronze,R,-0.3009611579221769,0.1277691815910307,-2.3555066579788138,0.4225298728302289,50
CentralAsia_Neolithic,Europe_Iron_Classical,D_VA,-0.022684436966892194,0.004879076203172667,-4.649330328585854,0.015769127518663856,50
CentralAsia_Neolithic,Europe_Iron_Classical,R,-0.3566599375872441,0.12223061572136486,-2.9179263761566983,0.43287751092870724,50
CentralAsia_Neolithic,Europe_LateGlacial_Meso,D_VA,-0.0193738096973414,0.007266997960448684,-2.665999055288741,0.016345332717613736,50
CentralAsia_Neolithic,Europe_LateGlacial_Meso,R,-0.2382416479102072,0.16486436515536554,-1.445076670666169,0.4266204405600809,50
CentralAsia_Neolithic,Europe_Medieval_Recent,D_VA,-0.024047963642388204,0.004901249667014921,-4.906496358312325,0.015608791807505877,50
CentralAsia_Neolithic,Europe_Medieval_Recent,R,-0.34247414372354723,0.12226640000832545,-2.8010487239358257,0.42242308704108383,50
CentralAsia_Neolithic,Europe_Neolithic,D_VA,-0.02291816850154857,0.005798103653561667,-3.9527007226699653,0.016111806674638567,50
CentralAsia_Neolithic,Europe_Neolithic,R,-0.3741294958690158,0.14411285907288038,-2.5960868327496853,0.43639108158120066,50
CentralAsia_Neolithic,Europe_Palaeolithic,D_VA,-0.0156596247728802,0.008092638254247872,-1.9350456897860688,0.015959461576091974,50
CentralAsia_Neolithic,Europe_Palaeolithic,R,0.02741823527883147,0.1975473080596539,0.13879326196918823,0.3786535790697334,50
CentralAsia_Neolithic,InnerAsia_Bronze,D_VA,-0.01891921411910956,0.006257945458520345,-3.0232309061355895,0.01590491621885092,50
CentralAsia_Neolithic,InnerAsia_Bronze,R,-0.20694113327359398,0.1623118812354177,-1.2749598593675706,0.43079572949001665,50
CentralAsia_Neolithic,InnerAsia_Iron_Classical,D_VA,-0.019969149085215077,0.005012319334538633,-3.98401373743542,0.015083983558030393,50
CentralAsia_Neolithic,InnerAsia_Iron_Classical,R,-0.23198280405664473,0.12782455700665796,-1.8148531822767164,0.4008393544363203,50
CentralAsia_Neolithic,InnerAsia_Medieval_Recent,D_VA,-0.019901510260464203,0.005402508181895477,-3.683753839958412,0.01523705345466234,50
CentralAsia_Neolithic,InnerAsia_Medieval_Recent,R,-0.32822980162076343,0.13770217603114074,-2.383621022419687,0.4178510612692567,50
CentralAsia_Neolithic,NearEast_Bronze,D_VA,-0.01822295274200597,0.0056523417071442945,-3.223965161018665,0.016384134774817143,50
CentralAsia_Neolithic,NearEast_Bronze,R,-0.40565395244853164,0.16586790640155855,-2.4456446171477086,0.46177514090340555,50
CentralAsia_Neolithic,NearEast_Iron_Classical,D_VA,-0.01750238661389307,0.007203935346745184,-2.4295590911710274,0.017278166443025184,50
CentralAsia_Neolithic,NearEast_Iron_Classical,R,-0.30277065495625055,0.16516445058454207,-1.8331466237722418,0.45726555866069013,50
CentralAsia_Neolithic,NearEast_Medieval_Recent,D_VA,-0.024359679349216817,0.007165173775579711,-3.399733225206524,0.01573536833058232,50
CentralAsia_Neolithic,NearEast_Medieval_Recent,R,-0.7111295950121723,0.2239240329529725,-3.175762715748874,0.5047464716741739,50
CentralAsia_Neolithic,Siberia_Bronze,D_VA,-0.018764926917080052,0.005549359182535903,-3.3814583449804743,0.015592729830371204,50
CentralAsia_Neolithic,Siberia_Bronze,R,-0.15626642969336757,0.14571490278685267,-1.0724121329027638,0.4111415210572787,50
CentralAsia_Neolithic,Siberia_Iron_Classical,D_VA,-0.015226095902718825,0.005343245476088187,-2.8495969295922965,0.015403672839966246,50
CentralAsia_Neolithic,Siberia_Iron_Classical,R,-0.1296604914205779,0.1586468897833873,-0.8172898415948352,0.4090622331976057,50
CentralAsia_Neolithic,Siberia_Neolithic,D_VA,-0.014767965468156286,0.006985036450813489,-2.1142288336142303,0.016491548709017197,50
CentralAsia_Neolithic,Siberia_Neolithic,R,-0.0984621285786047,0.17968221315674848,-0.5479792732334045,0.42072410800595467,50
CentralAsia_Neolithic,SouthAsia_Iron_Classical,D_VA,-0.01536978461671512,0.006953587464038149,-2.2103388641047514,0.01581603883472554,50
CentralAsia_Neolithic,SouthAsia_Iron_Classical,R,-0.30197811861521884,0.1934627494374289,-1.5609109220940063,0.4507450658817102,50
CentralAsia_Neolithic,SouthAsia_Medieval_Recent,D_VA,-0.018724580382772388,0.007462724522395217,-2.5090810101030763,0.015982340090414576,50
CentralAsia_Neolithic,SouthAsia_Medieval_Recent,R,-0.25893605472623005,0.2256835099646635,-1.1473414905979311,0.42789902340043595,50
CentralAsia_Neolithic,WestSiberia_Bronze,D_VA,-0.016117516511891652,0.004752105878269811,-3.391657703923016,0.015591284372839546,50
CentralAsia_Neolithic,WestSiberia_Bronze,R,-0.16467994718204393,0.12544104635063155,-1.3128075057803026,0.42193836949704727,50
CentralAsia_Neolithic,WestSiberia_Iron_Classical,D_VA,-0.017348997651744996,0.0051412889972644454,-3.3744451364192862,0.0159491677673183,50
CentralAsia_Neolithic,WestSiberia_Iron_Classical,R,-0.21356769779660323,0.15460921602208674,-1.3813387279972622,0.43319556678013615,50
CentralAsia_Neolithic,WestSiberia_LateGlacial_Meso,D_VA,-0.023645645712240024,0.008189904589572354,-2.887169863046562,0.017269700684087293,50
CentralAsia_Neolithic,WestSiberia_LateGlacial_Meso,R,-0.1904789378405054,0.19621365823041342,-0.9707730825589432,0.42970273976881,50
CentralAsia_Neolithic,WestSiberia_Medieval_Recent,D_VA,-0.01797590315743991,0.005639023472954662,-3.1877688120388563,0.015486081795444808,50
CentralAsia_Neolithic,WestSiberia_Medieval_Recent,R,-0.23431980632630034,0.14358300631141963,-1.6319466512498013,0.4158228322302846,50
CentralAsia_Neolithic,WestSiberia_Neolithic,D_VA,-0.01739925363040111,0.00602566595579525,-2.887523762193818,0.016259396258067497,50
CentralAsia_Neolithic,WestSiberia_Neolithic,R,-0.15358297967766754,0.16541824167213645,-0.9284524978936318,0.4368534057044986,50
CentralAsia_Neolithic,ANC_Americas,D_VA,-0.027972718949399594,0.007911216811546218,-3.535830153027045,0.01686672213642859,50
CentralAsia_Neolithic,ANC_Americas,R,-0.3828583921695674,0.21933750165831178,-1.7455218066903655,0.42589378350021323,50
CentralAsia_Neolithic,ANC_Oceania,D_VA,-0.018436761586660563,0.0087342499762243,-2.1108580172135776,0.016502389752368483,50
CentralAsia_Neolithic,ANC_Oceania,R,-0.1747842281155323,0.21590951532022076,-0.8095253599930761,0.4119125168027115,50
CentralAsia_Neolithic,ANC_Africa,D_VA,0.019956853564339877,0.00649927161617946,3.0706292555397674,0.012844285609471246,50
CentralAsia_Neolithic,ANC_Africa,R,-0.24726171731400526,0.18946689737523814,-1.3050391426651422,0.4720132225820518,50
CentralAsia_Neolithic,PD_French,D_VA,-0.022261041468504036,0.00604140180739239,-3.68474770892824,0.01661446150322621,50
CentralAsia_Neolithic,PD_French,R,-0.5098767952803873,0.17667814957977027,-2.885907490502541,0.4877560871290766,50
CentralAsia_Neolithic,PD_Sardinian,D_VA,-0.020041461318509174,0.006111850823532923,-3.2791149354205467,0.016470006711241148,50
CentralAsia_Neolithic,PD_Sardinian,R,-0.479088295152728,0.16195507663364592,-2.958155465768204,0.4738591248021793,50
CentralAsia_Neolithic,PD_Basque,D_VA,-0.024926327976248122,0.006641968039373688,-3.752852743115364,0.015801962065243823,50
CentralAsia_Neolithic,PD_Basque,R,-0.5373269291765164,0.15619063906547342,-3.4401993127851584,0.45353808856477423,50
CentralAsia_Neolithic,PD_Russian,D_VA,-0.021740622924585867,0.006149071655387097,-3.5355943373239564,0.015247028724198822,50
CentralAsia_Neolithic,PD_Russian,R,-0.4484225424332764,0.17157801721718483,-2.613519783630904,0.44793193712089785,50
CentralAsia_Neolithic,PD_Han,D_VA,-0.018963660223474607,0.007349409328148833,-2.580297188080442,0.015819112314732646,50
CentralAsia_Neolithic,PD_Han,R,-0.3965710601157795,0.20501249740998406,-1.9343750509156352,0.45290000224108734,50
CentralAsia_Neolithic,PD_Japanese,D_VA,-0.020866876270901183,0.008259540175976356,-2.5263968485309194,0.01599400853271488,50
CentralAsia_Neolithic,PD_Japanese,R,-0.5329771742895133,0.21254130909693134,-2.5076404043716716,0.45762857633815107,50
CentralAsia_Neolithic,PD_Dai,D_VA,-0.011124734730605712,0.008222896613304135,-1.352897312682563,0.01621085212900427,50
CentralAsia_Neolithic,PD_Dai,R,-0.21435226692045317,0.19762669178341163,-1.0846321667691117,0.4534572300480386,50
CentralAsia_Neolithic,PD_Papuan,D_VA,-0.01727877792855162,0.014397592722241165,-1.2001157597588967,0.019808690887960386,50
CentralAsia_Neolithic,PD_Papuan,R,0.06256753082083,0.2909230979458981,0.2150655319656518,0.437628795344331,50
CentralAsia_Neolithic,PD_Karitiana,D_VA,-0.04515014376756024,0.011262581951069214,-4.008862618156035,0.01764243479376779,50
CentralAsia_Neolithic,PD_Karitiana,R,-0.5812177295474088,0.2966399243959808,-1.9593375056674731,0.45671112048667334,50
CentralAsia_Neolithic,PD_Mixe,D_VA,-0.041631621403383015,0.010555050815600611,-3.944236946907968,0.018489236168984617,50
CentralAsia_Neolithic,PD_Mixe,R,-0.7670903034743166,0.2960538780519737,-2.5910496715048947,0.5201021474188556,50
CentralAsia_Neolithic,PD_Mbuti,D_VA,0.07342020736463577,0.011715705490267028,6.266819136553965,0.013506135335595592,50
CentralAsia_Neolithic,PD_Mbuti,R,-1.4776881124233492,2.2623302899167452,-0.653170811976234,2.19937298916551,50
CentralAsia_Neolithic,PD_Biaka,D_VA,0.06140273942007961,0.01173576666993372,5.232102950494873,0.012701903753549976,50
CentralAsia_Neolithic,PD_Biaka,R,-0.07034911656158482,1.937377623190164,-0.03631151496719836,1.8269557539432573,50
CentralAsia_Neolithic,PD_Juhoan,D_VA,0.07903625014556198,0.013888892581692425,5.6906084974509215,0.014888695826018112,50
CentralAsia_Neolithic,PD_Juhoan,R,5.232356450302871,3.435456657321156,1.5230453975172173,3.4410721278663026,50
CentralAsia_Neolithic,PD_Mandenka,D_VA,0.05124872417355347,0.010974916359043282,4.669623211417439,0.012065931007961418,50
CentralAsia_Neolithic,PD_Mandenka,R,5.398203210134052,12.204071642559338,0.4423280498705746,12.181256481452252,50
CentralAsia_Neolithic,PD_Mende,D_VA,0.05667426388429077,0.011758600043678801,4.81981389568206,0.011407549060830965,50
CentralAsia_Neolithic,PD_Mende,R,0.6711790557872296,3.0904804098447416,0.21717628548920265,3.0551421263083083,50
CentralAsia_Neolithic,PD_Esan,D_VA,0.05501601756973535,0.011583478310855832,4.74952480535793,0.011117994381607552,50
CentralAsia_Neolithic,PD_Esan,R,-0.16566956322195336,8.996592796492225,-0.018414700650511602,9.020738912316693,50
CentralAsia_Neolithic,PD_Gambian,D_VA,0.0552190726366154,0.011077665416121776,4.9847211088586265,0.011317360461990996,50
CentralAsia_Neolithic,PD_Gambian,R,0.8892394071831442,1.9512380627019248,0.45573086348663866,1.9794088682594073,50
CentralAsia_Neolithic,PD_Luhya,D_VA,0.049893637539050184,0.010297710672189743,4.845119379183394,0.01148743390176331,50
CentralAsia_Neolithic,PD_Luhya,R,-1.7099808170467206,4.062794632399539,-0.4208878301182513,4.15904920411561,50
EastAsia_Bronze,EastAsia_Iron_Classical,D_VA,3.128095271823228e-06,0.0025501828837173534,0.0012266160563604218,0.01663461805750811,50
EastAsia_Bronze,EastAsia_Iron_Classical,R,0.06687817784668226,0.06609156551000356,1.011901856622834,0.4227402607976712,50
EastAsia_Bronze,EastAsia_LateGlacial_Meso,D_VA,-0.002252898169777709,0.006507031341844047,-0.34622519109294064,0.017894393879541316,50
EastAsia_Bronze,EastAsia_LateGlacial_Meso,R,-0.004359644055887069,0.151300469089321,-0.02881447811846063,0.43438031386703435,50
EastAsia_Bronze,EastAsia_Medieval_Recent,D_VA,-0.0003184864347349492,0.0029587728421809046,-0.10764139449792759,0.01692912652197454,50
EastAsia_Bronze,EastAsia_Medieval_Recent,R,0.07785147661363423,0.07454166572128329,1.0444021589848362,0.4219608257607647,50
EastAsia_Bronze,EastAsia_Neolithic,D_VA,-0.004110210661611061,0.002588543786295992,-1.5878466817408785,0.016643733591492117,50
EastAsia_Bronze,EastAsia_Neolithic,R,-0.18175861524496306,0.08287133295252541,-2.1932628421590286,0.46278159787254,50
EastAsia_Bronze,Europe_Bronze,D_VA,-0.0007860749182451859,0.007071491854581758,-0.11116111485525824,0.016312311815477445,50
EastAsia_Bronze,Europe_Bronze,R,0.06201063855908573,0.1913633877122895,0.3240465132876792,0.4269093667968924,50
EastAsia_Bronze,Europe_Iron_Classical,D_VA,-0.0012564764785383403,0.007061117316104452,-0.17794301132381213,0.01650582443771159,50
EastAsia_Bronze,Europe_Iron_Classical,R,0.006311858894018529,0.1904473177335377,0.03314228296378371,0.4371533523751446,50
EastAsia_Bronze,Europe_LateGlacial_Meso,D_VA,0.0020541507910124546,0.009214221743583693,0.22293264132077772,0.01705716152582749,50
EastAsia_Bronze,Europe_LateGlacial_Meso,R,0.12473014857105547,0.22786999465935925,0.5473741672637217,0.43095836728003295,50
EastAsia_Bronze,Europe_Medieval_Recent,D_VA,-0.0026200031540343505,0.006272747464177644,-0.417680317754962,0.016352713516683954,50
EastAsia_Bronze,Europe_Medieval_Recent,R,0.020497652757715423,0.16772051502610175,0.12221315176933154,0.42680367675350844,50
EastAsia_Bronze,Europe_Neolithic,D_VA,-0.001490208013194716,0.007723057208794838,-0.1929557133796318,0.016833513358464516,50
EastAsia_Bronze,Europe_Neolithic,R,-0.011157699387753128,0.20783179021011547,-0.053686201598286895,0.4406328291316982,50
EastAsia_Bronze,Europe_Palaeolithic,D_VA,0.005768335715473652,0.007797562441373982,0.7397614009304725,0.01668775813185916,50
EastAsia_Bronze,Europe_Palaeolithic,R,0.3903900317600941,0.19917902317202907,1.9599957141215514,0.3835344143193842,50
EastAsia_Bronze,InnerAsia_Bronze,D_VA,0.002508746369244294,0.006649175503964427,0.37730187265300913,0.016635600908814285,50
EastAsia_Bronze,InnerAsia_Bronze,R,0.15603066320766867,0.17067818454834865,0.9141804713974402,0.4350920300026533,50
EastAsia_Bronze,InnerAsia_Iron_Classical,D_VA,0.0014588114031387767,0.004109315794402599,0.35500104546013717,0.01585255240166727,50
EastAsia_Bronze,InnerAsia_Iron_Classical,R,0.13098899242461792,0.11354781511586598,1.1536020511795377,0.40545320579558897,50
EastAsia_Bronze,InnerAsia_Medieval_Recent,D_VA,0.0015264502278896502,0.005163580404636215,0.2956185646918752,0.01599827039554317,50
EastAsia_Bronze,InnerAsia_Medieval_Recent,R,0.034741994860499226,0.12897365884047374,0.269372794203437,0.4222790823955625,50
EastAsia_Bronze,NearEast_Bronze,D_VA,0.003205007746347882,0.007746733681559757,0.41372375482289375,0.017094347895958123,50
EastAsia_Bronze,NearEast_Bronze,R,-0.042682155967268987,0.22941905000336846,-0.1860445153383832,0.4657857820729978,50
EastAsia_Bronze,NearEast_Iron_Classical,D_VA,0.003925573874460783,0.008380242974690318,0.4684319877498359,0.017953046908576745,50
EastAsia_Bronze,NearEast_Iron_Classical,R,0.0602011415250121,0.2290858967745743,0.2627885102165472,0.46131540746247274,50
EastAsia_Bronze,NearEast_Medieval_Recent,D_VA,-0.002931718860862964,0.008238973450764957,-0.3558354543053862,0.01647357502692626,50
EastAsia_Bronze,NearEast_Medieval_Recent,R,-0.34815779853090967,0.2566257384354263,-1.3566752916271305,0.5084182477965575,50
EastAsia_Bronze,Siberia_Bronze,D_VA,0.0026630335712738012,0.006074148627689637,0.43842087747640657,0.016337382937044214,50
EastAsia_Bronze,Siberia_Bronze,R,0.20670536678789508,0.15001654734815942,1.3778837764354879,0.4156410282470763,50
EastAsia_Bronze,Siberia_Iron_Classical,D_VA,0.006201864585635028,0.004177889072718903,1.4844493182292546,0.01615704164224965,50
EastAsia_Bronze,Siberia_Iron_Classical,R,0.23331130506068476,0.11459821496740508,2.03590697400518,0.4135843621966461,50
EastAsia_Bronze,Siberia_Neolithic,D_VA,0.006659995020197568,0.0056360725039842335,1.1816730561023667,0.01719732643437817,50
EastAsia_Bronze,Siberia_Neolithic,R,0.26450966790265795,0.1337611149126394,1.9774780441641178,0.42512220488043245,50
EastAsia_Bronze,SouthAsia_Iron_Classical,D_VA,0.006058175871638732,0.0040181463872613465,1.5077041221904839,0.01655064778461018,50
EastAsia_Bronze,SouthAsia_Iron_Classical,R,0.060993677866043816,0.11529621907559538,0.5290171555933899,0.4548529745332018,50
EastAsia_Bronze,SouthAsia_Medieval_Recent,D_VA,0.0027033801055814655,0.004234501062959138,0.6384176235611333,0.016709639506415106,50
EastAsia_Bronze,SouthAsia_Medieval_Recent,R,0.1040357417550326,0.12102765255449087,0.8596030705312746,0.43222411808232203,50
EastAsia_Bronze,WestSiberia_Bronze,D_VA,0.005310443976462201,0.006772801490069578,0.784083807010804,0.01633600336873821,50
EastAsia_Bronze,WestSiberia_Bronze,R,0.19829184929921873,0.17357278744213786,1.142413233211002,0.4263239398377964,50
EastAsia_Bronze,WestSiberia_Iron_Classical,D_VA,0.004078962836608857,0.005314015989641958,0.7675857288648628,0.0166779138425266,50
EastAsia_Bronze,WestSiberia_Iron_Classical,R,0.14940409868465943,0.13724622656632243,1.0885843816803362,0.4374682995406154,50
EastAsia_Bronze,WestSiberia_LateGlacial_Meso,D_VA,-0.0022176852238861705,0.007546805835492764,-0.29385746396924073,0.01794489953682217,50
EastAsia_Bronze,WestSiberia_LateGlacial_Meso,R,0.17249285864075725,0.19811357267727642,0.8706766341635014,0.4340098600145115,50
EastAsia_Bronze,WestSiberia_Medieval_Recent,D_VA,0.0034520573309139435,0.005118193684735449,0.6744678969866641,0.016235627091180756,50
EastAsia_Bronze,WestSiberia_Medieval_Recent,R,0.12865199015496231,0.14469850865072872,0.8891037741480855,0.42027222348022186,50
EastAsia_Bronze,WestSiberia_Neolithic,D_VA,0.0040287068579527435,0.007183558622262605,0.5608232729482233,0.016974829140392982,50
EastAsia_Bronze,WestSiberia_Neolithic,R,0.2093888168035951,0.19192771801184824,1.0909774730436224,0.4410907073387666,50
EastAsia_Bronze,ANC_Americas,D_VA,-0.006544758461045741,0.007766298987190984,-0.8427126578361277,0.017557425018953254,50
EastAsia_Bronze,ANC_Americas,R,-0.019886595688304753,0.1765487399534837,-0.11264082481440756,0.4302390368726677,50
EastAsia_Bronze,ANC_Oceania,D_VA,0.00299119890169329,0.006213135331048409,0.4814314741778774,0.017207722836207928,50
EastAsia_Bronze,ANC_Oceania,R,0.18818756836573036,0.14166664606316068,1.328383028718198,0.4164036929756247,50
EastAsia_Bronze,ANC_Africa,D_VA,0.04138481405269373,0.008120995030033511,5.096027506437589,0.013738723757552794,50
EastAsia_Bronze,ANC_Africa,R,0.1157100791672574,0.24611933851203924,0.47013810400598527,0.47593759708315525,50
EastAsia_Bronze,PD_French,D_VA,-0.0008330809801501832,0.007304136194876444,-0.11405605781756312,0.0173152299641345,50
EastAsia_Bronze,PD_French,R,-0.14690499879912466,0.2287763895049565,-0.6421335659549865,0.49155479303579325,50
EastAsia_Bronze,PD_Sardinian,D_VA,0.0013864991698446794,0.007854533655693972,0.17652215021569959,0.017176669605514453,50
EastAsia_Bronze,PD_Sardinian,R,-0.11611649867146534,0.22359295228282222,-0.5193209244117402,0.47776833735952146,50
EastAsia_Bronze,PD_Basque,D_VA,-0.003498367487894269,0.008342204587317041,-0.41935767113803046,0.016537196339769335,50
EastAsia_Bronze,PD_Basque,R,-0.1743551326952537,0.22446387917928992,-0.7767625389561588,0.4576209258807809,50
EastAsia_Bronze,PD_Russian,D_VA,-0.00031266243623201406,0.007357377959556273,-0.04249644886408294,0.016007771318494634,50
EastAsia_Bronze,PD_Russian,R,-0.08545074595201374,0.21690710643762953,-0.39395088227127606,0.45206540933572237,50
EastAsia_Bronze,PD_Han,D_VA,0.002464300264879246,0.0031873676439667514,0.7731459122840214,0.016553584871404788,50
EastAsia_Bronze,PD_Han,R,-0.03359926363451682,0.09934888665956043,-0.33819466693825834,0.4569885403978651,50
EastAsia_Bronze,PD_Japanese,D_VA,0.0005610842174526703,0.003624994093427376,0.15478210529225273,0.016720800417839805,50
EastAsia_Bronze,PD_Japanese,R,-0.17000537780825065,0.1108341615964619,-1.533871645343665,0.46167524073343713,50
EastAsia_Bronze,PD_Dai,D_VA,0.010303225757748141,0.004019436018646183,2.563351104471231,0.01692833672919811,50
EastAsia_Bronze,PD_Dai,R,0.14861952956080948,0.13014182372094493,1.1419813040232567,0.45754078890065536,50
EastAsia_Bronze,PD_Papuan,D_VA,0.004149182559802234,0.013185338528440302,0.3146815344067652,0.020400026773596164,50
EastAsia_Bronze,PD_Papuan,R,0.42553932730209265,0.2414694287848388,1.7622906942860632,0.4418586612702353,50
EastAsia_Bronze,PD_Karitiana,D_VA,-0.023722183279206388,0.011274986417490057,-2.103965574841661,0.018303889289465882,50
EastAsia_Bronze,PD_Karitiana,R,-0.21824593306614615,0.2822364532032434,-0.7732733691525787,0.46076584248529845,50
EastAsia_Bronze,PD_Mixe,D_VA,-0.020203660915029162,0.011290330313602862,-1.7894658839774868,0.019121420234416805,50
EastAsia_Bronze,PD_Mixe,R,-0.40411850699305396,0.2941041464349466,-1.3740659963202582,0.5236662656451141,50
EastAsia_Bronze,PD_Mbuti,D_VA,0.09484816785298962,0.012269533087051464,7.730381195441474,0.014359406302911666,50
EastAsia_Bronze,PD_Mbuti,R,-1.1147163159420865,2.2856246340049418,-0.4877075173926728,2.200218548121032,50
EastAsia_Bronze,PD_Biaka,D_VA,0.08283069990843346,0.012413108411618598,6.672841093605886,0.013605705297158337,50
EastAsia_Bronze,PD_Biaka,R,0.29262267991967783,1.9045656573373948,0.15364273675330667,1.8279735886744561,50
EastAsia_Bronze,PD_Juhoan,D_VA,0.10046421063391583,0.015376701185587689,6.533534691308118,0.015666847834467677,50
EastAsia_Bronze,PD_Juhoan,R,5.595328246784134,3.44518291886974,1.6241019355279376,3.441612631195341,50
EastAsia_Bronze,PD_Mandenka,D_VA,0.07267668466190733,0.01167414604942204,6.225439047467235,0.01301397513281627,50
EastAsia_Bronze,PD_Mandenka,R,5.761175006615315,12.20587332021302,0.4720002293547292,12.18140917878336,50
EastAsia_Bronze,PD_Mende,D_VA,0.07810222437264462,0.012571409080427571,6.212686571009926,0.012406007949535615,50
EastAsia_Bronze,PD_Mende,R,1.0341508522684921,3.080776169236798,0.33567867169158305,3.0557508939651226,50
EastAsia_Bronze,PD_Esan,D_VA,0.0764439780580892,0.012788690284114902,5.9774673058617935,0.012140290636477058,50
EastAsia_Bronze,PD_Esan,R,0.1973022332593093,9.010058762349026,0.021897996279867805,9.020945107814898,50
EastAsia_Bronze,PD_Gambian,D_VA,0.07664703312496925,0.011943073065345209,6.417697748779016,0.012323128884147584,50
EastAsia_Bronze,PD_Gambian,R,1.2522112036644069,1.9399140550839788,0.6454982891549794,1.980348348591475,50
EastAsia_Bronze,PD_Luhya,D_VA,0.07132159802740404,0.011557103647071604,6.171234610799381,0.012479503007574319,50
EastAsia_Bronze,PD_Luhya,R,-1.347009020565458,4.130251936711512,-0.32613241061462717,4.15949641137959,50
EastAsia_Iron_Classical,EastAsia_LateGlacial_Meso,D_VA,-0.002256026265049532,0.0066693613962202905,-0.3382672089606786,0.017689616235544305,50
EastAsia_Iron_Classical,EastAsia_LateGlacial_Meso,R,-0.07123782190256933,0.14910546262628407,-0.4777680216929332,0.4224802850398608,50
EastAsia_Iron_Classical,EastAsia_Medieval_Recent,D_VA,-0.0003216145300067724,0.003645167435991432,-0.08823038602595713,0.016712525693074902,50
EastAsia_Iron_Classical,EastAsia_Medieval_Recent,R,0.010973298766951967,0.0872209632356683,0.1258103368716814,0.4097002229055351,50
EastAsia_Iron_Classical,EastAsia_Neolithic,D_VA,-0.004113338756882884,0.0029493676982095124,-1.394651049911474,0.01642336926788258,50
EastAsia_Iron_Classical,EastAsia_Neolithic,R,-0.24863679309164533,0.09671922286566195,-2.5707071016998255,0.4516305365025709,50
EastAsia_Iron_Classical,Europe_Bronze,D_VA,-0.0007892030135170092,0.006685779364896312,-0.11804203675351897,0.016087408337268995,50
EastAsia_Iron_Classical,Europe_Bronze,R,-0.004867539287596534,0.17597842911104067,-0.027659863269521315,0.41479505979587356,50
EastAsia_Iron_Classical,Europe_Iron_Classical,D_VA,-0.0012596045738101636,0.00670524243488062,-0.18785369597640647,0.01628359390961418,50
EastAsia_Iron_Classical,Europe_Iron_Classical,R,-0.060566318952663734,0.17680494796587615,-0.3425600903677945,0.4253309154822466,50
EastAsia_Iron_Classical,Europe_LateGlacial_Meso,D_VA,0.0020510226957406313,0.008794802956333026,0.2332084875493107,0.016842207383916053,50
EastAsia_Iron_Classical,Europe_LateGlacial_Meso,R,0.0578519707243732,0.2121112180490218,0.2727435694183927,0.41896115392815414,50
EastAsia_Iron_Classical,Europe_Medieval_Recent,D_VA,-0.0026231312493061737,0.005853964217668619,-0.44809485534417115,0.01612837343328226,50
EastAsia_Iron_Classical,Europe_Medieval_Recent,R,-0.04638052508896684,0.15326218298210703,-0.302622109293469,0.4146862822212136,50
EastAsia_Iron_Classical,Europe_Neolithic,D_VA,-0.0014933361084665392,0.007465348010006091,-0.2000356991348513,0.01661566616883808,50
EastAsia_Iron_Classical,Europe_Neolithic,R,-0.07803587723443539,0.19397812186543795,-0.40229215791958567,0.42890631177536087,50
EastAsia_Iron_Classical,Europe_Palaeolithic,D_VA,0.005765207620201829,0.007547406998700068,0.7638660034094892,0.016467982927854237,50
EastAsia_Iron_Classical,Europe_Palaeolithic,R,0.32351185391341186,0.18911299316520547,1.7106802049862229,0.3700026772057896,50
EastAsia_Iron_Classical,InnerAsia_Bronze,D_VA,0.002505618273972471,0.006499432863482593,0.3855133711820334,0.01641512740864382,50
EastAsia_Iron_Classical,InnerAsia_Bronze,R,0.08915248536098641,0.16896707786814935,0.5276322848558408,0.42321201394096614,50
EastAsia_Iron_Classical,InnerAsia_Iron_Classical,D_VA,0.0014556833078669534,0.0038380613390565908,0.3792756757308015,0.015621030948444909,50
EastAsia_Iron_Classical,InnerAsia_Iron_Classical,R,0.06411081457793566,0.10206248562436039,0.6281525889335544,0.3926775219719852,50
EastAsia_Iron_Classical,InnerAsia_Medieval_Recent,D_VA,0.001523322132617827,0.004831029199580739,0.315320415109482,0.015768888543381234,50
EastAsia_Iron_Classical,InnerAsia_Medieval_Recent,R,-0.03213618298618304,0.11593146994181583,-0.2771998233293486,0.4100279961185297,50
EastAsia_Iron_Classical,NearEast_Bronze,D_VA,0.003201879651076059,0.007700456915102286,0.41580385246964635,0.016879867304949846,50
EastAsia_Iron_Classical,NearEast_Bronze,R,-0.10956033381395125,0.22493087142085139,-0.4870844678717359,0.4547083999152566,50
EastAsia_Iron_Classical,NearEast_Iron_Classical,D_VA,0.00392244577918896,0.008461659348548384,0.4635551512555116,0.017748945984092237,50
EastAsia_Iron_Classical,NearEast_Iron_Classical,R,-0.00667703632167016,0.2207029647108849,-0.030253496279113886,0.4501280254931989,50
EastAsia_Iron_Classical,NearEast_Medieval_Recent,D_VA,-0.0029348469561347873,0.007863909499521773,-0.3732045690903823,0.016250903495265593,50
EastAsia_Iron_Classical,NearEast_Medieval_Recent,R,-0.41503597637759193,0.24158347377247388,-1.717981656180992,0.4982895231335498,50
EastAsia_Iron_Classical,Siberia_Bronze,D_VA,0.002659905476001978,0.005888361493270869,0.4517225172132652,0.01611282940629269,50
EastAsia_Iron_Classical,Siberia_Bronze,R,0.13982718894121282,0.14523303994045683,0.9627780909808105,0.40318829166336867,50
EastAsia_Iron_Classical,Siberia_Iron_Classical,D_VA,0.006198736490363205,0.0037708015443268564,1.643877678921915,0.01592994616670302,50
EastAsia_Iron_Classical,Siberia_Iron_Classical,R,0.1664331272140025,0.10523804292936789,1.581492040152311,0.40106777335725347,50
EastAsia_Iron_Classical,Siberia_Neolithic,D_VA,0.0066568669249257445,0.005760413959059961,1.1556230111649954,0.016984146335192393,50
EastAsia_Iron_Classical,Siberia_Neolithic,R,0.1976314900559757,0.1426829422119682,1.3851094390973278,0.41295547369485136,50
EastAsia_Iron_Classical,SouthAsia_Iron_Classical,D_VA,0.006055047776366909,0.0037807898641455985,1.6015298373995346,0.016329027292980094,50
EastAsia_Iron_Classical,SouthAsia_Iron_Classical,R,-0.005884499980638447,0.1137613704373105,-0.05172669736675832,0.44350260722327234,50
EastAsia_Iron_Classical,SouthAsia_Medieval_Recent,D_VA,0.0027002520103096422,0.004968319718473004,0.5434940107154689,0.01649015593252579,50
EastAsia_Iron_Classical,SouthAsia_Medieval_Recent,R,0.037157563908350344,0.1362242611172682,0.2727675936987713,0.4202630395647228,50
EastAsia_Iron_Classical,WestSiberia_Bronze,D_VA,0.0053073158811903776,0.006368504142795669,0.8333693065418267,0.016111430610224936,50
EastAsia_Iron_Classical,WestSiberia_Bronze,R,0.13141367145253646,0.16348773695501842,0.8038136309189555,0.4141925106166935,50
EastAsia_Iron_Classical,WestSiberia_Iron_Classical,D_VA,0.004075834741337034,0.004933411438071947,0.8261696378865032,0.01645800718141195,50
EastAsia_Iron_Classical,WestSiberia_Iron_Classical,R,0.08252592083797716,0.12559545748146336,0.6570772740738428,0.4256546103064036,50
EastAsia_Iron_Classical,WestSiberia_LateGlacial_Meso,D_VA,-0.0022208133191579937,0.007342139467836661,-0.3024749569095763,0.017740704879775984,50
EastAsia_Iron_Classical,WestSiberia_LateGlacial_Meso,R,0.10561468079407499,0.18400585905485567,0.5739745535091316,0.4220993873034579,50
EastAsia_Iron_Classical,WestSiberia_Medieval_Recent,D_VA,0.0034489292356421203,0.004883994807811272,0.7061697178969225,0.01600964638237052,50
EastAsia_Iron_Classical,WestSiberia_Medieval_Recent,R,0.06177381230828005,0.13382433374506555,0.4616037351320481,0.4079608755765046,50
EastAsia_Iron_Classical,WestSiberia_Neolithic,D_VA,0.00402557876268092,0.006664809699719924,0.6040050570161197,0.016758819009411185,50
EastAsia_Iron_Classical,WestSiberia_Neolithic,R,0.14251063895691285,0.17934358193718988,0.7946235790407222,0.42937669507409476,50
EastAsia_Iron_Classical,ANC_Americas,D_VA,-0.006547886556317564,0.007526263728269609,-0.870004931095208,0.017348670368095436,50
EastAsia_Iron_Classical,ANC_Americas,R,-0.08676477353498702,0.16909130900964858,-0.5131237911821719,0.4182211891108094,50
EastAsia_Iron_Classical,ANC_Oceania,D_VA,0.0029880708064214667,0.005653930096820939,0.5284944729156773,0.0169946731493259,50
EastAsia_Iron_Classical,ANC_Oceania,R,0.1213093905190481,0.12664514313947975,0.957868478110091,0.4039744666385204,50
EastAsia_Iron_Classical,ANC_Africa,D_VA,0.04138168595742191,0.008011762473620582,5.165116426463549,0.013470921302235142,50
EastAsia_Iron_Classical,ANC_Africa,R,0.04883190132057513,0.23746415808519392,0.20563903923157928,0.46510206459381204,50
EastAsia_Iron_Classical,PD_French,D_VA,-0.0008362090754220064,0.007277864357908702,-0.11489759004828327,0.017103519490313336,50
EastAsia_Iron_Classical,PD_French,R,-0.21378317664580693,0.22522474677168294,-0.9491993207235141,0.48107114726264794,50
EastAsia_Iron_Classical,PD_Sardinian,D_VA,0.0013833710745728561,0.007712426779736008,0.17936910314760982,0.01696322991006344,50
EastAsia_Iron_Classical,PD_Sardinian,R,-0.1829946765181476,0.21801014849247602,-0.8393860459411738,0.46697528666453025,50
EastAsia_Iron_Classical,PD_Basque,D_VA,-0.003501495583166092,0.008049086010069378,-0.43501778696186544,0.016315393131173615,50
EastAsia_Iron_Classical,PD_Basque,R,-0.24123331054193597,0.2105634458319688,-1.1456561683286755,0.4463409526092378,50
EastAsia_Iron_Classical,PD_Russian,D_VA,-0.0003157905315038373,0.007028559285860782,-0.04492962478656288,0.01577852758751229,50
EastAsia_Iron_Classical,PD_Russian,R,-0.152328923798696,0.20429883576339716,-0.7456181687452755,0.44064324400813515,50
EastAsia_Iron_Classical,PD_Han,D_VA,0.002461172169607423,0.0032549011652102354,0.7561434417467034,0.01633200423522687,50
EastAsia_Iron_Classical,PD_Han,R,-0.10047744148119908,0.1053540665835869,-0.9537120373182866,0.44569256245433336,50
EastAsia_Iron_Classical,PD_Japanese,D_VA,0.0005579561221808471,0.0036658364330384545,0.15220431472398818,0.016501465294267017,50
EastAsia_Iron_Classical,PD_Japanese,R,-0.2368835556549329,0.11676519224036873,-2.0287172153777875,0.4504967947482155,50
EastAsia_Iron_Classical,PD_Dai,D_VA,0.010300097662476318,0.003954582547635311,2.6045979666388255,0.016711725663790217,50
EastAsia_Iron_Classical,PD_Dai,R,0.08174135171412722,0.12580516735361205,0.6497455822650698,0.4462587900310455,50
EastAsia_Iron_Classical,PD_Papuan,D_VA,0.00414605446453041,0.012743271390577173,0.325352441885225,0.020220640014799417,50
EastAsia_Iron_Classical,PD_Papuan,R,0.3586611494554104,0.2342055179293678,1.5313949586942532,0.43016556197778466,50
EastAsia_Iron_Classical,PD_Karitiana,D_VA,-0.02372531137447821,0.011081619304905614,-2.140960695516357,0.01810374418085084,50
EastAsia_Iron_Classical,PD_Karitiana,R,-0.2851241109128284,0.2761455523060282,-1.0325138628227843,0.4495647848456611,50
EastAsia_Iron_Classical,PD_Mixe,D_VA,-0.020206789010300985,0.011060140220513853,-1.8269921183116953,0.018929920814040175,50
EastAsia_Iron_Classical,PD_Mixe,R,-0.4709966848397362,0.30063607065344433,-1.566667245936279,0.5138381962708085,50
EastAsia_Iron_Classical,PD_Mbuti,D_VA,0.0948450397577178,0.012198359246647292,7.775229261573508,0.014103394613239971,50
EastAsia_Iron_Classical,PD_Mbuti,R,-1.1815944937887688,2.290220370509351,-0.515930479443766,2.197900132778549,50
EastAsia_Iron_Classical,PD_Biaka,D_VA,0.08282757181316164,0.012200206413581926,6.789030365990655,0.013335231789428685,50
EastAsia_Iron_Classical,PD_Biaka,R,0.22574450207299557,1.89845419490267,0.1189096385254473,1.8251823950124844,50
EastAsia_Iron_Classical,PD_Juhoan,D_VA,0.10046108253864403,0.015106202979125634,6.6503199167563976,0.015432540662931413,50
EastAsia_Iron_Classical,PD_Juhoan,R,5.528450068937452,3.4451144335812667,1.6047217517795236,3.44013093317325,50
EastAsia_Iron_Classical,PD_Mandenka,D_VA,0.0726735565666355,0.011277990007580686,6.443839417997957,0.012730936297155337,50
EastAsia_Iron_Classical,PD_Mandenka,R,5.694296828768633,12.210701731100466,0.46633657542099716,12.18099063767474,50
EastAsia_Iron_Classical,PD_Mende,D_VA,0.0780990962773728,0.012247429852486664,6.37677432882099,0.012108766390041879,50
EastAsia_Iron_Classical,PD_Mende,R,0.96727267442181,3.0821800323952506,0.31382744169882726,3.0540819995770883,50
EastAsia_Iron_Classical,PD_Esan,D_VA,0.07644084996281737,0.012538538445903977,6.096472112169394,0.011836378119289679,50
EastAsia_Iron_Classical,PD_Esan,R,0.13042405541262703,9.01129445023216,0.014473398481531905,9.020379923948973,50
EastAsia_Iron_Classical,PD_Gambian,D_VA,0.07664390502969742,0.011608389829635553,6.602457890760175,0.01202383864412607,50
EastAsia_Iron_Classical,PD_Gambian,R,1.1853330258177246,1.9347150333585152,0.6126654341234318,1.9777722103268416,50
EastAsia_Iron_Classical,PD_Luhya,D_VA,0.07131846993213221,0.011286999969313856,6.318638267566834,0.012184054561627808,50
EastAsia_Iron_Classical,PD_Luhya,R,-1.4138871984121402,4.125820352795361,-0.34269238054783246,4.158270521557228,50
EastAsia_LateGlacial_Meso,EastAsia_Medieval_Recent,D_VA,0.0019344117350427598,0.00670489426403087,0.28850741844209543,0.01796683971762089,50
EastAsia_LateGlacial_Meso,EastAsia_Medieval_Recent,R,0.0822111206695213,0.15380226363941418,0.5345247769711853,0.4217003694861855,50
EastAsia_LateGlacial_Meso,EastAsia_Neolithic,D_VA,-0.0018573124918333517,0.0068491378760438355,-0.2711746391220501,0.01769818839616702,50
EastAsia_LateGlacial_Meso,EastAsia_Neolithic,R,-0.177398971189076,0.18116384085894333,-0.9792184265247571,0.46254412814080803,50
EastAsia_LateGlacial_Meso,Europe_Bronze,D_VA,0.001466823251532523,0.009299780087442928,0.1577266599575949,0.01738687785104108,50
EastAsia_LateGlacial_Meso,Europe_Bronze,R,0.0663702826149728,0.23486709812792356,0.282586548494857,0.4266519314464691,50
EastAsia_LateGlacial_Meso,Europe_Iron_Classical,D_VA,0.0009964216912393686,0.009372953029849277,0.10630819209977324,0.017568558421515838,50
EastAsia_LateGlacial_Meso,Europe_Iron_Classical,R,0.010671502949905598,0.23669773069128588,0.045084939846018024,0.43690195312095625,50
EastAsia_LateGlacial_Meso,Europe_LateGlacial_Meso,D_VA,0.0043070489607901635,0.011183989261444054,0.38510846712258434,0.018087530620840075,50
EastAsia_LateGlacial_Meso,Europe_LateGlacial_Meso,R,0.12908979262694253,0.25775440856831894,0.5008247709281245,0.4307033520611962,50
EastAsia_LateGlacial_Meso,Europe_Medieval_Recent,D_VA,-0.0003671049842566415,0.008630837477170035,-0.042534109259697424,0.017424788205323928,50
EastAsia_LateGlacial_Meso,Europe_Medieval_Recent,R,0.024857296813602492,0.21654049599419337,0.11479283216507019,0.42654617761549835,50
EastAsia_LateGlacial_Meso,Europe_Neolithic,D_VA,0.000762690156582993,0.009935241893394653,0.07676613863725452,0.01787677757962159,50
EastAsia_LateGlacial_Meso,Europe_Neolithic,R,-0.00679805533186606,0.25140005084750716,-0.02704078741809637,0.4403834161917128,50
EastAsia_LateGlacial_Meso,Europe_Palaeolithic,D_VA,0.008021233885251361,0.009162662856845392,0.8754260645155929,0.017739596278074917,50
EastAsia_LateGlacial_Meso,Europe_Palaeolithic,R,0.3947496758159812,0.2182942440391468,1.8083375379572104,0.38324784424102376,50
EastAsia_LateGlacial_Meso,InnerAsia_Bronze,D_VA,0.004761644539022003,0.009164260843886189,0.5195884992949179,0.017690540473343386,50
EastAsia_LateGlacial_Meso,InnerAsia_Bronze,R,0.16039030726355574,0.23119187848896805,0.693754072642345,0.4348394390115836,50
EastAsia_LateGlacial_Meso,InnerAsia_Iron_Classical,D_VA,0.0037117095729164856,0.007548131576470075,0.4917388542201707,0.016956279730213953,50
EastAsia_LateGlacial_Meso,InnerAsia_Iron_Classical,R,0.135348636480505,0.1761274994118977,0.7684696423468439,0.4051821383501489,50
EastAsia_LateGlacial_Meso,InnerAsia_Medieval_Recent,D_VA,0.003779348397667359,0.008647185008244138,0.43706112382979745,0.017092590801004125,50
EastAsia_LateGlacial_Meso,InnerAsia_Medieval_Recent,R,0.039101638916386294,0.210990976255181,0.18532374990812495,0.4220188225386603,50
EastAsia_LateGlacial_Meso,NearEast_Bronze,D_VA,0.005457905916125591,0.010090762303710614,0.5408814271760806,0.018122602865750428,50
EastAsia_LateGlacial_Meso,NearEast_Bronze,R,-0.03832251191138192,0.2760826663272614,-0.1388081056344022,0.46554984473140276,50
EastAsia_LateGlacial_Meso,NearEast_Iron_Classical,D_VA,0.006178472044238492,0.010188329937732223,0.6064263801819646,0.018934727300471344,50
EastAsia_LateGlacial_Meso,NearEast_Iron_Classical,R,0.06456078558089917,0.2585108624243129,0.24974109395422928,0.46107718259565417,50
EastAsia_LateGlacial_Meso,NearEast_Medieval_Recent,D_VA,-0.0006788206910852551,0.009899841118621676,-0.06856884700991699,0.017538263278028026,50
EastAsia_LateGlacial_Meso,NearEast_Medieval_Recent,R,-0.3437981544750226,0.29320263280826947,-1.1725616212315475,0.508202103341378,50
EastAsia_LateGlacial_Meso,Siberia_Bronze,D_VA,0.00491593174105151,0.008413739721463618,0.5842742827557251,0.017410401657436892,50
EastAsia_LateGlacial_Meso,Siberia_Bronze,R,0.21106501084378215,0.19965752655026398,1.0571352580121558,0.41537660924800024,50
EastAsia_LateGlacial_Meso,Siberia_Iron_Classical,D_VA,0.008454762755412737,0.007873023491471188,1.0738901979108464,0.017241287633789047,50
EastAsia_LateGlacial_Meso,Siberia_Iron_Classical,R,0.23767094911657183,0.18289272386349056,1.2995101395830664,0.4133186274554844,50
EastAsia_LateGlacial_Meso,Siberia_Neolithic,D_VA,0.008912893189975277,0.008941368688107578,0.9968153088049959,0.018219770611405076,50
EastAsia_LateGlacial_Meso,Siberia_Neolithic,R,0.268869311958545,0.1994257773541635,1.3482174447341158,0.4248636866460575,50
EastAsia_LateGlacial_Meso,SouthAsia_Iron_Classical,D_VA,0.008311074041416441,0.008536685835892812,0.9735715008360999,0.01761067706625386,50
EastAsia_LateGlacial_Meso,SouthAsia_Iron_Classical,R,0.06535332192193088,0.209443350696638,0.3120334052361011,0.45461136324313367,50
EastAsia_LateGlacial_Meso,SouthAsia_Medieval_Recent,D_VA,0.004956278275359174,0.007383009777379666,0.6713086430610454,0.017760181786119374,50
EastAsia_LateGlacial_Meso,SouthAsia_Medieval_Recent,R,0.10839538581091968,0.1956994637106064,0.5538869844386034,0.43196985010544425,50
EastAsia_LateGlacial_Meso,WestSiberia_Bronze,D_VA,0.00756334214623991,0.00942048206734289,0.8028614769576436,0.017409107119696975,50
EastAsia_LateGlacial_Meso,WestSiberia_Bronze,R,0.2026514933551058,0.2188409787427549,0.9260216917295016,0.4260661507640568,50
EastAsia_LateGlacial_Meso,WestSiberia_Iron_Classical,D_VA,0.006331861006386566,0.008252281587097468,0.7672861062189757,0.01773033600303159,50
EastAsia_LateGlacial_Meso,WestSiberia_Iron_Classical,R,0.1537637427405465,0.19571012074193836,0.7856708797563822,0.4372170813806759,50
EastAsia_LateGlacial_Meso,WestSiberia_LateGlacial_Meso,D_VA,3.521294589153845e-05,0.009162762983686339,0.00384304886574417,0.018927002510389708,50
EastAsia_LateGlacial_Meso,WestSiberia_LateGlacial_Meso,R,0.17685250269664432,0.2176623907753407,0.812508316511059,0.43375663884013904,50
EastAsia_LateGlacial_Meso,WestSiberia_Medieval_Recent,D_VA,0.0057049555006916525,0.007377325863660371,0.7733094086020287,0.017314952835209813,50
EastAsia_LateGlacial_Meso,WestSiberia_Medieval_Recent,R,0.13301163421084938,0.18968562438595749,0.7012214797058511,0.4200107200740102,50
EastAsia_LateGlacial_Meso,WestSiberia_Neolithic,D_VA,0.0062816050277304525,0.009453499433674755,0.6644740470766256,0.018009909188754746,50
EastAsia_LateGlacial_Meso,WestSiberia_Neolithic,R,0.21374846085948218,0.22582384438118208,0.9465274202784489,0.4408415534505481,50
EastAsia_LateGlacial_Meso,ANC_Americas,D_VA,-0.004291860291268032,0.008300100038036646,-0.517085369043727,0.018560042509052167,50
EastAsia_LateGlacial_Meso,ANC_Americas,R,-0.015526951632417685,0.186882065204812,-0.0830842254199248,0.4299835950326473,50
EastAsia_LateGlacial_Meso,ANC_Oceania,D_VA,0.005244097071470999,0.008314120452854892,0.6307458619594918,0.018229583918713276,50
EastAsia_LateGlacial_Meso,ANC_Oceania,R,0.19254721242161743,0.1736070477747952,1.109097901782142,0.41613975858095714,50
EastAsia_LateGlacial_Meso,ANC_Africa,D_VA,0.04363771222247144,0.01029619848580901,4.23823533342099,0.014998817791012845,50
EastAsia_LateGlacial_Meso,ANC_Africa,R,0.12006972322314446,0.2992016606135321,0.40130032359089796,0.47570669478720473,50
EastAsia_LateGlacial_Meso,PD_French,D_VA,0.0014198171896275258,0.009484490825264189,0.14969883104799958,0.018331099076501635,50
EastAsia_LateGlacial_Meso,PD_French,R,-0.1425453547432376,0.2647993446921686,-0.5383146053814738,0.49133123013354296,50
EastAsia_LateGlacial_Meso,PD_Sardinian,D_VA,0.0036393973396223883,0.009921246395593875,0.36682864173584895,0.018200274266578012,50
EastAsia_LateGlacial_Meso,PD_Sardinian,R,-0.11175685461557827,0.2699799431873494,-0.41394502604967925,0.47753832027530574,50
EastAsia_LateGlacial_Meso,PD_Basque,D_VA,-0.00124546931811656,0.009552623370337568,-0.13037982026842412,0.01759803589670558,50
EastAsia_LateGlacial_Meso,PD_Basque,R,-0.16999548863936664,0.2557885603854757,-0.6645937894297613,0.4573807767627124,50
EastAsia_LateGlacial_Meso,PD_Russian,D_VA,0.001940235733545695,0.008553546608009048,0.22683406339645942,0.01710148377266947,50
EastAsia_LateGlacial_Meso,PD_Russian,R,-0.08109110189612667,0.24279844739401807,-0.3339852571813626,0.4518223074018736,50
EastAsia_LateGlacial_Meso,PD_Han,D_VA,0.004717198434656955,0.00689573433905649,0.6840748501489381,0.0176134373912777,50
EastAsia_LateGlacial_Meso,PD_Han,R,-0.02923961957862975,0.1773167878232743,-0.1649004583129032,0.45674805878410707,50
EastAsia_LateGlacial_Meso,PD_Japanese,D_VA,0.0028139823872303793,0.006495614181844866,0.43321267372920846,0.01777068291470223,50
EastAsia_LateGlacial_Meso,PD_Japanese,R,-0.16564573375236358,0.18216023572745224,-0.9093407959803169,0.46143720163675156,50
EastAsia_LateGlacial_Meso,PD_Dai,D_VA,0.01255612392752585,0.007184994025974874,1.74754827660726,0.017966095542960234,50
EastAsia_LateGlacial_Meso,PD_Dai,R,0.15297917361669655,0.16922450274709935,0.9040013185638907,0.45730059769905507,50
EastAsia_LateGlacial_Meso,PD_Papuan,D_VA,0.0064020807295799426,0.01137490850729798,0.5628248108960576,0.021269064318984468,50
EastAsia_LateGlacial_Meso,PD_Papuan,R,0.4298989713579797,0.21596605733062824,1.9905858201589328,0.4416099406575938,50
EastAsia_LateGlacial_Meso,PD_Karitiana,D_VA,-0.02146928510942868,0.01216043806545791,-1.7655026072138658,0.019267702711083166,50
EastAsia_LateGlacial_Meso,PD_Karitiana,R,-0.21388628901025908,0.2950235102986421,-0.7249804898387568,0.46052733333567275,50
EastAsia_LateGlacial_Meso,PD_Mixe,D_VA,-0.017950762745251453,0.01228929434799026,-1.4606829519212423,0.02004596509083118,50
EastAsia_LateGlacial_Meso,PD_Mixe,R,-0.3997588629371669,0.3243235960423555,-1.2325925952207308,0.5234564174052871,50
EastAsia_LateGlacial_Meso,PD_Mbuti,D_VA,0.09710106602276733,0.014013892074384707,6.92891493008238,0.01556934661486336,50
EastAsia_LateGlacial_Meso,PD_Mbuti,R,-1.1103566718861995,2.2918732038723535,-0.48447561148240603,2.200168612321315,50
EastAsia_LateGlacial_Meso,PD_Biaka,D_VA,0.08508359807821117,0.014156658574256176,6.0101469306419055,0.014877070318943185,50
EastAsia_LateGlacial_Meso,PD_Biaka,R,0.2969823239755649,1.9206056419526032,0.15462951763155022,1.8279134837402586,50
EastAsia_LateGlacial_Meso,PD_Juhoan,D_VA,0.10271710880369356,0.016597534522718484,6.188696800907132,0.016782792548024374,50
EastAsia_LateGlacial_Meso,PD_Juhoan,R,5.599687890840021,3.418465625867381,1.638070556704571,3.441580707516736,50
EastAsia_LateGlacial_Meso,PD_Mandenka,D_VA,0.07492958283168503,0.012509801541357373,5.98966998668748,0.014337906172074713,50
EastAsia_LateGlacial_Meso,PD_Mandenka,R,5.765534650671202,12.217517225147075,0.4719072250460278,12.181400159427305,50
EastAsia_LateGlacial_Meso,PD_Mende,D_VA,0.08035512254242233,0.013586020211872215,5.914544604622595,0.013788438558647557,50
EastAsia_LateGlacial_Meso,PD_Mende,R,1.0385104963243794,3.115846740081903,0.333299607764752,3.0557149391127316,50
EastAsia_LateGlacial_Meso,PD_Esan,D_VA,0.0786968762278669,0.01420937912063841,5.538375432151264,0.013549858352757434,50
EastAsia_LateGlacial_Meso,PD_Esan,R,0.20166187731519636,9.02598700429631,0.022342362914904115,9.02093292854778,50
EastAsia_LateGlacial_Meso,PD_Gambian,D_VA,0.07889993129474696,0.012972724763313272,6.081986069563052,0.013713916659254217,50
EastAsia_LateGlacial_Meso,PD_Gambian,R,1.256570847720294,1.892999294461014,0.6637988991316938,1.98029286847099,50
EastAsia_LateGlacial_Meso,PD_Luhya,D_VA,0.07357449619718175,0.01325989911892274,5.5486467534422,0.013854602121956239,50
EastAsia_LateGlacial_Meso,PD_Luhya,R,-1.3426493765095708,4.144134702598411,-0.3239878702947849,4.159469997418873,50
EastAsia_Medieval_Recent,EastAsia_Neolithic,D_VA,-0.0037917242268761114,0.003807052290283874,-0.9959737712437304,0.016721598756909487,50
EastAsia_Medieval_Recent,EastAsia_Neolithic,R,-0.2596100918585973,0.1108837648585119,-2.3412813606199316,0.45090104444215184,50
EastAsia_Medieval_Recent,Europe_Bronze,D_VA,-0.00046758848351023674,0.007089539678124813,-0.06595470294820525,0.016391751397818323,50
EastAsia_Medieval_Recent,Europe_Bronze,R,-0.0158408380545485,0.1730049699767506,-0.09156290745102458,0.4140006666763783,50
EastAsia_Medieval_Recent,Europe_Iron_Classical,D_VA,-0.0009379900438033911,0.00705883092742283,-0.13288178360518546,0.01658433711340526,50
EastAsia_Medieval_Recent,Europe_Iron_Classical,R,-0.0715396177196157,0.17283554017180872,-0.4139172860425645,0.4245562366075776,50
EastAsia_Medieval_Recent,Europe_LateGlacial_Meso,D_VA,0.0023726372257474038,0.009172171681996818,0.25867780368791254,0.017133147884749123,50
EastAsia_Medieval_Recent,Europe_LateGlacial_Meso,R,0.046878671957421236,0.20934756667224527,0.22392747478557765,0.4181746750799645,50
EastAsia_Medieval_Recent,Europe_Medieval_Recent,D_VA,-0.0023015167192994013,0.006281375464832566,-0.3664033032549742,0.01643195777992543,50
EastAsia_Medieval_Recent,Europe_Medieval_Recent,R,-0.057353823855918806,0.15129096262053984,-0.37909616584151623,0.413891680322129,50
EastAsia_Medieval_Recent,Europe_Neolithic,D_VA,-0.0011717215784597668,0.007795712319359472,-0.1503033373294155,0.016910504697143645,50
EastAsia_Medieval_Recent,Europe_Neolithic,R,-0.08900917600138736,0.19294955851649884,-0.46130800550018525,0.4281381023199949,50
EastAsia_Medieval_Recent,Europe_Palaeolithic,D_VA,0.006086822150208601,0.008149424178139327,0.7469021144507835,0.01676541883133092,50
EastAsia_Medieval_Recent,Europe_Palaeolithic,R,0.3125385551464599,0.18145417836049174,1.7224103515849891,0.36911189565885727,50
EastAsia_Medieval_Recent,InnerAsia_Bronze,D_VA,0.0028272328039792433,0.006701946031998923,0.42185251723610084,0.016713503962959307,50
EastAsia_Medieval_Recent,InnerAsia_Bronze,R,0.07817918659403444,0.15885946480370053,0.4921279741854784,0.42243344934012017,50
EastAsia_Medieval_Recent,InnerAsia_Iron_Classical,D_VA,0.0017772978378737259,0.00447599299520848,0.39707341807199237,0.015934284256599682,50
EastAsia_Medieval_Recent,InnerAsia_Iron_Classical,R,0.05313751581098369,0.10498960736876253,0.5061216737800055,0.39183829144110244,50
EastAsia_Medieval_Recent,InnerAsia_Medieval_Recent,D_VA,0.0018449366626245994,0.005752683508940024,0.3207088760849531,0.016079261574196337,50
EastAsia_Medieval_Recent,InnerAsia_Medieval_Recent,R,-0.043109481753135004,0.128286621207692,-0.3360403551617601,0.4092243492002894,50
EastAsia_Medieval_Recent,NearEast_Bronze,D_VA,0.0035234941810828313,0.007760884366709816,0.45400678770538067,0.017170169687879083,50
EastAsia_Medieval_Recent,NearEast_Bronze,R,-0.12053363258090322,0.2136435826186558,-0.5641809180669393,0.453983853601553,50
EastAsia_Medieval_Recent,NearEast_Iron_Classical,D_VA,0.004244060309195732,0.00823702905152532,0.5152416341678222,0.018025257014091946,50
EastAsia_Medieval_Recent,NearEast_Iron_Classical,R,-0.017650335088622127,0.21504690549174182,-0.08207667554323365,0.4493960944554696,50
EastAsia_Medieval_Recent,NearEast_Medieval_Recent,D_VA,-0.002613232426128015,0.008020017840567155,-0.3258387297980392,0.01655224067279963,50
EastAsia_Medieval_Recent,NearEast_Medieval_Recent,R,-0.4260092751445439,0.24389668075214127,-1.746679265297069,0.49762843492116066,50
EastAsia_Medieval_Recent,Siberia_Bronze,D_VA,0.0029815200060087504,0.006538997697747151,0.4559597883076116,0.016416701201950937,50
EastAsia_Medieval_Recent,Siberia_Bronze,R,0.12885389017426085,0.14420112524000833,0.8935706289378564,0.40237098418232026,50
EastAsia_Medieval_Recent,Siberia_Iron_Classical,D_VA,0.006520351020369977,0.004667457940438471,1.3969812055247877,0.016237240890985855,50
EastAsia_Medieval_Recent,Siberia_Iron_Classical,R,0.15545982844705053,0.11246099161294967,1.3823444575527788,0.4002461357754359,50
EastAsia_Medieval_Recent,Siberia_Neolithic,D_VA,0.006978481454932517,0.006092612622473097,1.14540048536679,0.01727269618829313,50
EastAsia_Medieval_Recent,Siberia_Neolithic,R,0.18665819128902372,0.13562878132280665,1.376243224104206,0.4121575349692912,50
EastAsia_Medieval_Recent,SouthAsia_Iron_Classical,D_VA,0.006376662306373682,0.005024658680822379,1.2690737244922718,0.016628948830660815,50
EastAsia_Medieval_Recent,SouthAsia_Iron_Classical,R,-0.016857798747590413,0.1443297403000275,-0.11680058948728811,0.442759723768167,50
EastAsia_Medieval_Recent,SouthAsia_Medieval_Recent,D_VA,0.0030218665403164147,0.004318367130123864,0.6997706422959314,0.016787198978890503,50
EastAsia_Medieval_Recent,SouthAsia_Medieval_Recent,R,0.026184265141398377,0.13194625398670945,0.19844644580842621,0.4194790016217774,50
EastAsia_Medieval_Recent,WestSiberia_Bronze,D_VA,0.00562893041119715,0.006870664245995655,0.819270191303234,0.016415328299669792,50
EastAsia_Medieval_Recent,WestSiberia_Bronze,R,0.1204403726855845,0.15857185036556468,0.759531861474319,0.41339695962643835,50
EastAsia_Medieval_Recent,WestSiberia_Iron_Classical,D_VA,0.004397449271343806,0.005537388076742534,0.7941378155909714,0.0167556201694015,50
EastAsia_Medieval_Recent,WestSiberia_Iron_Classical,R,0.0715526220710252,0.12941468050617452,0.5528941677340179,0.4248805216205136,50
EastAsia_Medieval_Recent,WestSiberia_LateGlacial_Meso,D_VA,-0.0018991987891512213,0.007481444500135056,-0.25385455831650383,0.018017142295856863,50
EastAsia_Medieval_Recent,WestSiberia_LateGlacial_Meso,R,0.09464138202712302,0.18269499372231549,0.5180294221470118,0.4213187666593763,50
EastAsia_Medieval_Recent,WestSiberia_Medieval_Recent,D_VA,0.0037705437656488927,0.005321242344064153,0.7085833573911429,0.016315440054328795,50
EastAsia_Medieval_Recent,WestSiberia_Medieval_Recent,R,0.050800513541328085,0.12504106540474524,0.4062706389848165,0.40715314855539514,50
EastAsia_Medieval_Recent,WestSiberia_Neolithic,D_VA,0.004347193292687693,0.007215111566403003,0.6025122761691303,0.01705118240674378,50
EastAsia_Medieval_Recent,WestSiberia_Neolithic,R,0.13153734018996088,0.17798024512824295,0.7390558435020819,0.42860932870176255,50
EastAsia_Medieval_Recent,ANC_Americas,D_VA,-0.006226272026310792,0.008154602275450373,-0.7635285959997257,0.017631255497515756,50
EastAsia_Medieval_Recent,ANC_Americas,R,-0.09773807230193898,0.18185065413209003,-0.5374634079179359,0.4174333161101097,50
EastAsia_Medieval_Recent,ANC_Oceania,D_VA,0.003309685336428239,0.006589433189052861,0.5022716281465114,0.01728304725244555,50
EastAsia_Medieval_Recent,ANC_Oceania,R,0.11033609175209613,0.1450499299989588,0.7606766287504458,0.40315875294144415,50
EastAsia_Medieval_Recent,ANC_Africa,D_VA,0.04170330048742868,0.008576652731246819,4.862421482391782,0.013832950791818044,50
EastAsia_Medieval_Recent,ANC_Africa,R,0.037858602553623166,0.24123545369059265,0.15693631252966828,0.4643937347411676,50
EastAsia_Medieval_Recent,PD_French,D_VA,-0.000514594545415234,0.007319730584338619,-0.07030238879505572,0.017390088724137526,50
EastAsia_Medieval_Recent,PD_French,R,-0.2247564754127589,0.2238531146900926,-1.0040355066040376,0.48038636440476085,50
EastAsia_Medieval_Recent,PD_Sardinian,D_VA,0.0017049856045796286,0.007858176442455317,0.21696962610410658,0.017252129603603082,50
EastAsia_Medieval_Recent,PD_Sardinian,R,-0.19396797528509957,0.21519239366222684,-0.9013700344332717,0.46626980251013855,50
EastAsia_Medieval_Recent,PD_Basque,D_VA,-0.0031798810531593197,0.008217749484902276,-0.38695278543126993,0.016615560776049483,50
EastAsia_Medieval_Recent,PD_Basque,R,-0.25220660930888794,0.21226238066401312,-1.1881832688388714,0.4456028011060358,50
EastAsia_Medieval_Recent,PD_Russian,D_VA,5.823998502935135e-06,0.007181919169320127,0.0008109250975441515,0.016088714669224926,50
EastAsia_Medieval_Recent,PD_Russian,R,-0.16330222256564797,0.19772402038490966,-0.8259098831176267,0.4398955317657095,50
EastAsia_Medieval_Recent,PD_Han,D_VA,0.0027827866996141953,0.0042312063399819345,0.657681634033966,0.016631872089975783,50
EastAsia_Medieval_Recent,PD_Han,R,-0.11145074024815105,0.12624273327445582,-0.8828289546444904,0.4449533353111686,50
EastAsia_Medieval_Recent,PD_Japanese,D_VA,0.0008795706521876195,0.004348631535217416,0.20226378001088663,0.016798308359348143,50
EastAsia_Medieval_Recent,PD_Japanese,R,-0.24785685442188488,0.1333338644084847,-1.8589190039714512,0.4497654638318056,50
EastAsia_Medieval_Recent,PD_Dai,D_VA,0.01062171219248309,0.0047452747217258525,2.23837666212505,0.017004898751231408,50
EastAsia_Medieval_Recent,PD_Dai,R,0.07076805294717525,0.14594145098754632,0.4849071491910419,0.4455205023984824,50
EastAsia_Medieval_Recent,PD_Papuan,D_VA,0.004467668994537183,0.01295662706055619,0.3448172872196106,0.020463604019965647,50
EastAsia_Medieval_Recent,PD_Papuan,R,0.3476878506884584,0.2348538938407445,1.4804432023776755,0.4293996053667104,50
EastAsia_Medieval_Recent,PD_Karitiana,D_VA,-0.02340369684447144,0.011530171428734155,-2.029778740856139,0.01837472068477607,50
EastAsia_Medieval_Recent,PD_Karitiana,R,-0.2960974096797804,0.280727456911155,-1.0547504435004007,0.4488319353062446,50
EastAsia_Medieval_Recent,PD_Mixe,D_VA,-0.019885174480294213,0.011599351187579661,-1.7143350657049539,0.019189234192736257,50
EastAsia_Medieval_Recent,PD_Mixe,R,-0.4819699836066882,0.29339800777334085,-1.6427173015401833,0.5131971378761395,50
EastAsia_Medieval_Recent,PD_Mbuti,D_VA,0.09516665428772457,0.011994296981287846,7.934325324459857,0.014449586377976817,50
EastAsia_Medieval_Recent,PD_Mbuti,R,-1.1925677925557208,2.281045127205947,-0.5228163960160216,2.1977503507098763,50
EastAsia_Medieval_Recent,PD_Biaka,D_VA,0.08314918634316841,0.012681169112253685,6.556902254605389,0.013700847191164359,50
EastAsia_Medieval_Recent,PD_Biaka,R,0.2147712033060436,1.8832771752850457,0.11404120759523177,1.8250020234073527,50
EastAsia_Medieval_Recent,PD_Juhoan,D_VA,0.10078269706865078,0.015477400266735337,6.511603714562909,0.015749543428013348,50
EastAsia_Medieval_Recent,PD_Juhoan,R,5.517476770170499,3.4349412976396696,1.6062797853232165,3.4400352393184694,50
EastAsia_Medieval_Recent,PD_Mandenka,D_VA,0.07299517109664228,0.011744963432095967,6.215019018038424,0.013113410917075472,50
EastAsia_Medieval_Recent,PD_Mandenka,R,5.6833235300016804,12.202175817817581,0.4657631241227411,12.1809636123542,50
EastAsia_Medieval_Recent,PD_Mende,D_VA,0.07842071080737957,0.012494203714344149,6.276567326763494,0.012510276989997253,50
EastAsia_Medieval_Recent,PD_Mende,R,0.956299375654858,3.089706417575706,0.3095114054251163,3.053974209209732,50
EastAsia_Medieval_Recent,PD_Esan,D_VA,0.07676246449282415,0.012804100322820191,5.995147066757493,0.012246822194375421,50
EastAsia_Medieval_Recent,PD_Esan,R,0.11945075664567506,9.018811190836566,0.013244623278846474,9.020343429313492,50
EastAsia_Medieval_Recent,PD_Gambian,D_VA,0.0769655195597042,0.011913706722436282,6.460249639581963,0.0124280932816674,50
EastAsia_Medieval_Recent,PD_Gambian,R,1.1743597270507726,1.9300553343778968,0.6084590975881513,1.9776057560389897,50
EastAsia_Medieval_Recent,PD_Luhya,D_VA,0.07164008446213899,0.011581355407828906,6.185811758588364,0.012583163053802105,50
EastAsia_Medieval_Recent,PD_Luhya,R,-1.4248604971790921,4.131231761044351,-0.34489967631806157,4.1581913545229305,50
EastAsia_Neolithic,Europe_Bronze,D_VA,0.0033241357433658747,0.007505659284284684,0.4428839116539616,0.016096833755599897,50
EastAsia_Neolithic,Europe_Bronze,R,0.2437692538040488,0.21437913744302703,1.1370941067846791,0.45553531241961975,50
EastAsia_Neolithic,Europe_Iron_Classical,D_VA,0.0028537341830727203,0.007483647485016771,0.38132931685869287,0.01629290583532024,50
EastAsia_Neolithic,Europe_Iron_Classical,R,0.1880704741389816,0.20881798801864976,0.9006430716217073,0.4651492952753387,50
EastAsia_Neolithic,Europe_LateGlacial_Meso,D_VA,0.006164361452623515,0.009714665350256321,0.6345418221185425,0.01685121062440989,50
EastAsia_Neolithic,Europe_LateGlacial_Meso,R,0.30648876381601853,0.25615272617959955,1.196507913021883,0.45933204518190185,50
EastAsia_Neolithic,Europe_Medieval_Recent,D_VA,0.0014902075075767102,0.006704959972606564,0.22225449721773502,0.016137774925583555,50
EastAsia_Neolithic,Europe_Medieval_Recent,R,0.20225626800267849,0.1893943242649914,1.0679109249318965,0.45543626545613414,50
EastAsia_Neolithic,Europe_Neolithic,D_VA,0.0026200026484163447,0.008222744615919205,0.31862872687837446,0.016624792094328836,50
EastAsia_Neolithic,Europe_Neolithic,R,0.17060091585720993,0.22884734004265986,0.7454791295603781,0.4684208615240372,50
EastAsia_Neolithic,Europe_Palaeolithic,D_VA,0.009878546377084713,0.008317052988291426,1.1877459950046638,0.01647719064821084,50
EastAsia_Neolithic,Europe_Palaeolithic,R,0.5721486470050572,0.2455434442080168,2.3301320418082536,0.4151619688382234,50
EastAsia_Neolithic,InnerAsia_Bronze,D_VA,0.006618957030855355,0.006892720713417558,0.9602822029290571,0.016424364760543948,50
EastAsia_Neolithic,InnerAsia_Bronze,R,0.33778927845263174,0.19648212789625658,1.7191857705805484,0.46321257320386583,50
EastAsia_Neolithic,InnerAsia_Iron_Classical,D_VA,0.005569022064749837,0.0045996749199456,1.2107425332605246,0.01563073759736443,50
EastAsia_Neolithic,InnerAsia_Iron_Classical,R,0.312747607669581,0.14590243862950894,2.1435392760208973,0.4354918087544669,50
EastAsia_Neolithic,InnerAsia_Medieval_Recent,D_VA,0.005636660889500711,0.00496777582302265,1.1346447767184222,0.015778504233258873,50
EastAsia_Neolithic,InnerAsia_Medieval_Recent,R,0.2165006101054623,0.1382452630664314,1.5660616885037617,0.4511988883310278,50
EastAsia_Neolithic,NearEast_Bronze,D_VA,0.007315218407958943,0.008339574140692746,0.8771692996006253,0.016888850469410376,50
EastAsia_Neolithic,NearEast_Bronze,R,0.13907645927769408,0.24902780302848518,0.5584776381847842,0.4921556747449644,50
EastAsia_Neolithic,NearEast_Iron_Classical,D_VA,0.008035784536071844,0.008743148831515474,0.9190950183881268,0.017757489504195468,50
EastAsia_Neolithic,NearEast_Iron_Classical,R,0.24195975676997517,0.24964213549421738,0.9692264340351304,0.48792696027641697,50
EastAsia_Neolithic,NearEast_Medieval_Recent,D_VA,0.0011784918007480966,0.008420788358815738,0.13995029331361017,0.01626023414215871,50
EastAsia_Neolithic,NearEast_Medieval_Recent,R,-0.1663991832859466,0.24490633960921596,-0.6794400812631513,0.53268182632303,50
EastAsia_Neolithic,Siberia_Bronze,D_VA,0.006773244232884862,0.006556556583052257,1.033049001726411,0.01612223996291082,50
EastAsia_Neolithic,Siberia_Bronze,R,0.38846398203285815,0.1822378051900583,2.131632246271424,0.44499244686242023,50
EastAsia_Neolithic,Siberia_Iron_Classical,D_VA,0.010312075247246089,0.004459445270442077,2.312412109998566,0.01593946469676584,50
EastAsia_Neolithic,Siberia_Iron_Classical,R,0.4150699203056478,0.14286805166848127,2.905267591027268,0.44307204612334045,50
EastAsia_Neolithic,Siberia_Neolithic,D_VA,0.010770205681808628,0.00549418375591822,1.9602922217894856,0.01699307437400947,50
EastAsia_Neolithic,Siberia_Neolithic,R,0.446268283147621,0.15629076471654543,2.855372062175198,0.4538608845061638,50
EastAsia_Neolithic,SouthAsia_Iron_Classical,D_VA,0.010168386533249793,0.004456341502781065,2.2817790169142147,0.016338313324216706,50
EastAsia_Neolithic,SouthAsia_Iron_Classical,R,0.24275229311100688,0.11671018662583171,2.0799580578965333,0.4818215871502837,50
EastAsia_Neolithic,SouthAsia_Medieval_Recent,D_VA,0.006813590767192526,0.005093909271909946,1.3375956271474365,0.0164993512788959,50
EastAsia_Neolithic,SouthAsia_Medieval_Recent,R,0.28579435699999567,0.14702246144660994,1.9438822761362873,0.4605198167878968,50
EastAsia_Neolithic,WestSiberia_Bronze,D_VA,0.009420654638073261,0.007174530824446399,1.3130690868277337,0.0161208419833916,50
EastAsia_Neolithic,WestSiberia_Bronze,R,0.3800504645441818,0.19840635367446102,1.9155155946656668,0.45498671967557247,50
EastAsia_Neolithic,WestSiberia_Iron_Classical,D_VA,0.008189173498219918,0.005716142125838994,1.4326399375554262,0.01646722047975297,50
EastAsia_Neolithic,WestSiberia_Iron_Classical,R,0.3311627139296225,0.1541554441495672,2.1482388491470754,0.46544529915477134,50
EastAsia_Neolithic,WestSiberia_LateGlacial_Meso,D_VA,0.0018925254377248901,0.008123311347406662,0.2329746278073008,0.017749252366696906,50
EastAsia_Neolithic,WestSiberia_LateGlacial_Meso,R,0.3542514738857203,0.2302506137761621,1.5385473596613537,0.46219624835358936,50
EastAsia_Neolithic,WestSiberia_Medieval_Recent,D_VA,0.007562267992525004,0.005600440553270024,1.3502987703546812,0.016019117554782403,50
EastAsia_Neolithic,WestSiberia_Medieval_Recent,R,0.3104106053999254,0.17749048906227013,1.748885853207729,0.449321216093038,50
EastAsia_Neolithic,WestSiberia_Neolithic,D_VA,0.008138917519563804,0.007478346717900696,1.0883311280663037,0.016767867024031113,50
EastAsia_Neolithic,WestSiberia_Neolithic,R,0.3911474320485582,0.21440408258016766,1.8243469403261225,0.46885160285844224,50
EastAsia_Neolithic,ANC_Americas,D_VA,-0.0024345477994346804,0.007849853078384567,-0.3101392822419155,0.017357410909643777,50
EastAsia_Neolithic,ANC_Americas,R,0.1618720195566583,0.20045867662917327,0.8075081721511308,0.45865721650426217,50
EastAsia_Neolithic,ANC_Oceania,D_VA,0.007101409563304351,0.006362542256792754,1.116127685552543,0.017003595660853826,50
EastAsia_Neolithic,ANC_Oceania,R,0.3699461836106934,0.16599341043891352,2.2286799375499045,0.4457048899508006,50
EastAsia_Neolithic,ANC_Africa,D_VA,0.04549502471430479,0.008091467623325398,5.622592443323333,0.013482176036397122,50
EastAsia_Neolithic,ANC_Africa,R,0.29746869441222046,0.2606672809139048,1.141181560529151,0.5017742617149715,50
EastAsia_Neolithic,PD_French,D_VA,0.0032771296814608775,0.0076379770579016355,0.42905728265714327,0.01711238524872896,50
EastAsia_Neolithic,PD_French,R,0.0348536164458384,0.23497121534776144,0.14833143027436124,0.516611002552964,50
EastAsia_Neolithic,PD_Sardinian,D_VA,0.00549670983145574,0.00820705997725145,0.6697538273988088,0.016972168951759205,50
EastAsia_Neolithic,PD_Sardinian,R,0.06564211657349772,0.23508903748138457,0.2792223630533838,0.5035110699732415,50
EastAsia_Neolithic,PD_Basque,D_VA,0.0006118431737167918,0.008753126604256832,0.06989995705297343,0.016324686917982088,50
EastAsia_Neolithic,PD_Basque,R,0.00740348254970935,0.2383742670111382,0.03105822890422739,0.4844354706318481,50
EastAsia_Neolithic,PD_Russian,D_VA,0.0037975482253790466,0.007623583526025416,0.4981316479861424,0.01578813740677711,50
EastAsia_Neolithic,PD_Russian,R,0.09630786929294932,0.23069856457325436,0.4174619355395617,0.47919093034007976,50
EastAsia_Neolithic,PD_Han,D_VA,0.006574510926490307,0.004027839106335905,1.6322675143970906,0.016341288574799013,50
EastAsia_Neolithic,PD_Han,R,0.14815935161044624,0.12561096000226687,1.1795097466636069,0.4838381335294771,50
EastAsia_Neolithic,PD_Japanese,D_VA,0.004671294879063731,0.003681691686291772,1.2687903488650607,0.016510654342069154,50
EastAsia_Neolithic,PD_Japanese,R,0.011753237436712416,0.11682218625088794,0.10060792229543711,0.4882671822973505,50
EastAsia_Neolithic,PD_Dai,D_VA,0.014413436419359202,0.004735728282363801,3.043552239480439,0.016720799161737843,50
EastAsia_Neolithic,PD_Dai,R,0.33037814480577254,0.16113776446026318,2.05028377992202,0.48435977011943404,50
EastAsia_Neolithic,PD_Papuan,D_VA,0.008259393221413294,0.013151740217715842,0.6280076312857527,0.020228139621663074,50
EastAsia_Neolithic,PD_Papuan,R,0.6072979425470557,0.2574257129305245,2.359119202326757,0.4695741580856441,50
EastAsia_Neolithic,PD_Karitiana,D_VA,-0.019611972617595327,0.011352275990861346,-1.7275806748693467,0.018112120342772653,50
EastAsia_Neolithic,PD_Karitiana,R,-0.036487317821183085,0.29589434906781864,-0.1233119792119458,0.4874074014656567,50
EastAsia_Neolithic,PD_Mixe,D_VA,-0.0160934502534181,0.01127913987238964,-1.4268331127636316,0.018937931565279766,50
EastAsia_Neolithic,PD_Mixe,R,-0.2223598917480909,0.29281515445626016,-0.7593865562081294,0.5472542107439797,50
EastAsia_Neolithic,PD_Mbuti,D_VA,0.09895837851460068,0.012250532272072671,8.077883990411943,0.014114145017044232,50
EastAsia_Neolithic,PD_Mbuti,R,-0.9329577006971235,2.302763298023067,-0.40514702553148735,2.2059516025738506,50
EastAsia_Neolithic,PD_Biaka,D_VA,0.08694091057004452,0.012244138887942851,7.100614536123703,0.013346600946427433,50
EastAsia_Neolithic,PD_Biaka,R,0.4743812951646409,1.9155784882252518,0.24764388307792412,1.8348700919393957,50
EastAsia_Neolithic,PD_Juhoan,D_VA,0.10457442129552691,0.014573213588268435,7.175796927845086,0.015442365792145314,50
EastAsia_Neolithic,PD_Juhoan,R,5.777086862029097,3.4518851424761516,1.6736034437939036,3.4452805860489266,50
EastAsia_Neolithic,PD_Mandenka,D_VA,0.07678689532351839,0.010964710026455885,7.003094029686634,0.012742844617573247,50
EastAsia_Neolithic,PD_Mandenka,R,5.942933621860278,12.21720354351041,0.4864397650980508,12.182445993902448,50
EastAsia_Neolithic,PD_Mende,D_VA,0.08221243503425568,0.012141944565865119,6.770944685860375,0.01212128596453347,50
EastAsia_Neolithic,PD_Mende,R,1.2159094675134554,3.108497281028143,0.39115667719396896,3.059881425704428,50
EastAsia_Neolithic,PD_Esan,D_VA,0.08055418871970026,0.012566923849229172,6.410016459568288,0.011849185496403868,50
EastAsia_Neolithic,PD_Esan,R,0.37906084850427235,9.009253930343382,0.042074610332336886,9.022345119291982,50
EastAsia_Neolithic,PD_Gambian,D_VA,0.08075724378658031,0.011539791773025344,6.998154331983105,0.012036446555581415,50
EastAsia_Neolithic,PD_Gambian,R,1.43396981890937,1.928231338585699,0.743671047251594,1.986715982512674,50
EastAsia_Neolithic,PD_Luhya,D_VA,0.0754318086890151,0.011172852983394852,6.751347109025977,0.012196496853855687,50
EastAsia_Neolithic,PD_Luhya,R,-1.1652504053204948,4.120634749418584,-0.2827842010226483,4.162531826867154,50
Europe_Bronze,Europe_Iron_Classical,D_VA,-0.0004704015602931544,0.0011573935964609562,-0.4064317979048219,0.01595419786324008,50
Europe_Bronze,Europe_Iron_Classical,R,-0.0556987796650672,0.0314117408445953,-1.773183471130373,0.42947487356608716,50
Europe_Bronze,Europe_LateGlacial_Meso,D_VA,0.0028402257092576405,0.00484857121404922,0.5857861179862229,0.016523950750623375,50
Europe_Bronze,Europe_LateGlacial_Meso,R,0.06271951001196974,0.10409913416919121,0.6024979027206162,0.4231674938608246,50
Europe_Bronze,Europe_Medieval_Recent,D_VA,-0.0018339282357891645,0.001519605977134772,-1.2068445790447926,0.015795740832566078,50
Europe_Bronze,Europe_Medieval_Recent,R,-0.041512985801370306,0.04024223272864532,-1.0315775986211728,0.41893554638165115,50
Europe_Bronze,Europe_Neolithic,D_VA,-0.00070413309494953,0.0020322381794297515,-0.346481579805331,0.016292985026705835,50
Europe_Bronze,Europe_Neolithic,R,-0.07316833794683886,0.0563497076751497,-1.2984688113849117,0.43301605471435306,50
Europe_Bronze,Europe_Palaeolithic,D_VA,0.006554410633718838,0.007304485630856657,0.8973130984104829,0.016142349908185263,50
Europe_Bronze,Europe_Palaeolithic,R,0.3283793932010084,0.18104899662418125,1.8137598071457603,0.37475893651665243,50
Europe_Bronze,InnerAsia_Bronze,D_VA,0.00329482128748948,0.00555729804232698,0.5928818757595113,0.016088424617973003,50
Europe_Bronze,InnerAsia_Bronze,R,0.09402002464858294,0.14288074012527366,0.6580314783234531,0.427376517959994,50
Europe_Bronze,InnerAsia_Iron_Classical,D_VA,0.0022448863213839626,0.0046410795904154945,0.483699164741751,0.015277356012689628,50
Europe_Bronze,InnerAsia_Iron_Classical,R,0.0689783538655322,0.12475404491483688,0.5529147685160841,0.3971623290566459,50
Europe_Bronze,InnerAsia_Medieval_Recent,D_VA,0.002312525146134836,0.005591221310830793,0.41359928673458657,0.015428507534423742,50
Europe_Bronze,InnerAsia_Medieval_Recent,R,-0.027268643698586503,0.14597692614046112,-0.18680105424571153,0.41432503781526114,50
Europe_Bronze,NearEast_Bronze,D_VA,0.003991082664593068,0.0030054283706304257,1.3279580054526101,0.01656233434872346,50
Europe_Bronze,NearEast_Bronze,R,-0.10469279452635472,0.09998222406825386,-1.047114079547632,0.4585869691924679,50
Europe_Bronze,NearEast_Iron_Classical,D_VA,0.004711648792705969,0.005489721272095221,0.8582673981383593,0.01744723709910581,50
Europe_Bronze,NearEast_Iron_Classical,R,-0.001809497034073626,0.16188371430936807,-0.011177758317402975,0.4540457231315438,50
Europe_Bronze,NearEast_Medieval_Recent,D_VA,-0.002145643942617778,0.004708750243194549,-0.45567163935246496,0.015920831110800268,50
Europe_Bronze,NearEast_Medieval_Recent,R,-0.4101684370899954,0.18462306781792973,-2.221653241590008,0.5018313742925018,50
Europe_Bronze,Siberia_Bronze,D_VA,0.003449108489518987,0.004350150777912553,0.7928710211681591,0.015779869147825042,50
Europe_Bronze,Siberia_Bronze,R,0.14469472822880936,0.10857520910058724,1.3326681977168466,0.4075574534885434,50
Europe_Bronze,Siberia_Iron_Classical,D_VA,0.006987939503880214,0.004689836912458568,1.4900175921505348,0.01559308127729239,50
Europe_Bronze,Siberia_Iron_Classical,R,0.17130066650159903,0.12375721434699871,1.3841671162805493,0.4054597861507178,50
Europe_Bronze,Siberia_Neolithic,D_VA,0.007446069938442754,0.0072206603538258925,1.031217308884696,0.0166685999886439,50
Europe_Bronze,Siberia_Neolithic,R,0.20249902934357222,0.18469289485385237,1.0964094179357027,0.41722236590837225,50
Europe_Bronze,SouthAsia_Iron_Classical,D_VA,0.006844250789883918,0.006979211511853566,0.9806624685696329,0.016000566589376736,50
Europe_Bronze,SouthAsia_Iron_Classical,R,-0.0010169606930419128,0.2066622405551325,-0.004920882935896615,0.44747831452873865,50
Europe_Bronze,SouthAsia_Medieval_Recent,D_VA,0.0034894550238266514,0.007794535809623793,0.44767964495310614,0.016164969580089093,50
Europe_Bronze,SouthAsia_Medieval_Recent,R,0.04202510319594688,0.24668196761663624,0.1703614723118201,0.424456478079697,50
Europe_Bronze,WestSiberia_Bronze,D_VA,0.006096518894707387,0.002886437437189884,2.1121257700436096,0.01577844083407113,50
Europe_Bronze,WestSiberia_Bronze,R,0.136281210740133,0.06707869012531088,2.0316617764232374,0.4184467889834982,50
Europe_Bronze,WestSiberia_Iron_Classical,D_VA,0.004865037754854043,0.004164220220131105,1.168295022279315,0.01613217279939679,50
Europe_Bronze,WestSiberia_Iron_Classical,R,0.0873934601255737,0.1038766430428458,0.8413196418903014,0.4297954474337029,50
Europe_Bronze,WestSiberia_LateGlacial_Meso,D_VA,-0.0014316103056409846,0.006771097004616489,-0.21142959621829702,0.017438853416365932,50
Europe_Bronze,WestSiberia_LateGlacial_Meso,R,0.11048222008167152,0.1563038736304919,0.7068424954256448,0.42627476130026176,50
Europe_Bronze,WestSiberia_Medieval_Recent,D_VA,0.0042381322491591294,0.0040397696008390915,1.0491024657145884,0.015674494445906052,50
Europe_Bronze,WestSiberia_Medieval_Recent,R,0.06664135159587659,0.09999876172972964,0.666421768061395,0.41227946269586224,50
Europe_Bronze,WestSiberia_Neolithic,D_VA,0.0048147817761979295,0.004777406537780982,1.0078233322036496,0.016438948063559052,50
Europe_Bronze,WestSiberia_Neolithic,R,0.14737817824450938,0.12227997837406943,1.205251916169477,0.433481978440157,50
Europe_Bronze,ANC_Americas,D_VA,-0.005758683542800555,0.008574968515288538,-0.6715690597036299,0.017039875656442532,50
Europe_Bronze,ANC_Americas,R,-0.08189723424739048,0.2338351005890716,-0.35023499055991597,0.42243489721009075,50
Europe_Bronze,ANC_Oceania,D_VA,0.003777273819938476,0.008632516795632431,0.43756344868620056,0.016679325954564502,50
Europe_Bronze,ANC_Oceania,R,0.12617692980664463,0.20813538496782208,0.6062252693176209,0.4083352165262232,50
Europe_Bronze,ANC_Africa,D_VA,0.042170888970938916,0.00610642804012813,6.905983120379824,0.013070834693209259,50
Europe_Bronze,ANC_Africa,R,0.05369944060817167,0.17076459815046738,0.31446471452387914,0.4688946681815299,50
Europe_Bronze,PD_French,D_VA,-4.700606190499723e-05,0.003880405097617685,-0.01211369965827946,0.01679021672884893,50
Europe_Bronze,PD_French,R,-0.2089156373582104,0.14341848989009118,-1.4566855188498566,0.4847388246140811,50
Europe_Bronze,PD_Sardinian,D_VA,0.0021725740880898653,0.0038047333446790095,0.5710187525042328,0.016647287101142372,50
Europe_Bronze,PD_Sardinian,R,-0.17812713723055107,0.1290771841639688,-1.3800048272223955,0.47075279894554084,50
Europe_Bronze,PD_Basque,D_VA,-0.002712292569649083,0.00459855590728845,-0.5898139816785207,0.015986652303435434,50
Europe_Bronze,PD_Basque,R,-0.23636577125433944,0.12321376685931631,-1.9183389752560558,0.4502916003388942,50
Europe_Bronze,PD_Russian,D_VA,0.0004734124820131719,0.003861604278499361,0.12259476835807277,0.015438359099207294,50
Europe_Bronze,PD_Russian,R,-0.14746138451109947,0.12851190113373914,-1.1474531402164851,0.44464451851974235,50
Europe_Bronze,PD_Han,D_VA,0.003250375183124432,0.007263713380264336,0.447481200449865,0.016003604631009187,50
Europe_Bronze,PD_Han,R,-0.09560990219360255,0.22242021141244198,-0.4298615741188627,0.44964890702274635,50
Europe_Bronze,PD_Japanese,D_VA,0.0013471591356978563,0.008074996076926142,0.16683093376940325,0.016176506288568277,50
Europe_Bronze,PD_Japanese,R,-0.23201601636733638,0.23059076645338186,-1.0061808629021693,0.45441131306125776,50
Europe_Bronze,PD_Dai,D_VA,0.011089300675993327,0.008136830979018744,1.362852528777811,0.016390935711788235,50
Europe_Bronze,PD_Dai,R,0.08660889100172375,0.22201862923492954,0.39009740443932905,0.45021015874768233,50
Europe_Bronze,PD_Papuan,D_VA,0.0049352574780474195,0.013228320781122078,0.37308268824947494,0.019956334369174555,50
Europe_Bronze,PD_Papuan,R,0.3635286887430069,0.27520722473291964,1.3209271271704461,0.4342633879010569,50
Europe_Bronze,PD_Karitiana,D_VA,-0.022936108360961202,0.01220601088769608,-1.8790830658754607,0.017808047400315424,50
Europe_Bronze,PD_Karitiana,R,-0.2802565716252319,0.3185461451485156,-0.8797989738490416,0.453487348371447,50
Europe_Bronze,PD_Mixe,D_VA,-0.019417585996783976,0.011646544421826206,-1.6672401094692473,0.018647329590909836,50
Europe_Bronze,PD_Mixe,R,-0.4661291455521397,0.3342158421712593,-1.3946949448113988,0.5172735942482262,50
Europe_Bronze,PD_Mbuti,D_VA,0.0956342427712348,0.01186871077980159,8.057677412949271,0.013721761492715012,50
Europe_Bronze,PD_Mbuti,R,-1.1767269545011723,2.2420246724829473,-0.5248501361039872,2.1987058177545267,50
Europe_Bronze,PD_Biaka,D_VA,0.08361677482667865,0.012501553448550973,6.68851076554574,0.012930947595747947,50
Europe_Bronze,PD_Biaka,R,0.2306120413605921,1.8840127497350958,0.122404713764818,1.826152527699466,50
Europe_Bronze,PD_Juhoan,D_VA,0.10125028555216103,0.014387305617455706,7.037473745557818,0.015084571924957692,50
Europe_Bronze,PD_Juhoan,R,5.5333176082250475,3.436849581043966,1.6099970271449195,3.4406457412432188,50
Europe_Bronze,PD_Mandenka,D_VA,0.07346275958015251,0.01089280131063246,6.744156758688469,0.012306816722793002,50
Europe_Bronze,PD_Mandenka,R,5.699164368056229,12.221628004291963,0.4663179378438625,12.181136038747752,50
Europe_Bronze,PD_Mende,D_VA,0.07888829929088981,0.0119009318787415,6.628749756294891,0.011662041945336935,50
Europe_Bronze,PD_Mende,R,0.9721402137094065,3.09190713488633,0.31441442815039333,3.0546618699130064,50
Europe_Bronze,PD_Esan,D_VA,0.07723005297633438,0.011930159828986132,6.473513689958475,0.01137896505966117,50
Europe_Bronze,PD_Esan,R,0.13529159470022356,8.99655766831855,0.015038151222734225,9.020576270490778,50
Europe_Bronze,PD_Gambian,D_VA,0.07743310804321443,0.011215211337758197,6.904293259505575,0.011573836640724184,50
Europe_Bronze,PD_Gambian,R,1.1902005651053211,1.9528856929966067,0.6094573632105508,1.9786675302588763,50
Europe_Bronze,PD_Luhya,D_VA,0.07210767294564922,0.010442608789247068,6.905139740550247,0.01174019524568964,50
Europe_Bronze,PD_Luhya,R,-1.4090196591245436,4.091226084740094,-0.34440034110558215,4.158696431552977,50
Europe_Iron_Classical,Europe_LateGlacial_Meso,D_VA,0.003310627269550795,0.005044559824709334,0.6562767386233846,0.01671501337158361,50
Europe_Iron_Classical,Europe_LateGlacial_Meso,R,0.11841828967703694,0.11126484834480191,1.0642920153008883,0.43349991221954676,50
Europe_Iron_Classical,Europe_Medieval_Recent,D_VA,-0.0013635266754960101,0.0012655480224872178,-1.077419940822342,0.01599550411999532,50
Europe_Iron_Classical,Europe_Medieval_Recent,R,0.014185793863696894,0.03302459233748364,0.4295524292542351,0.4293698150266228,50
Europe_Iron_Classical,Europe_Neolithic,D_VA,-0.00023373153465637564,0.0023140584767185725,-0.10100502515727965,0.01648672449832448,50
Europe_Iron_Classical,Europe_Neolithic,R,-0.017469558281771658,0.0641624294521222,-0.27227083561116383,0.4431188888710199,50
Europe_Iron_Classical,Europe_Palaeolithic,D_VA,0.007024812194011992,0.007511313257082868,0.9352308915338973,0.01633787575425523,50
Europe_Iron_Classical,Europe_Palaeolithic,R,0.3840781728660756,0.19106731783262695,2.0101720023228893,0.3863880258664805,50
Europe_Iron_Classical,InnerAsia_Bronze,D_VA,0.0037652228477826344,0.005307907525700598,0.7093610485020003,0.016284597946875812,50
Europe_Iron_Classical,InnerAsia_Bronze,R,0.14971880431365014,0.13966277516121747,1.0720022149124895,0.4376095681512377,50
Europe_Iron_Classical,InnerAsia_Iron_Classical,D_VA,0.002715287881677117,0.0046141712206376195,0.5884670836514599,0.015483808651028209,50
Europe_Iron_Classical,InnerAsia_Iron_Classical,R,0.1246771335305994,0.12305543627913308,1.0131785908896194,0.4081536005667513,50
Europe_Iron_Classical,InnerAsia_Medieval_Recent,D_VA,0.0027829267064279906,0.0056116442075598485,0.495920019782956,0.015632964157285153,50
Europe_Iron_Classical,InnerAsia_Medieval_Recent,R,0.028430135966480696,0.14335938057280087,0.19831374726150747,0.42487254911858124,50
Europe_Iron_Classical,NearEast_Bronze,D_VA,0.004461484224886222,0.0030814675312184673,1.4478439833250725,0.01675295922164491,50
Europe_Iron_Classical,NearEast_Bronze,R,-0.048994014861287516,0.09618823217425215,-0.5093556015514581,0.46813828549589614,50
Europe_Iron_Classical,NearEast_Iron_Classical,D_VA,0.0051820503529991235,0.0053661751656048865,0.9656878862647027,0.01762829560665484,50
Europe_Iron_Classical,NearEast_Iron_Classical,R,0.053889282630993574,0.15723889251610332,0.3427223492144261,0.46369059158877723,50
Europe_Iron_Classical,NearEast_Medieval_Recent,D_VA,-0.0016752423823246237,0.004648551816412576,-0.3603794145974385,0.01611904422916625,50
Europe_Iron_Classical,NearEast_Medieval_Recent,R,-0.3544696574249282,0.17531259831666965,-2.021929175817956,0.5105743572274314,50
Europe_Iron_Classical,Siberia_Bronze,D_VA,0.003919510049812142,0.004364453089293295,0.8980529678340065,0.01597983084784294,50
Europe_Iron_Classical,Siberia_Bronze,R,0.20039350789387655,0.11154463307261822,1.7965320461757726,0.41827565543307665,50
Europe_Iron_Classical,Siberia_Iron_Classical,D_VA,0.007458341064173368,0.004735163202505129,1.5750969386287568,0.01579540779224894,50
Europe_Iron_Classical,Siberia_Iron_Classical,R,0.22699944616666623,0.1257750115035725,1.8048056084671362,0.4162320076823616,50
Europe_Iron_Classical,Siberia_Neolithic,D_VA,0.007916471498735908,0.007218076829673886,1.0967563362848793,0.01685802328817384,50
Europe_Iron_Classical,Siberia_Neolithic,R,0.2581978090086394,0.18585185126418358,1.3892668125302554,0.4276984318980879,50
Europe_Iron_Classical,SouthAsia_Iron_Classical,D_VA,0.007314652350177073,0.006820354633598976,1.0724739024775995,0.016197804011169884,50
Europe_Iron_Classical,SouthAsia_Iron_Classical,R,0.05468181897202529,0.20159123158369335,0.27125097923380354,0.45726172812447846,50
Europe_Iron_Classical,SouthAsia_Medieval_Recent,D_VA,0.003959856584119806,0.007744974958618723,0.5112807472299467,0.016360225094062666,50
Europe_Iron_Classical,SouthAsia_Medieval_Recent,R,0.09772388286101408,0.2431053601086372,0.40198160508408337,0.4347582636566256,50
Europe_Iron_Classical,WestSiberia_Bronze,D_VA,0.006566920455000541,0.002694168076567436,2.4374576004060113,0.015978420408709847,50
Europe_Iron_Classical,WestSiberia_Bronze,R,0.1919799904052002,0.06390282017583251,3.004249106329823,0.42889294846675197,50
Europe_Iron_Classical,WestSiberia_Iron_Classical,D_VA,0.005335439315147197,0.00416662883517698,1.2805170621636548,0.016327820516921103,50
Europe_Iron_Classical,WestSiberia_Iron_Classical,R,0.1430922397906409,0.10032307856929439,1.4263142821300616,0.439972240793258,50
Europe_Iron_Classical,WestSiberia_LateGlacial_Meso,D_VA,-0.0009612087453478302,0.006712158247115038,-0.14320412450957465,0.01761999807266419,50
Europe_Iron_Classical,WestSiberia_LateGlacial_Meso,R,0.16618099974673872,0.15807749254590614,1.0512628779108404,0.4365336392026379,50
Europe_Iron_Classical,WestSiberia_Medieval_Recent,D_VA,0.004708533809452284,0.004152789255129597,1.1338244057620361,0.015875783436981362,50
Europe_Iron_Classical,WestSiberia_Medieval_Recent,R,0.12234013126094379,0.10477288974262533,1.1676697241192107,0.4228779982390814,50
Europe_Iron_Classical,WestSiberia_Neolithic,D_VA,0.005285183336491084,0.0046563837095482214,1.1350403373445077,0.016630987253906007,50
Europe_Iron_Classical,WestSiberia_Neolithic,R,0.20307695790957658,0.11863307837426296,1.7118072016045185,0.44357420085741733,50
Europe_Iron_Classical,ANC_Americas,D_VA,-0.005288281982507401,0.008423061295123995,-0.6278337289993035,0.017225216573100468,50
Europe_Iron_Classical,ANC_Americas,R,-0.026198454582323283,0.23505602132223508,-0.11145621556491923,0.43278480612748366,50
Europe_Iron_Classical,ANC_Oceania,D_VA,0.00424767538023163,0.008526919524701339,0.49814887638222527,0.016868628809177142,50
Europe_Iron_Classical,ANC_Oceania,R,0.18187570947171183,0.21116072512530298,0.8613140978929041,0.4190335250184897,50
Europe_Iron_Classical,ANC_Africa,D_VA,0.04264129053123207,0.00627297812580946,6.797615052376685,0.013311552996566361,50
Europe_Iron_Classical,ANC_Africa,R,0.10939822027323887,0.16630983898605875,0.6577976440853232,0.47824016548484377,50
Europe_Iron_Classical,PD_French,D_VA,0.00042339549838815715,0.0036890771956567857,0.11477002944981146,0.016978283229022614,50
Europe_Iron_Classical,PD_French,R,-0.1532168576931432,0.1297140340780305,-1.181189520333431,0.49378454220656254,50
Europe_Iron_Classical,PD_Sardinian,D_VA,0.0026429756483830197,0.003697739144265577,0.7147544878826091,0.016836950181997132,50
Europe_Iron_Classical,PD_Sardinian,R,-0.12242835756548387,0.12326820107786868,-0.9931868599927545,0.48006212488485744,50
Europe_Iron_Classical,PD_Basque,D_VA,-0.0022418910093559286,0.004482169050506728,-0.5001799316566324,0.01618405930148952,50
Europe_Iron_Classical,PD_Basque,R,-0.18066699158927224,0.11374701791172702,-1.588322884468745,0.4600151860207075,50
Europe_Iron_Classical,PD_Russian,D_VA,0.0009438140423063263,0.0038406760726203103,0.24574164143512547,0.01564268695842465,50
Europe_Iron_Classical,PD_Russian,R,-0.09176260484603227,0.12449583139411588,-0.7370737141835683,0.4544889370309878,50
Europe_Iron_Classical,PD_Han,D_VA,0.0037207767434175865,0.0072695921791484435,0.5118274384208217,0.016200805066071588,50
Europe_Iron_Classical,PD_Han,R,-0.03991112252853535,0.22016971548936828,-0.1812743521052631,0.45938609645988865,50
Europe_Iron_Classical,PD_Japanese,D_VA,0.0018175606959910107,0.008205819441359051,0.22149654997648663,0.016371624211032977,50
Europe_Iron_Classical,PD_Japanese,R,-0.17631723670226918,0.2295290645455536,-0.768169543370732,0.4640485830944429,50
Europe_Iron_Classical,PD_Dai,D_VA,0.011559702236286482,0.008283134523032306,1.3955709887535044,0.01658353089999735,50
Europe_Iron_Classical,PD_Dai,R,0.14230767066679095,0.22420182894445442,0.634730195274399,0.459935466205333,50
Europe_Iron_Classical,PD_Papuan,D_VA,0.005405659038340574,0.01331869922992258,0.4058698935250298,0.02011482053256975,50
Europe_Iron_Classical,PD_Papuan,R,0.4192274684080741,0.28073564591922073,1.4933175551518785,0.4443378625609205,50
Europe_Iron_Classical,PD_Karitiana,D_VA,-0.022465706800668048,0.01201491352998294,-1.8698184339492243,0.01798547402252921,50
Europe_Iron_Classical,PD_Karitiana,R,-0.22455779196016468,0.3200256234690862,-0.701686913460092,0.4631438450059223,50
Europe_Iron_Classical,PD_Mixe,D_VA,-0.01894718443649082,0.011513381629403076,-1.645666325183139,0.018816844168861414,50
Europe_Iron_Classical,PD_Mixe,R,-0.4104303658870725,0.32998621289183816,-1.2437803455188658,0.5257598475923986,50
Europe_Iron_Classical,PD_Mbuti,D_VA,0.09610464433152796,0.011851415546815182,8.109127888723306,0.01395125306437198,50
Europe_Iron_Classical,PD_Mbuti,R,-1.121028174836105,2.2495499009019424,-0.49833443320667664,2.2007177736051267,50
Europe_Iron_Classical,PD_Biaka,D_VA,0.0840871763869718,0.012537221037314175,6.707002782889886,0.013174222152642322,50
Europe_Iron_Classical,PD_Biaka,R,0.2863108210256593,1.89604090032692,0.15100455954103778,1.8285744448769519,50
Europe_Iron_Classical,PD_Juhoan,D_VA,0.10172068711245419,0.014466875226765017,7.031282534618242,0.01529362722713006,50
Europe_Iron_Classical,PD_Juhoan,R,5.589016387890116,3.4371171121922917,1.6260767979259458,3.4419318068156146,50
Europe_Iron_Classical,PD_Mandenka,D_VA,0.07393316114044567,0.011227932499532496,6.584752904733268,0.012562183785139014,50
Europe_Iron_Classical,PD_Mandenka,R,5.754863147721297,12.219678574451136,0.47095045198271795,12.181499359295357,50
Europe_Iron_Classical,PD_Mende,D_VA,0.07935870085118296,0.012176356648579375,6.517442215397148,0.011931217286513147,50
Europe_Iron_Classical,PD_Mende,R,1.0278389933744738,3.097731982182167,0.3318037193942204,3.0561103686768787,50
Europe_Iron_Classical,PD_Esan,D_VA,0.07770045453662754,0.012170299838645137,6.384432229837122,0.011654680151431947,50
Europe_Iron_Classical,PD_Esan,R,0.19099037436529076,8.994510933903577,0.02123410330687116,9.021066882457706,50
Europe_Iron_Classical,PD_Gambian,D_VA,0.07790350960350759,0.011466831773036803,6.793812898405862,0.01184501659725987,50
Europe_Iron_Classical,PD_Gambian,R,1.2458993447703883,1.9464881279125685,0.64007549129339,1.9809029863510896,50
Europe_Iron_Classical,PD_Luhya,D_VA,0.07257807450594238,0.010580915898149206,6.8593376229970415,0.012007618748532355,50
Europe_Iron_Classical,PD_Luhya,R,-1.3533208794594764,4.082473702296995,-0.33149530851797854,4.159760504625882,50
Europe_LateGlacial_Meso,Europe_Medieval_Recent,D_VA,-0.004674153945046805,0.005412327271826799,-0.8636125848075626,0.01656383624050901,50
Europe_LateGlacial_Meso,Europe_Medieval_Recent,R,-0.10423249581334004,0.11764079557719302,-0.8860233841664664,0.42306086901513446,50
Europe_LateGlacial_Meso,Europe_Neolithic,D_VA,-0.0035443588042071705,0.004872578032973321,-0.727409346802056,0.017038679632919478,50
Europe_LateGlacial_Meso,Europe_Neolithic,R,-0.1358878479588086,0.10758344836108602,-1.2630925112450713,0.437008478762291,50
Europe_LateGlacial_Meso,Europe_Palaeolithic,D_VA,0.0037141849244611974,0.00687155794788082,0.5405156956591841,0.01689469452553355,50
Europe_LateGlacial_Meso,Europe_Palaeolithic,R,0.26565988318903866,0.16728179886621194,1.5880979579942658,0.379364952741869,50
Europe_LateGlacial_Meso,InnerAsia_Bronze,D_VA,0.0004545955782318395,0.00793660348497983,0.05727835327696163,0.01684317812175019,50
Europe_LateGlacial_Meso,InnerAsia_Bronze,R,0.03130051463661321,0.18962540130030084,0.1650649882451352,0.43142113412923716,50
Europe_LateGlacial_Meso,InnerAsia_Iron_Classical,D_VA,-0.0005953393878736779,0.007235644084172159,-0.08227869985699988,0.01607024733136576,50
Europe_LateGlacial_Meso,InnerAsia_Iron_Classical,R,0.006258843853562457,0.17177394101854998,0.03643651543680051,0.4015114226164028,50
Europe_LateGlacial_Meso,InnerAsia_Medieval_Recent,D_VA,-0.0005277005631228043,0.008120269579907325,-0.0649855965901106,0.016214008982746206,50
Europe_LateGlacial_Meso,InnerAsia_Medieval_Recent,R,-0.08998815371055624,0.19273425027393676,-0.46690276161426636,0.4184958110069511,50
Europe_LateGlacial_Meso,NearEast_Bronze,D_VA,0.0011508569553354275,0.006705896447947627,0.17161865893226744,0.017296420486092187,50
Europe_LateGlacial_Meso,NearEast_Bronze,R,-0.16741230453832445,0.17061199195710725,-0.9812458234495779,0.46235864346076805,50
Europe_LateGlacial_Meso,NearEast_Iron_Classical,D_VA,0.0018714230834483286,0.007827026469494475,0.23909757948847188,0.01814555937261838,50
Europe_LateGlacial_Meso,NearEast_Iron_Classical,R,-0.06452900704604336,0.21219033118016675,-0.3041090830441893,0.45785480838776244,50
Europe_LateGlacial_Meso,NearEast_Medieval_Recent,D_VA,-0.004985869651875419,0.007763583816878277,-0.6422123814823741,0.01668316833852102,50
Europe_LateGlacial_Meso,NearEast_Medieval_Recent,R,-0.47288794710196513,0.2482706829991849,-1.9047272975984753,0.5052803529665973,50
Europe_LateGlacial_Meso,Siberia_Bronze,D_VA,0.0006088827802613467,0.007071939809173096,0.08609841100055146,0.01654870124436613,50
Europe_LateGlacial_Meso,Siberia_Bronze,R,0.08197521821683962,0.15805665224452492,0.518644530633346,0.4117967760483493,50
Europe_LateGlacial_Meso,Siberia_Iron_Classical,D_VA,0.004147713794622573,0.007340917707013503,0.565012980687667,0.016370688020759878,50
Europe_LateGlacial_Meso,Siberia_Iron_Classical,R,0.1085811564896293,0.16965837531110545,0.6399987992960688,0.40972081354885304,50
Europe_LateGlacial_Meso,Siberia_Neolithic,D_VA,0.004605844229185113,0.00965491581370023,0.47704654479218406,0.01739820301451342,50
Europe_LateGlacial_Meso,Siberia_Neolithic,R,0.1397795193316025,0.22872892447431,0.6111143120742563,0.4213644615815717,50
Europe_LateGlacial_Meso,SouthAsia_Iron_Classical,D_VA,0.004004025080626278,0.009149719362044994,0.43761179137754064,0.01675927724378004,50
Europe_LateGlacial_Meso,SouthAsia_Iron_Classical,R,-0.06373647070501165,0.2429819291977913,-0.2623095096636965,0.4513428285053712,50
Europe_LateGlacial_Meso,SouthAsia_Medieval_Recent,D_VA,0.0006492293145690109,0.009663202319606917,0.06718573130272827,0.016916308228393396,50
Europe_LateGlacial_Meso,SouthAsia_Medieval_Recent,R,-0.02069440681602286,0.27228318137081964,-0.07600325040950422,0.4285286555804273,50
Europe_LateGlacial_Meso,WestSiberia_Bronze,D_VA,0.0032562931854497462,0.005603098340301849,0.581159384983117,0.016547339293889147,50
Europe_LateGlacial_Meso,WestSiberia_Bronze,R,0.07356170072816326,0.12467102371412299,0.5900464962639914,0.4225768830406467,50
Europe_LateGlacial_Meso,WestSiberia_Iron_Classical,D_VA,0.0020248120455964025,0.007117536154513088,0.28448215810080707,0.016884970884855032,50
Europe_LateGlacial_Meso,WestSiberia_Iron_Classical,R,0.02467395011360396,0.15375857905260187,0.16047202221583245,0.4338175117540612,50
Europe_LateGlacial_Meso,WestSiberia_LateGlacial_Meso,D_VA,-0.004271836014898625,0.007323576198519414,-0.5832991832272121,0.018137498477747756,50
Europe_LateGlacial_Meso,WestSiberia_LateGlacial_Meso,R,0.047762710069701786,0.16521974030144015,0.28908597715115436,0.430329732869277,50
Europe_LateGlacial_Meso,WestSiberia_Medieval_Recent,D_VA,0.001397906539901489,0.0067320936826986665,0.207648111536843,0.016448252754853454,50
Europe_LateGlacial_Meso,WestSiberia_Medieval_Recent,R,0.003921841583906849,0.1545733022038739,0.02537205020524275,0.41647072193677315,50
Europe_LateGlacial_Meso,WestSiberia_Neolithic,D_VA,0.001974556066940289,0.0062939554974801165,0.3137225974557388,0.01717830771610511,50
Europe_LateGlacial_Meso,WestSiberia_Neolithic,R,0.08465866823253965,0.1505319530890989,0.5623966639324126,0.4374701504127349,50
Europe_LateGlacial_Meso,ANC_Americas,D_VA,-0.008598909252058196,0.010114998115325517,-0.8501147656201485,0.017754227804661835,50
Europe_LateGlacial_Meso,ANC_Americas,R,-0.14461674425936022,0.2619925004460537,-0.551988106579936,0.42652637579714586,50
Europe_LateGlacial_Meso,ANC_Oceania,D_VA,0.0009370481106808354,0.01029417827612802,0.09102699463189111,0.017408479452594747,50
Europe_LateGlacial_Meso,ANC_Oceania,R,0.0634574197946749,0.24380784264015518,0.26027636809179266,0.41256654726875974,50
Europe_LateGlacial_Meso,ANC_Africa,D_VA,0.039330663261681276,0.008127044850779048,4.839479046053387,0.013989351740878033,50
Europe_LateGlacial_Meso,ANC_Africa,R,-0.00902006940379807,0.21213486367876305,-0.042520447829156496,0.472584084284284,50
Europe_LateGlacial_Meso,PD_French,D_VA,-0.0028872317711626377,0.006185304420729878,-0.46678895245416857,0.017514754361809444,50
Europe_LateGlacial_Meso,PD_French,R,-0.27163514737018013,0.18232017312632262,-1.4898798235671629,0.4883085448340926,50
Europe_LateGlacial_Meso,PD_Sardinian,D_VA,-0.0006676516211677752,0.006895100829872465,-0.0968298561023544,0.017377784967614992,50
Europe_LateGlacial_Meso,PD_Sardinian,R,-0.2408466472425208,0.18487983010915848,-1.3027199727537497,0.4744277654024993,50
Europe_LateGlacial_Meso,PD_Basque,D_VA,-0.0055525182789067234,0.005057667398837656,-1.0978417205098923,0.016745993384202143,50
Europe_LateGlacial_Meso,PD_Basque,R,-0.2990852812663092,0.14277486137478584,-2.094803513632603,0.4541321748186431,50
Europe_LateGlacial_Meso,PD_Russian,D_VA,-0.0023668132272444686,0.006044824703280675,-0.39154373260153286,0.01622338356289714,50
Europe_LateGlacial_Meso,PD_Russian,R,-0.2101808945230692,0.1607720589356102,-1.3073222792229553,0.4485334488300752,50
Europe_LateGlacial_Meso,PD_Han,D_VA,0.00041014947386679157,0.00908942920567618,0.04512378770832615,0.016762177774336577,50
Europe_LateGlacial_Meso,PD_Han,R,-0.15832941220557228,0.25353164128500105,-0.6244956700595424,0.4534949243999304,50
Europe_LateGlacial_Meso,PD_Japanese,D_VA,-0.0014930665735597842,0.009872006159577212,-0.15124246778465622,0.016927332874877056,50
Europe_LateGlacial_Meso,PD_Japanese,R,-0.2947355263793061,0.26455077260978777,-1.1140981501272758,0.4582173592388274,50
Europe_LateGlacial_Meso,PD_Dai,D_VA,0.008249074966735687,0.009581230812304095,0.8609619294571559,0.017132367497248575,50
Europe_LateGlacial_Meso,PD_Dai,R,0.023889380989754017,0.24245963489786176,0.09852931189893785,0.45405142209816,50
Europe_LateGlacial_Meso,PD_Papuan,D_VA,0.002095031768789779,0.015190197861974439,0.13791997891181285,0.020569650556271052,50
Europe_LateGlacial_Meso,PD_Papuan,R,0.3008091787310372,0.31305515244298565,0.9608823761040677,0.4382444488422551,50
Europe_LateGlacial_Meso,PD_Karitiana,D_VA,-0.025776334070218843,0.012831889717573972,-2.0087714777439794,0.018492749789165628,50
Europe_LateGlacial_Meso,PD_Karitiana,R,-0.3429760816372016,0.34533501763249913,-0.9931691375769837,0.4573010846288409,50
Europe_LateGlacial_Meso,PD_Mixe,D_VA,-0.022257811706041616,0.012531883533150474,-1.776094682588075,0.019302283373342805,50
Europe_LateGlacial_Meso,PD_Mixe,R,-0.5288486555641094,0.35049268826934676,-1.508872148447501,0.520620282140666,50
Europe_LateGlacial_Meso,PD_Mbuti,D_VA,0.09279401706197717,0.013152271587864429,7.0553604707796636,0.014599382898457079,50
Europe_LateGlacial_Meso,PD_Mbuti,R,-1.239446464513142,2.260108668260546,-0.5484012702216928,2.199495573966302,50
Europe_LateGlacial_Meso,PD_Biaka,D_VA,0.080776549117421,0.013344094971386146,6.053355382334346,0.013858739057965704,50
Europe_LateGlacial_Meso,PD_Biaka,R,0.16789253134862236,1.889470188663502,0.0888569358521499,1.8271033252919489,50
Europe_LateGlacial_Meso,PD_Juhoan,D_VA,0.09841005984290338,0.015898338916233615,6.189958608972537,0.015887087609503078,50
Europe_LateGlacial_Meso,PD_Juhoan,R,5.470598098213078,3.4375981283184376,1.591401290670681,3.4411504796513688,50
Europe_LateGlacial_Meso,PD_Mandenka,D_VA,0.07062253387089487,0.01203909197648492,5.866101364524559,0.013278289814626806,50
Europe_LateGlacial_Meso,PD_Mandenka,R,5.63644485804426,12.230621032699505,0.4608469874894162,12.181278615209038,50
Europe_LateGlacial_Meso,PD_Mende,D_VA,0.07604807358163217,0.0128330632546684,5.925948627578647,0.01268299904942055,50
Europe_LateGlacial_Meso,PD_Mende,R,0.9094207036974368,3.098072817882254,0.29354400530814134,3.0552303753350865,50
Europe_LateGlacial_Meso,PD_Esan,D_VA,0.07438982726707674,0.012813981829989822,5.8053638793973406,0.012423207652687538,50
Europe_LateGlacial_Meso,PD_Esan,R,0.07257208468825382,8.96821693131947,0.008092141976942175,9.020768800862323,50
Europe_LateGlacial_Meso,PD_Gambian,D_VA,0.07459288233395679,0.01202444122489437,6.203438558086682,0.012601941800332764,50
Europe_LateGlacial_Meso,PD_Gambian,R,1.1274810550933514,1.9294998777993688,0.5843384952059519,1.9795450745488241,50
Europe_LateGlacial_Meso,PD_Luhya,D_VA,0.06926744723639158,0.011388187041679166,6.082394588610325,0.012754898155599602,50
Europe_LateGlacial_Meso,PD_Luhya,R,-1.4717391691365134,4.091548217624632,-0.3597022669308633,4.15911403025707,50
Europe_Medieval_Recent,Europe_Neolithic,D_VA,0.0011297951408396345,0.002950369443525052,0.38293344696851733,0.016333434533919482,50
Europe_Medieval_Recent,Europe_Neolithic,R,-0.03165535214546855,0.08063841589053869,-0.39255920141633976,0.4329118555454139,50
Europe_Medieval_Recent,Europe_Palaeolithic,D_VA,0.008388338869508002,0.007152149118020444,1.1728417194732244,0.016183175929083318,50
Europe_Medieval_Recent,Europe_Palaeolithic,R,0.3698923790023787,0.17692082952123217,2.0907226130656826,0.37463853449756346,50
Europe_Medieval_Recent,InnerAsia_Bronze,D_VA,0.0051287495232786445,0.004727398755746606,1.0848988605084686,0.016129387132856995,50
Europe_Medieval_Recent,InnerAsia_Bronze,R,0.13553301044995325,0.12596007585598493,1.0759997525320122,0.42727094347146843,50
Europe_Medieval_Recent,InnerAsia_Iron_Classical,D_VA,0.004078814557173127,0.003957314060680694,1.030702768248708,0.015320487241985382,50
Europe_Medieval_Recent,InnerAsia_Iron_Classical,R,0.1104913396669025,0.1009202557031449,1.0948380867356378,0.3970487207548832,50
Europe_Medieval_Recent,InnerAsia_Medieval_Recent,D_VA,0.004146453381924001,0.005137312520309763,0.8071250027191227,0.01547121738368197,50
Europe_Medieval_Recent,InnerAsia_Medieval_Recent,R,0.014244342102783802,0.12681311991548547,0.11232546058544207,0.41421613680783526,50
Europe_Medieval_Recent,NearEast_Bronze,D_VA,0.005825010900382233,0.0031899895273418775,1.8260282206117584,0.016602127624864172,50
Europe_Medieval_Recent,NearEast_Bronze,R,-0.06317980872498441,0.1085337814209665,-0.5821211414345817,0.45848858147670724,50
Europe_Medieval_Recent,NearEast_Iron_Classical,D_VA,0.006545577028495134,0.0055501511998433395,1.1793511190613855,0.017485016585230544,50
Europe_Medieval_Recent,NearEast_Iron_Classical,R,0.03970348876729668,0.16169420071861762,0.2455467703284499,0.45394635115334525,50
Europe_Medieval_Recent,NearEast_Medieval_Recent,D_VA,-0.0003117157068286136,0.004456077945576535,-0.06995292960215113,0.01596222371262847,50
Europe_Medieval_Recent,NearEast_Medieval_Recent,R,-0.3686554512886251,0.18000990539593348,-2.047973140576703,0.5017414665499462,50
Europe_Medieval_Recent,Siberia_Bronze,D_VA,0.005283036725308152,0.00364212515907207,1.450536841697705,0.01582163053910227,50
Europe_Medieval_Recent,Siberia_Bronze,R,0.18620771403017966,0.08771117885579587,2.122964443749182,0.40744674366775335,50
Europe_Medieval_Recent,Siberia_Iron_Classical,D_VA,0.008821867739669378,0.003910369986251747,2.2560186812720264,0.015635341579691164,50
Europe_Medieval_Recent,Siberia_Iron_Classical,R,0.21281365230296934,0.1004927236191797,2.117702104576579,0.4053485034100602,50
Europe_Medieval_Recent,Siberia_Neolithic,D_VA,0.009279998174231918,0.006548997959674618,1.4170103932499907,0.016708140177015284,50
Europe_Medieval_Recent,Siberia_Neolithic,R,0.24401201514494253,0.1669415891014692,1.4616610304136315,0.4171142213417919,50
Europe_Medieval_Recent,SouthAsia_Iron_Classical,D_VA,0.008678179025673083,0.00631391694476277,1.3744525152285076,0.016041753450743844,50
Europe_Medieval_Recent,SouthAsia_Iron_Classical,R,0.04049602510832839,0.18639999614638483,0.2172533580769272,0.44737748379290443,50
Europe_Medieval_Recent,SouthAsia_Medieval_Recent,D_VA,0.005323383259615816,0.007048115674874713,0.755291698544724,0.01620573861687824,50
Europe_Medieval_Recent,SouthAsia_Medieval_Recent,R,0.08353808899731718,0.22248920137806572,0.3754703081313359,0.4243501771122642,50
Europe_Medieval_Recent,WestSiberia_Bronze,D_VA,0.007930447130496551,0.0024926165641749355,3.181575234826202,0.015820205995740265,50
Europe_Medieval_Recent,WestSiberia_Bronze,R,0.1777941965415033,0.05339313754213078,3.3299072638541185,0.41833896094194956,50
Europe_Medieval_Recent,WestSiberia_Iron_Classical,D_VA,0.0066989659906432075,0.003565160943995913,1.8790080155918165,0.01617302451067736,50
Europe_Medieval_Recent,WestSiberia_Iron_Classical,R,0.128906445926944,0.08265843978855135,1.5595073685965974,0.42969046727397453,50
Europe_Medieval_Recent,WestSiberia_LateGlacial_Meso,D_VA,0.00040231793014817996,0.006253358640538772,0.06433629562521259,0.017476651025607585,50
Europe_Medieval_Recent,WestSiberia_LateGlacial_Meso,R,0.15199520588304183,0.14191301050327373,1.0710448981669338,0.4261689138745163,50
Europe_Medieval_Recent,WestSiberia_Medieval_Recent,D_VA,0.006072060484948294,0.0035223984118339835,1.723842613756686,0.015716535837394723,50
Europe_Medieval_Recent,WestSiberia_Medieval_Recent,R,0.10815433739724689,0.08604553796317743,1.256943008985902,0.4121700212196158,50
Europe_Medieval_Recent,WestSiberia_Neolithic,D_VA,0.006648710011987094,0.004319217378562827,1.5393321125688237,0.016479039293289064,50
Europe_Medieval_Recent,WestSiberia_Neolithic,R,0.1888911640458797,0.10839962522987974,1.7425444381869775,0.43337789129555565,50
Europe_Medieval_Recent,ANC_Americas,D_VA,-0.0039247553070113905,0.008075203537444375,-0.4860255582181263,0.01707855629086943,50
Europe_Medieval_Recent,ANC_Americas,R,-0.04038424844602018,0.21853586393706695,-0.184794604045631,0.4223280874063311,50
Europe_Medieval_Recent,ANC_Oceania,D_VA,0.00561120205572764,0.008098221037840395,0.6928931711678762,0.01671884077596237,50
Europe_Medieval_Recent,ANC_Oceania,R,0.16768991560801494,0.1945682457062809,0.8618565429281748,0.4082247176334467,50
Europe_Medieval_Recent,ANC_Africa,D_VA,0.04400481720672808,0.006184096076295588,7.115804260448675,0.013121221062484076,50
Europe_Medieval_Recent,ANC_Africa,R,0.09521242640954197,0.17421188801092446,0.5465323147383111,0.46879844376923524,50
Europe_Medieval_Recent,PD_French,D_VA,0.0017869221738841673,0.0036280559821274335,0.49252883160759414,0.016829471185842156,50
Europe_Medieval_Recent,PD_French,R,-0.1674026515568401,0.132415991157842,-1.2642177889020476,0.48464574600385235,50
Europe_Medieval_Recent,PD_Sardinian,D_VA,0.00400650232387903,0.004028810862465947,0.9944627486003991,0.016686877791283607,50
Europe_Medieval_Recent,PD_Sardinian,R,-0.13661415142918076,0.1312549262095702,-1.0408306596512322,0.47065695442269895,50
Europe_Medieval_Recent,PD_Basque,D_VA,-0.0008783643338599184,0.0046549480414329195,-0.18869476652408218,0.01602787492041008,50
Europe_Medieval_Recent,PD_Basque,R,-0.19485278545296913,0.11590658847132473,-1.6811191496778086,0.4501913997036729,50
Europe_Medieval_Recent,PD_Russian,D_VA,0.0023073407178023364,0.003570045387033547,0.6463057097768642,0.015481041769514401,50
Europe_Medieval_Recent,PD_Russian,R,-0.10594839870972916,0.1161094037874737,-0.9124876646826712,0.4445430450260618,50
Europe_Medieval_Recent,PD_Han,D_VA,0.005084303418913597,0.006536167866082221,0.7778722216265733,0.016044783693743948,50
Europe_Medieval_Recent,PD_Han,R,-0.05409691639223224,0.20176495893451712,-0.26811849132727456,0.44954856313655384,50
Europe_Medieval_Recent,PD_Japanese,D_VA,0.003181087371487021,0.007452740755085961,0.4268345667754721,0.016217246322895326,50
Europe_Medieval_Recent,PD_Japanese,R,-0.19050303056596607,0.20922134871441828,-0.9105334218354446,0.4543120210488009,50
Europe_Medieval_Recent,PD_Dai,D_VA,0.012923228911782492,0.007540733487315672,1.7137893725485402,0.01643114408984803,50
Europe_Medieval_Recent,PD_Dai,R,0.12812187680309406,0.20708519368080194,0.6186916337465402,0.4501099399824481,50
Europe_Medieval_Recent,PD_Papuan,D_VA,0.006769185713836584,0.012969055751179544,0.5219490025880197,0.019989372277479614,50
Europe_Medieval_Recent,PD_Papuan,R,0.40504167454437723,0.26293299808337245,1.5404748643072335,0.43415948809474786,50
Europe_Medieval_Recent,PD_Karitiana,D_VA,-0.021102180125172038,0.011682543330302822,-1.8063001804098637,0.017845063037301212,50
Europe_Medieval_Recent,PD_Karitiana,R,-0.23874358582386157,0.3065354874086676,-0.7788448503698787,0.45338785401062065,50
Europe_Medieval_Recent,PD_Mixe,D_VA,-0.01758365776099481,0.011353890645490911,-1.5486900755009467,0.01868268244833687,50
Europe_Medieval_Recent,PD_Mixe,R,-0.4246161597507694,0.3199339778205208,-1.3271993260714998,0.5171863709900603,50
Europe_Medieval_Recent,PD_Mbuti,D_VA,0.09746817100702397,0.011839010870682579,8.232796816530369,0.01376976619468644,50
Europe_Medieval_Recent,PD_Mbuti,R,-1.135213968699802,2.25006875455289,-0.5045241246085299,2.19868529900461,50
Europe_Medieval_Recent,PD_Biaka,D_VA,0.08545070306246781,0.01239242371388555,6.89539875615465,0.012981876918125228,50
Europe_Medieval_Recent,PD_Biaka,R,0.2721250271619624,1.8907580161974356,0.1439237728100404,1.826127822868525,50
Europe_Medieval_Recent,PD_Juhoan,D_VA,0.10308421378795019,0.01448885697626934,7.114723677429302,0.01512825279907084,50
Europe_Medieval_Recent,PD_Juhoan,R,5.574830594026418,3.4375872175085895,1.6217277530100915,3.440632629003929,50
Europe_Medieval_Recent,PD_Mandenka,D_VA,0.07529668781594168,0.010972514398697716,6.8623002057649005,0.012360317974946699,50
Europe_Medieval_Recent,PD_Mandenka,R,5.740677353857599,12.21954028941743,0.46979487099275213,12.18113233511198,50
Europe_Medieval_Recent,PD_Mende,D_VA,0.08072222752667897,0.012016108878513622,6.717834229267088,0.01171848731399113,50
Europe_Medieval_Recent,PD_Mende,R,1.013653199510777,3.0905644915867194,0.32798318956623995,3.0546471008173457,50
Europe_Medieval_Recent,PD_Esan,D_VA,0.07906398121212355,0.012030710565448865,6.571846341245071,0.011436807614993036,50
Europe_Medieval_Recent,PD_Esan,R,0.17680458050159387,9.002229222952115,0.01964008870722957,9.020571269203115,50
Europe_Medieval_Recent,PD_Gambian,D_VA,0.0792670362790036,0.011280828666200178,7.026703323356458,0.011630710089222526,50
Europe_Medieval_Recent,PD_Gambian,R,1.2317135509066914,1.94422534878951,0.6335240673996797,1.9786447296905403,50
Europe_Medieval_Recent,PD_Luhya,D_VA,0.07394160118143839,0.010497431338389047,7.043780406644277,0.011796266655187421,50
Europe_Medieval_Recent,PD_Luhya,R,-1.3675066733231733,4.094840672237678,-0.3339584571860477,4.1586855833114935,50
Europe_Neolithic,Europe_Palaeolithic,D_VA,0.007258543728668368,0.007700461476197011,0.9426115241411621,0.016668866661609813,50
Europe_Neolithic,Europe_Palaeolithic,R,0.40154773114784725,0.19348706477109384,2.07532080567195,0.39032030839910575,50
Europe_Neolithic,InnerAsia_Bronze,D_VA,0.00399895438243901,0.007079783914134738,0.5648413046131431,0.01661665014112165,50
Europe_Neolithic,InnerAsia_Bronze,R,0.1671883625954218,0.18096212306045384,0.9238859478873894,0.44108544609099243,50
Europe_Neolithic,InnerAsia_Iron_Classical,D_VA,0.0029490194163334926,0.005914588841394577,0.49860091638054677,0.01583266439872652,50
Europe_Neolithic,InnerAsia_Iron_Classical,R,0.14214669181237105,0.15804000907104396,0.8994348497441027,0.41187813521887784,50
Europe_Neolithic,InnerAsia_Medieval_Recent,D_VA,0.003016658241084366,0.006491747410717002,0.46469125340648176,0.01597856376411874,50
Europe_Neolithic,InnerAsia_Medieval_Recent,R,0.045899694248252354,0.16988642791328654,0.27017870004118566,0.42845177045998806,50
Europe_Neolithic,NearEast_Bronze,D_VA,0.004695215759542598,0.0035042600527421253,1.339859396527531,0.017075906251298737,50
Europe_Neolithic,NearEast_Bronze,R,-0.03152445657951586,0.10028857273411708,-0.31433747355337105,0.47138910781096144,50
Europe_Neolithic,NearEast_Iron_Classical,D_VA,0.005415781887655499,0.005810779247177301,0.932023340980699,0.017935488217961967,50
Europe_Neolithic,NearEast_Iron_Classical,R,0.07135884091276523,0.16376804641214396,0.43573116048036176,0.46697237749542236,50
Europe_Neolithic,NearEast_Medieval_Recent,D_VA,-0.001441510847668248,0.005255170890663064,-0.2743033247937571,0.01645443765319447,50
Europe_Neolithic,NearEast_Medieval_Recent,R,-0.33700009914315654,0.18726422971349516,-1.7995967497837133,0.5135566286924761,50
Europe_Neolithic,Siberia_Bronze,D_VA,0.004153241584468517,0.005859738531279396,0.7087759227307557,0.01631808584199504,50
Europe_Neolithic,Siberia_Bronze,R,0.2178630661756482,0.15200303735931298,1.4332810051726252,0.4219108443068831,50
Europe_Neolithic,Siberia_Iron_Classical,D_VA,0.007692072598829744,0.005784916542285709,1.329677367444006,0.016137528898331515,50
Europe_Neolithic,Siberia_Iron_Classical,R,0.2444690044484379,0.15510500785948195,1.57615158802555,0.4198848899818456,50
Europe_Neolithic,Siberia_Neolithic,D_VA,0.008150203033392284,0.008219683831137239,0.9915470230762705,0.017178995337494497,50
Europe_Neolithic,Siberia_Neolithic,R,0.2756673672904111,0.20922696756153134,1.317551797950426,0.4312542002854701,50
Europe_Neolithic,SouthAsia_Iron_Classical,D_VA,0.007548383884833448,0.007622736288655518,0.9902459692941596,0.016531599632380326,50
Europe_Neolithic,SouthAsia_Iron_Classical,R,0.07215137725379694,0.21722710407172338,0.33214721322240814,0.4605893231753874,50
Europe_Neolithic,SouthAsia_Medieval_Recent,D_VA,0.004193588118776181,0.008714562584360786,0.4812161342787329,0.016690772802642903,50
Europe_Neolithic,SouthAsia_Medieval_Recent,R,0.11519344114278574,0.26908761401135195,0.42808897602372026,0.43825675628962185,50
Europe_Neolithic,WestSiberia_Bronze,D_VA,0.006800651989656917,0.004389264602643492,1.5493830072493546,0.016316704642130454,50
Europe_Neolithic,WestSiberia_Bronze,R,0.20944954868697185,0.11120990961918192,1.8833712697384044,0.43243889494387644,50
Europe_Neolithic,WestSiberia_Iron_Classical,D_VA,0.005569170849803573,0.005418649685480037,1.0277783531064717,0.01665901120876734,50
Europe_Neolithic,WestSiberia_Iron_Classical,R,0.16056179807241255,0.13866745859692256,1.157890969496544,0.4434295990170453,50
Europe_Neolithic,WestSiberia_LateGlacial_Meso,D_VA,-0.0007274772106914545,0.007736666003915665,-0.09402980693793235,0.017927332866372957,50
Europe_Neolithic,WestSiberia_LateGlacial_Meso,R,0.18365055802851038,0.18852982033910365,0.9741194135664212,0.44001801641668703,50
Europe_Neolithic,WestSiberia_Medieval_Recent,D_VA,0.0049422653441086595,0.00516935778623309,0.9560695058234858,0.016216208908341617,50
Europe_Neolithic,WestSiberia_Medieval_Recent,R,0.13980968954271544,0.13568360700506665,1.0304095876334916,0.4264739593579772,50
Europe_Neolithic,WestSiberia_Neolithic,D_VA,0.0055189148711474595,0.006018821104183557,0.9169428324279943,0.016956257507499413,50
Europe_Neolithic,WestSiberia_Neolithic,R,0.22054651619134824,0.1583048941202636,1.3931756021630002,0.4470037005239145,50
Europe_Neolithic,ANC_Americas,D_VA,-0.005054550447851025,0.009471697999329183,-0.5336477628624777,0.017539470277384697,50
Europe_Neolithic,ANC_Americas,R,-0.008728896300551625,0.26031456294894134,-0.03353210900560999,0.4362991233438141,50
Europe_Neolithic,ANC_Oceania,D_VA,0.004481406914888006,0.00903042644896788,0.49625639943063843,0.017189402826242896,50
Europe_Neolithic,ANC_Oceania,R,0.1993452677534835,0.2165955832352186,0.9203570302585459,0.42266219573697184,50
Europe_Neolithic,ANC_Africa,D_VA,0.042875022065888446,0.006730844426069566,6.369932114286743,0.013715771024679621,50
Europe_Neolithic,ANC_Africa,R,0.12686777855501052,0.15987613040465468,0.7935379611321695,0.48142277937250516,50
Europe_Neolithic,PD_French,D_VA,0.0006571270330445328,0.004431158029349401,0.14829690764628736,0.017297023819893315,50
Europe_Neolithic,PD_French,R,-0.13574729941137154,0.14989806482293797,-0.9055974109586968,0.49686759880064785,50
Europe_Neolithic,PD_Sardinian,D_VA,0.0028767071830393953,0.00350820794642536,0.8199933490175736,0.0171583164399104,50
Europe_Neolithic,PD_Sardinian,R,-0.10495879928371221,0.12571203766757566,-0.8349144698557676,0.48323273933451727,50
Europe_Neolithic,PD_Basque,D_VA,-0.002008159474699553,0.004892675609932775,-0.4104419820154692,0.01651813267579528,50
Europe_Neolithic,PD_Basque,R,-0.16319743330750058,0.1383875175131043,-1.1792785667395687,0.46332300610421145,50
Europe_Neolithic,PD_Russian,D_VA,0.001177545576962702,0.005055109905325163,0.23294163707939358,0.01598807639775076,50
Europe_Neolithic,PD_Russian,R,-0.07429304656426061,0.16148424445118745,-0.46006374687976137,0.4578366854013931,50
Europe_Neolithic,PD_Han,D_VA,0.003954508278073962,0.00790228058929869,0.5004262039782765,0.01653454010276358,50
Europe_Neolithic,PD_Han,R,-0.02244156424676369,0.23269196563471656,-0.09644322779065266,0.46269841391173056,50
Europe_Neolithic,PD_Japanese,D_VA,0.0020512922306473863,0.008689696803804225,0.2360602765506571,0.01670194632156167,50
Europe_Neolithic,PD_Japanese,R,-0.15884767842049752,0.24985842400500818,-0.635750741857371,0.4673278550308521,50
Europe_Neolithic,PD_Dai,D_VA,0.011793433770942857,0.008778203884959196,1.343490527845911,0.016909714034607833,50
Europe_Neolithic,PD_Dai,R,0.1597772289485626,0.2255311083238835,0.7084487374535833,0.4632438555332321,50
Europe_Neolithic,PD_Papuan,D_VA,0.00563939057299695,0.013580191430502824,0.415265911519492,0.020384575950422316,50
Europe_Neolithic,PD_Papuan,R,0.4366970266898458,0.2946388314593731,1.4821434925153805,0.44776151321991103,50
Europe_Neolithic,PD_Karitiana,D_VA,-0.022231975266011672,0.013105340686611995,-1.6964057476753094,0.018286667477594686,50
Europe_Neolithic,PD_Karitiana,R,-0.20708823367839302,0.34286677636819907,-0.6039903774637071,0.46642947782343996,50
Europe_Neolithic,PD_Mixe,D_VA,-0.018713452901834446,0.012345596006823506,-1.5157998764491707,0.019104935385817454,50
Europe_Neolithic,PD_Mixe,R,-0.39296080760530083,0.35896077471446947,-1.0947179616432359,0.5286564611883214,50
Europe_Neolithic,PD_Mbuti,D_VA,0.09633837586618434,0.01229446111275718,7.83591692084984,0.014337447251418042,50
Europe_Neolithic,PD_Mbuti,R,-1.1035586165543334,2.252461904245392,-0.4899344199670457,2.201411582525467,50
Europe_Neolithic,PD_Biaka,D_VA,0.08432090792162818,0.013107303683776043,6.4331238488049145,0.013582527781978503,50
Europe_Neolithic,PD_Biaka,R,0.30378037930743096,1.8924157850571846,0.16052517723965792,1.8294093956992867,50
Europe_Neolithic,PD_Juhoan,D_VA,0.10195441864711055,0.014968586898293118,6.811225357467545,0.015646723790732044,50
Europe_Neolithic,PD_Juhoan,R,5.606485946171887,3.448197788334989,1.6259177374158278,3.4423754588052677,50
Europe_Neolithic,PD_Mandenka,D_VA,0.07416689267510204,0.01147944714516874,6.460841862607996,0.012989741840108131,50
Europe_Neolithic,PD_Mandenka,R,5.772332706003068,12.22538032273635,0.4721597654731345,12.181624722389413,50
Europe_Neolithic,PD_Mende,D_VA,0.07959243238583934,0.012548870769000355,6.342597182724807,0.012380584701823915,50
Europe_Neolithic,PD_Mende,R,1.0453085516562455,3.09965440927237,0.33723390211801935,3.056610021273585,50
Europe_Neolithic,PD_Esan,D_VA,0.07793418607128391,0.012682723353475917,6.144909409375765,0.01211430976379703,50
Europe_Neolithic,PD_Esan,R,0.20845993264706242,8.993758012151662,0.02317829013916181,9.021236164428409,50
Europe_Neolithic,PD_Gambian,D_VA,0.07813724113816396,0.011895447479237787,6.568667658324249,0.012297534297996814,50
Europe_Neolithic,PD_Gambian,R,1.26336890305216,1.9481698863895467,0.6484901095527676,1.9816737566891385,50
Europe_Neolithic,PD_Luhya,D_VA,0.07281180604059875,0.011159856559226146,6.524439239355933,0.012454229788756587,50
Europe_Neolithic,PD_Luhya,R,-1.3358513211777048,4.083282863715526,-0.3271513058887538,4.160127605309859,50
Europe_Palaeolithic,InnerAsia_Bronze,D_VA,-0.003259589346229358,0.008313646879295136,-0.3920769541399765,0.016468975723774273,50
Europe_Palaeolithic,InnerAsia_Bronze,R,-0.23435936855242545,0.2026854363269774,-1.1562713769644053,0.38405432898484365,50
Europe_Palaeolithic,InnerAsia_Iron_Classical,D_VA,-0.004309524312334875,0.006992528826038843,-0.6163041182307364,0.015677607006189764,50
Europe_Palaeolithic,InnerAsia_Iron_Classical,R,-0.2594010393354762,0.16648266538164466,-1.5581264195934488,0.3501213434369418,50
Europe_Palaeolithic,InnerAsia_Medieval_Recent,D_VA,-0.004241885487584002,0.008038922061278502,-0.5276684430137859,0.015824936001192443,50
Europe_Palaeolithic,InnerAsia_Medieval_Recent,R,-0.3556480368995949,0.1979804098486817,-1.7963799406790806,0.369475677777316,50
Europe_Palaeolithic,NearEast_Bronze,D_VA,-0.00256332796912577,0.008702128155382455,-0.2945633439723932,0.01693223770743169,50
Europe_Palaeolithic,NearEast_Bronze,R,-0.4330721877273631,0.2349404881980232,-1.8433271806362364,0.4185081215717599,50
Europe_Palaeolithic,NearEast_Iron_Classical,D_VA,-0.0018427618410128688,0.00934883140264938,-0.19711146363069995,0.01779875942571506,50
Europe_Palaeolithic,NearEast_Iron_Classical,R,-0.330188890235082,0.2500579056576807,-1.320449714903625,0.4135269739719961,50
Europe_Palaeolithic,NearEast_Medieval_Recent,D_VA,-0.008700054576336616,0.00958773867346988,-0.9074146545535743,0.016305294169707343,50
Europe_Palaeolithic,NearEast_Medieval_Recent,R,-0.7385478302910038,0.30758333719979997,-2.4011308187714278,0.4654908889899892,50
Europe_Palaeolithic,Siberia_Bronze,D_VA,-0.0031053021441998507,0.007555231371376387,-0.4110135072718676,0.016167684590705843,50
Europe_Palaeolithic,Siberia_Bronze,R,-0.18368466497219904,0.17815506944621853,-1.0310381037327134,0.3618703046706867,50
Europe_Palaeolithic,Siberia_Iron_Classical,D_VA,0.000433528870161376,0.007102539059394791,0.061038575998808665,0.01598542894082961,50
Europe_Palaeolithic,Siberia_Iron_Classical,R,-0.15707872669940937,0.16400932071001217,-0.9577426820585586,0.35950615807490044,50
Europe_Palaeolithic,Siberia_Neolithic,D_VA,0.0008916593047239157,0.009502214262454695,0.09383700262864568,0.017036196180001153,50
Europe_Palaeolithic,Siberia_Neolithic,R,-0.12588036385743617,0.21733553704020084,-0.5791982552496784,0.37272180258547943,50
Europe_Palaeolithic,SouthAsia_Iron_Classical,D_VA,0.0002898401561650804,0.009203331484091004,0.031492960637797496,0.016383158605200208,50
Europe_Palaeolithic,SouthAsia_Iron_Classical,R,-0.3293963538940503,0.2548588901751584,-1.2924656215353685,0.40630515807933104,50
Europe_Palaeolithic,SouthAsia_Medieval_Recent,D_VA,-0.0030649556098921865,0.00875367473336366,-0.3501335956898705,0.016543760038977603,50
Europe_Palaeolithic,SouthAsia_Medieval_Recent,R,-0.2863542900050615,0.24252138037389068,-1.1807383314559503,0.3808022338330091,50
Europe_Palaeolithic,WestSiberia_Bronze,D_VA,-0.0004578917390114512,0.007550438049081703,-0.060644393879523424,0.01616629054101001,50
Europe_Palaeolithic,WestSiberia_Bronze,R,-0.1920981824608754,0.18126234903060282,-1.0597798356262236,0.3740919067809269,50
Europe_Palaeolithic,WestSiberia_Iron_Classical,D_VA,-0.001689372878864795,0.007904539744210085,-0.213721852698916,0.016511715656819678,50
Europe_Palaeolithic,WestSiberia_Iron_Classical,R,-0.2409859330754347,0.1882193702812795,-1.2803460808273857,0.3867443162389414,50
Europe_Palaeolithic,WestSiberia_LateGlacial_Meso,D_VA,-0.007986020939359822,0.008468649694701557,-0.9430099516758035,0.017790541396471446,50
Europe_Palaeolithic,WestSiberia_LateGlacial_Meso,R,-0.21789717311933687,0.19463755961257115,-1.119502184229315,0.38282791385945797,50
Europe_Palaeolithic,WestSiberia_Medieval_Recent,D_VA,-0.0023162783845597085,0.007240785624942167,-0.319893241498668,0.016064853900263337,50
Europe_Palaeolithic,WestSiberia_Medieval_Recent,R,-0.2617380416051318,0.16942862915659604,-1.5448277124594918,0.3671803301773916,50
Europe_Palaeolithic,WestSiberia_Neolithic,D_VA,-0.0017396288575209085,0.008024828256360328,-0.21678082096549683,0.016811566498647842,50
Europe_Palaeolithic,WestSiberia_Neolithic,R,-0.181001214956499,0.19863081141274794,-0.911244401959295,0.3908371337792536,50
Europe_Palaeolithic,ANC_Americas,D_VA,-0.012313094176519393,0.00962698407307003,-1.279018858145131,0.017399629797472397,50
Europe_Palaeolithic,ANC_Americas,R,-0.4102766274483989,0.22471293972892542,-1.8257810517868784,0.3785475952760622,50
Europe_Palaeolithic,ANC_Oceania,D_VA,-0.002777136813780362,0.008721487113544247,-0.3184246880864548,0.01704669085191245,50
Europe_Palaeolithic,ANC_Oceania,R,-0.20220246339436376,0.19338789050739857,-1.0455797561255675,0.36274603866053046,50
Europe_Palaeolithic,ANC_Africa,D_VA,0.03561647833722008,0.008256978818434325,4.3135000246947,0.013536486777567852,50
Europe_Palaeolithic,ANC_Africa,R,-0.27467995259283673,0.2567711152261672,-1.0697463083061163,0.42977813969239587,50
Europe_Palaeolithic,PD_French,D_VA,-0.006601416695623835,0.008371844626954747,-0.7885259449714723,0.01715520715420787,50
Europe_Palaeolithic,PD_French,R,-0.5372950305592188,0.2608032965634581,-2.060154291142119,0.4470109255897783,50
Europe_Palaeolithic,PD_Sardinian,D_VA,-0.004381836545628973,0.00817758127117703,-0.535835279445444,0.017015343738224265,50
Europe_Palaeolithic,PD_Sardinian,R,-0.5065065304315595,0.2322685476734036,-2.1806935786405575,0.4318046285340747,50
Europe_Palaeolithic,PD_Basque,D_VA,-0.00926670320336792,0.007182805743730524,-1.2901230429983876,0.016369569529251646,50
Europe_Palaeolithic,PD_Basque,R,-0.5647451644553478,0.2152626667911389,-2.623516529242381,0.40940147147287087,50
Europe_Palaeolithic,PD_Russian,D_VA,-0.006080998151705666,0.007469644999929576,-0.8140946660467797,0.015834540927293823,50
Europe_Palaeolithic,PD_Russian,R,-0.47584077771210787,0.22233261678560473,-2.1402202906241192,0.40318207717859056,50
Europe_Palaeolithic,PD_Han,D_VA,-0.003304035450594406,0.007778514452354535,-0.4247643262518183,0.01638612571316738,50
Europe_Palaeolithic,PD_Han,R,-0.42398929539461094,0.23762547246906476,-1.7842754439964676,0.4086944813612485,50
Europe_Palaeolithic,PD_Japanese,D_VA,-0.005207251498020982,0.007982178963452687,-0.6523596529046736,0.016555032781790425,50
Europe_Palaeolithic,PD_Japanese,R,-0.5603954095683448,0.24652284169320124,-2.2731987256002806,0.4139283524312461,50
Europe_Palaeolithic,PD_Dai,D_VA,0.004534890042274489,0.007487311304501224,0.6056767052744558,0.016764621326174994,50
Europe_Palaeolithic,PD_Dai,R,-0.24177050219928464,0.22789615199722973,-1.0608801424704335,0.4093118939732912,50
Europe_Palaeolithic,PD_Papuan,D_VA,-0.0016191531556714184,0.013353611135549141,-0.1212520822447054,0.020264378504073696,50
Europe_Palaeolithic,PD_Papuan,R,0.035149295541998526,0.24982857407857453,0.1406936563266922,0.39170362467009834,50
Europe_Palaeolithic,PD_Karitiana,D_VA,-0.02949051899468004,0.012048783193289128,-2.4475931321517614,0.018152584028560438,50
Europe_Palaeolithic,PD_Karitiana,R,-0.6086359648262403,0.3044169499629983,-1.999349789491747,0.41291381018483214,50
Europe_Palaeolithic,PD_Mixe,D_VA,-0.025971996630502814,0.012475557842581829,-2.081830484714252,0.01897663446383705,50
Europe_Palaeolithic,PD_Mixe,R,-0.7945085387531481,0.3553644225715929,-2.235757122234384,0.4820985488620226,50
Europe_Palaeolithic,PD_Mbuti,D_VA,0.08907983213751597,0.013084551268043889,6.808015828183094,0.01416603307793057,50
Europe_Palaeolithic,PD_Mbuti,R,-1.5051063477021807,2.2521804624241812,-0.6682885198649349,2.1906972206436905,50
Europe_Palaeolithic,PD_Biaka,D_VA,0.07706236419295981,0.012822794712209746,6.009794738395191,0.013401461130266586,50
Europe_Palaeolithic,PD_Biaka,R,-0.0977673518404163,1.8643011355621557,-0.05244182389608201,1.8165021590770374,50
Europe_Palaeolithic,PD_Juhoan,D_VA,0.0946958749184422,0.01539547137242267,6.150891559453474,0.015489805191198767,50
Europe_Palaeolithic,PD_Juhoan,R,5.20493821502404,3.4503221636294072,1.5085368751620993,3.435533460213055,50
Europe_Palaeolithic,PD_Mandenka,D_VA,0.06690834894643367,0.011726996992296249,5.705497237731655,0.012800292674407254,50
Europe_Palaeolithic,PD_Mandenka,R,5.370784974855221,12.225960605443232,0.4392934958799102,12.17969302708355,50
Europe_Palaeolithic,PD_Mende,D_VA,0.07233388865717097,0.012357154133175698,5.853604145227384,0.012181665610123462,50
Europe_Palaeolithic,PD_Mende,R,0.6437608205083981,3.0728957154515872,0.20949647502560698,3.0489024548202286,50
Europe_Palaeolithic,PD_Esan,D_VA,0.07067564234261554,0.012479109533423313,5.6635164675269545,0.011910944569221043,50
Europe_Palaeolithic,PD_Esan,R,-0.19308779850078484,8.990670509260918,-0.021476462551029214,9.018627572488493,50
Europe_Palaeolithic,PD_Gambian,D_VA,0.0708786974094956,0.01139552011217121,6.219873837420742,0.012097249658010543,50
Europe_Palaeolithic,PD_Gambian,R,0.8618211719043127,1.9145292830034855,0.4501478141678253,1.9697645125265992,50
Europe_Palaeolithic,PD_Luhya,D_VA,0.06555326231193039,0.011423126460222031,5.73864454186006,0.012256505991063692,50
Europe_Palaeolithic,PD_Luhya,R,-1.737399052325552,4.12804880727953,-0.4208765771523264,4.154467841892612,50
InnerAsia_Bronze,InnerAsia_Iron_Classical,D_VA,-0.0010499349661055174,0.004172411369062537,-0.2516374521195446,0.015622077568954824,50
InnerAsia_Bronze,InnerAsia_Iron_Classical,R,-0.02504167078305075,0.11030844212210139,-0.2270149981388723,0.40594504891007804,50
InnerAsia_Bronze,InnerAsia_Medieval_Recent,D_VA,-0.0009822961413546438,0.005698622678635899,-0.17237430810031798,0.01576992535086161,50
InnerAsia_Bronze,InnerAsia_Medieval_Recent,R,-0.12128866834716945,0.13860260458725374,-0.8750821725778989,0.42275135017350773,50
InnerAsia_Bronze,NearEast_Bronze,D_VA,0.000696261377103588,0.006125611475561982,0.1136639794869966,0.01688083587713839,50
InnerAsia_Bronze,NearEast_Bronze,R,-0.19871281917493766,0.17608342103095942,-1.12851521177567,0.4662139802987891,50
InnerAsia_Bronze,NearEast_Iron_Classical,D_VA,0.0014168275052164891,0.008099050069659568,0.17493749180835025,0.017749867132584172,50
InnerAsia_Bronze,NearEast_Iron_Classical,R,-0.09582952168265657,0.2247896876163418,-0.4263074640960084,0.4617477512743865,50
InnerAsia_Bronze,NearEast_Medieval_Recent,D_VA,-0.005440465230107258,0.006778422029141703,-0.8026152999500004,0.01625190955212966,50
InnerAsia_Bronze,NearEast_Medieval_Recent,R,-0.5041884617385783,0.23983231618796175,-2.1022540654756257,0.5088105692074479,50
InnerAsia_Bronze,Siberia_Bronze,D_VA,0.0001542872020295072,0.0038242246577179996,0.04034470143330277,0.016113844083720626,50
InnerAsia_Bronze,Siberia_Bronze,R,0.05067470358022641,0.10619259379139274,0.47719621275823626,0.4161208298162595,50
InnerAsia_Bronze,Siberia_Iron_Classical,D_VA,0.003693118216390734,0.004280430068939326,0.8627913917317833,0.015930972492356643,50
InnerAsia_Bronze,Siberia_Iron_Classical,R,0.07728064185301609,0.11214869913857031,0.6890908449818802,0.4140665469441983,50
InnerAsia_Bronze,Siberia_Neolithic,D_VA,0.004151248650953274,0.006360804773665014,0.6526294704312041,0.016985108960892684,50
InnerAsia_Bronze,Siberia_Neolithic,R,0.10847900469498928,0.14871710410411074,0.7294319328531813,0.42559131772991543,50
InnerAsia_Bronze,SouthAsia_Iron_Classical,D_VA,0.0035494295023944383,0.007021394925040673,0.5055162884708237,0.01633002853681085,50
InnerAsia_Bronze,SouthAsia_Iron_Classical,R,-0.09503698534162486,0.2020623164995557,-0.47033502826259954,0.455291455099244,50
InnerAsia_Bronze,SouthAsia_Medieval_Recent,D_VA,0.0001946337363371714,0.0064283819268010425,0.030277251500211818,0.016491147393592212,50
InnerAsia_Bronze,SouthAsia_Medieval_Recent,R,-0.05199492145263607,0.20306686588524733,-0.2560482786099545,0.43268553118486236,50
InnerAsia_Bronze,WestSiberia_Bronze,D_VA,0.0028016976072179067,0.0038008313647099608,0.7371275750961139,0.016112445375741722,50
InnerAsia_Bronze,WestSiberia_Bronze,R,0.04226118609155005,0.105345557757374,0.40116723468191845,0.4267917317890618,50
InnerAsia_Bronze,WestSiberia_Iron_Classical,D_VA,0.001570216467364563,0.004677750726450236,0.3356776705705606,0.016459000579062362,50
InnerAsia_Bronze,WestSiberia_Iron_Classical,R,-0.0066265645230092485,0.12421373197842803,-0.05334808331948413,0.4379241872146857,50
InnerAsia_Bronze,WestSiberia_LateGlacial_Meso,D_VA,-0.004726431593130465,0.005740760871556933,-0.8233110033459075,0.017741626456147564,50
InnerAsia_Bronze,WestSiberia_LateGlacial_Meso,R,0.016462195433088578,0.14154149139951355,0.11630649974305099,0.4344693766360309,50
InnerAsia_Bronze,WestSiberia_Medieval_Recent,D_VA,0.0009433109616696495,0.0050055180945559625,0.18845421070310409,0.016010667599032753,50
InnerAsia_Bronze,WestSiberia_Medieval_Recent,R,-0.02737867305270636,0.13053649336305065,-0.20973960880472145,0.42074674386582606,50
InnerAsia_Bronze,WestSiberia_Neolithic,D_VA,0.0015199604887084495,0.004154214303468431,0.36588398615820233,0.01675979457715307,50
InnerAsia_Bronze,WestSiberia_Neolithic,R,0.05335815359592644,0.11382168163082733,0.4687872541629624,0.4415428549363005,50
InnerAsia_Bronze,ANC_Americas,D_VA,-0.009053504830290035,0.007127840280181103,-1.2701610129316765,0.017349612768560584,50
InnerAsia_Bronze,ANC_Americas,R,-0.17591725889597343,0.1851655384732232,-0.9500539913986902,0.4307025766045592,50
InnerAsia_Bronze,ANC_Oceania,D_VA,0.0004824525324489959,0.008516419267259165,0.05664969247154777,0.016995635178791834,50
InnerAsia_Bronze,ANC_Oceania,R,0.03215690515806169,0.21140821558768047,0.15210811495036142,0.41688261677410315,50
InnerAsia_Bronze,ANC_Africa,D_VA,0.038876067683449436,0.007719334805920417,5.036194006461939,0.013472134961066131,50
InnerAsia_Bronze,ANC_Africa,R,-0.04032058404041128,0.23822744085611125,-0.16925247526276707,0.4763566699039421,50
InnerAsia_Bronze,PD_French,D_VA,-0.0033418273493944772,0.006512835769410516,-0.513114020944666,0.017104475397792706,50
InnerAsia_Bronze,PD_French,R,-0.30293566200679334,0.21034125684055377,-1.4402103826755654,0.4919605626482137,50
InnerAsia_Bronze,PD_Sardinian,D_VA,-0.0011222471993996147,0.006930133817129992,-0.16193730583176186,0.016964193722657107,50
InnerAsia_Bronze,PD_Sardinian,R,-0.272147161879134,0.18539309166718368,-1.4679466178151375,0.47818580575751823,50
InnerAsia_Bronze,PD_Basque,D_VA,-0.006007113857138563,0.007323767226382705,-0.8202218436843394,0.016316395211654903,50
InnerAsia_Bronze,PD_Basque,R,-0.3303857959029224,0.18596133648701338,-1.7766370265143523,0.4580567567984,50
InnerAsia_Bronze,PD_Russian,D_VA,-0.002821408805476308,0.005591656450941136,-0.5045747767643047,0.015779563761652418,50
InnerAsia_Bronze,PD_Russian,R,-0.24148140915968241,0.15607943782326156,-1.5471699060905564,0.452506591070848,50
InnerAsia_Bronze,PD_Han,D_VA,-4.444610436504792e-05,0.007004532694652918,-0.0063453347000545736,0.01633300529656549,50
InnerAsia_Bronze,PD_Han,R,-0.1896299268421855,0.20522042571770885,-0.9240304720107692,0.45742497384779573,50
InnerAsia_Bronze,PD_Japanese,D_VA,-0.0019476621517916237,0.008194534493092306,-0.23767819312169983,0.016502456075871454,50
InnerAsia_Bronze,PD_Japanese,R,-0.3260360410159193,0.20614253041831573,-1.5816049233232419,0.4621072478883691,50
InnerAsia_Bronze,PD_Dai,D_VA,0.007794479388503847,0.007960317929444178,0.9791668445393474,0.016712703980503944,50
InnerAsia_Bronze,PD_Dai,R,-0.0074111336468591915,0.227452380315323,-0.03258323186851221,0.4579766960801821,50
InnerAsia_Bronze,PD_Papuan,D_VA,0.0016404361905579395,0.013847573194440677,0.11846380355053968,0.020221448570423316,50
InnerAsia_Bronze,PD_Papuan,R,0.269508664094424,0.2775836458894227,0.9709097350849861,0.4423100238341994,50
InnerAsia_Bronze,PD_Karitiana,D_VA,-0.026230929648450682,0.009954725326946997,-2.6350229450776235,0.01810464727753232,50
InnerAsia_Bronze,PD_Karitiana,R,-0.3742765962738148,0.2604184815775842,-1.4372121133895404,0.4611987014789529,50
InnerAsia_Bronze,PD_Mixe,D_VA,-0.022712407284273456,0.010772974845080005,-2.108276275670147,0.018930784497848976,50
InnerAsia_Bronze,PD_Mixe,R,-0.5601491702007226,0.30147342870054256,-1.8580382775860689,0.5240471719410236,50
InnerAsia_Bronze,PD_Mbuti,D_VA,0.09233942148374533,0.012637922649463005,7.306534787793538,0.014104553849552776,50
InnerAsia_Bronze,PD_Mbuti,R,-1.2707469791497552,2.22912710878778,-0.5700648357557317,2.2003092373892605,50
InnerAsia_Bronze,PD_Biaka,D_VA,0.08032195353918917,0.012418813024122967,6.467764140032346,0.01333645779642995,50
InnerAsia_Bronze,PD_Biaka,R,0.13659201671200916,1.8980815775879054,0.07196319606325413,1.828082744718098,50
InnerAsia_Bronze,PD_Juhoan,D_VA,0.09795546426467155,0.014718643742743473,6.655196360260107,0.015433600065804456,50
InnerAsia_Bronze,PD_Juhoan,R,5.439297583576465,3.4365185961579567,1.5827930015154361,3.441670609434901,50
InnerAsia_Bronze,PD_Mandenka,D_VA,0.07016793829266303,0.011855294534463372,5.918700550938204,0.012732220492922474,50
InnerAsia_Bronze,PD_Mandenka,R,5.6051443434076464,12.234485655036972,0.45814303121929717,12.181425559498042,50
InnerAsia_Bronze,PD_Mende,D_VA,0.07559347800340033,0.012594099588388584,6.002293174900368,0.012110116562889708,50
InnerAsia_Bronze,PD_Mende,R,0.8781201890608236,3.057693889199811,0.28718381266432946,3.0558161931983623,50
InnerAsia_Bronze,PD_Esan,D_VA,0.0739352316888449,0.012302734771284273,6.0096582640647185,0.011837759359818364,50
InnerAsia_Bronze,PD_Esan,R,0.041271570051640616,8.997029445589835,0.004587244078863287,9.020967227457055,50
InnerAsia_Bronze,PD_Gambian,D_VA,0.07413828675572495,0.011860714456437686,6.250743749714388,0.012025198352549003,50
InnerAsia_Bronze,PD_Gambian,R,1.0961805404567382,1.9739565744233964,0.555321507402937,1.9804491062417302,50
InnerAsia_Bronze,PD_Luhya,D_VA,0.06881285165815974,0.010967899899146425,6.2740225832581755,0.012185396392357994,50
InnerAsia_Bronze,PD_Luhya,R,-1.5030396837731266,4.104487335090082,-0.36619425547335477,4.159544383333873,50
InnerAsia_Iron_Classical,InnerAsia_Medieval_Recent,D_VA,6.763882475087357e-05,0.0036063765989442585,0.01875534151665535,0.014941577748752367,50
InnerAsia_Iron_Classical,InnerAsia_Medieval_Recent,R,-0.0962469975641187,0.08828548312576248,-1.090179202247951,0.3921809934094387,50
InnerAsia_Iron_Classical,NearEast_Bronze,D_VA,0.0017461963432091054,0.005617361007188568,0.31085706276924135,0.01610971197635596,50
InnerAsia_Iron_Classical,NearEast_Bronze,R,-0.1736711483918869,0.16984321268345193,-1.0225380552331482,0.4386829184549247,50
InnerAsia_Iron_Classical,NearEast_Iron_Classical,D_VA,0.0024667624713220065,0.006719021094487312,0.36713122888479793,0.017018166272388335,50
InnerAsia_Iron_Classical,NearEast_Iron_Classical,R,-0.07078785089960582,0.1892555934593106,-0.37403307139149367,0.4339334203827162,50
InnerAsia_Iron_Classical,NearEast_Medieval_Recent,D_VA,-0.004390530264001741,0.006101886237071903,-0.7195365651570413,0.015449426013314132,50
InnerAsia_Iron_Classical,NearEast_Medieval_Recent,R,-0.4791467909555276,0.21502067403573025,-2.2283754485669,0.4837100607340079,50
InnerAsia_Iron_Classical,Siberia_Bronze,D_VA,0.0012042221681350246,0.0039588834948927785,0.3041822699982333,0.015304122686541764,50
InnerAsia_Iron_Classical,Siberia_Bronze,R,0.07571637436327716,0.08853541019927805,0.8552100701047476,0.3850243791308062,50
InnerAsia_Iron_Classical,Siberia_Iron_Classical,D_VA,0.004743053182496251,0.0029061299854558106,1.6320856968661466,0.015111455409803786,50
InnerAsia_Iron_Classical,Siberia_Iron_Classical,R,0.10232231263606684,0.07297955715065403,1.4020681493700986,0.38280325601591014,50
InnerAsia_Iron_Classical,Siberia_Neolithic,D_VA,0.005201183617058791,0.004957187568638591,1.0492206609174584,0.01621894344473958,50
InnerAsia_Iron_Classical,Siberia_Neolithic,R,0.13352067547804003,0.12205263724691146,1.0939597741581677,0.39524068267977713,50
InnerAsia_Iron_Classical,SouthAsia_Iron_Classical,D_VA,0.004599364468499956,0.004709498899521473,0.9766144056148504,0.015531581763082622,50
InnerAsia_Iron_Classical,SouthAsia_Iron_Classical,R,-0.0699953145585741,0.15166057190329785,-0.4615261150617622,0.4270568306495956,50
InnerAsia_Iron_Classical,SouthAsia_Medieval_Recent,D_VA,0.0012445687024426888,0.004756549121323557,0.2616537053855496,0.015700896229433763,50
InnerAsia_Iron_Classical,SouthAsia_Medieval_Recent,R,-0.026953250669585316,0.15582009476598765,-0.17297673133920247,0.4028697015348969,50
InnerAsia_Iron_Classical,WestSiberia_Bronze,D_VA,0.003851632573323424,0.003941298213288194,0.9772497194801298,0.015302649967784172,50
InnerAsia_Iron_Classical,WestSiberia_Bronze,R,0.0673028568746008,0.1027274712275899,0.6551592876796622,0.39653298707875095,50
InnerAsia_Iron_Classical,WestSiberia_Iron_Classical,D_VA,0.0026201514334700804,0.0038293240172389744,0.6842334108251478,0.015667128010961016,50
InnerAsia_Iron_Classical,WestSiberia_Iron_Classical,R,0.018415106260041503,0.09577518254813673,0.19227430081677,0.4084909072008011,50
InnerAsia_Iron_Classical,WestSiberia_LateGlacial_Meso,D_VA,-0.003676496627024947,0.006366724779453359,-0.5774549323837126,0.017009571110399562,50
InnerAsia_Iron_Classical,WestSiberia_LateGlacial_Meso,R,0.04150386621613933,0.151784090820808,0.27344016090024625,0.40478496359498306,50
InnerAsia_Iron_Classical,WestSiberia_Medieval_Recent,D_VA,0.001993245927775167,0.003575988278461213,0.557397220729393,0.01519544922063778,50
InnerAsia_Iron_Classical,WestSiberia_Medieval_Recent,R,-0.002337002269655608,0.0950896386105103,-0.02457683406735861,0.39001929438399,50
InnerAsia_Iron_Classical,WestSiberia_Neolithic,D_VA,0.002569895454813967,0.0049637579088255826,0.5177318277840831,0.01598283186167688,50
InnerAsia_Iron_Classical,WestSiberia_Neolithic,R,0.07839982437897719,0.1298420596454204,0.6038091554699271,0.41236794281732103,50
InnerAsia_Iron_Classical,ANC_Americas,D_VA,-0.008003569864184518,0.006744004905785264,-1.1867680964049643,0.016600279011789666,50
InnerAsia_Iron_Classical,ANC_Americas,R,-0.15087558811292268,0.16359701269129653,-0.9222392611631677,0.4007392381735242,50
InnerAsia_Iron_Classical,ANC_Oceania,D_VA,0.0015323874985545133,0.0068986585150379994,0.222128330488333,0.016229966579782307,50
InnerAsia_Iron_Classical,ANC_Oceania,R,0.05719857594111244,0.1555760284955986,0.367656743099922,0.3858475653499892,50
InnerAsia_Iron_Classical,ANC_Africa,D_VA,0.039926002649554954,0.006205624041913123,6.433841686169281,0.012492342472868906,50
InnerAsia_Iron_Classical,ANC_Africa,R,-0.015278913257360527,0.20948757483936503,-0.07293469920149866,0.44944733226493144,50
InnerAsia_Iron_Classical,PD_French,D_VA,-0.00229189238328896,0.005745580248569157,-0.39889659253470844,0.016343906469506002,50
InnerAsia_Iron_Classical,PD_French,R,-0.2778939912237426,0.1904926278085462,-1.4588175638116492,0.46595324091504875,50
InnerAsia_Iron_Classical,PD_Sardinian,D_VA,-7.23122332940973e-05,0.006216920471020261,-0.011631519758242961,0.016197038887096084,50
InnerAsia_Iron_Classical,PD_Sardinian,R,-0.24710549109608326,0.17776873380007105,-1.3900391020053746,0.45138552518446734,50
InnerAsia_Iron_Classical,PD_Basque,D_VA,-0.0049571788910330455,0.006480836152900693,-0.7648980431042546,0.01551724694503439,50
InnerAsia_Iron_Classical,PD_Basque,R,-0.30534412511987163,0.16986637651567651,-1.7975548274068955,0.43000374413109366,50
InnerAsia_Iron_Classical,PD_Russian,D_VA,-0.0017714738393707907,0.005037294921062862,-0.3516716545548245,0.014951750150344214,50
InnerAsia_Iron_Classical,PD_Russian,R,-0.21643973837663166,0.15349302123932762,-1.4100949777980916,0.42408659785549707,50
InnerAsia_Iron_Classical,PD_Han,D_VA,0.0010054888617404695,0.004819685783050732,0.20862124773288063,0.015534711521875787,50
InnerAsia_Iron_Classical,PD_Han,R,-0.16458825605913474,0.15782292054298291,-1.0428666222426755,0.42933068166361815,50
InnerAsia_Iron_Classical,PD_Japanese,D_VA,-0.0008977271856861063,0.005604415014892972,-0.1601821391350423,0.015712773675781454,50
InnerAsia_Iron_Classical,PD_Japanese,R,-0.30099437023286857,0.16389897915277987,-1.8364627515604843,0.4343159403810238,50
InnerAsia_Iron_Classical,PD_Dai,D_VA,0.008844414354609365,0.005679580245896475,1.557230283170926,0.01593344515132294,50
InnerAsia_Iron_Classical,PD_Dai,R,0.01763053713619156,0.171941937305149,0.10253773693908236,0.4299184593275915,50
InnerAsia_Iron_Classical,PD_Papuan,D_VA,0.002690371156663457,0.013103713378376064,0.20531364499342195,0.019582318104262815,50
InnerAsia_Iron_Classical,PD_Papuan,R,0.29455033487747473,0.24073877930713855,1.2235267443209992,0.41318928435076874,50
InnerAsia_Iron_Classical,PD_Karitiana,D_VA,-0.025180994682345165,0.010051387970571026,-2.5052256221798803,0.017387882363707276,50
InnerAsia_Iron_Classical,PD_Karitiana,R,-0.34923492549076407,0.2553400886637247,-1.367724619030332,0.4333491314909524,50
InnerAsia_Iron_Classical,PD_Mixe,D_VA,-0.02166247231816794,0.010495729172226532,-2.063932096827583,0.018246501082516155,50
InnerAsia_Iron_Classical,PD_Mixe,R,-0.5351074994176719,0.2851027198962676,-1.8768937020746996,0.49971258332913243,50
InnerAsia_Iron_Classical,PD_Mbuti,D_VA,0.09338935644985084,0.01100327505961831,8.487414514664547,0.013171888222468264,50
InnerAsia_Iron_Classical,PD_Mbuti,R,-1.2457053083667045,2.253315610575142,-0.5528321476673866,2.1946407377196384,50
InnerAsia_Iron_Classical,PD_Biaka,D_VA,0.08137188850529468,0.01099145378207401,7.403196166643971,0.012345902421703374,50
InnerAsia_Iron_Classical,PD_Biaka,R,0.1616336874950599,1.8951346978183952,0.08528875951726612,1.821256091013602,50
InnerAsia_Iron_Classical,PD_Juhoan,D_VA,0.09900539923077706,0.013748415867916279,7.201222321316237,0.014586165056020154,50
InnerAsia_Iron_Classical,PD_Juhoan,R,5.4643392543595155,3.4291758836572925,1.593484685460833,3.4380494195642526,50
InnerAsia_Iron_Classical,PD_Mandenka,D_VA,0.07121787325876855,0.010542590644385827,6.7552535862419845,0.01169057905882592,50
InnerAsia_Iron_Classical,PD_Mandenka,R,5.630186014190697,12.212279464419257,0.46102662738716116,12.180402944447703,50
InnerAsia_Iron_Classical,PD_Mende,D_VA,0.07664341296950584,0.0112578823093025,6.807977811792776,0.011009773985738295,50
InnerAsia_Iron_Classical,PD_Mende,R,0.9031618598438743,3.082842028159661,0.2929640414896729,3.051737183004366,50
InnerAsia_Iron_Classical,PD_Esan,D_VA,0.07498516665495042,0.011219848849123743,6.683259967517893,0.01070946995472845,50
InnerAsia_Iron_Classical,PD_Esan,R,0.06631324083469137,9.002685306758973,0.007365940113990786,9.019586295743963,50
InnerAsia_Iron_Classical,PD_Gambian,D_VA,0.07518822172183047,0.01054334929237425,7.131341249996554,0.010916299531819898,50
InnerAsia_Iron_Classical,PD_Gambian,R,1.121222211239789,1.9386956160485798,0.5783384467155536,1.9741494092220473,50
InnerAsia_Iron_Classical,PD_Luhya,D_VA,0.06986278662426526,0.00983748062477987,7.101694965303025,0.011092523846679586,50
InnerAsia_Iron_Classical,PD_Luhya,R,-1.4779980129900758,4.1097265695445975,-0.35963414791214543,4.15654865296227,50
InnerAsia_Medieval_Recent,NearEast_Bronze,D_VA,0.0016785575184582319,0.006554047479142934,0.2561100638651057,0.016253124559987012,50
InnerAsia_Medieval_Recent,NearEast_Bronze,R,-0.07742415082776821,0.19323187410294757,-0.4006800181760861,0.4542796762821865,50
InnerAsia_Medieval_Recent,NearEast_Iron_Classical,D_VA,0.002399123646571133,0.007746859162872393,0.3096898492835879,0.017153985579915886,50
InnerAsia_Medieval_Recent,NearEast_Iron_Classical,R,0.025459146664512877,0.20524326493293102,0.12404376179083082,0.4496949351104159,50
InnerAsia_Medieval_Recent,NearEast_Medieval_Recent,D_VA,-0.004458169088752614,0.007054707031560653,-0.6319424844728628,0.015598910287009592,50
InnerAsia_Medieval_Recent,NearEast_Medieval_Recent,R,-0.3828997933914089,0.21614587341814911,-1.771487872223509,0.49789832716551247,50
InnerAsia_Medieval_Recent,Siberia_Bronze,D_VA,0.001136583343384151,0.005530258646910504,0.20552082930499224,0.015455012429824461,50
InnerAsia_Medieval_Recent,Siberia_Bronze,R,0.17196337192739586,0.12650464353330648,1.3593443459814254,0.40270472292236764,50
InnerAsia_Medieval_Recent,Siberia_Iron_Classical,D_VA,0.004675414357745378,0.0036710126312462497,1.273603451524532,0.015264249821193126,50
InnerAsia_Medieval_Recent,Siberia_Iron_Classical,R,0.19856931020018553,0.09407927859241513,2.1106593627323433,0.4005816448057755,50
InnerAsia_Medieval_Recent,Siberia_Neolithic,D_VA,0.0051335447923079175,0.006058397665398668,0.8473436502240744,0.01636139860968393,50
InnerAsia_Medieval_Recent,Siberia_Neolithic,R,0.22976767304215873,0.14372758085877432,1.5986331340811113,0.41248335552370397,50
InnerAsia_Medieval_Recent,SouthAsia_Iron_Classical,D_VA,0.004531725643749082,0.005153405118939701,0.8793653010306072,0.015680282843897525,50
InnerAsia_Medieval_Recent,SouthAsia_Iron_Classical,R,0.02625168300554459,0.14771489357453954,0.17771859269084148,0.44306304059737983,50
InnerAsia_Medieval_Recent,SouthAsia_Medieval_Recent,D_VA,0.0011769298776918152,0.006011006149715721,0.19579581993065767,0.015848008720617035,50
InnerAsia_Medieval_Recent,SouthAsia_Medieval_Recent,R,0.06929374689453338,0.1705870461109442,0.40620755487768406,0.41979913977250477,50
InnerAsia_Medieval_Recent,WestSiberia_Bronze,D_VA,0.0037839937485725506,0.005406470667089777,0.6999009116254797,0.015453554090817789,50
InnerAsia_Medieval_Recent,WestSiberia_Bronze,R,0.1635498544387195,0.13017358330435172,1.2563981899179386,0.4137218040912456,50
InnerAsia_Medieval_Recent,WestSiberia_Iron_Classical,D_VA,0.002552512608719207,0.004673873963211209,0.5461235430844802,0.01581455462898483,50
InnerAsia_Medieval_Recent,WestSiberia_Iron_Classical,R,0.1146621038241602,0.12310547158056093,0.9314135460593614,0.42519659288927936,50
InnerAsia_Medieval_Recent,WestSiberia_LateGlacial_Meso,D_VA,-0.0037441354517758207,0.007972636015169827,-0.4696232770004446,0.01714545850541903,50
InnerAsia_Medieval_Recent,WestSiberia_LateGlacial_Meso,R,0.13775086378025803,0.18762132337413726,0.7341962059694456,0.4216375079277338,50
InnerAsia_Medieval_Recent,WestSiberia_Medieval_Recent,D_VA,0.0019256071030242933,0.004609362912072555,0.417759924691732,0.015347407436381157,50
InnerAsia_Medieval_Recent,WestSiberia_Medieval_Recent,R,0.09390999529446309,0.12749259770839866,0.7365917471479735,0.40748297060208977,50
InnerAsia_Medieval_Recent,WestSiberia_Neolithic,D_VA,0.0025022566300630933,0.006648526497215927,0.3763625866740418,0.01612737276557902,50
InnerAsia_Medieval_Recent,WestSiberia_Neolithic,R,0.1746468219430959,0.16422689218232625,1.0634483769515735,0.4289226522373322,50
InnerAsia_Medieval_Recent,ANC_Americas,D_VA,-0.008071208688935391,0.007593916226986017,-1.0628519524949789,0.016739489277471126,50
InnerAsia_Medieval_Recent,ANC_Americas,R,-0.05462859054880398,0.19582830508860707,-0.2789616675898104,0.41775502193368624,50
InnerAsia_Medieval_Recent,ANC_Oceania,D_VA,0.0014647486738036397,0.007395567648415316,0.19805763985101246,0.016372325833007264,50
InnerAsia_Medieval_Recent,ANC_Oceania,R,0.15344557350523114,0.1705312218918379,0.8998092654408845,0.4034918400977054,50
InnerAsia_Medieval_Recent,ANC_Africa,D_VA,0.03985836382480408,0.006546894697750974,6.088132720157611,0.012676744789603943,50
InnerAsia_Medieval_Recent,ANC_Africa,R,0.08096808430675817,0.21691475738143803,0.3732714421286618,0.4646829304149032,50
InnerAsia_Medieval_Recent,PD_French,D_VA,-0.0023595312080398334,0.0067150696092551495,-0.35137851807042664,0.01648528182001346,50
InnerAsia_Medieval_Recent,PD_French,R,-0.1816469936596239,0.20916265460574682,-0.8684485000537618,0.48066593810894853,50
InnerAsia_Medieval_Recent,PD_Sardinian,D_VA,-0.00013995105804497088,0.00693434934547604,-0.02018229123923137,0.016339685024853116,50
InnerAsia_Medieval_Recent,PD_Sardinian,R,-0.15085849353196457,0.18878707908682976,-0.7990933185770595,0.46655783530552297,50
InnerAsia_Medieval_Recent,PD_Basque,D_VA,-0.005024817715783919,0.007264867168564267,-0.6916599573254081,0.01566608409126178,50
InnerAsia_Medieval_Recent,PD_Basque,R,-0.20909712755575294,0.19052181889506142,-1.0974970151367425,0.4459041839966038,50
InnerAsia_Medieval_Recent,PD_Russian,D_VA,-0.0018391126641216643,0.006194549708740502,-0.296892066509157,0.015106160020323648,50
InnerAsia_Medieval_Recent,PD_Russian,R,-0.12019274081251297,0.17519610254962034,-0.6860468872500807,0.44020082214776496,50
InnerAsia_Medieval_Recent,PD_Han,D_VA,0.0009378500369895959,0.005936679182376658,0.15797552944643745,0.015683382928093244,50
InnerAsia_Medieval_Recent,PD_Han,R,-0.06834125849501604,0.16860233313413014,-0.40533993346727737,0.44525515781028874,50
InnerAsia_Medieval_Recent,PD_Japanese,D_VA,-0.0009653660104369799,0.006231931028193544,-0.1549064015743466,0.01585977599424522,50
InnerAsia_Medieval_Recent,PD_Japanese,R,-0.20474737266874987,0.16130431488755523,-1.2693235938014347,0.45006405922709614,50
InnerAsia_Medieval_Recent,PD_Dai,D_VA,0.008776775529858491,0.006943821912277806,1.2639689843340778,0.016078430035035226,50
InnerAsia_Medieval_Recent,PD_Dai,R,0.11387753470031026,0.18545442502410797,0.6140459289957997,0.44582194092432015,50
InnerAsia_Medieval_Recent,PD_Papuan,D_VA,0.0026227323319125834,0.013570802059094344,0.19326288309945427,0.019700467515717628,50
InnerAsia_Medieval_Recent,PD_Papuan,R,0.3907973324415934,0.2630178811929051,1.4858203961994931,0.4297123526746916,50
InnerAsia_Medieval_Recent,PD_Karitiana,D_VA,-0.025248633507096038,0.010914393506843372,-2.3133336260292463,0.017520835913147206,50
InnerAsia_Medieval_Recent,PD_Karitiana,R,-0.2529879279266454,0.27605366627471933,-0.9164447309853161,0.44913115133876075,50
InnerAsia_Medieval_Recent,PD_Mixe,D_VA,-0.021730111142918812,0.01069988324783111,-2.030873668394798,0.018373242494333152,50
InnerAsia_Medieval_Recent,PD_Mixe,R,-0.4388605018535532,0.29304958952322124,-1.4975639534850054,0.5134588467213251,50
InnerAsia_Medieval_Recent,PD_Mbuti,D_VA,0.09332171762509997,0.011502495429998856,8.113171458578815,0.013346905159867752,50
InnerAsia_Medieval_Recent,PD_Mbuti,R,-1.1494583108025858,2.25272360597406,-0.5102527037734703,2.197811477128445,50
InnerAsia_Medieval_Recent,PD_Biaka,D_VA,0.08130424968054381,0.011514797378497027,7.060849358267742,0.01253245963917409,50
InnerAsia_Medieval_Recent,PD_Biaka,R,0.2578806850591786,1.8951363881234937,0.1360750005515562,1.8250756341568597,50
InnerAsia_Medieval_Recent,PD_Juhoan,D_VA,0.0989377604060262,0.013794010579578929,7.172515914443088,0.014744403990761028,50
InnerAsia_Medieval_Recent,PD_Juhoan,R,5.560586251923635,3.4416330480784505,1.615682489749524,3.4400742917421145,50
InnerAsia_Medieval_Recent,PD_Mandenka,D_VA,0.07115023443401768,0.01013746376258844,7.018543898188061,0.011887425151476892,50
InnerAsia_Medieval_Recent,PD_Mandenka,R,5.726433011754816,12.21999218276241,0.4686118391984371,12.180974641236602,50
InnerAsia_Medieval_Recent,PD_Mende,D_VA,0.07657577414475497,0.011605925548227604,6.597989434496176,0.011218572155953984,50
InnerAsia_Medieval_Recent,PD_Mende,R,0.999408857407993,3.0704150142343467,0.32549634260344784,3.0540181982873547,50
InnerAsia_Medieval_Recent,PD_Esan,D_VA,0.07491752783019955,0.01147765451941591,6.527250641972803,0.010924009552931454,50
InnerAsia_Medieval_Recent,PD_Esan,R,0.16256023839881006,8.989887025946516,0.018082567437124678,9.0203583225785,50
InnerAsia_Medieval_Recent,PD_Gambian,D_VA,0.0751205828970796,0.010782037652628843,6.967197232775748,0.011126851911916398,50
InnerAsia_Medieval_Recent,PD_Gambian,R,1.2174692088039076,1.9550434618196924,0.6227325543293681,1.9776736867518556,50
InnerAsia_Medieval_Recent,PD_Luhya,D_VA,0.06979514779951439,0.009906444929055026,7.045428334720691,0.011299793064054828,50
InnerAsia_Medieval_Recent,PD_Luhya,R,-1.3817510154259571,4.115254243848361,-0.3357632198524432,4.158223662308387,50
NearEast_Bronze,NearEast_Iron_Classical,D_VA,0.0007205661281129011,0.006004936920682659,0.11999561987588456,0.018180519673955883,50
NearEast_Bronze,NearEast_Iron_Classical,R,0.10288329749228109,0.16702922539147858,0.6159598552357889,0.4907772468406386,50
NearEast_Bronze,NearEast_Medieval_Recent,D_VA,-0.006136726607210846,0.004493951320314842,-1.3655525326831786,0.01672118645555119,50
NearEast_Bronze,NearEast_Medieval_Recent,R,-0.3054756425636407,0.1634272195663387,-1.8691846032394952,0.5352938590594251,50
NearEast_Bronze,Siberia_Bronze,D_VA,-0.0005419741750740809,0.00507142689201918,-0.10686818258722738,0.01658702756810766,50
NearEast_Bronze,Siberia_Bronze,R,0.24938752275516407,0.16258696480400725,1.5338715687065798,0.44811590600702494,50
NearEast_Bronze,Siberia_Iron_Classical,D_VA,0.002996856839287146,0.005698119987120467,0.5259378261709089,0.016409430122430495,50
NearEast_Bronze,Siberia_Iron_Classical,R,0.27599346102795375,0.18077853060197774,1.5266937954906374,0.4462089482605839,50
NearEast_Bronze,Siberia_Neolithic,D_VA,0.0034549872738496856,0.007393959479791574,0.46727159964732146,0.017434661992826304,50
NearEast_Bronze,Siberia_Neolithic,R,0.30719182386992694,0.21433590846950512,1.4332261265201534,0.45692372441864987,50
NearEast_Bronze,SouthAsia_Iron_Classical,D_VA,0.0028531681252908503,0.00800877012298517,0.3562554651309391,0.016797123099023887,50
NearEast_Bronze,SouthAsia_Iron_Classical,R,0.1036758338333128,0.24385203362539037,0.425158782938761,0.48470777721830643,50
NearEast_Bronze,SouthAsia_Medieval_Recent,D_VA,-0.0005016276407664166,0.008520919913774882,-0.05887012738559924,0.016953803548109447,50
NearEast_Bronze,SouthAsia_Medieval_Recent,R,0.1467178977223016,0.2838295673608381,0.516922528849069,0.4635386597752672,50
NearEast_Bronze,WestSiberia_Bronze,D_VA,0.0021054362301143187,0.004203439050659415,0.5008842057039052,0.0165856687648393,50
NearEast_Bronze,WestSiberia_Bronze,R,0.2409740052664877,0.12810089969041574,1.8811265638949834,0.458042031404358,50
NearEast_Bronze,WestSiberia_Iron_Classical,D_VA,0.000873955090260975,0.005203151937165397,0.1679664750933822,0.016922535638972086,50
NearEast_Bronze,WestSiberia_Iron_Classical,R,0.1920862546519284,0.16008192422227158,1.1999246984638894,0.4684324006269928,50
NearEast_Bronze,WestSiberia_LateGlacial_Meso,D_VA,-0.005422692970234053,0.007730522144779471,-0.7014652915645644,0.018172474286683706,50
NearEast_Bronze,WestSiberia_LateGlacial_Meso,R,0.21517501460802624,0.2124264266556199,1.0129390113823376,0.46520421262497796,50
NearEast_Bronze,WestSiberia_Medieval_Recent,D_VA,0.0002470495845660614,0.005358659681944782,0.046102868857012654,0.016486812589382536,50
NearEast_Bronze,WestSiberia_Medieval_Recent,R,0.1713341461222313,0.15990712341885432,1.071460373115746,0.45241479052217054,50
NearEast_Bronze,WestSiberia_Neolithic,D_VA,0.0008236991116048614,0.00584150873881311,0.1410079396324283,0.017215232402122103,50
NearEast_Bronze,WestSiberia_Neolithic,R,0.2520709727708641,0.17468620975051113,1.4429929708296652,0.4718171393186383,50
NearEast_Bronze,ANC_Americas,D_VA,-0.009749766207393623,0.009251983388250486,-1.0538028224061984,0.017789957155926645,50
NearEast_Bronze,ANC_Americas,R,0.022795560278964233,0.2734539938809814,0.0833615920376201,0.4616882386452254,50
NearEast_Bronze,ANC_Oceania,D_VA,-0.00021380884465459216,0.009653624503306505,-0.022148038240078587,0.01744491695369433,50
NearEast_Bronze,ANC_Oceania,R,0.23086972433299935,0.24934964562974585,0.9258875173049697,0.4488233910771008,50
NearEast_Bronze,ANC_Africa,D_VA,0.03817980630634585,0.007086606999740341,5.387600343541667,0.014034668959397851,50
NearEast_Bronze,ANC_Africa,R,0.15839223513452638,0.17145228317583944,0.9238269225734438,0.5045463280725544,50
NearEast_Bronze,PD_French,D_VA,-0.004038088726498065,0.0047812754896736425,-0.8445630742715674,0.017550971227382296,50
NearEast_Bronze,PD_French,R,-0.10422284283185568,0.15234286766668312,-0.6841333921840627,0.5193038757901499,50
NearEast_Bronze,PD_Sardinian,D_VA,-0.0018185085765032027,0.004400661577137108,-0.4132352703400225,0.017414286693704796,50
NearEast_Bronze,PD_Sardinian,R,-0.07343434270419635,0.13145952156836033,-0.5586080173432681,0.5062736266461956,50
NearEast_Bronze,PD_Basque,D_VA,-0.006703375234242151,0.006149125175287922,-1.090134782290926,0.01678386919317534,50
NearEast_Bronze,PD_Basque,R,-0.13167297672798473,0.16323510483389836,-0.8066461982057719,0.4873061795813727,50
NearEast_Bronze,PD_Russian,D_VA,-0.003517670182579896,0.005275761424008823,-0.6667606625598643,0.016262476591797432,50
NearEast_Bronze,PD_Russian,R,-0.042768589984744754,0.17233484551734893,-0.24817145862958542,0.48209286986231614,50
NearEast_Bronze,PD_Han,D_VA,-0.000740707481468636,0.008166313420786738,-0.09070279859492297,0.016800017095477654,50
NearEast_Bronze,PD_Han,R,0.009082892332752168,0.25164034380263056,0.03609473821048411,0.4867123656834507,50
NearEast_Bronze,PD_Japanese,D_VA,-0.0026439235288952118,0.009094417996094522,-0.29071937643844936,0.01696480382812521,50
NearEast_Bronze,PD_Japanese,R,-0.12732322184098166,0.2711548568049912,-0.469559067985088,0.4911154943192966,50
NearEast_Bronze,PD_Dai,D_VA,0.007098218011400259,0.009064803375564015,0.7830526176149525,0.017169390983102974,50
NearEast_Bronze,PD_Dai,R,0.19130168552807847,0.25471997939119345,0.7510274065870642,0.487230925087934,50
NearEast_Bronze,PD_Papuan,D_VA,0.0009441748134543515,0.01391200515185909,0.06786762965856,0.0206004974376101,50
NearEast_Bronze,PD_Papuan,R,0.46822148326936164,0.3055116319294618,1.53258152664206,0.47253515995503914,50
NearEast_Bronze,PD_Karitiana,D_VA,-0.02692719102555427,0.012669087846932256,-2.1254246044299494,0.018527054958480685,50
NearEast_Bronze,PD_Karitiana,R,-0.17556377709887716,0.34028527487969573,-0.5159311614672304,0.4902607086595832,50
NearEast_Bronze,PD_Mixe,D_VA,-0.023408668661377044,0.012406927792377566,-1.8867417505047952,0.0193351522904451,50
NearEast_Bronze,PD_Mixe,R,-0.361436351025785,0.3616918265399737,-0.9992936652270175,0.549797015842128,50
NearEast_Bronze,PD_Mbuti,D_VA,0.09164316010664174,0.012336922912512632,7.428364492226287,0.014642812287454869,50
NearEast_Bronze,PD_Mbuti,R,-1.0720341599748175,2.2458265311776113,-0.47734504205571504,2.2065837986240253,50
NearEast_Bronze,PD_Biaka,D_VA,0.07962569216208558,0.013642241732264453,5.836701454554027,0.013904481973330125,50
NearEast_Bronze,PD_Biaka,R,0.3353048358869468,1.8996987420785854,0.1765042153578876,1.8356300939311219,50
NearEast_Bronze,PD_Juhoan,D_VA,0.09725920288756795,0.01531414970710863,6.350937188659028,0.015927006102274984,50
NearEast_Bronze,PD_Juhoan,R,5.638010402751402,3.435949260598243,1.6408887253968798,3.445685404104317,50
NearEast_Bronze,PD_Mandenka,D_VA,0.06947167691555944,0.012059195032001304,5.760888411805555,0.01332602532907319,50
NearEast_Bronze,PD_Mandenka,R,5.803857162582584,12.232494061342022,0.4744622914573355,12.18256048545632,50
NearEast_Bronze,PD_Mende,D_VA,0.07489721662629674,0.012981246833623478,5.769647367947825,0.012732966486937789,50
NearEast_Bronze,PD_Mende,R,1.0768330082357611,3.099481210352479,0.347423628392734,3.0603372243631677,50
NearEast_Bronze,PD_Esan,D_VA,0.07323897031174131,0.013022398318151114,5.624076957441707,0.012474215769004178,50
NearEast_Bronze,PD_Esan,R,0.23998438922657828,9.00237468037221,0.02665789835984209,9.022499711225473,50
NearEast_Bronze,PD_Gambian,D_VA,0.07344202537862136,0.01237289222618564,5.935720123965093,0.012652229361217432,50
NearEast_Bronze,PD_Gambian,R,1.2948933596316758,1.9587801181993303,0.6610713206656635,1.9874179184618397,50
NearEast_Bronze,PD_Luhya,D_VA,0.06811659028105616,0.011475792031503118,5.935676604635552,0.01280458502371695,50
NearEast_Bronze,PD_Luhya,R,-1.304326864598189,4.086523902083398,-0.3191775934390632,4.16286689639891,50
NearEast_Iron_Classical,NearEast_Medieval_Recent,D_VA,-0.006857292735323747,0.007059901453399906,-0.9713014807057135,0.017598103301061103,50
NearEast_Iron_Classical,NearEast_Medieval_Recent,R,-0.40835894005592177,0.19327396881562325,-2.1128501813168756,0.5314085301607838,50
NearEast_Iron_Classical,Siberia_Bronze,D_VA,-0.001262540303186982,0.0071446694912545355,-0.1767108058297728,0.01747067963356528,50
NearEast_Iron_Classical,Siberia_Bronze,R,0.14650422526288298,0.20436953711590833,0.7168594073772991,0.44346744592744325,50
NearEast_Iron_Classical,Siberia_Iron_Classical,D_VA,0.0022762907111742448,0.0072906079870270705,0.3122223434896902,0.01730215478651253,50
NearEast_Iron_Classical,Siberia_Iron_Classical,R,0.17311016353567266,0.2065901900579729,0.837939901633736,0.44154041252045034,50
NearEast_Iron_Classical,Siberia_Neolithic,D_VA,0.0027344211457367845,0.008518621676808936,0.3209933777410215,0.01827737951998621,50
NearEast_Iron_Classical,Siberia_Neolithic,R,0.20430852637764585,0.23560076852527315,0.8671810692999903,0.4523657815502,50
NearEast_Iron_Classical,SouthAsia_Iron_Classical,D_VA,0.002132601997177949,0.008826234597829007,0.24162081503051214,0.017670271863139828,50
NearEast_Iron_Classical,SouthAsia_Iron_Classical,R,0.0007925363410317132,0.23868489001960683,0.0033204294623200075,0.48041350904905283,50
NearEast_Iron_Classical,SouthAsia_Medieval_Recent,D_VA,-0.0012221937688793177,0.008879703894757675,-0.13763902303103442,0.01781927658636561,50
NearEast_Iron_Classical,SouthAsia_Medieval_Recent,R,0.043834600230020504,0.26600244245338384,0.1647902170586362,0.45904640232460586,50
NearEast_Iron_Classical,WestSiberia_Bronze,D_VA,0.0013848701020014176,0.00641843558839943,0.21576443090032843,0.017469389562617097,50
NearEast_Iron_Classical,WestSiberia_Bronze,R,0.13809070777420662,0.17924664999726053,0.7703949154771768,0.45349532843673696,50
NearEast_Iron_Classical,WestSiberia_Iron_Classical,D_VA,0.00015338896214807385,0.006346410549560466,0.024169404256189686,0.017789529947859487,50
NearEast_Iron_Classical,WestSiberia_Iron_Classical,R,0.08920295715964732,0.18537669055139386,0.4811983475070005,0.4639875260587083,50
NearEast_Iron_Classical,WestSiberia_LateGlacial_Meso,D_VA,-0.006143259098346954,0.009122873686645088,-0.6733907877448778,0.018982465198537562,50
NearEast_Iron_Classical,WestSiberia_LateGlacial_Meso,R,0.11229171711574515,0.25025864355956273,0.4487026522583193,0.4607281951703615,50
NearEast_Iron_Classical,WestSiberia_Medieval_Recent,D_VA,-0.0004735165435468397,0.006869348064667476,-0.06893180241985032,0.0173755619382779,50
NearEast_Iron_Classical,WestSiberia_Medieval_Recent,R,0.06845084862995021,0.18404582986412285,0.37192284487231264,0.44781095683796357,50
NearEast_Iron_Classical,WestSiberia_Neolithic,D_VA,0.00010313298349196032,0.00780929061875898,0.01320644710599204,0.018068187235375437,50
NearEast_Iron_Classical,WestSiberia_Neolithic,R,0.149187675278583,0.22399794710999976,0.6660225113818596,0.46740445369694156,50
NearEast_Iron_Classical,ANC_Americas,D_VA,-0.010470332335506524,0.009806531065932461,-1.0676897126120453,0.018616598478863287,50
NearEast_Iron_Classical,ANC_Americas,R,-0.08008773721331686,0.2896629897708103,-0.2764859165359185,0.4571777992031586,50
NearEast_Iron_Classical,ANC_Oceania,D_VA,-0.0009343749727674933,0.010759970007813714,-0.08683806479841166,0.018287161913068988,50
NearEast_Iron_Classical,ANC_Oceania,R,0.12798642684071826,0.26395596931883475,0.4848779407073091,0.4441823350369319,50
NearEast_Iron_Classical,ANC_Africa,D_VA,0.03745924017823295,0.008566342315048188,4.372839515463868,0.015068745671534666,50
NearEast_Iron_Classical,ANC_Africa,R,0.05550893764224529,0.1733280259530548,0.32025367702093177,0.5004223291904656,50
NearEast_Iron_Classical,PD_French,D_VA,-0.004758654854610966,0.00544958499752,-0.8732141725978285,0.018388359207333057,50
NearEast_Iron_Classical,PD_French,R,-0.20710614032413677,0.1840324898170731,-1.1253781358389419,0.5152979970770161,50
NearEast_Iron_Classical,PD_Sardinian,D_VA,-0.002539074704616104,0.0061288931766759445,-0.41427948430864836,0.018257944691669244,50
NearEast_Iron_Classical,PD_Sardinian,R,-0.17631764019647744,0.17736019560056254,-0.994121818593203,0.5021638133302762,50
NearEast_Iron_Classical,PD_Basque,D_VA,-0.007423941362355052,0.006899468347604237,-1.0760164389960472,0.017657673357697197,50
NearEast_Iron_Classical,PD_Basque,R,-0.23455627422026581,0.20255510918391997,-1.1579874492688742,0.48303501222903716,50
NearEast_Iron_Classical,PD_Russian,D_VA,-0.004238236310692797,0.006656050143131885,-0.6367494564424316,0.017162846739753535,50
NearEast_Iron_Classical,PD_Russian,R,-0.14565188747702584,0.21957001750139593,-0.6633505299788932,0.47777509934382006,50
NearEast_Iron_Classical,PD_Han,D_VA,-0.001461273609581537,0.008539027362169821,-0.17112881217073628,0.017673022880137137,50
NearEast_Iron_Classical,PD_Han,R,-0.09380040515952892,0.24823157960047956,-0.37787458513738476,0.48243594112596344,50
NearEast_Iron_Classical,PD_Japanese,D_VA,-0.003364489657008113,0.009005840786594962,-0.37358973323358075,0.017829742910100557,50
NearEast_Iron_Classical,PD_Japanese,R,-0.23020651933326275,0.25076813755776195,-0.9180054594465255,0.4868777455803459,50
NearEast_Iron_Classical,PD_Dai,D_VA,0.006377651883287358,0.009560511295524156,0.6670827203847473,0.01802451525129502,50
NearEast_Iron_Classical,PD_Dai,R,0.08841838803579738,0.23294875108665059,0.37956154571916184,0.48295909220446087,50
NearEast_Iron_Classical,PD_Papuan,D_VA,0.0002236086853414504,0.014989927641302365,0.014917262490669546,0.02131843469841277,50
NearEast_Iron_Classical,PD_Papuan,R,0.36533818577708055,0.3179014723108415,1.149218288048241,0.46812924259722066,50
NearEast_Iron_Classical,PD_Karitiana,D_VA,-0.02764775715366717,0.013141354937404384,-2.103874165591027,0.01932218747316341,50
NearEast_Iron_Classical,PD_Karitiana,R,-0.27844707459115825,0.36110500547763025,-0.7710972442014723,0.48601550678585326,50
NearEast_Iron_Classical,PD_Mixe,D_VA,-0.024129234789489945,0.013080786371708406,-1.844631821346576,0.02009834016550157,50
NearEast_Iron_Classical,PD_Mixe,R,-0.46431964851806606,0.38701467039095133,-1.19974689344211,0.5460148981573875,50
NearEast_Iron_Classical,PD_Mbuti,D_VA,0.09092259397852884,0.013384757037247756,6.7929954742925105,0.01563672328204181,50
NearEast_Iron_Classical,PD_Mbuti,R,-1.1749174574670986,2.283090518983532,-0.5146171155711295,2.2056444796772996,50
NearEast_Iron_Classical,PD_Biaka,D_VA,0.07890512603397268,0.014415221228122683,5.473736738776961,0.0149475677707168,50
NearEast_Iron_Classical,PD_Biaka,R,0.23242153839466573,1.927953010415773,0.12055352860728843,1.83450084549626,50
NearEast_Iron_Classical,PD_Juhoan,D_VA,0.09653863675945507,0.015633534164415736,6.175099996211443,0.016845316461717594,50
NearEast_Iron_Classical,PD_Juhoan,R,5.5351271052591215,3.4617104986966885,1.5989572517236958,3.445083948823082,50
NearEast_Iron_Classical,PD_Mandenka,D_VA,0.06875111078744654,0.013292917237443802,5.172010745225044,0.014411041405277047,50
NearEast_Iron_Classical,PD_Mandenka,R,5.700973865090303,12.209297532837654,0.4669370903409622,12.182390384985315,50
NearEast_Iron_Classical,PD_Mende,D_VA,0.07417665049818384,0.013873698586946098,5.34656638482671,0.01386447254211245,50
NearEast_Iron_Classical,PD_Mende,R,0.9739497107434801,3.1458207022690057,0.3096011511530182,3.059660019872105,50
NearEast_Iron_Classical,PD_Esan,D_VA,0.07251840418362841,0.014173701292742945,5.116405565902426,0.013627223575078735,50
NearEast_Iron_Classical,PD_Esan,R,0.1371010917342972,9.0140509050224,0.015209709061872276,9.022270033059566,50
NearEast_Iron_Classical,PD_Gambian,D_VA,0.07272145925050846,0.013226372413489437,5.49821651599199,0.0137903615297918,50
NearEast_Iron_Classical,PD_Gambian,R,1.1920100621393948,1.9176541144419659,0.6215980521003746,1.9863749628416345,50
NearEast_Iron_Classical,PD_Luhya,D_VA,0.06739602415294325,0.012592958322672465,5.351881775992453,0.013930274977296953,50
NearEast_Iron_Classical,PD_Luhya,R,-1.40721016209047,4.058824312080231,-0.3467038861234291,4.162369073918699,50
NearEast_Medieval_Recent,Siberia_Bronze,D_VA,0.005594752432136765,0.00583672599908219,0.9585429285213192,0.015946517730366216,50
NearEast_Medieval_Recent,Siberia_Bronze,R,0.5548631653188048,0.21975435069413446,2.524924596788039,0.49228100220063775,50
NearEast_Medieval_Recent,Siberia_Iron_Classical,D_VA,0.009133583446497992,0.0063247548588325425,1.4441007834071087,0.015761704892639308,50
NearEast_Medieval_Recent,Siberia_Iron_Classical,R,0.5814691035915944,0.2169355104437464,2.680377695667189,0.49054576281829604,50
NearEast_Medieval_Recent,Siberia_Neolithic,D_VA,0.009591713881060532,0.007979382353699993,1.2020621967830518,0.016826448911871537,50
NearEast_Medieval_Recent,Siberia_Neolithic,R,0.6126674664335676,0.26404300501478284,2.3203321231678395,0.5003119125583337,50
NearEast_Medieval_Recent,SouthAsia_Iron_Classical,D_VA,0.008989894732501696,0.008283641209503123,1.0852588258154334,0.016164940104543613,50
NearEast_Medieval_Recent,SouthAsia_Iron_Classical,R,0.4091514763969535,0.2561703495372006,1.5971851431523196,0.525808281797728,50
NearEast_Medieval_Recent,SouthAsia_Medieval_Recent,D_VA,0.0056350989664444295,0.008734377445461725,0.6451632072955993,0.016327688107249265,50
NearEast_Medieval_Recent,SouthAsia_Medieval_Recent,R,0.4521935402859423,0.29442689946184974,1.5358431621310984,0.5063603549029273,50
NearEast_Medieval_Recent,WestSiberia_Bronze,D_VA,0.008242162837325165,0.005288647830072156,1.5584631652837269,0.015945104344490403,50
NearEast_Medieval_Recent,WestSiberia_Bronze,R,0.5464496478301284,0.19549189930282615,2.7952546871707056,0.5013334443703097,50
NearEast_Medieval_Recent,WestSiberia_Iron_Classical,D_VA,0.007010681697471821,0.005986379745060619,1.171105408616344,0.01629521882737391,50
NearEast_Medieval_Recent,WestSiberia_Iron_Classical,R,0.4975618972155691,0.18988242980450587,2.6203682864593407,0.510844040650701,50
NearEast_Medieval_Recent,WestSiberia_LateGlacial_Meso,D_VA,0.0007140336369767936,0.008561259643484458,0.08340287138939986,0.017589791524628744,50
NearEast_Medieval_Recent,WestSiberia_LateGlacial_Meso,R,0.5206506571716669,0.26500764067518934,1.9646628144197937,0.5078854982721925,50
NearEast_Medieval_Recent,WestSiberia_Medieval_Recent,D_VA,0.006383776191776908,0.006208778372303786,1.028185547780825,0.015842251529916546,50
NearEast_Medieval_Recent,WestSiberia_Medieval_Recent,R,0.476809788685872,0.21377427393325535,2.2304357765459732,0.4961974028492965,50
NearEast_Medieval_Recent,WestSiberia_Neolithic,D_VA,0.006960425718815708,0.006459170450010297,1.077603660204479,0.016598981018086482,50
NearEast_Medieval_Recent,WestSiberia_Neolithic,R,0.5575466153345048,0.22459333174356932,2.4824718125250786,0.5139495431129313,50
NearEast_Medieval_Recent,ANC_Americas,D_VA,-0.003613039600182777,0.00920888536578977,-0.39234277077711416,0.01719431649672142,50
NearEast_Medieval_Recent,ANC_Americas,R,0.3282712028426049,0.3092617925353844,1.0614670507836677,0.5046669690147139,50
NearEast_Medieval_Recent,ANC_Oceania,D_VA,0.005922917762556254,0.010082529667257227,0.5874436235770064,0.01683707432130097,50
NearEast_Medieval_Recent,ANC_Oceania,R,0.53634536689664,0.27920992750956497,1.9209394582800652,0.49292510210894686,50
NearEast_Medieval_Recent,ANC_Africa,D_VA,0.044316532913556694,0.00675926329556694,6.556414652854502,0.013271543880785167,50
NearEast_Medieval_Recent,ANC_Africa,R,0.46386787769816706,0.20663963729572352,2.244815582183404,0.5441504544541567,50
NearEast_Medieval_Recent,PD_French,D_VA,0.002098637880712781,0.005692458901987931,0.36866983439790685,0.016946932914368957,50
NearEast_Medieval_Recent,PD_French,R,0.201252799731785,0.20388472682232867,0.9870911022538869,0.5578613047360778,50
NearEast_Medieval_Recent,PD_Sardinian,D_VA,0.004318218030707643,0.00560573419955974,0.7703215808995698,0.016805336212949284,50
NearEast_Medieval_Recent,PD_Sardinian,R,0.23204129985944433,0.18022134752957306,1.2875350397730656,0.5457524209278956,50
NearEast_Medieval_Recent,PD_Basque,D_VA,-0.0005666486270313048,0.006854633187743044,-0.08266651351155371,0.01615116742756823,50
NearEast_Medieval_Recent,PD_Basque,R,0.17380266583565596,0.2208998881319003,0.7867938155399953,0.5282045366800256,50
NearEast_Medieval_Recent,PD_Russian,D_VA,0.00261905642463095,0.005486893305947877,0.4773295704131612,0.015608654300691013,50
NearEast_Medieval_Recent,PD_Russian,R,0.2627070525788959,0.22542993035384346,1.165360128384642,0.5233987534215683,50
NearEast_Medieval_Recent,PD_Han,D_VA,0.00539601912574221,0.008721852255503827,0.6186781164903491,0.01616794725956459,50
NearEast_Medieval_Recent,PD_Han,R,0.31455853489639285,0.2712463360663258,1.159678465922121,0.527656750947383,50
NearEast_Medieval_Recent,PD_Japanese,D_VA,0.0034928030783156344,0.009122480277113633,0.3828786659126396,0.016339109923936876,50
NearEast_Medieval_Recent,PD_Japanese,R,0.17815242072265902,0.2797146591512045,0.6369077018103498,0.5317209311957303,50
NearEast_Medieval_Recent,PD_Dai,D_VA,0.013234944618611105,0.009627552203503675,1.3746946616186222,0.016551432895987536,50
NearEast_Medieval_Recent,PD_Dai,R,0.49677732809171915,0.2791590127491611,1.7795496666915762,0.5281351098660375,50
NearEast_Medieval_Recent,PD_Papuan,D_VA,0.007080901420665198,0.013631691783177616,0.5194440670528867,0.020088365758734607,50
NearEast_Medieval_Recent,PD_Papuan,R,0.7736971258330023,0.3246740463009254,2.3829965303598617,0.5146087808276322,50
NearEast_Medieval_Recent,PD_Karitiana,D_VA,-0.020790464418343424,0.012167235693034491,-1.708725378784728,0.017955882312331087,50
NearEast_Medieval_Recent,PD_Karitiana,R,0.12991186546476352,0.3725233929881335,0.3487347852780397,0.5309315232368147,50
NearEast_Medieval_Recent,PD_Mixe,D_VA,-0.017271942054166198,0.01258662014202087,-1.372246231258161,0.018788561900114256,50
NearEast_Medieval_Recent,PD_Mixe,R,-0.05596070846214429,0.3896370028731737,-0.1436226745650218,0.5863526912533759,50
NearEast_Medieval_Recent,PD_Mbuti,D_VA,0.09777988671385258,0.011816751000479877,8.274684531296442,0.013913083621733895,50
NearEast_Medieval_Recent,PD_Mbuti,R,-0.7665585174111769,2.2989007219086295,-0.3334456812796825,2.2159749051515,50
NearEast_Medieval_Recent,PD_Biaka,D_VA,0.08576241876929643,0.012521994822732304,6.848942199976332,0.01313379469636948,50
NearEast_Medieval_Recent,PD_Biaka,R,0.6407804784505875,1.9168512962069355,0.3342880481749229,1.8469083793347052,50
NearEast_Medieval_Recent,PD_Juhoan,D_VA,0.1033959294947788,0.014813973360620913,6.97962167055261,0.015258816060285452,50
NearEast_Medieval_Recent,PD_Juhoan,R,5.943486045315043,3.4608236103693315,1.7173617365262852,3.4517069145523775,50
NearEast_Medieval_Recent,PD_Mandenka,D_VA,0.07560840352277029,0.010909453309198668,6.930540090310351,0.0125197801598439,50
NearEast_Medieval_Recent,PD_Mandenka,R,6.109332805146225,12.224034879061183,0.49978038066719155,12.184264963538542,50
NearEast_Medieval_Recent,PD_Mende,D_VA,0.08103394323350759,0.011767347464196783,6.886338954472167,0.011886562990923891,50
NearEast_Medieval_Recent,PD_Mende,R,1.382308650799402,3.1505249910398696,0.4387550185225333,3.0671153624756315,50
NearEast_Medieval_Recent,PD_Esan,D_VA,0.07937569691895216,0.012130108089687265,6.543692466057704,0.01160896219441657,50
NearEast_Medieval_Recent,PD_Esan,R,0.545460031790219,8.996827380389217,0.06062804238960751,9.024801037085245,50
NearEast_Medieval_Recent,PD_Gambian,D_VA,0.07957875198583221,0.011165602324106315,7.127134719281848,0.011800036101155502,50
NearEast_Medieval_Recent,PD_Gambian,R,1.6003690021953165,1.9112124402424904,0.8373579872639723,1.9978395087029288,50
NearEast_Medieval_Recent,PD_Luhya,D_VA,0.074253316888267,0.010439363587916587,7.112820265616014,0.011963249634163666,50
NearEast_Medieval_Recent,PD_Luhya,R,-0.9988512220345482,4.059349637695639,-0.24606188458345354,4.167852386666911,50
Siberia_Bronze,Siberia_Iron_Classical,D_VA,0.0035388310143612267,0.003998937628027937,0.8849427881940708,0.015619306904805503,50
Siberia_Bronze,Siberia_Iron_Classical,R,0.026605938272789675,0.08554303747609994,0.31102400683659576,0.39357781325774593,50
Siberia_Bronze,Siberia_Neolithic,D_VA,0.0039969614489237665,0.005545393133223589,0.7207715220363998,0.01669313601597009,50
Siberia_Bronze,Siberia_Neolithic,R,0.05780430111476287,0.1336875086923939,0.4323837109401652,0.4056850496598845,50
Siberia_Bronze,SouthAsia_Iron_Classical,D_VA,0.003395142300364931,0.006494311497942727,0.5227871039817611,0.01602612540969705,50
Siberia_Bronze,SouthAsia_Iron_Classical,R,-0.14571168892185127,0.18749887515523084,-0.777133669741838,0.43674099747658685,50
Siberia_Bronze,SouthAsia_Medieval_Recent,D_VA,4.034653430766422e-05,0.006673619899436991,0.006045674598738833,0.016190268867176484,50
Siberia_Bronze,SouthAsia_Medieval_Recent,R,-0.10266962503286248,0.20285886156025637,-0.5061135818430388,0.4131212396950605,50
Siberia_Bronze,WestSiberia_Bronze,D_VA,0.0026474104051883995,0.00322585565433787,0.820684707831975,0.015804358880402002,50
Siberia_Bronze,WestSiberia_Bronze,R,-0.008413517488676359,0.07154839094373634,-0.11759198743256874,0.40694418795943454,50
Siberia_Bronze,WestSiberia_Iron_Classical,D_VA,0.0014159292653350558,0.00366848846692278,0.3859707555582893,0.016157523439433906,50
Siberia_Bronze,WestSiberia_Iron_Classical,R,-0.05730126810323566,0.08457479939677867,-0.6775217737663138,0.41860480591854193,50
Siberia_Bronze,WestSiberia_LateGlacial_Meso,D_VA,-0.004880718795159972,0.005256645119843962,-0.9284855043257801,0.017462307205628816,50
Siberia_Bronze,WestSiberia_LateGlacial_Meso,R,-0.03421250814713783,0.12087025400982786,-0.28305151194897005,0.4149891914555829,50
Siberia_Bronze,WestSiberia_Medieval_Recent,D_VA,0.0007890237596401423,0.004452806197399328,0.17719696853210756,0.01570058408470838,50
Siberia_Bronze,WestSiberia_Medieval_Recent,R,-0.07805337663293277,0.10051754390815178,-0.7765149604556025,0.4005998156067376,50
Siberia_Bronze,WestSiberia_Neolithic,D_VA,0.0013656732866789423,0.00377215445925253,0.36204065910640276,0.016463826344524236,50
Siberia_Bronze,WestSiberia_Neolithic,R,0.0026834500157000285,0.0935870833704811,0.028673294637007914,0.4223890180103598,50
Siberia_Bronze,ANC_Americas,D_VA,-0.009207792032319542,0.007709495915594467,-1.1943442389916026,0.017063877837504616,50
Siberia_Bronze,ANC_Americas,R,-0.22659196247619984,0.19006288781470157,-1.1921946734657196,0.4110439140581737,50
Siberia_Bronze,ANC_Oceania,D_VA,0.0003281653304194887,0.008408645821304649,0.03902713200121111,0.016703846226688853,50
Siberia_Bronze,ANC_Oceania,R,-0.018517798422164722,0.19655039632154814,-0.094213996861499,0.3965394128694913,50
Siberia_Bronze,ANC_Africa,D_VA,0.03872178048141993,0.00691599414246647,5.598874100204266,0.013102109908082025,50
Siberia_Bronze,ANC_Africa,R,-0.09099528762063769,0.22146233342401436,-0.4108838113180044,0.4586589874323084,50
Siberia_Bronze,PD_French,D_VA,-0.0034961145514239844,0.005317351534150512,-0.657491709729986,0.016814575292524545,50
Siberia_Bronze,PD_French,R,-0.35361036558701975,0.17859122726682305,-1.9799985195169216,0.474844800952484,50
Siberia_Bronze,PD_Sardinian,D_VA,-0.0012765344014291219,0.006143887487309762,-0.2077730759337328,0.016671854494750112,50
Siberia_Bronze,PD_Sardinian,R,-0.3228218654593604,0.17695109371725534,-1.824356429100051,0.4605584160759893,50
Siberia_Bronze,PD_Basque,D_VA,-0.00616140105916807,0.006112573818587244,-1.0079880001501744,0.016012233333835595,50
Siberia_Bronze,PD_Basque,R,-0.3810604994831488,0.15437466158264254,-2.468413505017809,0.4396230001252502,50
Siberia_Bronze,PD_Russian,D_VA,-0.0029756960075058153,0.004436848753949997,-0.6706778104294495,0.015464847110215316,50
Siberia_Bronze,PD_Russian,R,-0.2921561127399088,0.13709910850923088,-2.1309847738378105,0.43383707166748303,50
Siberia_Bronze,PD_Han,D_VA,-0.0001987333063945551,0.006676621136595773,-0.02976555091695435,0.016029158607110888,50
Siberia_Bronze,PD_Han,R,-0.2403046304224119,0.19365396638039734,-1.2408970232521754,0.438964687065046,50
Siberia_Bronze,PD_Japanese,D_VA,-0.002101949353821131,0.00748040186905427,-0.28099417526171966,0.016201787560955964,50
Siberia_Bronze,PD_Japanese,R,-0.37671074459614573,0.19097238337482633,-1.972592779851137,0.44384174920958,50
Siberia_Bronze,PD_Dai,D_VA,0.00764019218647434,0.00715618665847358,1.0676345588928502,0.016415886755647202,50
Siberia_Bronze,PD_Dai,R,-0.0580858372270856,0.20574003233584137,-0.28232637356773,0.4395395817704893,50
Siberia_Bronze,PD_Papuan,D_VA,0.0014861489885284324,0.013372128906430468,0.11113780004123086,0.019976832729953865,50
Siberia_Bronze,PD_Papuan,R,0.21883396051419757,0.25377125984314713,0.8623275963143191,0.42319091078928806,50
Siberia_Bronze,PD_Karitiana,D_VA,-0.02638521685048019,0.01122472415902777,-2.35063387542216,0.017831015581792845,50
Siberia_Bronze,PD_Karitiana,R,-0.42495129985404123,0.2840955083926778,-1.495804359098392,0.44289573494935514,50
Siberia_Bronze,PD_Mixe,D_VA,-0.022866694486302963,0.010927385079068383,-2.092604435630676,0.018669265259733177,50
Siberia_Bronze,PD_Mixe,R,-0.610823873780949,0.2935285111339936,-2.080969482048415,0.5080136102604357,50
Siberia_Bronze,PD_Mbuti,D_VA,0.09218513428171582,0.012128186575028448,7.600900077800756,0.013751556382068717,50
Siberia_Bronze,PD_Mbuti,R,-1.3214216827299816,2.2301187417463675,-0.5925342260902211,2.1965457268017357,50
Siberia_Bronze,PD_Biaka,D_VA,0.08016766633715966,0.012005550315565177,6.677550318807328,0.012962560325423292,50
Siberia_Bronze,PD_Biaka,R,0.08591731313178275,1.8884144420560054,0.04549706421342581,1.823551181438709,50
Siberia_Bronze,PD_Juhoan,D_VA,0.09780117706264205,0.014707439090774568,6.649776107112292,0.015111680072893291,50
Siberia_Bronze,PD_Juhoan,R,5.388622879996238,3.4397141379842213,1.5665903222859496,3.4392657608330386,50
Siberia_Bronze,PD_Mandenka,D_VA,0.07001365109063352,0.011289355856333255,6.201740115345582,0.012340028456801705,50
Siberia_Bronze,PD_Mandenka,R,5.55446963982742,12.212497675301956,0.45481848083054677,12.180746325713487,50
Siberia_Bronze,PD_Mende,D_VA,0.07543919080137082,0.012040272267667995,6.265571834612853,0.011697084542784859,50
Siberia_Bronze,PD_Mende,R,0.8274454854805972,3.0743271497326963,0.2691468556144199,3.053107432830327,50
Siberia_Bronze,PD_Esan,D_VA,0.0737809444868154,0.011994771313419826,6.151092218345906,0.011414876709594726,50
Siberia_Bronze,PD_Esan,R,-0.009403133528585794,9.01232117091986,-0.001043364228843394,9.020050005883817,50
Siberia_Bronze,PD_Gambian,D_VA,0.07398399955369545,0.011331077863370563,6.529299369909019,0.01160914549191404,50
Siberia_Bronze,PD_Gambian,R,1.0455058368765118,1.9537140244871705,0.5351376013953455,1.9762669486190687,50
Siberia_Bronze,PD_Luhya,D_VA,0.06865856445613024,0.010679187210943058,6.429193823456451,0.01177500526000613,50
Siberia_Bronze,PD_Luhya,R,-1.553714387353353,4.10981589011661,-0.3780496326100069,4.157554794192715,50
Siberia_Iron_Classical,Siberia_Neolithic,D_VA,0.00045813043456253977,0.005249869206592842,0.08726511395507047,0.01651667955266565,50
Siberia_Iron_Classical,Siberia_Neolithic,R,0.031198362841973193,0.13062433455747258,0.23884035809764392,0.4035776502841338,50
Siberia_Iron_Classical,SouthAsia_Iron_Classical,D_VA,-0.00014368871399629557,0.004859446616798373,-0.029568945875356547,0.015842241288564672,50
Siberia_Iron_Classical,SouthAsia_Iron_Classical,R,-0.17231762719464094,0.16444077397161722,-1.0479008522812188,0.43478415238847395,50
Siberia_Iron_Classical,SouthAsia_Medieval_Recent,D_VA,-0.0034984844800535625,0.0055986485680393815,-0.6248801719802738,0.01600827034345778,50
Siberia_Iron_Classical,SouthAsia_Medieval_Recent,R,-0.12927556330565215,0.17598875972613184,-0.734567159327827,0.4110519662749508,50
Siberia_Iron_Classical,WestSiberia_Bronze,D_VA,-0.0008914206091728272,0.004210529288757058,-0.21171224519280643,0.015617863907023502,50
Siberia_Iron_Classical,WestSiberia_Bronze,R,-0.035019455761466034,0.10269175329025423,-0.3410152679201504,0.404843343041828,50
Siberia_Iron_Classical,WestSiberia_Iron_Classical,D_VA,-0.002122901749026171,0.003131730031994144,-0.6778686947273048,0.01597515186449324,50
Siberia_Iron_Classical,WestSiberia_Iron_Classical,R,-0.08390720637602533,0.07984988932376044,-1.0508118055845268,0.4165627729759584,50
Siberia_Iron_Classical,WestSiberia_LateGlacial_Meso,D_VA,-0.008419549809521198,0.006323613960942957,-1.3314458886205796,0.017293700770555788,50
Siberia_Iron_Classical,WestSiberia_LateGlacial_Meso,R,-0.06081844641992751,0.14246153022969524,-0.42691136562879817,0.41292927883147024,50
Siberia_Iron_Classical,WestSiberia_Medieval_Recent,D_VA,-0.0027498072547210844,0.004131871487605127,-0.6655113216783273,0.015512841583628832,50
Siberia_Iron_Classical,WestSiberia_Medieval_Recent,R,-0.10465931490572244,0.09654787231146454,-1.0840147214025628,0.39846552241752586,50
Siberia_Iron_Classical,WestSiberia_Neolithic,D_VA,-0.0021731577276822844,0.004633052508977579,-0.46905527694134774,0.016284885363441037,50
Siberia_Iron_Classical,WestSiberia_Neolithic,R,-0.023922488257089647,0.11988501596444337,-0.19954527314893802,0.4203653682537081,50
Siberia_Iron_Classical,ANC_Americas,D_VA,-0.012746623046680769,0.007062583133515817,-1.804810337196751,0.016891294806824227,50
Siberia_Iron_Classical,ANC_Americas,R,-0.2531979007489895,0.17594812925233175,-1.4390485526894796,0.4089641299375569,50
Siberia_Iron_Classical,ANC_Oceania,D_VA,-0.003210665683941738,0.006660174751483194,-0.48206928552839184,0.016527504111711278,50
Siberia_Iron_Classical,ANC_Oceania,R,-0.0451237366949544,0.1567471707232049,-0.28787592456540756,0.394383146508824,50
Siberia_Iron_Classical,ANC_Africa,D_VA,0.0351829494670587,0.006672136145534802,5.273116240381907,0.012876536702127128,50
Siberia_Iron_Classical,ANC_Africa,R,-0.11760122589342736,0.21695868867761742,-0.5420443247063178,0.45679604534600565,50
Siberia_Iron_Classical,PD_French,D_VA,-0.007034945565785211,0.005802316861565295,-1.2124373304024263,0.01663940671014873,50
Siberia_Iron_Classical,PD_French,R,-0.3802163038598094,0.19426382073453785,-1.9572162352318616,0.4730456059228579,50
Siberia_Iron_Classical,PD_Sardinian,D_VA,-0.004815365415790349,0.005978428131299086,-0.8054567705815995,0.016495170374745613,50
Siberia_Iron_Classical,PD_Sardinian,R,-0.3494278037321501,0.17532223179907006,-1.9930604358984867,0.45870318824894135,50
Siberia_Iron_Classical,PD_Basque,D_VA,-0.009700232073529297,0.006624474332491598,-1.4643021599392092,0.01582818782220383,50
Siberia_Iron_Classical,PD_Basque,R,-0.40766643775593847,0.17070874808825634,-2.3880817024396146,0.4376790405427765,50
Siberia_Iron_Classical,PD_Russian,D_VA,-0.006514527021867042,0.005319714145131054,-1.2246009548895702,0.015274207329354306,50
Siberia_Iron_Classical,PD_Russian,R,-0.3187620510126985,0.150719823676461,-2.1149311566138853,0.4318670687194573,50
Siberia_Iron_Classical,PD_Han,D_VA,-0.003737564320755782,0.005044385388186096,-0.7409355219982047,0.015845309686140025,50
Siberia_Iron_Classical,PD_Han,R,-0.2669105686952016,0.16774280514304662,-1.5911893715357108,0.43701779915860794,50
Siberia_Iron_Classical,PD_Japanese,D_VA,-0.005640780368182358,0.00586430916335717,-0.9618831836882816,0.016019919898929372,50
Siberia_Iron_Classical,PD_Japanese,R,-0.4033166828689354,0.16496384993879262,-2.444879184249034,0.44191634800348734,50
Siberia_Iron_Classical,PD_Dai,D_VA,0.004101361172113113,0.005663869623963347,0.724127044655231,0.016236417442650305,50
Siberia_Iron_Classical,PD_Dai,R,-0.08469177549987528,0.1801373967925789,-0.47015099034319074,0.43759525161305884,50
Siberia_Iron_Classical,PD_Papuan,D_VA,-0.0020526820258327944,0.012953775942803926,-0.1584620603981574,0.01982961823430602,50
Siberia_Iron_Classical,PD_Papuan,R,0.1922280222414079,0.24304673592181608,0.7909097051327787,0.42117111399760876,50
Siberia_Iron_Classical,PD_Karitiana,D_VA,-0.029924047864841416,0.01067263436290701,-2.803810835012126,0.017665928508739787,50
Siberia_Iron_Classical,PD_Karitiana,R,-0.4515572381268309,0.27180254570418194,-1.6613429317114865,0.44096620315807544,50
Siberia_Iron_Classical,PD_Mixe,D_VA,-0.02640552550066419,0.010445004659456917,-2.528053013050272,0.018511655213298617,50
Siberia_Iron_Classical,PD_Mixe,R,-0.6374298120537387,0.3048367002129617,-2.091053379099119,0.5063322905969572,50
Siberia_Iron_Classical,PD_Mbuti,D_VA,0.08864630326735459,0.011877475424330264,7.463396058540201,0.013536809680533323,50
Siberia_Iron_Classical,PD_Mbuti,R,-1.3480276210027713,2.248452894747218,-0.5995356292106458,2.196157483019441,50
Siberia_Iron_Classical,PD_Biaka,D_VA,0.07662883532279843,0.011868434593802366,6.456524212789916,0.012734515443785201,50
Siberia_Iron_Classical,PD_Biaka,R,0.05931137485899307,1.8793324688309219,0.03155980958275518,1.823083506485052,50
Siberia_Iron_Classical,PD_Juhoan,D_VA,0.09426234604828082,0.014336531384568951,6.574975739929645,0.014916527344635076,50
Siberia_Iron_Classical,PD_Juhoan,R,5.362016941723449,3.452959993338123,1.5528754900342068,3.439017815296946,50
Siberia_Iron_Classical,PD_Mandenka,D_VA,0.0664748200762723,0.010516178655942522,6.321195393414932,0.012100256844895553,50
Siberia_Iron_Classical,PD_Mandenka,R,5.52786370155463,12.219676647021936,0.4523739752886038,12.180676319961629,50
Siberia_Iron_Classical,PD_Mende,D_VA,0.0719003597870096,0.011700396188051474,6.145121808818298,0.011443849885367348,50
Siberia_Iron_Classical,PD_Mende,R,0.8008395472078075,3.0763185024080437,0.2603240030513537,3.052828124329162,50
Siberia_Iron_Classical,PD_Esan,D_VA,0.07024211347245417,0.011780500217246017,5.962574778414205,0.01115523750052028,50
Siberia_Iron_Classical,PD_Esan,R,-0.03600907180137547,8.996553936446842,-0.00400254053449238,9.019955469343293,50
Siberia_Iron_Classical,PD_Gambian,D_VA,0.07044516853933422,0.011022859643854065,6.39082514115217,0.011353949640992506,50
Siberia_Iron_Classical,PD_Gambian,R,1.018899898603722,1.9422845673852134,0.5245883717108502,1.975835421409244,50
Siberia_Iron_Classical,PD_Luhya,D_VA,0.06511973344176901,0.010355695416974762,6.288301347201328,0.011523483078953942,50
Siberia_Iron_Classical,PD_Luhya,R,-1.5803203256261427,4.1135706724986845,-0.38417240189682145,4.157349687842743,50
Siberia_Neolithic,SouthAsia_Iron_Classical,D_VA,-0.0006018191485588353,0.006211827994971902,-0.09688277734766182,0.016901912640475816,50
Siberia_Neolithic,SouthAsia_Iron_Classical,R,-0.20351599003661414,0.16611436822269965,-1.2251558502379056,0.44577362371158474,50
Siberia_Neolithic,SouthAsia_Medieval_Recent,D_VA,-0.003956614914616102,0.006764005001576897,-0.5849515063477473,0.017057630587229953,50
Siberia_Neolithic,SouthAsia_Medieval_Recent,R,-0.16047392614762535,0.19443241944310025,-0.8253455190613791,0.4226589445490265,50
Siberia_Neolithic,WestSiberia_Bronze,D_VA,-0.001349551043735367,0.006497374906196917,-0.20770712221765486,0.01669178585051583,50
Siberia_Neolithic,WestSiberia_Bronze,R,-0.06621781860343923,0.16537665909482058,-0.4004060728151032,0.4166233272802629,50
Siberia_Neolithic,WestSiberia_Iron_Classical,D_VA,-0.0025810321835887107,0.0059763760800421424,-0.4318724506324091,0.01702655334924819,50
Siberia_Neolithic,WestSiberia_Iron_Classical,R,-0.11510556921799853,0.15307212676479187,-0.7519694907934994,0.4280203362671144,50
Siberia_Neolithic,WestSiberia_LateGlacial_Meso,D_VA,-0.008877680244083738,0.007020404399569335,-1.2645539685190126,0.018269376787474027,50
Siberia_Neolithic,WestSiberia_LateGlacial_Meso,R,-0.0920168092619007,0.18174700686841783,-0.5062906446020292,0.4244849275829142,50
Siberia_Neolithic,WestSiberia_Medieval_Recent,D_VA,-0.003207937689283624,0.006403246922805901,-0.5009860978276794,0.01659356187983571,50
Siberia_Neolithic,WestSiberia_Medieval_Recent,R,-0.13585767774769564,0.15416293510116602,-0.8812603214809192,0.41042860156702726,50
Siberia_Neolithic,WestSiberia_Neolithic,D_VA,-0.002631288162244824,0.006243987441573038,-0.42141150776913283,0.017317492115245473,50
Siberia_Neolithic,WestSiberia_Neolithic,R,-0.05512085109906284,0.16327077546103377,-0.3376039033526731,0.43172202544677923,50
Siberia_Neolithic,ANC_Americas,D_VA,-0.013204753481243309,0.008156126329727379,-1.6189981551799582,0.01788893183262265,50
Siberia_Neolithic,ANC_Americas,R,-0.2843962635909627,0.18558178983396462,-1.53245781197285,0.4206287246543878,50
Siberia_Neolithic,ANC_Oceania,D_VA,-0.0036687961185042778,0.008472068636632876,-0.4330460806987038,0.017545838082685197,50
Siberia_Neolithic,ANC_Oceania,R,-0.07632209953692759,0.18086239842908053,-0.42198986743424666,0.4064663955101262,50
Siberia_Neolithic,ANC_Africa,D_VA,0.03472481903249616,0.008753576115974514,3.9669294665898196,0.014159916641788535,50
Siberia_Neolithic,ANC_Africa,R,-0.14879958873540056,0.2488351786922262,-0.597984535456076,0.46726811518928174,50
Siberia_Neolithic,PD_French,D_VA,-0.007493076000347751,0.006931170317842407,-1.0810693803121345,0.017651286002071224,50
Siberia_Neolithic,PD_French,R,-0.4114146667017826,0.227131258544871,-1.8113520320255938,0.4831656131304437,50
Siberia_Neolithic,PD_Sardinian,D_VA,-0.005273495850352888,0.008053818722282231,-0.6547820397003578,0.017515384310744037,50
Siberia_Neolithic,PD_Sardinian,R,-0.3806261665741233,0.21605317112913078,-1.7617245078371493,0.4691326884139897,50
Siberia_Neolithic,PD_Basque,D_VA,-0.010158362508091837,0.008516356731986672,-1.1928061291676448,0.016888740971313834,50
Siberia_Neolithic,PD_Basque,R,-0.43886480059791166,0.21550814246075847,-2.036418650296816,0.4485976002602323,50
Siberia_Neolithic,PD_Russian,D_VA,-0.006972657456429582,0.007591263769889772,-0.9185107602354894,0.016370688788235933,50
Siberia_Neolithic,PD_Russian,R,-0.3499604138546717,0.20920918380779227,-1.6727774922930365,0.4429289214683664,50
Siberia_Neolithic,PD_Han,D_VA,-0.004195694755318322,0.006441007487359191,-0.6514034898348727,0.016904788697610387,50
Siberia_Neolithic,PD_Han,R,-0.29810893153717477,0.1819159104826075,-1.6387182998249963,0.44795247650864395,50
Siberia_Neolithic,PD_Japanese,D_VA,-0.006098910802744897,0.006829179652823286,-0.8930663875892495,0.017068563953340835,50
Siberia_Neolithic,PD_Japanese,R,-0.4345150457109086,0.16804626154093286,-2.5856870704920087,0.4527327280653931,50
Siberia_Neolithic,PD_Dai,D_VA,0.0036432307375505735,0.006688969919762518,0.5446624489649253,0.017271922105925906,50
Siberia_Neolithic,PD_Dai,R,-0.11589013834184847,0.1821221775664485,-0.6363318289424975,0.44851585107227826,50
Siberia_Neolithic,PD_Papuan,D_VA,-0.002510812460395334,0.01523560982430585,-0.16479894729187378,0.020686029130296966,50
Siberia_Neolithic,PD_Papuan,R,0.1610296593994347,0.27189493067421294,0.5922495833229857,0.43250661462546514,50
Siberia_Neolithic,PD_Karitiana,D_VA,-0.030382178299403956,0.011325108039906651,-2.6827274576406057,0.01862211244561363,50
Siberia_Neolithic,PD_Karitiana,R,-0.4827556009688041,0.267697928078273,-1.803359497155502,0.45180533059764016,50
Siberia_Neolithic,PD_Mixe,D_VA,-0.02686365593522673,0.011382114239562667,-2.3601639704029984,0.019426255959325223,50
Siberia_Neolithic,PD_Mixe,R,-0.6686281748957119,0.2947677164010622,-2.268322267646073,0.5157996247865593,50
Siberia_Neolithic,PD_Mbuti,D_VA,0.08818817283279205,0.012674002251196045,6.95819450595961,0.01476290141497103,50
Siberia_Neolithic,PD_Mbuti,R,-1.3792259838447445,2.2499813162853313,-0.6129944163811172,2.1983595144223065,50
Siberia_Neolithic,PD_Biaka,D_VA,0.0761707048882359,0.01272004659240515,5.988241028434258,0.014030891826579548,50
Siberia_Neolithic,PD_Biaka,R,0.02811301201701988,1.9046245768079002,0.014760395491764857,1.8257355602733452,50
Siberia_Neolithic,PD_Juhoan,D_VA,0.09380421561371827,0.014940890906595032,6.2783548986568345,0.016037482030681092,50
Siberia_Neolithic,PD_Juhoan,R,5.330818578881476,3.459702680650457,1.540831415571014,3.44042445031984,50
Siberia_Neolithic,PD_Mandenka,D_VA,0.06601668964170976,0.01195292482494385,5.523057377884904,0.013457869726431988,50
Siberia_Neolithic,PD_Mandenka,R,5.496665338712657,12.234030670216585,0.44929308147756564,12.181073535452562,50
Siberia_Neolithic,PD_Mende,D_VA,0.07144222935244705,0.013120845543177311,5.444940961872399,0.012870887384325728,50
Siberia_Neolithic,PD_Mende,R,0.7696411843658343,3.0674212331712574,0.2509082143798489,3.054412614746721,50
Siberia_Neolithic,PD_Esan,D_VA,0.06978398303789163,0.01324570840459117,5.268422111248003,0.012614965935514326,50
Siberia_Neolithic,PD_Esan,R,-0.06720743464334866,9.03826338766131,-0.007435879190586288,9.020491867595958,50
Siberia_Neolithic,PD_Gambian,D_VA,0.06998703810477168,0.012575513055224431,5.565342566734956,0.012791020847116419,50
Siberia_Neolithic,PD_Gambian,R,0.9877015357617489,1.9695470944553424,0.5014866303742218,1.9782827090495025,50
Siberia_Neolithic,PD_Luhya,D_VA,0.06466160300720647,0.011770489981688134,5.493535367499854,0.012941742700738211,50
Siberia_Neolithic,PD_Luhya,R,-1.6115186884681159,4.113022176597281,-0.3918088984877129,4.158513351118996,50
SouthAsia_Iron_Classical,SouthAsia_Medieval_Recent,D_VA,-0.003354795766057267,0.005424341767604503,-0.6184705739031653,0.01640544625574271,50
SouthAsia_Iron_Classical,SouthAsia_Medieval_Recent,R,0.04304206388898879,0.14193012198935348,0.3032623609822408,0.4525515691792463,50
SouthAsia_Iron_Classical,WestSiberia_Bronze,D_VA,-0.0007477318951765316,0.006489087400083911,-0.1152291299338737,0.01602471904524819,50
SouthAsia_Iron_Classical,WestSiberia_Bronze,R,0.1372981714331749,0.19337870977778598,0.7099963154731255,0.4469198319535374,50
SouthAsia_Iron_Classical,WestSiberia_Iron_Classical,D_VA,-0.0019792130350298753,0.0055767506360326876,-0.35490434559539347,0.01637313117746433,50
SouthAsia_Iron_Classical,WestSiberia_Iron_Classical,R,0.08841042081861561,0.17169816753206887,0.5149176726193235,0.45756283461128566,50
SouthAsia_Iron_Classical,WestSiberia_LateGlacial_Meso,D_VA,-0.008275861095524903,0.008044998819027894,-1.0286963717074735,0.017661994049437184,50
SouthAsia_Iron_Classical,WestSiberia_LateGlacial_Meso,R,0.11149918077471344,0.22845904680713675,0.4880488749865096,0.4542574084199101,50
SouthAsia_Iron_Classical,WestSiberia_Medieval_Recent,D_VA,-0.002606118540724789,0.005421283052518206,-0.4807198804191265,0.015922380521128005,50
SouthAsia_Iron_Classical,WestSiberia_Medieval_Recent,R,0.0676583122889185,0.17976615044418867,0.3763684771673637,0.44115074106655056,50
SouthAsia_Iron_Classical,WestSiberia_Neolithic,D_VA,-0.002029469013685989,0.007086228928420526,-0.28639619664931487,0.016675474169007873,50
SouthAsia_Iron_Classical,WestSiberia_Neolithic,R,0.1483951389375513,0.21516725684270352,0.6896734248279909,0.46102738163277307,50
SouthAsia_Iron_Classical,ANC_Americas,D_VA,-0.012602934332684473,0.008598250690920909,-1.465755627012853,0.017268172680161606,50
SouthAsia_Iron_Classical,ANC_Americas,R,-0.08088027355434857,0.21317279664986083,-0.37941179562041166,0.4506560366439995,50
SouthAsia_Iron_Classical,ANC_Oceania,D_VA,-0.0030669769699454424,0.007277933419062335,-0.4214076707424155,0.016912490639272082,50
SouthAsia_Iron_Classical,ANC_Oceania,R,0.12719389049968655,0.18703728797309008,0.6800456308903844,0.4374668787900353,50
SouthAsia_Iron_Classical,ANC_Africa,D_VA,0.035326638181055,0.0077820462647800424,4.539505032363554,0.013367091864054036,50
SouthAsia_Iron_Classical,ANC_Africa,R,0.05471640130121358,0.24633736972162276,0.2221197756680063,0.4944712639090819,50
SouthAsia_Iron_Classical,PD_French,D_VA,-0.0068912568517889156,0.007485862050519903,-0.9205695757257922,0.017021862504631367,50
SouthAsia_Iron_Classical,PD_French,R,-0.20789867666516848,0.23311849836003914,-0.8918154420507635,0.5095207052427003,50
SouthAsia_Iron_Classical,PD_Sardinian,D_VA,-0.004671676701794053,0.007958982541080083,-0.5869690852670318,0.016880894323249525,50
SouthAsia_Iron_Classical,PD_Sardinian,R,-0.17711017653750916,0.22831393437673408,-0.7757309120049803,0.49623363317880687,50
SouthAsia_Iron_Classical,PD_Basque,D_VA,-0.009556543359533001,0.0083499878405368,-1.1444978773668053,0.01622977132296676,50
SouthAsia_Iron_Classical,PD_Basque,R,-0.23534881056129753,0.23462176343681396,-1.0030988051314318,0.47686701114518326,50
SouthAsia_Iron_Classical,PD_Russian,D_VA,-0.0063708383078707465,0.007691592726778523,-0.8282859654919678,0.015689976322510287,50
SouthAsia_Iron_Classical,PD_Russian,R,-0.14644442381805756,0.23555757164558605,-0.6216927046539354,0.4715383004936411,50
SouthAsia_Iron_Classical,PD_Han,D_VA,-0.0035938756067594863,0.004753328089915202,-0.7560756461108494,0.016246469970751045,50
SouthAsia_Iron_Classical,PD_Han,R,-0.09459294150056063,0.13384230950612389,-0.7067491725868088,0.4762601815914577,50
SouthAsia_Iron_Classical,PD_Japanese,D_VA,-0.005497091654186062,0.005638237566298471,-0.9749663063230818,0.016416813973147953,50
SouthAsia_Iron_Classical,PD_Japanese,R,-0.23099905567429446,0.14873383781147723,-1.5531035779974283,0.4807590481944508,50
SouthAsia_Iron_Classical,PD_Dai,D_VA,0.004245049886109409,0.005946488915518265,0.7138750187579274,0.01662814478024628,50
SouthAsia_Iron_Classical,PD_Dai,R,0.08762585169476567,0.16260449669183802,0.5388894740151677,0.4767901089812908,50
SouthAsia_Iron_Classical,PD_Papuan,D_VA,-0.0019089933118364988,0.01447162052208597,-0.13191289178175136,0.020151617969263767,50
SouthAsia_Iron_Classical,PD_Papuan,R,0.36454564943604884,0.2948526960005131,1.2363653254010418,0.46176218019028115,50
SouthAsia_Iron_Classical,PD_Karitiana,D_VA,-0.02978035915084512,0.012223769269634683,-2.43626646527296,0.01802661858299381,50
SouthAsia_Iron_Classical,PD_Karitiana,R,-0.27923961093218996,0.3098110697983267,-0.9013222513771462,0.47988581570592814,50
SouthAsia_Iron_Classical,PD_Mixe,D_VA,-0.026261836786667894,0.011562097203417557,-2.27137311896196,0.01885617474984994,50
SouthAsia_Iron_Classical,PD_Mixe,R,-0.4651121848590978,0.2991640295020544,-1.5547062447088205,0.5405659925386136,50
SouthAsia_Iron_Classical,PD_Mbuti,D_VA,0.08878999198135089,0.011884047549673524,7.471359535564136,0.014004255202895059,50
SouthAsia_Iron_Classical,PD_Mbuti,R,-1.1757099938081303,2.2991747661559416,-0.5113617333987336,2.2043019062756306,50
SouthAsia_Iron_Classical,PD_Biaka,D_VA,0.07677252403679473,0.011703639976348459,6.559713404713581,0.013230337525884834,50
SouthAsia_Iron_Classical,PD_Biaka,R,0.23162900205363401,1.941265746168623,0.11931854384737811,1.8328864327627958,50
SouthAsia_Iron_Classical,PD_Juhoan,D_VA,0.0944060347622771,0.014680407135583875,6.430750447884111,0.015341992552601458,50
SouthAsia_Iron_Classical,PD_Juhoan,R,5.53433456891809,3.450907133838623,1.6037332661461576,3.444224548097565,50
SouthAsia_Iron_Classical,PD_Mandenka,D_VA,0.0666185087902686,0.01132853890895161,5.880591427163465,0.012621020686666918,50
SouthAsia_Iron_Classical,PD_Mandenka,R,5.700181328749271,12.20308212940351,0.4671099701127634,12.182147381125466,50
SouthAsia_Iron_Classical,PD_Mende,D_VA,0.07204404850100589,0.012142174548940865,5.933372824663448,0.011993150030732331,50
SouthAsia_Iron_Classical,PD_Mende,R,0.9731571744024484,3.0854340595407126,0.3154036533022875,3.0586923285095553,50
SouthAsia_Iron_Classical,PD_Esan,D_VA,0.07038580218645046,0.012221840328418518,5.759018306170119,0.011718074549764843,50
SouthAsia_Iron_Classical,PD_Esan,R,0.13630855539326547,8.982520088694889,0.01517486785972447,9.02194191251108,50
SouthAsia_Iron_Classical,PD_Gambian,D_VA,0.07058885725333051,0.011648873372675969,6.05971539006565,0.011907397696853268,50
SouthAsia_Iron_Classical,PD_Gambian,R,1.191217525798363,1.963160735659442,0.6067855291524171,1.9848840813215112,50
SouthAsia_Iron_Classical,PD_Luhya,D_VA,0.0652634221557653,0.01084639743272609,6.0170598173777465,0.012069159445950264,50
SouthAsia_Iron_Classical,PD_Luhya,R,-1.4080026984315017,4.085963356909601,-0.3445950380466549,4.161657798377258,50
SouthAsia_Medieval_Recent,WestSiberia_Bronze,D_VA,0.0026070638708807353,0.007017684414104696,0.37149916084012735,0.016188876762248415,50
SouthAsia_Medieval_Recent,WestSiberia_Bronze,R,0.09425610754418612,0.21945831722924464,0.42949435106497624,0.4238676633145275,50
SouthAsia_Medieval_Recent,WestSiberia_Iron_Classical,D_VA,0.0013755827310273916,0.005871249470240956,0.2342913102227519,0.016533830012993998,50
SouthAsia_Medieval_Recent,WestSiberia_Iron_Classical,R,0.04536835692962682,0.19609483115669818,0.2313592697064679,0.4350749446105283,50
SouthAsia_Medieval_Recent,WestSiberia_LateGlacial_Meso,D_VA,-0.004921065329467636,0.00803559925830134,-0.612408007328617,0.017811068023745266,50
SouthAsia_Medieval_Recent,WestSiberia_LateGlacial_Meso,R,0.06845711688572464,0.24252693182881013,0.28226604101042985,0.4315973272793896,50
SouthAsia_Medieval_Recent,WestSiberia_Medieval_Recent,D_VA,0.000748677225332478,0.005877044939047232,0.12739008006528044,0.016087582534480536,50
SouthAsia_Medieval_Recent,WestSiberia_Medieval_Recent,R,0.024616248399929708,0.19825336935091314,0.12416559920531976,0.4177803683203727,50
SouthAsia_Medieval_Recent,WestSiberia_Neolithic,D_VA,0.001325326752371278,0.007584803388977265,0.17473449005907393,0.016833286937059423,50
SouthAsia_Medieval_Recent,WestSiberia_Neolithic,R,0.1053530750485625,0.2389420696727242,0.4409147170812709,0.43871711435218724,50
SouthAsia_Medieval_Recent,ANC_Americas,D_VA,-0.009248138566627206,0.007699562033326212,-1.20112527525569,0.017420617040047874,50
SouthAsia_Medieval_Recent,ANC_Americas,R,-0.12392233744333736,0.2002651525402173,-0.6187913167691581,0.4278052397692405,50
SouthAsia_Medieval_Recent,ANC_Oceania,D_VA,0.0002878187961118245,0.0074969652033382425,0.038391374150124745,0.017068112079770055,50
SouthAsia_Medieval_Recent,ANC_Oceania,R,0.08415182661069776,0.1980006294179303,0.42500787425818776,0.41388854761715144,50
SouthAsia_Medieval_Recent,ANC_Africa,D_VA,0.038681433947112265,0.008600181262825985,4.497746357313602,0.013563452924907663,50
SouthAsia_Medieval_Recent,ANC_Africa,R,0.011674337412224789,0.2957329225008491,0.039475947802839806,0.473738631148215,50
SouthAsia_Medieval_Recent,PD_French,D_VA,-0.0035364610857316486,0.008065456376835927,-0.43847005308817993,0.017176493049243256,50
SouthAsia_Medieval_Recent,PD_French,R,-0.25094074055415727,0.2790336242569019,-0.8993207941245104,0.4894259993925111,50
SouthAsia_Medieval_Recent,PD_Sardinian,D_VA,-0.001316880935736786,0.008649449538128198,-0.1522502593872313,0.0170368043804243,50
SouthAsia_Medieval_Recent,PD_Sardinian,R,-0.22015224042649795,0.28237215744018834,-0.7796527902122583,0.4755778364349817,50
SouthAsia_Medieval_Recent,PD_Basque,D_VA,-0.006201747593475734,0.0088292592941803,-0.7024085924810863,0.016391875656553794,50
SouthAsia_Medieval_Recent,PD_Basque,R,-0.2783908744502863,0.2737202561528317,-1.017063473354514,0.4553335108784328,50
SouthAsia_Medieval_Recent,PD_Russian,D_VA,-0.0030160425418134795,0.007573280963380224,-0.3982478078387987,0.015857599671610458,50
SouthAsia_Medieval_Recent,PD_Russian,R,-0.18948648770704635,0.2660017917157359,-0.7123504187127506,0.44974974001412266,50
SouthAsia_Medieval_Recent,PD_Han,D_VA,-0.00023907984070221933,0.004461396476039187,-0.0535885662675902,0.01640840933346807,50
SouthAsia_Medieval_Recent,PD_Han,R,-0.13763500538954943,0.14052083663511955,-0.979463321492573,0.45469794411220715,50
SouthAsia_Medieval_Recent,PD_Japanese,D_VA,-0.002142295888128795,0.005383055750135698,-0.39797022129573734,0.01657708935166462,50
SouthAsia_Medieval_Recent,PD_Japanese,R,-0.27404111956328325,0.15237397728640165,-1.7984771707323517,0.4594080128068881,50
SouthAsia_Medieval_Recent,PD_Dai,D_VA,0.007599845652166676,0.006112818243526622,1.2432638022919775,0.016786402508487584,50
SouthAsia_Medieval_Recent,PD_Dai,R,0.044583787805776876,0.19103358486167635,0.23338193563220372,0.45525297125085384,50
SouthAsia_Medieval_Recent,PD_Papuan,D_VA,0.0014458024542207681,0.013179298673787457,0.10970253349644093,0.020282401660633807,50
SouthAsia_Medieval_Recent,PD_Papuan,R,0.32150358554706004,0.2693748717642047,1.1935173590671286,0.43948921586817263,50
SouthAsia_Medieval_Recent,PD_Karitiana,D_VA,-0.026425563384787853,0.01114079951173565,-2.3719629239312066,0.018172701722112328,50
SouthAsia_Medieval_Recent,PD_Karitiana,R,-0.32228167482117875,0.2967262335338558,-1.0861246441980235,0.45849411765701376,50
SouthAsia_Medieval_Recent,PD_Mixe,D_VA,-0.022907041020610627,0.011553015099474408,-1.9827759959954314,0.018995879462162447,50
SouthAsia_Medieval_Recent,PD_Mixe,R,-0.5081542487480866,0.3019563621004986,-1.6828731317771015,0.5216685270356991,50
SouthAsia_Medieval_Recent,PD_Mbuti,D_VA,0.09214478774740816,0.012057683174916503,7.641997754518561,0.014191803061342838,50
SouthAsia_Medieval_Recent,PD_Mbuti,R,-1.2187520576971191,2.2947781051459737,-0.5310979980870929,2.199743929147372,50
SouthAsia_Medieval_Recent,PD_Biaka,D_VA,0.080127319802852,0.01215106247552388,6.594264490389545,0.013428698425125313,50
SouthAsia_Medieval_Recent,PD_Biaka,R,0.18858693816464522,1.9028199242965622,0.09910918829292918,1.8274022915647956,50
SouthAsia_Medieval_Recent,PD_Juhoan,D_VA,0.09776083052833437,0.015417463221062886,6.3409154363849165,0.015513376351658758,50
SouthAsia_Medieval_Recent,PD_Juhoan,R,5.491292505029101,3.418477899292509,1.6063560060357807,3.4413092272459638,50
SouthAsia_Medieval_Recent,PD_Mandenka,D_VA,0.06997330455632586,0.01186860602064405,5.8956632678357925,0.012828806394883388,50
SouthAsia_Medieval_Recent,PD_Mandenka,R,5.657139264860282,12.189564451775144,0.4640969156233013,12.181323461564938,50
SouthAsia_Medieval_Recent,PD_Mende,D_VA,0.07539884426706316,0.012603498194797884,5.9823743457339615,0.012211623888892973,50
SouthAsia_Medieval_Recent,PD_Mende,R,0.9301151105134596,3.0762015631277184,0.30235831151706716,3.0554091739558453,50
SouthAsia_Medieval_Recent,PD_Esan,D_VA,0.07374059795250773,0.012382769655725956,5.955097284589244,0.0119415820349723,50
SouthAsia_Medieval_Recent,PD_Esan,R,0.09326649150427668,8.976180297897173,0.010390443196214095,9.020829359462157,50
SouthAsia_Medieval_Recent,PD_Gambian,D_VA,0.07394365301938778,0.011821574572991956,6.2549749665600745,0.012127416470755555,50
SouthAsia_Medieval_Recent,PD_Gambian,R,1.1481754619093743,1.9302859384944042,0.5948214401877345,1.9798210212273935,50
SouthAsia_Medieval_Recent,PD_Luhya,D_VA,0.06861821792182257,0.011327685194148545,6.057567521144405,0.012286281784001908,50
SouthAsia_Medieval_Recent,PD_Luhya,R,-1.4510447623204905,4.127071181544706,-0.35159189131731533,4.159245375137728,50
WestSiberia_Bronze,WestSiberia_Iron_Classical,D_VA,-0.0012314811398533437,0.0038933584703139935,-0.3163030451069733,0.016156128512971747,50
WestSiberia_Bronze,WestSiberia_Iron_Classical,R,-0.0488877506145593,0.08668264611425727,-0.5639854435237228,0.42921395696625975,50
WestSiberia_Bronze,WestSiberia_LateGlacial_Meso,D_VA,-0.007528129200348371,0.00571145411455256,-1.3180757560788232,0.017461016516101196,50
WestSiberia_Bronze,WestSiberia_LateGlacial_Meso,R,-0.025798990658461474,0.13045469219920522,-0.19776207527335418,0.4256884616024876,50
WestSiberia_Bronze,WestSiberia_Medieval_Recent,D_VA,-0.0018583866455482573,0.00409631932398775,-0.4536723088616845,0.01569914855757473,50
WestSiberia_Bronze,WestSiberia_Medieval_Recent,R,-0.06963985914425641,0.09545415582037514,-0.7295634071218873,0.411673231557125,50
WestSiberia_Bronze,WestSiberia_Neolithic,D_VA,-0.0012817371185094573,0.0032430735504390216,-0.3952229570420769,0.016462457372289623,50
WestSiberia_Bronze,WestSiberia_Neolithic,R,0.011096967504376387,0.08520694734009847,0.1302354778664174,0.4329054398506562,50
WestSiberia_Bronze,ANC_Americas,D_VA,-0.011855202437507942,0.0077216803984563,-1.5353137951524134,0.017062557008991466,50
WestSiberia_Bronze,ANC_Americas,R,-0.21817844498752348,0.20728856148107247,-1.0525348983496388,0.42184326070330597,50
WestSiberia_Bronze,ANC_Oceania,D_VA,-0.002319245074768911,0.008440118213790752,-0.2747882216838355,0.016702496927006753,50
WestSiberia_Bronze,ANC_Oceania,R,-0.010104280933488363,0.2094991280413609,-0.04823065865693484,0.407723120849695,50
WestSiberia_Bronze,ANC_Africa,D_VA,0.03607437007623153,0.00667477891393175,5.404579019229579,0.013100389645932818,50
WestSiberia_Bronze,ANC_Africa,R,-0.08258177013196133,0.19419343490739138,-0.42525521097736196,0.468361723531038,50
WestSiberia_Bronze,PD_French,D_VA,-0.006143524956612384,0.004521500929888132,-1.3587357498927646,0.01681323487909984,50
WestSiberia_Bronze,PD_French,R,-0.3451968480983434,0.15596669802209737,-2.2132727849982174,0.48422331863318835,50
WestSiberia_Bronze,PD_Sardinian,D_VA,-0.003923944806617521,0.004837235243612272,-0.8111957779599863,0.016670502605678157,50
WestSiberia_Bronze,PD_Sardinian,R,-0.31440834797068407,0.1410161183554991,-2.2295915646895503,0.47022196028573376,50
WestSiberia_Bronze,PD_Basque,D_VA,-0.00880881146435647,0.005515717752591535,-1.5970381117158667,0.01601082574912982,50
WestSiberia_Bronze,PD_Basque,R,-0.37264698199447244,0.13429178889151352,-2.7749051901863644,0.4497366113133996,50
WestSiberia_Bronze,PD_Russian,D_VA,-0.005623106412694215,0.004070935143861626,-1.3812812570038202,0.015463389698708934,50
WestSiberia_Bronze,PD_Russian,R,-0.28374259525123247,0.11807641807799425,-2.403042028797054,0.4440824721485311,50
WestSiberia_Bronze,PD_Han,D_VA,-0.0028461437115829546,0.006942937429882584,-0.40993365420997135,0.0160277525088117,50
WestSiberia_Bronze,PD_Han,R,-0.23189111293373554,0.20704023220692944,-1.1200292351969956,0.4490931237579215,50
WestSiberia_Bronze,PD_Japanese,D_VA,-0.0047493597590095304,0.007835522686147092,-0.6061318369234281,0.016200396445832738,50
WestSiberia_Bronze,PD_Japanese,R,-0.36829722710746937,0.20695241113188975,-1.7796227890901708,0.453861361715176,50
WestSiberia_Bronze,PD_Dai,D_VA,0.00499278178128594,0.007795843838301873,0.640441482005557,0.01641451378524615,50
WestSiberia_Bronze,PD_Dai,R,-0.04967231973840924,0.21932410496321483,-0.2264790719047517,0.44965506920250625,50
WestSiberia_Bronze,PD_Papuan,D_VA,-0.0011612614166599672,0.013630778409080897,-0.08519406462409576,0.019975704512040584,50
WestSiberia_Bronze,PD_Papuan,R,0.22724747800287393,0.2669603711655355,0.8512404931515599,0.4336878881075666,50
WestSiberia_Bronze,PD_Karitiana,D_VA,-0.02903262725566859,0.011065175823997285,-2.6237836359278544,0.01782975158295656,50
WestSiberia_Bronze,PD_Karitiana,R,-0.4165377823653649,0.2948843920462894,-1.4125460471979776,0.4529362751567416,50
WestSiberia_Bronze,PD_Mixe,D_VA,-0.025514104891491363,0.01088974848217022,-2.3429471243771696,0.01866805801817861,50
WestSiberia_Bronze,PD_Mixe,R,-0.6024103562922727,0.30612304579930844,-1.9678699939736246,0.5167905431858985,50
WestSiberia_Bronze,PD_Mbuti,D_VA,0.08953772387652742,0.011815369646174304,7.578072168526595,0.013749917372879646,50
WestSiberia_Bronze,PD_Mbuti,R,-1.3130081652413053,2.2382106847174184,-0.5866329627530471,2.1985922239577533,50
WestSiberia_Bronze,PD_Biaka,D_VA,0.07752025593197126,0.012001014987083827,6.459474970692309,0.012960821541169395,50
WestSiberia_Bronze,PD_Biaka,R,0.0943308306204591,1.8927261367381731,0.049838605168217316,1.8260157580489402,50
WestSiberia_Bronze,PD_Juhoan,D_VA,0.09515376665745365,0.014410840563520004,6.602929665208322,0.01511018859767418,50
WestSiberia_Bronze,PD_Juhoan,R,5.397036397484915,3.4344290287156447,1.5714508444808994,3.440573151519234,50
WestSiberia_Bronze,PD_Mandenka,D_VA,0.06736624068544513,0.01118795630894884,6.021317819373438,0.012338201941388318,50
WestSiberia_Bronze,PD_Mandenka,R,5.562883157316096,12.21690405464589,0.45534311577085873,12.181115535479465,50
WestSiberia_Bronze,PD_Mende,D_VA,0.07279178039618242,0.012039353098485753,6.046153792543703,0.011695157614707853,50
WestSiberia_Bronze,PD_Mende,R,0.8358590029692735,3.0852913111437417,0.27091736846703596,3.054580107595858,50
WestSiberia_Bronze,PD_Esan,D_VA,0.071133534081627,0.011816332233195928,6.019933485095292,0.011412902134297426,50
WestSiberia_Bronze,PD_Esan,R,-0.0009896160399094356,8.991111620420533,-0.00011006603873783843,9.020548583426686,50
WestSiberia_Bronze,PD_Gambian,D_VA,0.07133658914850705,0.011253116047546391,6.339274281638742,0.011607203964962048,50
WestSiberia_Bronze,PD_Gambian,R,1.0539193543651881,1.9453014550775842,0.5417768807062115,1.9785413034659294,50
WestSiberia_Bronze,PD_Luhya,D_VA,0.06601115405094184,0.010409085264192767,6.341686361050387,0.011773091085393617,50
WestSiberia_Bronze,PD_Luhya,R,-1.5453008698646766,4.0881815673785376,-0.37799223062775295,4.158636375548043,50
WestSiberia_Iron_Classical,WestSiberia_LateGlacial_Meso,D_VA,-0.0062966480604950276,0.006133439353485927,-1.02660965530153,0.017781307653006655,50
WestSiberia_Iron_Classical,WestSiberia_LateGlacial_Meso,R,0.023088759956097826,0.14042059601122528,0.16442573676479838,0.4368490331517619,50
WestSiberia_Iron_Classical,WestSiberia_Medieval_Recent,D_VA,-0.0006269055056949135,0.004183823876285944,-0.1498403193423689,0.016054627666442937,50
WestSiberia_Iron_Classical,WestSiberia_Medieval_Recent,R,-0.02075210852969711,0.09086965798320903,-0.22837225307408665,0.42320356922505137,50
WestSiberia_Iron_Classical,WestSiberia_Neolithic,D_VA,-5.025597865611353e-05,0.004464006817939785,-0.011258042540201029,0.016801794749661935,50
WestSiberia_Iron_Classical,WestSiberia_Neolithic,R,0.05998471811893569,0.10462652286439943,0.5733222941631972,0.44388459229446875,50
WestSiberia_Iron_Classical,ANC_Americas,D_VA,-0.010623721297654598,0.007483161307999088,-1.4196835883115901,0.017390188491226834,50
WestSiberia_Iron_Classical,ANC_Americas,R,-0.16929069437296418,0.1954195729230462,-0.8662934415460458,0.43310293005812595,50
WestSiberia_Iron_Classical,ANC_Oceania,D_VA,-0.0010877639349155671,0.007617793430797767,-0.14279252184994626,0.01703705396105748,50
WestSiberia_Iron_Classical,ANC_Oceania,R,0.03878346968107094,0.1825649713360379,0.21243653367482093,0.4193620806648493,50
WestSiberia_Iron_Classical,ANC_Africa,D_VA,0.03730585121608487,0.00719444377669956,5.18536976227492,0.013524348891927409,50
WestSiberia_Iron_Classical,ANC_Africa,R,-0.03369401951740203,0.20441985455295383,-0.16482752906310175,0.47852807179213747,50
WestSiberia_Iron_Classical,PD_French,D_VA,-0.00491204381675904,0.005138286162715621,-0.9559692981682807,0.017145631256244076,50
WestSiberia_Iron_Classical,PD_French,R,-0.2963090974837841,0.1674287558853013,-1.769762284363945,0.4940633903987168,50
WestSiberia_Iron_Classical,PD_Sardinian,D_VA,-0.0026924636667641777,0.005710050305459811,-0.471530638563676,0.017005689083399018,50
WestSiberia_Iron_Classical,PD_Sardinian,R,-0.26552059735612477,0.15981973929793586,-1.6613754879248142,0.48034893916724203,50
WestSiberia_Iron_Classical,PD_Basque,D_VA,-0.007577330324503126,0.006394557876179444,-1.1849654770863305,0.01635953377221713,50
WestSiberia_Iron_Classical,PD_Basque,R,-0.32375923137991314,0.14910215346872427,-2.171392054695072,0.4603144913858312,50
WestSiberia_Iron_Classical,PD_Russian,D_VA,-0.004391625272840871,0.004808083203448382,-0.9133837928784542,0.01582416585635565,50
WestSiberia_Iron_Classical,PD_Russian,R,-0.23485484463667317,0.13414487600723707,-1.7507552403567233,0.45479187931809806,50
WestSiberia_Iron_Classical,PD_Han,D_VA,-0.001614662571729611,0.005919640369049335,-0.27276362600873977,0.016376100102253714,50
WestSiberia_Iron_Classical,PD_Han,R,-0.18300336231917624,0.17952908402955572,-1.0193521752110568,0.4596858114307906,50
WestSiberia_Iron_Classical,PD_Japanese,D_VA,-0.0035178786191561867,0.0066005798721323035,-0.5329650859932316,0.01654510952147082,50
WestSiberia_Iron_Classical,PD_Japanese,R,-0.31940947649291007,0.17731172122284702,-1.801400800184401,0.46434528863991975,50
WestSiberia_Iron_Classical,PD_Dai,D_VA,0.006224262921139284,0.006659832696252846,0.9345974899101241,0.01675482219784353,50
WestSiberia_Iron_Classical,PD_Dai,R,-0.000784569123849943,0.19741618566044428,-0.003974188444707373,0.46023482341479477,50
WestSiberia_Iron_Classical,PD_Papuan,D_VA,7.021972319337655e-05,0.012853966790553527,0.005462883508068617,0.020256272481077878,50
WestSiberia_Iron_Classical,PD_Papuan,R,0.2761352286174332,0.2523141143814015,1.0944105497008518,0.4446477209154881,50
WestSiberia_Iron_Classical,PD_Karitiana,D_VA,-0.027801146115815245,0.011510192623087038,-2.4153502053520777,0.018143534539478694,50
WestSiberia_Iron_Classical,PD_Karitiana,R,-0.3676500317508056,0.29734513451886296,-1.2364420636836841,0.4634411297856505,50
WestSiberia_Iron_Classical,PD_Mixe,D_VA,-0.02428262375163802,0.010864860151611744,-2.23496882728268,0.01896797812750207,50
WestSiberia_Iron_Classical,PD_Mixe,R,-0.5535226056777134,0.30301415938630755,-1.82672191556579,0.5260217457011759,50
WestSiberia_Iron_Classical,PD_Mbuti,D_VA,0.09076920501638076,0.012218135330110132,7.429055462554169,0.014154435058889914,50
WestSiberia_Iron_Classical,PD_Mbuti,R,-1.264120414626746,2.267840566311126,-0.5574115012339543,2.200780356753403,50
WestSiberia_Iron_Classical,PD_Biaka,D_VA,0.0787517370718246,0.012884678643263292,6.112045108164158,0.013389200838636896,50
WestSiberia_Iron_Classical,PD_Biaka,R,0.1432185812350184,1.8894302914937575,0.0757998756978707,1.828649764188644,50
WestSiberia_Iron_Classical,PD_Juhoan,D_VA,0.09638524779730698,0.015009605383499118,6.42157107629682,0.015479199059789792,50
WestSiberia_Iron_Classical,PD_Juhoan,R,5.445924148099474,3.456024267910469,1.5757771722454104,3.441971821845602,50
WestSiberia_Iron_Classical,PD_Mandenka,D_VA,0.06859772182529847,0.011328537770447854,6.055302389002546,0.012787456010551625,50
WestSiberia_Iron_Classical,PD_Mandenka,R,5.611770907930655,12.22264009835433,0.45912919490169973,12.18151066576405,50
WestSiberia_Iron_Classical,PD_Mende,D_VA,0.07402326153603576,0.012374160978377647,5.982083283495542,0.012168176350964571,50
WestSiberia_Iron_Classical,PD_Mende,R,0.8847467535838328,3.0995755963870875,0.2854412567369246,3.056155435370469,50
WestSiberia_Iron_Classical,PD_Esan,D_VA,0.07236501522148034,0.012519924236130565,5.779988269629149,0.011897148364308361,50
WestSiberia_Iron_Classical,PD_Esan,R,0.047898134574649864,9.00412349822191,0.0053195777006066775,9.021082150018662,50
WestSiberia_Iron_Classical,PD_Gambian,D_VA,0.07256807028836039,0.011761594826288422,6.16991754605957,0.012083666163857105,50
WestSiberia_Iron_Classical,PD_Gambian,R,1.1028071049797474,1.9391531908697976,0.5687055103083881,1.9809725139296597,50
WestSiberia_Iron_Classical,PD_Luhya,D_VA,0.06724263519079518,0.011073120637039226,6.072600253795734,0.012243099190167864,50
WestSiberia_Iron_Classical,PD_Luhya,R,-1.4964131192501173,4.097333730290432,-0.36521631327893983,4.159793614526507,50
WestSiberia_LateGlacial_Meso,WestSiberia_Medieval_Recent,D_VA,0.005669742554800114,0.006733289218405312,0.8420464903396673,0.017367143655650896,50
WestSiberia_LateGlacial_Meso,WestSiberia_Medieval_Recent,R,-0.04384086848579494,0.1449233178000352,-0.30251079778815476,0.41962758070899137,50
WestSiberia_LateGlacial_Meso,WestSiberia_Neolithic,D_VA,0.006246392081838914,0.004207431042445657,1.4846094965844212,0.018060091806457335,50
WestSiberia_LateGlacial_Meso,WestSiberia_Neolithic,R,0.03689595816283786,0.09592671478977675,0.38462651664549646,0.4404765337260147,50
WestSiberia_LateGlacial_Meso,ANC_Americas,D_VA,-0.0043270732371595705,0.008306096854231906,-0.5209514544674437,0.01860874162882322,50
WestSiberia_LateGlacial_Meso,ANC_Americas,R,-0.192379454329062,0.20393411498213876,-0.9433412077518822,0.42960934988870086,50
WestSiberia_LateGlacial_Meso,ANC_Oceania,D_VA,0.0052088841255794605,0.009409492189695138,0.5535776023369253,0.018279163463350408,50
WestSiberia_LateGlacial_Meso,ANC_Oceania,R,0.01569470972497311,0.22833208971330152,0.06873632937306233,0.41575305192675355,50
WestSiberia_LateGlacial_Meso,ANC_Africa,D_VA,0.0436024992765799,0.009731138753039869,4.480719100111393,0.015059037890864019,50
WestSiberia_LateGlacial_Meso,ANC_Africa,R,-0.056782779473499856,0.25910849729522284,-0.21914672836376622,0.47536844760665314,50
WestSiberia_LateGlacial_Meso,PD_French,D_VA,0.0013846042437359873,0.007289677434340238,0.18994039944941718,0.018380404794862214,50
WestSiberia_LateGlacial_Meso,PD_French,R,-0.3193978574398819,0.21634436704071802,-1.4763400674988143,0.4910037466447003,50
WestSiberia_LateGlacial_Meso,PD_Sardinian,D_VA,0.00360418439373085,0.008352398519828162,0.43151489780746244,0.018249933436841257,50
WestSiberia_LateGlacial_Meso,PD_Sardinian,R,-0.2886093573122226,0.22014096678709746,-1.311020667912948,0.4772013713789526,50
WestSiberia_LateGlacial_Meso,PD_Basque,D_VA,-0.0012806822640080984,0.007521975413367339,-0.1702587676280079,0.017649389635118064,50
WestSiberia_LateGlacial_Meso,PD_Basque,R,-0.34684799133601096,0.1792352843855371,-1.9351546350100188,0.4570289667697822,50
WestSiberia_LateGlacial_Meso,PD_Russian,D_VA,0.0019050227876541564,0.006520205544802068,0.2921721983401041,0.01715432406996417,50
WestSiberia_LateGlacial_Meso,PD_Russian,R,-0.257943604592771,0.14988968899734317,-1.7208895843218615,0.4514661659311202,50
WestSiberia_LateGlacial_Meso,PD_Han,D_VA,0.004681985488765417,0.007451403003294454,0.6283360981408994,0.01766474635557879,50
WestSiberia_LateGlacial_Meso,PD_Han,R,-0.20609212227527407,0.2262123288838961,-0.911056100664837,0.45639576106449836,50
WestSiberia_LateGlacial_Meso,PD_Japanese,D_VA,0.002778769441338841,0.008736482190157822,0.31806502673001424,0.01782153916824707,50
WestSiberia_LateGlacial_Meso,PD_Japanese,R,-0.3424982364490079,0.2280620492866581,-1.5017765451125604,0.46108848670179203,50
WestSiberia_LateGlacial_Meso,PD_Dai,D_VA,0.012520910981634312,0.007445897394485152,1.681585216431803,0.018016400198964562,50
WestSiberia_LateGlacial_Meso,PD_Dai,R,-0.02387332907994777,0.22356856725751706,-0.10678303024793874,0.456948725975361,50
WestSiberia_LateGlacial_Meso,PD_Papuan,D_VA,0.006366867783688404,0.014460163848607188,0.44030398620287176,0.021311573946463293,50
WestSiberia_LateGlacial_Meso,PD_Papuan,R,0.2530464686613354,0.28523057929271717,0.8871645855392212,0.44124555658068226,50
WestSiberia_LateGlacial_Meso,PD_Karitiana,D_VA,-0.021504498055320218,0.011611797424788128,-1.8519525676028226,0.019314617646569044,50
WestSiberia_LateGlacial_Meso,PD_Karitiana,R,-0.3907387917069034,0.2950510131202949,-1.3243092696909187,0.4601779289186503,50
WestSiberia_LateGlacial_Meso,PD_Mixe,D_VA,-0.01798597569114299,0.011258950633728153,-1.5974824187667063,0.02009106277660037,50
WestSiberia_LateGlacial_Meso,PD_Mixe,R,-0.5766113656338112,0.3100671855457299,-1.8596336294630906,0.5231490441904398,50
WestSiberia_LateGlacial_Meso,PD_Mbuti,D_VA,0.09706585307687579,0.013842892442446474,7.011963249764382,0.01562736833520705,50
WestSiberia_LateGlacial_Meso,PD_Mbuti,R,-1.2872091745828438,2.2632710287443816,-0.5687384136653586,2.2000955034176344,50
WestSiberia_LateGlacial_Meso,PD_Biaka,D_VA,0.08504838513231963,0.01384041950661031,6.144928272708768,0.014937781239034633,50
WestSiberia_LateGlacial_Meso,PD_Biaka,R,0.12012982127892058,1.903688900922106,0.06310370419280811,1.8278254855302902,50
WestSiberia_LateGlacial_Meso,PD_Juhoan,D_VA,0.10268189585780202,0.016262632455873206,6.313977527095789,0.016836633059507392,50
WestSiberia_LateGlacial_Meso,PD_Juhoan,R,5.422835388143376,3.4398019235265638,1.5764964113351507,3.4415339701746355,50
WestSiberia_LateGlacial_Meso,PD_Mandenka,D_VA,0.0748943698857935,0.013037314704501132,5.744616248308881,0.01440089026656661,50
WestSiberia_LateGlacial_Meso,PD_Mandenka,R,5.588682147974557,12.25140496125798,0.4561666327778221,12.18138695492472,50
WestSiberia_LateGlacial_Meso,PD_Mende,D_VA,0.08031990959653079,0.014170327212837869,5.668176068916989,0.013853920923553502,50
WestSiberia_LateGlacial_Meso,PD_Mende,R,0.861657993627735,3.0749413715746345,0.2802193243725138,3.055662299834738,50
WestSiberia_LateGlacial_Meso,PD_Esan,D_VA,0.07866166328197537,0.014035684562366065,5.604405181126055,0.013616488110018133,50
WestSiberia_LateGlacial_Meso,PD_Esan,R,0.024809374618552038,9.025675294231366,0.0027487555013649342,9.020915097864085,50
WestSiberia_LateGlacial_Meso,PD_Gambian,D_VA,0.07886471834885542,0.013365821689081743,5.900476617406795,0.013779753162065173,50
WestSiberia_LateGlacial_Meso,PD_Gambian,R,1.0797183450236496,1.9415742162392742,0.5561045959474094,1.9802116418281288,50
WestSiberia_LateGlacial_Meso,PD_Luhya,D_VA,0.07353928325129021,0.01298573196459312,5.663083409683977,0.013919773239108067,50
WestSiberia_LateGlacial_Meso,PD_Luhya,R,-1.5195018792062152,4.118528321207214,-0.36894292346660906,4.159431326628961,50
WestSiberia_Medieval_Recent,WestSiberia_Neolithic,D_VA,0.0005766495270388,0.005590272917268096,0.1031523032189638,0.01636285683231719,50
WestSiberia_Medieval_Recent,WestSiberia_Neolithic,R,0.0807368266486328,0.1360096504138701,0.5936110151224928,0.42694702247758876,50
WestSiberia_Medieval_Recent,ANC_Americas,D_VA,-0.009996815791959685,0.008111014542595465,-1.2324988125049985,0.016966479678045775,50
WestSiberia_Medieval_Recent,ANC_Americas,R,-0.14853858584326707,0.20272981611757282,-0.7326923522543046,0.4157263243420916,50
WestSiberia_Medieval_Recent,ANC_Oceania,D_VA,-0.00046085842922065356,0.007282352005293582,-0.063284283550926,0.016604336318477967,50
WestSiberia_Medieval_Recent,ANC_Oceania,R,0.05953557821076805,0.17107450416648967,0.3480096493679037,0.4013910604704638,50
WestSiberia_Medieval_Recent,ANC_Africa,D_VA,0.03793275672177979,0.006735201648109173,5.632015001722919,0.012975006352820033,50
WestSiberia_Medieval_Recent,ANC_Africa,R,-0.012941910987704919,0.20224568357298825,-0.06399103683730449,0.4628599617801836,50
WestSiberia_Medieval_Recent,PD_French,D_VA,-0.004285138311064127,0.005440526909970547,-0.7876329594493863,0.016715724575388165,50
WestSiberia_Medieval_Recent,PD_French,R,-0.275556988954087,0.17621378410778402,-1.56376523181375,0.4789038133679109,50
WestSiberia_Medieval_Recent,PD_Sardinian,D_VA,-0.002065558161069264,0.005914910357959635,-0.3492120820207636,0.01657215248862919,50
WestSiberia_Medieval_Recent,PD_Sardinian,R,-0.24476848882642765,0.16999776367033384,-1.439833580993995,0.4647422211131099,50
WestSiberia_Medieval_Recent,PD_Basque,D_VA,-0.006950424818808212,0.006005644978506002,-1.1573152998026932,0.015908397849860777,50
WestSiberia_Medieval_Recent,PD_Basque,R,-0.303007122850216,0.16188749952272638,-1.8717141455858903,0.4440041212712427,50
WestSiberia_Medieval_Recent,PD_Russian,D_VA,-0.0037647197671459576,0.0048837803903669895,-0.7708618050417823,0.015357311026172325,50
WestSiberia_Medieval_Recent,PD_Russian,R,-0.21410273610697605,0.14606275653330544,-1.4658270266052116,0.438276034274907,50
WestSiberia_Medieval_Recent,PD_Han,D_VA,-0.0009877570660346974,0.005481468538734182,-0.1801993496915695,0.015925433478061943,50
WestSiberia_Medieval_Recent,PD_Han,R,-0.16225125378947913,0.18715061036458158,-0.8669555149908574,0.44335231358011024,50
WestSiberia_Medieval_Recent,PD_Japanese,D_VA,-0.002890973113461273,0.0061410188023368,-0.47076441328614577,0.016099174698803863,50
WestSiberia_Medieval_Recent,PD_Japanese,R,-0.29865736796321296,0.1877342986456787,-1.5908513794108847,0.4481816326090823,50
WestSiberia_Medieval_Recent,PD_Dai,D_VA,0.006851168426834198,0.006669928703622593,1.02717266274723,0.016314620552942454,50
WestSiberia_Medieval_Recent,PD_Dai,R,0.019967539405847168,0.1912766539919569,0.10439088612814607,0.4439215261841887,50
WestSiberia_Medieval_Recent,PD_Papuan,D_VA,0.0006971252288882901,0.013059001473363228,0.05338273606218928,0.019893701308022472,50
WestSiberia_Medieval_Recent,PD_Papuan,R,0.29688733714713034,0.24705610874052372,1.2017000456319136,0.42774037036663937,50
WestSiberia_Medieval_Recent,PD_Karitiana,D_VA,-0.02717424061012033,0.011783528666510215,-2.3061208046577613,0.017737830264448876,50
WestSiberia_Medieval_Recent,PD_Karitiana,R,-0.34689792322110846,0.2995584841498859,-1.1580307071107223,0.447244798184453,50
WestSiberia_Medieval_Recent,PD_Mixe,D_VA,-0.023655718245943105,0.011910233397620405,-1.9861674793601762,0.01858028447442447,50
WestSiberia_Medieval_Recent,PD_Mixe,R,-0.5327704971480163,0.3189535379287588,-1.670370238272809,0.511809638123946,50
WestSiberia_Medieval_Recent,PD_Mbuti,D_VA,0.09139611052207568,0.01202338846134901,7.601526875379783,0.013630510215742988,50
WestSiberia_Medieval_Recent,PD_Mbuti,R,-1.2433683060970488,2.249637909118255,-0.552697081186895,2.197426769518768,50
WestSiberia_Medieval_Recent,PD_Biaka,D_VA,0.07937864257751952,0.01224681557729607,6.481574093813965,0.012834074801188321,50
WestSiberia_Medieval_Recent,PD_Biaka,R,0.16397068976471552,1.8778753824173393,0.08731713046562248,1.824612339318474,50
WestSiberia_Medieval_Recent,PD_Juhoan,D_VA,0.09701215330300189,0.014736706226635594,6.583028243289468,0.015001612594575931,50
WestSiberia_Medieval_Recent,PD_Juhoan,R,5.466676256629171,3.42298362757758,1.597050074264567,3.43982852059593,50
WestSiberia_Medieval_Recent,PD_Mandenka,D_VA,0.06922462733099338,0.01085624222708662,6.37648146411804,0.012204991115397624,50
WestSiberia_Medieval_Recent,PD_Mandenka,R,5.632523016460352,12.217323114421992,0.46102758875317096,12.180905234376029,50
WestSiberia_Medieval_Recent,PD_Mende,D_VA,0.07465016704173068,0.01187605188751169,6.28577306236169,0.011554535586223944,50
WestSiberia_Medieval_Recent,PD_Mende,R,0.9054988621135299,3.0815488952235253,0.29384536572406,3.0537413567410243,50
WestSiberia_Medieval_Recent,PD_Esan,D_VA,0.07299192072717525,0.011922070779070395,6.122419676900013,0.011268758410202393,50
WestSiberia_Medieval_Recent,PD_Esan,R,0.06865024310434698,9.01383077230232,0.007616100727705616,9.020264596236155,50
WestSiberia_Medieval_Recent,PD_Gambian,D_VA,0.0731949757940553,0.011145069903806495,6.567475702333302,0.011465503253878006,50
WestSiberia_Medieval_Recent,PD_Gambian,R,1.1235592135094445,1.947760341976688,0.576846745102736,1.977246147972186,50
WestSiberia_Medieval_Recent,PD_Luhya,D_VA,0.0678695406964901,0.010569647339430631,6.421173622633479,0.011633411137127025,50
WestSiberia_Medieval_Recent,PD_Luhya,R,-1.4756610107204202,4.119245610997636,-0.3582357426759584,4.158020339558424,50
WestSiberia_Neolithic,ANC_Americas,D_VA,-0.010573465318998485,0.007366884476852908,-1.4352695976461696,0.017675142714195905,50
WestSiberia_Neolithic,ANC_Americas,R,-0.22927541249189987,0.19956798870702125,-1.1488586620396875,0.4367615448074496,50
WestSiberia_Neolithic,ANC_Oceania,D_VA,-0.0010375079562594536,0.008579505719166944,-0.12092863973988864,0.017327816419814086,50
WestSiberia_Neolithic,ANC_Oceania,R,-0.02120124843786475,0.2216942274514346,-0.09563283934629825,0.42313952036793656,50
WestSiberia_Neolithic,ANC_Africa,D_VA,0.03735610719474099,0.007998103739853626,4.670620488278969,0.013888845422041836,50
WestSiberia_Neolithic,ANC_Africa,R,-0.09367873763633772,0.23252091847765727,-0.40288305348896697,0.48184189781582604,50
WestSiberia_Neolithic,PD_French,D_VA,-0.004861787838102927,0.00585920192135947,-0.8297696347312229,0.01743458302862125,50
WestSiberia_Neolithic,PD_French,R,-0.3562938156027198,0.18982401997583126,-1.8769690771909886,0.4972737000183407,50
WestSiberia_Neolithic,PD_Sardinian,D_VA,-0.002642207688108064,0.006208768298591897,-0.42556068467030694,0.01729697879422967,50
WestSiberia_Neolithic,PD_Sardinian,R,-0.32550531547506045,0.1655366429268233,-1.966364121682427,0.48365028931734405,50
WestSiberia_Neolithic,PD_Basque,D_VA,-0.007527074345847012,0.006444974768030139,-1.1678981868454406,0.01666212349765501,50
WestSiberia_Neolithic,PD_Basque,R,-0.3837439494988488,0.15193945810520137,-2.525637212903236,0.46375848237789924,50
WestSiberia_Neolithic,PD_Russian,D_VA,-0.004341369294184758,0.005011251082057681,-0.8663244413612854,0.016136797676622405,50
WestSiberia_Neolithic,PD_Russian,R,-0.29483956275560885,0.13397248257686764,-2.2007471764691875,0.45827737505941024,50
WestSiberia_Neolithic,PD_Han,D_VA,-0.0015644065930734974,0.007265347668541312,-0.2153243952587872,0.0166783892737227,50
WestSiberia_Neolithic,PD_Han,R,-0.24298808043811193,0.22079218713967919,-1.1005284362004668,0.46313447747758996,50
WestSiberia_Neolithic,PD_Japanese,D_VA,-0.003467622640500073,0.00834408346371315,-0.4155786139460508,0.016844365921110202,50
WestSiberia_Neolithic,PD_Japanese,R,-0.37939419461184576,0.21713266301489337,-1.7472921362633622,0.46775960287282853,50
WestSiberia_Neolithic,PD_Dai,D_VA,0.006274518899795398,0.007588977385879906,0.8267937273696193,0.017050398267728074,50
WestSiberia_Neolithic,PD_Dai,R,-0.06076928724278563,0.22837400035027855,-0.26609547124269006,0.463679406143192,50
WestSiberia_Neolithic,PD_Papuan,D_VA,0.00012047570184949008,0.014061620676467145,0.008567696755688513,0.020501428951038198,50
WestSiberia_Neolithic,PD_Papuan,R,0.21615051049849754,0.2840987280538034,0.7608288568527571,0.4482121090655558,50
WestSiberia_Neolithic,PD_Karitiana,D_VA,-0.02775089013715913,0.011034784436554784,-2.5148556636257546,0.01841683631333163,50
WestSiberia_Neolithic,PD_Karitiana,R,-0.42763474986974126,0.2941046617697773,-1.4540223446185638,0.46686205647348983,50
WestSiberia_Neolithic,PD_Mixe,D_VA,-0.024232367772981905,0.010222910577189496,-2.370398096511954,0.019229565997499563,50
WestSiberia_Neolithic,PD_Mixe,R,-0.6135073237966491,0.2948356631671242,-2.080845028061919,0.5290381611454588,50
WestSiberia_Neolithic,PD_Mbuti,D_VA,0.09081946099503688,0.012969717321731878,7.002424088523584,0.0145031047035842,50
WestSiberia_Neolithic,PD_Mbuti,R,-1.3241051327456816,2.251159452821722,-0.5881880695238973,2.2015032767791403,50
WestSiberia_Neolithic,PD_Biaka,D_VA,0.07880199305048072,0.012811580980395771,6.150840647306777,0.01375727855733645,50
WestSiberia_Neolithic,PD_Biaka,R,0.08323386311608272,1.901190114165211,0.04377987372011435,1.8295197345382308,50
WestSiberia_Neolithic,PD_Juhoan,D_VA,0.0964355037759631,0.015434659333412391,6.247983949163233,0.015798658732290898,50
WestSiberia_Neolithic,PD_Juhoan,R,5.385939429980539,3.4626546523808304,1.5554364990679357,3.4424340983346053,50
WestSiberia_Neolithic,PD_Mandenka,D_VA,0.06864797780395458,0.011878018500986442,5.779413274887013,0.013172359144382117,50
WestSiberia_Neolithic,PD_Mandenka,R,5.55178618981172,12.230527634277022,0.45392859211179076,12.181641293320082,50
WestSiberia_Neolithic,PD_Mende,D_VA,0.07407351751469188,0.012744544591485435,5.812174533421933,0.012572053528161887,50
WestSiberia_Neolithic,PD_Mende,R,0.8247620354648971,3.0905319216396077,0.2668673407609844,3.056676061368315,50
WestSiberia_Neolithic,PD_Esan,D_VA,0.07241527120013645,0.01274997184810211,5.679641654339479,0.012309920934317955,50
WestSiberia_Neolithic,PD_Esan,R,-0.012086583544285823,9.0007081871913,-0.0013428480618320633,9.021258540601915,50
WestSiberia_Neolithic,PD_Gambian,D_VA,0.0726183262670165,0.012107187972625194,5.997951500481306,0.01249027630464352,50
WestSiberia_Neolithic,PD_Gambian,R,1.0428223868608117,1.9451786886695164,0.5361062163261167,1.9817756179604318,50
WestSiberia_Neolithic,PD_Luhya,D_VA,0.0672928911694513,0.011368332817249277,5.91932803615207,0.012644583503899342,50
WestSiberia_Neolithic,PD_Luhya,R,-1.556397837369053,4.080445556296462,-0.3814284042994774,4.160176127816364,50
ANC_Americas,ANC_Oceania,D_VA,0.009535957362739031,0.009280776412537052,1.0274956467927903,0.017898926527292344,50
ANC_Americas,ANC_Oceania,R,0.20807416405403512,0.19689832306014965,1.0567594523924484,0.41181509254241117,50
ANC_Americas,ANC_Africa,D_VA,0.04792957251373947,0.01008943788519134,4.7504700518636,0.014595149060835363,50
ANC_Americas,ANC_Africa,R,0.13559667485556215,0.3155511794417646,0.4297137316851218,0.4719282055983348,50
ANC_Americas,PD_French,D_VA,0.005711677480895558,0.00891884359364673,0.6404056109879792,0.018002306361478215,50
ANC_Americas,PD_French,R,-0.1270184031108199,0.2898692110879092,-0.4381921164862825,0.48767381463272963,50
ANC_Americas,PD_Sardinian,D_VA,0.00793125763089042,0.008808344680376192,0.9004254395902781,0.01786907452440282,50
ANC_Americas,PD_Sardinian,R,-0.09622990298316059,0.2753146420185514,-0.34952700763614447,0.473774439058565,50
ANC_Americas,PD_Basque,D_VA,0.003046390973151472,0.009229247751413277,0.33008009484683926,0.017255280594697324,50
ANC_Americas,PD_Basque,R,-0.15446853700694896,0.26452940166330796,-0.5839371201676702,0.4534496077029503,50
ANC_Americas,PD_Russian,D_VA,0.006232096024813727,0.007797600470649612,0.7992325393268752,0.016748569736155895,50
ANC_Americas,PD_Russian,R,-0.06556415026370899,0.23860764739354703,-0.2747780759749535,0.44784234864497857,50
ANC_Americas,PD_Han,D_VA,0.009009058725924987,0.007409693280074632,1.215847726133442,0.017270987745825635,50
ANC_Americas,PD_Han,R,-0.013712667946212065,0.19477163237601597,-0.07040382513064891,0.4528113966950782,50
ANC_Americas,PD_Japanese,D_VA,0.007105842678498411,0.008070484695758532,0.880472852173663,0.017431322733369652,50
ANC_Americas,PD_Japanese,R,-0.1501187821199459,0.20779188023472622,-0.7224477777975177,0.4575408865098872,50
ANC_Americas,PD_Dai,D_VA,0.016847984218793882,0.008758564783197347,1.9236010277751765,0.017630497158015013,50
ANC_Americas,PD_Dai,R,0.16850612524911424,0.22770187242889167,0.7400295985784504,0.4533687334056137,50
ANC_Americas,PD_Papuan,D_VA,0.010693941020847975,0.01390152227821061,0.7692640278403012,0.020986351230861885,50
ANC_Americas,PD_Papuan,R,0.4454259229903974,0.25253924469271843,1.7637889252911056,0.4375370972403379,50
ANC_Americas,PD_Karitiana,D_VA,-0.017177424818160647,0.007573885670790286,-2.2679804745941317,0.01895516311569704,50
ANC_Americas,PD_Karitiana,R,-0.1983593373778414,0.18522685738479808,-1.070899437470676,0.4566232544704258,50
ANC_Americas,PD_Mixe,D_VA,-0.01365890245398342,0.007469945288456073,-1.828514390204659,0.019745747830933684,50
ANC_Americas,PD_Mixe,R,-0.3842319113047492,0.22123676996026753,-1.7367452588182082,0.5200249923769776,50
ANC_Americas,PD_Mbuti,D_VA,0.10139292631403536,0.01383848141852972,7.3268824264395285,0.015180856200944568,50
ANC_Americas,PD_Mbuti,R,-1.0948297202537818,2.2480514973789334,-0.48701274037995773,2.199354745014501,50
ANC_Americas,PD_Biaka,D_VA,0.0893754583694792,0.013039234560482369,6.854348539779077,0.014470005606591181,50
ANC_Americas,PD_Biaka,R,0.3125092756079826,1.9211517729099843,0.1626676663523685,1.8269337907579863,50
ANC_Americas,PD_Juhoan,D_VA,0.10700896909496158,0.016425560497105328,6.514783414168408,0.016423031592553865,50
ANC_Americas,PD_Juhoan,R,5.615214842472438,3.432091405036748,1.6360912865641803,3.441060467083555,50
ANC_Americas,PD_Mandenka,D_VA,0.07922144312295307,0.012006956285886434,6.5979621509969055,0.013915077950885438,50
ANC_Americas,PD_Mandenka,R,5.78106160230362,12.221349460219084,0.47302972729166903,12.181253187413414,50
ANC_Americas,PD_Mende,D_VA,0.08464698283369036,0.01355159545897408,6.24627432909649,0.013348216317755667,50
ANC_Americas,PD_Mende,R,1.054037447956797,3.0781018109316762,0.3424309891938767,3.0551289925125293,50
ANC_Americas,PD_Esan,D_VA,0.08298873651913494,0.013409887661039949,6.188622799596152,0.013101622127041763,50
ANC_Americas,PD_Esan,R,0.21718882894761404,8.977962360520786,0.024191327633836898,9.020734464173719,50
ANC_Americas,PD_Gambian,D_VA,0.08319179158601499,0.012832045843908423,6.483127678779877,0.013271222668502336,50
ANC_Americas,PD_Gambian,R,1.2720977993527116,1.9393604291905746,0.6559367615248515,1.9793885966860976,50
ANC_Americas,PD_Luhya,D_VA,0.07786635648844978,0.012310809635170245,6.325039440622702,0.013416551007532236,50
ANC_Americas,PD_Luhya,R,-1.3271224248771532,4.109970805760059,-0.32290312695584406,4.1590395563401,50
ANC_Oceania,ANC_Africa,D_VA,0.03839361515100044,0.009575731009493499,4.009470933648464,0.014172541339491288,50
ANC_Oceania,ANC_Africa,R,-0.07247748919847297,0.2657299920618129,-0.2727486221488073,0.45935023447678985,50
ANC_Oceania,PD_French,D_VA,-0.003824279881843473,0.009863404561831613,-0.387724122828975,0.017661415182371576,50
ANC_Oceania,PD_French,R,-0.335092567164855,0.27314617920468964,-1.22678841102787,0.47551251944933637,50
ANC_Oceania,PD_Sardinian,D_VA,-0.0016046997318486106,0.009056361541470095,-0.1771903346062887,0.017525592037653047,50
ANC_Oceania,PD_Sardinian,R,-0.3043040670371957,0.2437748512347963,-1.2482996728161246,0.4612468165525649,50
ANC_Oceania,PD_Basque,D_VA,-0.006489566389587559,0.009466882187247278,-0.68550197004982,0.016899327214813145,50
ANC_Oceania,PD_Basque,R,-0.3625427010609841,0.24182280172785395,-1.4992080915057284,0.44034413065303496,50
ANC_Oceania,PD_Russian,D_VA,-0.003303861337925304,0.009176578433791379,-0.36003194020108065,0.016381609814620276,50
ANC_Oceania,PD_Russian,R,-0.2736383143177441,0.2502204076497581,-1.093589115643856,0.4345678035870446,50
ANC_Oceania,PD_Han,D_VA,-0.0005268986368140438,0.006230844934271414,-0.08456295131274282,0.016915364897868608,50
ANC_Oceania,PD_Han,R,-0.22178683200024718,0.17335081832219376,-1.2794103549487095,0.4396868972934776,50
ANC_Oceania,PD_Japanese,D_VA,-0.0024301146842406196,0.006444593496017224,-0.377078040025711,0.01707903873602012,50
ANC_Oceania,PD_Japanese,R,-0.358192946173981,0.19412635701833347,-1.8451535982831684,0.4445560364035912,50
ANC_Oceania,PD_Dai,D_VA,0.007312026856054851,0.006003989850705149,1.217861295217892,0.017282273633708083,50
ANC_Oceania,PD_Dai,R,-0.03956803880492088,0.1779272395352088,-0.22238325569644457,0.44026084893438805,50
ANC_Oceania,PD_Papuan,D_VA,0.0011579836581089437,0.011984006018847597,0.09662742627863745,0.02069467298356474,50
ANC_Oceania,PD_Papuan,R,0.2373517589363623,0.21064100364068866,1.126807007344291,0.42393999355583156,50
ANC_Oceania,PD_Karitiana,D_VA,-0.026713382180899678,0.012667180312524291,-2.1088657082182394,0.01863171384103641,50
ANC_Oceania,PD_Karitiana,R,-0.4064335014318765,0.2990738778625073,-1.3589735898590432,0.44361154538377473,50
ANC_Oceania,PD_Mixe,D_VA,-0.023194859816722452,0.012946846993981758,-1.7915450632501029,0.019435460100404322,50
ANC_Oceania,PD_Mixe,R,-0.5923060753587843,0.34625601076145046,-1.7106015692153502,0.5086377879899342,50
ANC_Oceania,PD_Mbuti,D_VA,0.09185696895129633,0.01233383228690064,7.447561051146659,0.01477501089357782,50
ANC_Oceania,PD_Mbuti,R,-1.302903884307817,2.2805820577972056,-0.5713032249171864,2.19669016957158,50
ANC_Oceania,PD_Biaka,D_VA,0.07983950100674017,0.012899281166240423,6.189453503478434,0.014043632513219875,50
ANC_Oceania,PD_Biaka,R,0.10443511155394747,1.8868630336263499,0.05534853865531209,1.8237251663800562,50
ANC_Oceania,PD_Juhoan,D_VA,0.09747301173222256,0.01526996517092449,6.383315917302858,0.016048629804491364,50
ANC_Oceania,PD_Juhoan,R,5.407140678418403,3.4396867542759675,1.5719863652399861,3.4393580134670354,50
ANC_Oceania,PD_Mandenka,D_VA,0.06968548576021404,0.01258847035364866,5.535659520381386,0.013471152374270148,50
ANC_Oceania,PD_Mandenka,R,5.5729874382495845,12.217897397389274,0.45613310187401174,12.180772373808818,50
ANC_Oceania,PD_Mende,D_VA,0.07511102547095133,0.01306734305209477,5.747995225311744,0.012884775154312349,50
ANC_Oceania,PD_Mende,R,0.8459632839027619,3.0717364654118726,0.27540229880668854,3.053211353241901,50
ANC_Oceania,PD_Esan,D_VA,0.0734527791563959,0.013189623120667172,5.56898241021768,0.012629135135525967,50
ANC_Oceania,PD_Esan,R,0.009114664893578928,9.010963066276032,0.001011508406653114,9.020085181405225,50
ANC_Oceania,PD_Gambian,D_VA,0.07365583422327596,0.012349643398199587,5.96420737411851,0.01280499523735001,50
ANC_Oceania,PD_Gambian,R,1.0640236352986765,1.945137849485571,0.5470170844601466,1.9764274900348802,50
ANC_Oceania,PD_Luhya,D_VA,0.06833039912571075,0.012142580938253041,5.627337340651194,0.012955554517244732,50
ANC_Oceania,PD_Luhya,R,-1.5351965889311883,4.131839612281274,-0.3715528028648659,4.157631108922036,50
ANC_Africa,PD_French,D_VA,-0.04221789503284391,0.007311969856751353,-5.773805945584269,0.01430288053235078,50
ANC_Africa,PD_French,R,-0.26261507796638206,0.19184442860094694,-1.3688960366560563,0.5284285353258329,50
ANC_Africa,PD_Sardinian,D_VA,-0.03999831488284905,0.00761298004657005,-5.253962920981237,0.014134821595932568,50
ANC_Africa,PD_Sardinian,R,-0.23182657783872274,0.19151651359037822,-1.2104782689108522,0.5156289233290011,50
ANC_Africa,PD_Basque,D_VA,-0.044883181540588,0.007314157680343568,-6.136479893126901,0.01335043316120934,50
ANC_Africa,PD_Basque,R,-0.2900652118625111,0.21315843156334807,-1.3607963322638132,0.49701862560081855,50
ANC_Africa,PD_Russian,D_VA,-0.041697476488925744,0.006661310754786104,-6.25965039372565,0.012688733009920933,50
ANC_Africa,PD_Russian,R,-0.20116082511927114,0.23185903398798663,-0.8675996861510858,0.4919082604592219,50
ANC_Africa,PD_Han,D_VA,-0.038920513787814484,0.008211248762579297,-4.739901921518313,0.01337072828632155,50
ANC_Africa,PD_Han,R,-0.14930934280177421,0.2668661321131114,-0.5594915383960725,0.496436429409763,50
ANC_Africa,PD_Japanese,D_VA,-0.04082372983524106,0.008810851498601597,-4.63334671362017,0.013577200352984027,50
ANC_Africa,PD_Japanese,R,-0.28571545697550804,0.28894978627233137,-0.9888066042943011,0.5007540616873922,50
ANC_Africa,PD_Dai,D_VA,-0.03108158829494559,0.008875560345434876,-3.5019296906625543,0.013831984211563987,50
ANC_Africa,PD_Dai,R,0.03290945039355209,0.25661860296985856,0.12824265276441205,0.49694484190700433,50
ANC_Africa,PD_Papuan,D_VA,-0.0372356314928915,0.01420684201869703,-2.620964704463331,0.017914136741000893,50
ANC_Africa,PD_Papuan,R,0.30982924813483526,0.3389783206555266,0.9140090361403586,0.48254500197356515,50
ANC_Africa,PD_Karitiana,D_VA,-0.06510699733190012,0.012138590981482154,-5.363637133109035,0.01548507558692761,50
ANC_Africa,PD_Karitiana,R,-0.33395601223340354,0.3694048558600603,-0.9040379598039565,0.4999157568944295,50
ANC_Africa,PD_Mixe,D_VA,-0.06158847496772289,0.012718535125862764,-4.842418907385376,0.016443354724416857,50
ANC_Africa,PD_Mixe,R,-0.5198285861603114,0.4038474321222883,-1.2871905200152494,0.5584236386157402,50
ANC_Africa,PD_Mbuti,D_VA,0.05346335380029589,0.008434305010986772,6.338797770610971,0.01053317388938097,50
ANC_Africa,PD_Mbuti,R,-1.230426395109344,2.327509070579905,-0.5286451557427357,2.20874902645954,50
ANC_Africa,PD_Biaka,D_VA,0.04144588585573973,0.008418837725264867,4.9229937918105895,0.009480001025578012,50
ANC_Africa,PD_Biaka,R,0.17691260075242043,1.9405354532738934,0.09116689955545502,1.8382323148289808,50
ANC_Africa,PD_Juhoan,D_VA,0.05907939658122211,0.010297431387781691,5.737294511262502,0.012255828159704357,50
ANC_Africa,PD_Juhoan,R,5.479618167616876,3.456387891227883,1.5853597281496783,3.4470723963377186,50
ANC_Africa,PD_Mandenka,D_VA,0.031291870609213596,0.007349033047884424,4.257957530647059,0.008609224794916092,50
ANC_Africa,PD_Mandenka,R,5.6454649274480575,12.239849210459512,0.46123647688598557,12.182952851560152,50
ANC_Africa,PD_Mende,D_VA,0.03671741031995089,0.007355202921574753,4.992032267695706,0.0076592581922650055,50
ANC_Africa,PD_Mende,R,0.9184407731012348,3.156731666493939,0.29094673546368033,3.061898778267954,50
ANC_Africa,PD_Esan,D_VA,0.03505916400539547,0.007647080212951669,4.584647084781017,0.007220932041639103,50
ANC_Africa,PD_Esan,R,0.0815921540920519,9.017910744897288,0.009047789050054655,9.023029493501596,50
ANC_Africa,PD_Gambian,D_VA,0.03526221907227552,0.006790567945655577,5.192823244605828,0.00752427460338538,50
ANC_Africa,PD_Gambian,R,1.1365011244971495,1.9150017494733433,0.593472629886477,1.989821646318867,50
ANC_Africa,PD_Luhya,D_VA,0.029936783974710304,0.006152430415626704,4.865846820253855,0.007777737339862678,50
ANC_Africa,PD_Luhya,R,-1.4627190997327153,4.024513752195189,-0.363452379541471,4.164015009419374,50
PD_French,PD_Sardinian,D_VA,0.0022195801499948625,0.0050985978629229005,0.43533147929466864,0.017631161044394023,50
PD_French,PD_Sardinian,R,0.030788500127659324,0.16991401885825896,0.1812004702998807,0.5300780176658892,50
PD_French,PD_Basque,D_VA,-0.0026652865077440857,0.005188393403395996,-0.5137016992581088,0.017008783725370655,50
PD_French,PD_Basque,R,-0.027450133896129048,0.144660620247191,-0.18975540025490847,0.5119931956904314,50
PD_French,PD_Russian,D_VA,0.0005204185439181691,0.005034534519152557,0.1033697439035077,0.01649450222412222,50
PD_French,PD_Russian,R,0.061454252847110924,0.16038090796180746,0.3831768608127934,0.5070337808738107,50
PD_French,PD_Han,D_VA,0.0032973812450294293,0.007595299932947729,0.4341344349978446,0.017024718298143875,50
PD_French,PD_Han,R,0.11330573516460785,0.247478993652166,0.45783980891671194,0.5114280464388792,50
PD_French,PD_Japanese,D_VA,0.0013941651976028535,0.008274119435776956,0.16849710817256758,0.01718735080370402,50
PD_French,PD_Japanese,R,-0.023100379009125982,0.24616315526102653,-0.09384174079435567,0.5156201591633073,50
PD_French,PD_Dai,D_VA,0.011136306737898324,0.008475707547416245,1.3139088006042803,0.017389319867478173,50
PD_French,PD_Dai,R,0.29552452835993415,0.2440107241994454,1.2111128694425055,0.511921570298763,50
PD_French,PD_Papuan,D_VA,0.004982263539952417,0.014322096957947422,0.34787249064025694,0.02078415149578625,50
PD_French,PD_Papuan,R,0.5724443261012173,0.3275825993454742,1.7474808712214527,0.49795501520603425,50
PD_French,PD_Karitiana,D_VA,-0.022889102299056205,0.012421790270159948,-1.8426572821826812,0.01873104973452842,50
PD_French,PD_Karitiana,R,-0.07134093426702148,0.36558214641761366,-0.19514337602670276,0.5148060627367398,50
PD_French,PD_Mixe,D_VA,-0.01937057993487898,0.011285423037281427,-1.7164247960300834,0.019530708456620763,50
PD_French,PD_Mixe,R,-0.2572135081939293,0.3567065155737491,-0.7210788055839433,0.5717923385321078,50
PD_French,PD_Mbuti,D_VA,0.0956812488331398,0.012384446719895742,7.725920341635197,0.014900080885970139,50
PD_French,PD_Mbuti,R,-0.9678113171429619,2.3018986878003473,-0.42044044869228575,2.212166761373369,50
PD_French,PD_Biaka,D_VA,0.08366378088858364,0.013074338864642631,6.399083101237217,0.014175157059781588,50
PD_French,PD_Biaka,R,0.4395276787188025,1.9539902738644401,0.22493851919208432,1.842337526492007,50
PD_French,PD_Juhoan,D_VA,0.10129729161406603,0.014974239315012742,6.764770448974211,0.016163847998070198,50
PD_French,PD_Juhoan,R,5.742233245583258,3.4462390926671476,1.6662318229171884,3.449263345097419,50
PD_French,PD_Mandenka,D_VA,0.07350976564205751,0.01193747720307122,6.157897886761639,0.01360821111659845,50
PD_French,PD_Mandenka,R,5.90808000541444,12.230290007634078,0.4830694939961889,12.183572944812898,50
PD_French,PD_Mende,D_VA,0.0789353053527948,0.012968303405408515,6.086787368027982,0.01302800423243308,50
PD_French,PD_Mende,R,1.181055851067617,3.143413396582071,0.3757239987434726,3.064365129451444,50
PD_French,PD_Esan,D_VA,0.07727705903823938,0.01324363059154652,5.83503583130488,0.012775230634884284,50
PD_French,PD_Esan,R,0.34420723205843395,9.010948923980372,0.03819877739428897,9.023866729891285,50
PD_French,PD_Gambian,D_VA,0.07748011410511943,0.012380028406741773,6.258476278045227,0.012949106785090076,50
PD_French,PD_Gambian,R,1.3991162024635315,1.937054257033302,0.7222906624238548,1.9936147326899196,50
PD_French,PD_Luhya,D_VA,0.07215467900755422,0.011604203918045878,6.217977512041593,0.01309800963323855,50
PD_French,PD_Luhya,R,-1.2001040217663332,4.078316701391315,-0.2942645482526942,4.165828911142295,50
PD_Sardinian,PD_Basque,D_VA,-0.004884866657738948,0.005789091075881546,-0.8438054599089365,0.016867706241293638,50
PD_Sardinian,PD_Basque,R,-0.05823863402378837,0.1706578865170023,-0.34125955273673314,0.49877199406153544,50
PD_Sardinian,PD_Russian,D_VA,-0.0016991616060766934,0.005450758383014908,-0.31172939372463215,0.01634898754197689,50
PD_Sardinian,PD_Russian,R,0.0306657527194516,0.1758886896706586,0.17434749657224377,0.4936797793853941,50
PD_Sardinian,PD_Han,D_VA,0.0010778010950345668,0.007989682796051199,0.13489910958258025,0.01688377396073809,50
PD_Sardinian,PD_Han,R,0.08251723503694852,0.24738733847349345,0.33355480335461835,0.4981918468934516,50
PD_Sardinian,PD_Japanese,D_VA,-0.000825414952392009,0.008609673595337475,-0.09587064402058264,0.01704775110317276,50
PD_Sardinian,PD_Japanese,R,-0.053888879136785306,0.24761066001524046,-0.21763553771662514,0.5024943961502599,50
PD_Sardinian,PD_Dai,D_VA,0.008916726587903462,0.008991341348951508,0.9917014872250682,0.017251354598396433,50
PD_Sardinian,PD_Dai,R,0.2647360282322748,0.24885722006869762,1.0638069016410046,0.49869846978306565,50
PD_Sardinian,PD_Papuan,D_VA,0.0027626833899575542,0.013218069631565224,0.20900808264469778,0.02066885926765037,50
PD_Sardinian,PD_Papuan,R,0.541655825973558,0.3085402465145848,1.7555435055632322,0.4843507683442463,50
PD_Sardinian,PD_Karitiana,D_VA,-0.025108682449051067,0.012836466861980318,-1.9560431011915906,0.018603037767620637,50
PD_Sardinian,PD_Karitiana,R,-0.10212943439468081,0.35685310677204424,-0.2861946062863354,0.5016589995777252,50
PD_Sardinian,PD_Mixe,D_VA,-0.02159016008487384,0.011783433958361645,-1.8322468782161114,0.01940797163135964,50
PD_Sardinian,PD_Mixe,R,-0.2880020083215886,0.3616027496517251,-0.796459674598646,0.5599847748205627,50
PD_Sardinian,PD_Mbuti,D_VA,0.09346166868314494,0.012879925775395798,7.256382553204029,0.014738833075742306,50
PD_Sardinian,PD_Mbuti,R,-0.9985998172706212,2.2626322994529544,-0.4413442774206205,2.2091442347098935,50
PD_Sardinian,PD_Biaka,D_VA,0.08144420073858878,0.013162175875129465,6.187745970822449,0.014005565597133824,50
PD_Sardinian,PD_Biaka,R,0.40873917859114317,1.930033571621544,0.2117782740161019,1.838707162967368,50
PD_Sardinian,PD_Juhoan,D_VA,0.09907771146407116,0.015252148306293815,6.495984006606245,0.016015329285745603,50
PD_Sardinian,PD_Juhoan,R,5.711444745455599,3.4901538678116633,1.6364449711315139,3.447325643663426,50
PD_Sardinian,PD_Mandenka,D_VA,0.07129018549206265,0.011852557163668507,6.014751458916186,0.013431463055827403,50
PD_Sardinian,PD_Mandenka,R,5.87729150528678,12.236786824566067,0.4802969594508072,12.183024508356027,50
PD_Sardinian,PD_Mende,D_VA,0.07671572520279994,0.012981680216068584,5.909537434749167,0.01284327389361595,50
PD_Sardinian,PD_Mende,R,1.1502673509399575,3.1161234298101235,0.3691340785592846,3.062183880211112,50
PD_Sardinian,PD_Esan,D_VA,0.07505747888824452,0.01303513453896895,5.758090080609279,0.012586791004883994,50
PD_Sardinian,PD_Esan,R,0.31341873193077463,8.983697224065997,0.03488749944634957,9.023126244737224,50
PD_Sardinian,PD_Gambian,D_VA,0.07526053395512457,0.012371157945286987,6.0835480630005545,0.012763234564866721,50
PD_Sardinian,PD_Gambian,R,1.3683277023358722,1.9527789953277737,0.7007079170811127,1.9902603277021624,50
PD_Sardinian,PD_Luhya,D_VA,0.06993509885755936,0.011546563390934881,6.056789062662998,0.012914280714718594,50
PD_Sardinian,PD_Luhya,R,-1.2308925218939926,4.059269783997423,-0.30323003579275626,4.164224656107764,50
PD_Basque,PD_Russian,D_VA,0.003185705051662255,0.005146794470365124,0.6189687717287561,0.01567578634999826,50
PD_Basque,PD_Russian,R,0.08890438674323997,0.15876342418021375,0.5599802801073617,0.4742088697975957,50
PD_Basque,PD_Han,D_VA,0.005962667752773515,0.008407090698126308,0.7092427055773786,0.01623276646786905,50
PD_Basque,PD_Han,R,0.1407558690607369,0.25545242778773103,0.5510061903882096,0.4789044204554913,50
PD_Basque,PD_Japanese,D_VA,0.004059451705346939,0.009180906077937869,0.44216242611412665,0.016403252778604743,50
PD_Basque,PD_Japanese,R,0.0043497548870030656,0.2539597552101546,0.017127733027635,0.48337867741876656,50
PD_Basque,PD_Dai,D_VA,0.01380159324564241,0.008988230008168507,1.5355184761737868,0.016614756077736745,50
PD_Basque,PD_Dai,R,0.3229746622560632,0.24015008787658668,1.3448867127712238,0.4794314251117389,50
PD_Basque,PD_Papuan,D_VA,0.0076475500476965025,0.013729720191684983,0.5570069849149603,0.020140571676817237,50
PD_Basque,PD_Papuan,R,0.5998944599973464,0.3022431181959031,1.9848076726382777,0.4644889604892278,50
PD_Basque,PD_Karitiana,D_VA,-0.02022381579131212,0.012983610061133426,-1.5576419575209153,0.01801426929482837,50
PD_Basque,PD_Karitiana,R,-0.043890800370892435,0.3509634904426233,-0.12505802331615418,0.4825101858800762,50
PD_Basque,PD_Mixe,D_VA,-0.016705293427134893,0.0120005261349815,-1.3920467518869035,0.018844369102910735,50
PD_Basque,PD_Mixe,R,-0.22976337429780025,0.3440183309072532,-0.6678811960161044,0.5428971133203215,50
PD_Basque,PD_Mbuti,D_VA,0.09834653534088389,0.012254812172779189,8.02513608159043,0.013988355317108288,50
PD_Basque,PD_Mbuti,R,-0.9403611832468328,2.292603440928937,-0.4101717577749988,2.2048747305397334,50
PD_Basque,PD_Biaka,D_VA,0.08632906739632773,0.012696203281428068,6.799597130160115,0.013213506413465534,50
PD_Basque,PD_Biaka,R,0.46697781261493154,1.9364695576437205,0.24114905952001958,1.8335752940002787,50
PD_Basque,PD_Juhoan,D_VA,0.10396257812181012,0.015164184373780103,6.855797552921371,0.015327480424842726,50
PD_Basque,PD_Juhoan,R,5.769683379479387,3.463593678924529,1.6658083812160427,3.444591183446906,50
PD_Basque,PD_Mandenka,D_VA,0.0761750521498016,0.01128464255948496,6.750329197248255,0.012603375891527345,50
PD_Basque,PD_Mandenka,R,5.935530139310568,12.22861482369613,0.4853804151071085,12.182251043991187,50
PD_Basque,PD_Mende,D_VA,0.08160059186053889,0.012197100024028325,6.690163374883002,0.011974580090738601,50
PD_Basque,PD_Mende,R,1.2085059849637458,3.1084659763552525,0.3887789006398413,3.059105170445352,50
PD_Basque,PD_Esan,D_VA,0.07994234554598346,0.01210306779912142,6.605130771207165,0.011699067990387309,50
PD_Basque,PD_Esan,R,0.371657365954563,8.977173650475796,0.041400264763160166,9.022081885911165,50
PD_Basque,PD_Gambian,D_VA,0.08014540061286352,0.0111801825867576,7.168523411039098,0.011888693813909284,50
PD_Basque,PD_Gambian,R,1.4265663363596606,1.9320554916497266,0.7383671651902486,1.9855202088233252,50
PD_Basque,PD_Luhya,D_VA,0.0748199655152983,0.010712154795416784,6.984585916113738,0.012050706635779864,50
PD_Basque,PD_Luhya,R,-1.1726538878702042,4.079515852043821,-0.28744927839481477,4.161961234100641,50
PD_Russian,PD_Han,D_VA,0.00277696270111126,0.007523028812627628,0.3691282820092415,0.01569307449181049,50
PD_Russian,PD_Han,R,0.05185148231749692,0.24823827855364933,0.20887786774709996,0.4735986343368201,50
PD_Russian,PD_Japanese,D_VA,0.0008737466536846844,0.008092799838636712,0.10796592911061953,0.015869359833463458,50
PD_Russian,PD_Japanese,R,-0.0845546318562369,0.24406547021364333,-0.3464424188404111,0.47812254527161446,50
PD_Russian,PD_Dai,D_VA,0.010615888193980155,0.00832303771840195,1.2754824083650123,0.016087883618668718,50
PD_Russian,PD_Dai,R,0.23407027551282322,0.25274696120568607,0.9261052018043306,0.47413153649442463,50
PD_Russian,PD_Papuan,D_VA,0.004461844996034248,0.012889096516971302,0.34617205249097616,0.019708183763963435,50
PD_Russian,PD_Papuan,R,0.5109900732541064,0.28290791083538785,1.8062063791189986,0.4590165758774452,50
PD_Russian,PD_Karitiana,D_VA,-0.023409520842974374,0.011062814780998595,-2.116054666591941,0.017529511631295815,50
PD_Russian,PD_Karitiana,R,-0.1327951871141324,0.306169555441643,-0.43373086825232576,0.477244488697268,50
PD_Russian,PD_Mixe,D_VA,-0.019890998478797148,0.011173669636029119,-1.7801670468812947,0.0183815158975498,50
PD_Russian,PD_Mixe,R,-0.3186677610410402,0.319038770760193,-0.9988371014649137,0.5382225359137511,50
PD_Russian,PD_Mbuti,D_VA,0.09516083028922163,0.01155121967491222,8.238162979092056,0.013358291967269276,50
PD_Russian,PD_Mbuti,R,-1.0292655699900728,2.2639442469718047,-0.4546337973502628,2.203728386141666,50
PD_Russian,PD_Biaka,D_VA,0.08314336234466548,0.011827375787317726,7.0297387890404694,0.01254458574620278,50
PD_Russian,PD_Biaka,R,0.37807342587169157,1.9176822517664527,0.19715123583348246,1.8321966546422082,50
PD_Russian,PD_Juhoan,D_VA,0.10077687307014785,0.014673881430844301,6.867772071424553,0.014754712331288472,50
PD_Russian,PD_Juhoan,R,5.680778992736148,3.4443982791284897,1.649280522278484,3.443857523707107,50
PD_Russian,PD_Mandenka,D_VA,0.07298934709813934,0.010470504680999696,6.970948327886188,0.011900208555662872,50
PD_Russian,PD_Mandenka,R,5.846625752567329,12.218612585137885,0.47850160661275687,12.182043618430292,50
PD_Russian,PD_Mende,D_VA,0.07841488680887664,0.011509551704538665,6.813027025019106,0.011232116815393812,50
PD_Russian,PD_Mende,R,1.1196015982205059,3.09947921133107,0.36122248993555706,3.0582790367066535,50
PD_Russian,PD_Esan,D_VA,0.07675664049432121,0.011447359936192884,6.705182760231144,0.0109379189816365,50
PD_Russian,PD_Esan,R,0.28275297921132303,9.021320989838431,0.03134274675846414,9.021801803331764,50
PD_Russian,PD_Gambian,D_VA,0.07695969556120126,0.010698106785662773,7.193767748172036,0.011140508085631643,50
PD_Russian,PD_Gambian,R,1.3376619496164206,1.9531850695745543,0.6848618548511597,1.9842471424093602,50
PD_Russian,PD_Luhya,D_VA,0.07163426046363605,0.010090186822718757,7.099398824048187,0.011313240483025542,50
PD_Russian,PD_Luhya,R,-1.2615582746134442,4.112238959263446,-0.30678136341556506,4.161354050867388,50
PD_Han,PD_Japanese,D_VA,-0.0019032160474265758,0.0032698723223596135,-0.5820459821664145,0.016419774999479303,50
PD_Han,PD_Japanese,R,-0.13640611417373383,0.10556081608407242,-1.292204051028699,0.48278003276244136,50
PD_Han,PD_Dai,D_VA,0.007838925492868895,0.004191770955706793,1.8700748623196515,0.016631068180889986,50
PD_Han,PD_Dai,R,0.1822187931953263,0.13313489905966663,1.3686778934925388,0.4788278455099086,50
PD_Han,PD_Papuan,D_VA,0.0016848822949229875,0.013437327337295012,0.1253882005424273,0.020154030286365403,50
PD_Han,PD_Papuan,R,0.45913859093660947,0.2794834052444918,1.6428116386193146,0.463865938248705,50
PD_Han,PD_Karitiana,D_VA,-0.026186483544085634,0.011309473864183173,-2.3154466652085017,0.018029315226633466,50
PD_Han,PD_Karitiana,R,-0.18464666943162933,0.29611015873961627,-0.6235742475623672,0.4819104623568715,50
PD_Han,PD_Mixe,D_VA,-0.022667961179908408,0.010883060171754097,-2.0828664752530592,0.01885875277428118,50
PD_Han,PD_Mixe,R,-0.37051924335853714,0.29441047303148987,-1.2585124419772484,0.5423641672368539,50
PD_Han,PD_Mbuti,D_VA,0.09238386758811037,0.011982568754674067,7.709854996832294,0.014007726217783989,50
PD_Han,PD_Mbuti,R,-1.0811170523075697,2.300587963549978,-0.46993076093440295,2.2047435659558348,50
PD_Han,PD_Biaka,D_VA,0.08036639964355421,0.012009226905620484,6.692054390773617,0.013234011525362068,50
PD_Han,PD_Biaka,R,0.32622194355419465,1.9074643097241881,0.17102387808313177,1.8334175664641148,50
PD_Han,PD_Juhoan,D_VA,0.0979999103690366,0.015111482191804781,6.485128932103275,0.015345160979561545,50
PD_Han,PD_Juhoan,R,5.6289275104186505,3.4450025737535737,1.6339400014687178,3.4445072267787658,50
PD_Han,PD_Mandenka,D_VA,0.07021238439702808,0.011463468624828364,6.124881281129631,0.012624872006394913,50
PD_Han,PD_Mandenka,R,5.794774270249832,12.182068970298365,0.4756806322783366,12.182227305098001,50
PD_Han,PD_Mende,D_VA,0.07563792410776538,0.01231161495095511,6.143623270308461,0.011997202910021758,50
PD_Han,PD_Mende,R,1.0677501159030092,3.0884178799429765,0.34572721613783813,3.0590106338645624,50
PD_Han,PD_Esan,D_VA,0.07397967779320995,0.01238378080765018,5.973916927495067,0.011722222534930233,50
PD_Han,PD_Esan,R,0.2309014968938261,9.006368064973119,0.025637581678660308,9.02204983195822,50
PD_Han,PD_Gambian,D_VA,0.07418273286009,0.011632540184393048,6.37717400362977,0.011911479753397817,50
PD_Han,PD_Gambian,R,1.2858104672989237,1.9440970613179744,0.6613921150764076,1.9853745525458941,50
PD_Han,PD_Luhya,D_VA,0.06885729776252479,0.01124137548300316,6.125344524487799,0.012073186809469573,50
PD_Han,PD_Luhya,R,-1.313409756930941,4.126737050994701,-0.3182683414767992,4.161891748761315,50
PD_Japanese,PD_Dai,D_VA,0.00974214154029547,0.004428376537968978,2.1999352260961054,0.016797512415707323,50
PD_Japanese,PD_Dai,R,0.31862490736906013,0.15054354648124393,2.1164966205227356,0.4833028113791258,50
PD_Japanese,PD_Papuan,D_VA,0.0035880983423495633,0.01322299412065381,0.27135294091563505,0.020291597554213527,50
PD_Japanese,PD_Papuan,R,0.5955447051103433,0.276448294533237,2.1542715831033705,0.4684838423239988,50
PD_Japanese,PD_Karitiana,D_VA,-0.02428326749665906,0.011690718488575471,-2.077140726670428,0.01818296461140888,50
PD_Japanese,PD_Karitiana,R,-0.0482405552578955,0.3037628349521415,-0.1588099323128055,0.4863570659302892,50
PD_Japanese,PD_Mixe,D_VA,-0.020764745132481832,0.011473489385012456,-1.809802095568792,0.0190056978488002,50
PD_Japanese,PD_Mixe,R,-0.23411312918480331,0.29524732379305213,-0.7929390389628065,0.5463189469108976,50
PD_Japanese,PD_Mbuti,D_VA,0.09428708363553695,0.012247611666253348,7.698405714097906,0.014204942390267667,50
PD_Japanese,PD_Mbuti,R,-0.9447109381338359,2.3059987574325693,-0.40967538906467105,2.2057197676665448,50
PD_Japanese,PD_Biaka,D_VA,0.08226961569098079,0.012399312082047795,6.635014519079162,0.013442583664305252,50
PD_Japanese,PD_Biaka,R,0.4626280577279285,1.9014262908135122,0.24330580678465125,1.8345913645470215,50
PD_Japanese,PD_Juhoan,D_VA,0.09990312641646318,0.015334710478230198,6.51483616585327,0.015525397257625603,50
PD_Japanese,PD_Juhoan,R,5.765333624592384,3.4625794697262764,1.6650400878880462,3.4451321509025528,50
PD_Japanese,PD_Mandenka,D_VA,0.07211560044445466,0.011451266896136347,6.297608910747371,0.012843340207916486,50
PD_Japanese,PD_Mandenka,R,5.931180384423565,12.195812243114476,0.4863292633725316,12.182404016241072,50
PD_Japanese,PD_Mende,D_VA,0.07754114015519195,0.012281616056127863,6.313594220892706,0.012226891354005925,50
PD_Japanese,PD_Mende,R,1.2041562300767428,3.0963687876264614,0.3888930268541414,3.0597142938430997,50
PD_Japanese,PD_Esan,D_VA,0.07588289384063653,0.012698901072866134,5.97554807342946,0.011957194306226545,50
PD_Japanese,PD_Esan,R,0.36730761106755994,9.012438960645962,0.040755628156979314,9.022288438760349,50
PD_Japanese,PD_Gambian,D_VA,0.07608594890751658,0.011583120238296588,6.568691970921452,0.012142789812643407,50
PD_Japanese,PD_Gambian,R,1.4222165814726575,1.9414282564523342,0.7325620077620292,1.9864585612964885,50
PD_Japanese,PD_Luhya,D_VA,0.07076051380995137,0.011544188113301258,6.129535755608559,0.012301456590777388,50
PD_Japanese,PD_Luhya,R,-1.1770036427572073,4.143730418013207,-0.2840444536740749,4.162408969606281,50
PD_Dai,PD_Papuan,D_VA,-0.006154043197945908,0.013501491889475907,-0.4558046805733253,0.020462950645155017,50
PD_Dai,PD_Papuan,R,0.27691979774128317,0.28941476659411314,0.9568267749435418,0.4644100086348422,50
PD_Dai,PD_Karitiana,D_VA,-0.03402540903695453,0.012044691641215436,-2.824929857110149,0.01837399302992231,50
PD_Dai,PD_Karitiana,R,-0.36686546262695563,0.31190086965649505,-1.176224558241837,0.4824341832642838,50
PD_Dai,PD_Mixe,D_VA,-0.030506886672777303,0.01152139451950816,-2.647846718652216,0.019188537425342617,50
PD_Dai,PD_Mixe,R,-0.5527380365538634,0.3281003192673529,-1.684661684536382,0.5428295656607044,50
PD_Dai,PD_Mbuti,D_VA,0.08454494209524148,0.012370840147606886,6.834211830923749,0.01444866104920138,50
PD_Dai,PD_Mbuti,R,-1.263335845502896,2.3255989186954844,-0.5432303203045642,2.2048580995330544,50
PD_Dai,PD_Biaka,D_VA,0.07252747415068532,0.012505736704106709,5.799536314151593,0.013699871290480515,50
PD_Dai,PD_Biaka,R,0.14400315035886835,1.9504639648565563,0.07383020294325654,1.833555295177121,50
PD_Dai,PD_Juhoan,D_VA,0.0901609848761677,0.015337889808832005,5.878317421751873,0.01574869447957431,50
PD_Dai,PD_Juhoan,R,5.446708717223324,3.4449890179391938,1.5810525632623258,3.44458053800227,50
PD_Dai,PD_Mandenka,D_VA,0.062373458904159185,0.01200185442896746,5.1969851220337855,0.013112391296028734,50
PD_Dai,PD_Mandenka,R,5.612555477054506,12.21771304188579,0.4593785643690494,12.182248033943825,50
PD_Dai,PD_Mende,D_VA,0.06779899861489648,0.012451613055453746,5.444997231519401,0.01250920820781838,50
PD_Dai,PD_Mende,R,0.8855313227076828,3.1090384571845684,0.28482482121163194,3.0590931835348423,50
PD_Dai,PD_Esan,D_VA,0.06614075230034105,0.012878704168944372,5.135668265432516,0.012245730418425124,50
PD_Dai,PD_Esan,R,0.04868270369849981,9.023110618745875,0.005395334907826524,9.022077821532589,50
PD_Dai,PD_Gambian,D_VA,0.0663438073672211,0.011838580290301767,5.604034076752458,0.012427017431303552,50
PD_Dai,PD_Gambian,R,1.1035916741035974,1.9397375968372663,0.5689386419601284,1.985501740454959,50
PD_Dai,PD_Luhya,D_VA,0.061018372269655896,0.011888106654340041,5.132724162377839,0.012582100462906275,50
PD_Dai,PD_Luhya,R,-1.4956285501262674,4.120303466109589,-0.36298990169732503,4.161952423545994,50
PD_Papuan,PD_Karitiana,D_VA,-0.02787136583900862,0.016676751482102826,-1.6712706829576278,0.021614720164969896,50
PD_Papuan,PD_Karitiana,R,-0.6437852603682388,0.3347965981893702,-1.9229145811215684,0.46758768612268553,50
PD_Papuan,PD_Mixe,D_VA,-0.024352843474831395,0.016774620309265336,-1.4517671950750672,0.022311263444056612,50
PD_Papuan,PD_Mixe,R,-0.8296578342951466,0.3907384634043907,-2.12330730654612,0.5296786199074676,50
PD_Papuan,PD_Mbuti,D_VA,0.09069898529318739,0.016083082034127474,5.639403262429974,0.018394464223266516,50
PD_Papuan,PD_Mbuti,R,-1.5402556432441792,2.2723109256783753,-0.6778366577559589,2.2016572717178766,50
PD_Papuan,PD_Biaka,D_VA,0.07868151734863123,0.01749766083227777,4.496687763171645,0.01781232666784592,50
PD_Papuan,PD_Biaka,R,-0.13291664738241482,1.8999144154556853,-0.06995928148191634,1.8297050372952877,50
PD_Papuan,PD_Juhoan,D_VA,0.0963150280741136,0.017759252935035812,5.423371603886634,0.01943228977133928,50
PD_Papuan,PD_Juhoan,R,5.169788919482041,3.3935884290954266,1.5233989116529572,3.442532583116055,50
PD_Papuan,PD_Mandenka,D_VA,0.06852750210210509,0.01541149076338832,4.446520012515575,0.017364541843840647,50
PD_Papuan,PD_Mandenka,R,5.3356356793132225,12.247748174461451,0.43564217710149294,12.18166912469551,50
PD_Papuan,PD_Mende,D_VA,0.07395304181284239,0.01694648940081119,4.363915148662143,0.016913686704349038,50
PD_Papuan,PD_Mende,R,0.6086115249663996,3.0740540522166526,0.19798335183063528,3.0567869746812626,50
PD_Papuan,PD_Esan,D_VA,0.07229479549828696,0.017232728163553018,4.19520315136111,0.01671976140460937,50
PD_Papuan,PD_Esan,R,-0.22823709404278336,9.040324918302968,-0.025246558736035738,9.021296122000535,50
PD_Papuan,PD_Gambian,D_VA,0.07249785056516701,0.016050444217262722,4.516875021265359,0.01685298994790672,50
PD_Papuan,PD_Gambian,R,0.8266718763623142,1.9124411213355479,0.4322600403953928,1.9819466855547256,50
PD_Papuan,PD_Luhya,D_VA,0.0671724154676018,0.01677428201225146,4.004488264746054,0.016967668077994363,50
PD_Papuan,PD_Luhya,R,-1.7725483478675506,4.175113396227988,-0.4245509473991681,4.160257621697491,50
PD_Karitiana,PD_Mixe,D_VA,0.003518522364177226,0.011421709763935148,0.30805566214676616,0.02041234301170937,50
PD_Karitiana,PD_Mixe,R,-0.1858725739269078,0.285002096319071,-0.6521796728077965,0.5455506625866582,50
PD_Karitiana,PD_Mbuti,D_VA,0.11857035113219601,0.014790963673576412,8.016404728518006,0.01603831614661013,50
PD_Karitiana,PD_Mbuti,R,-0.8964703828759404,2.2673559751873893,-0.39538140137075306,2.2055296024242943,50
PD_Karitiana,PD_Biaka,D_VA,0.10655288318763985,0.013609943817400742,7.8290465131390645,0.015367181006275625,50
PD_Karitiana,PD_Biaka,R,0.510868612985824,1.9304304706861097,0.2646397374800306,1.8343627254622823,50
PD_Karitiana,PD_Juhoan,D_VA,0.12418639391312222,0.016580362924461852,7.489968372761234,0.017218744336184345,50
PD_Karitiana,PD_Juhoan,R,5.81357417985028,3.4266843084232823,1.6965596059023234,3.445010402143564,50
PD_Karitiana,PD_Mandenka,D_VA,0.09639886794111371,0.01352980684409156,7.12492565872889,0.0148458271646977,50
PD_Karitiana,PD_Mandenka,R,5.979420939681461,12.21540932647589,0.4894982050844224,12.182369586768477,50
PD_Karitiana,PD_Mende,D_VA,0.10182440765185101,0.014664294025197876,6.943696537786586,0.014315867723978758,50
PD_Karitiana,PD_Mende,R,1.2523967853346383,3.0967145519187405,0.40442758424687436,3.05957720831534,50
PD_Karitiana,PD_Esan,D_VA,0.10016616133729558,0.014432420073352483,6.940357946082715,0.014086223489092043,50
PD_Karitiana,PD_Esan,R,0.41554816632545544,9.002799299506,0.046157661911696436,9.022241950085553,50
PD_Karitiana,PD_Gambian,D_VA,0.10036921640417563,0.013913722318569702,7.213685461454096,0.014244105480577866,50
PD_Karitiana,PD_Gambian,R,1.470457136730553,1.9682195701252678,0.7471001503338194,1.986247403885786,50
PD_Karitiana,PD_Luhya,D_VA,0.09504378130661043,0.013357541177027593,7.115365024669921,0.014379604680330135,50
PD_Karitiana,PD_Luhya,R,-1.1287630874993118,4.115192530729597,-0.2742916835774849,4.162308201461507,50
PD_Mixe,PD_Mbuti,D_VA,0.11505182876801878,0.016009020583619152,7.186687540757042,0.016965374545784596,50
PD_Mixe,PD_Mbuti,R,-0.7105978089490326,2.275614538374164,-0.31226633375999013,2.2195229269695274,50
PD_Mixe,PD_Biaka,D_VA,0.10303436082346262,0.01454635863820133,7.083172042305903,0.01633237890632528,50
PD_Mixe,PD_Biaka,R,0.6967411869127318,1.9716460125180382,0.3533804661126296,1.8511639054224573,50
PD_Mixe,PD_Juhoan,D_VA,0.12066787154894501,0.017913536467805084,6.736127830806278,0.018085394802851863,50
PD_Mixe,PD_Juhoan,R,5.999446753777187,3.429578846899187,1.7493246318572078,3.4539857942746193,50
PD_Mixe,PD_Mandenka,D_VA,0.09288034557693649,0.013813282305644653,6.723988080586893,0.015842819599560454,50
PD_Mixe,PD_Mandenka,R,6.165293513608368,12.227469271877979,0.5042166434053496,12.184910748331111,50
PD_Mixe,PD_Mende,D_VA,0.09830588528767378,0.015116973397638943,6.5030137119264735,0.015347326065168403,50
PD_Mixe,PD_Mende,R,1.4382693592615463,3.142783675734776,0.45764185755651227,3.0696797699135003,50
PD_Mixe,PD_Esan,D_VA,0.09664763897311836,0.015220595715257313,6.349793449689855,0.015133342024972182,50
PD_Mixe,PD_Esan,R,0.6014207402523633,8.935098751142368,0.06730991531296401,9.025672883616881,50
PD_Mixe,PD_Gambian,D_VA,0.09685069403999841,0.014810786930736322,6.539199739549791,0.015280408685698464,50
PD_Mixe,PD_Gambian,R,1.6563297106574608,1.9340177583567701,0.8564190806938372,2.001774199458205,50
PD_Mixe,PD_Luhya,D_VA,0.0915252589424332,0.013891305486811986,6.588672247495003,0.015406796533436568,50
PD_Mixe,PD_Luhya,R,-0.9428905135724039,4.086929378321085,-0.23070878556745317,4.16973989118353,50
PD_Mbuti,PD_Biaka,D_VA,-0.012017467944556166,0.007904555702644141,-1.5203217481959448,0.010359075167731619,50
PD_Mbuti,PD_Biaka,R,1.4073389958617644,2.2898402925535812,0.6146013765406887,2.827285466036291,50
PD_Mbuti,PD_Juhoan,D_VA,0.005616042780926218,0.010725599847003803,0.5236110670765943,0.012947792968917755,50
PD_Mbuti,PD_Juhoan,R,6.71004456272622,3.878050413918284,1.730262334559638,4.061619525358326,50
PD_Mbuti,PD_Mandenka,D_VA,-0.0221714831910823,0.009737497359376353,-2.2769180183379576,0.009568634722631631,50
PD_Mbuti,PD_Mandenka,R,6.875891322557401,12.09646246660823,0.5684216638986817,12.37088457817452,50
PD_Mbuti,PD_Mende,D_VA,-0.016745943480345,0.008118754062898196,-2.0626248006294587,0.008723775268857648,50
PD_Mbuti,PD_Mende,R,2.148867168210579,3.3244496468462885,0.6463828291846995,3.740276619654932,50
PD_Mbuti,PD_Esan,D_VA,-0.01840418979490042,0.008189663092471535,-2.2472462648455873,0.008341575297012188,50
PD_Mbuti,PD_Esan,R,1.3120185492013958,9.026480635239684,0.1453521701558004,9.275209232345015,50
PD_Mbuti,PD_Gambian,D_VA,-0.01820113472802037,0.00781467968794384,-2.3290954274300346,0.00860550563261125,50
PD_Mbuti,PD_Gambian,R,2.3669275196064934,3.4138501896812596,0.693330810696027,2.9281112081575147,50
PD_Mbuti,PD_Luhya,D_VA,-0.02352656982558559,0.00782073866764732,-3.0082286118202424,0.008827979214613493,50
PD_Mbuti,PD_Luhya,R,-0.23229270462337137,5.140551770157414,-0.04518828231084192,4.685452599466605,50
PD_Biaka,PD_Juhoan,D_VA,0.017633510725482384,0.00961499340030333,1.8339597326115784,0.01210652757924332,50
PD_Biaka,PD_Juhoan,R,5.302705566864455,3.9671770201139167,1.3366445560607199,3.8726320442520152,50
PD_Biaka,PD_Mandenka,D_VA,-0.010154015246526135,0.008161159435539347,-1.2441878297718965,0.008395322371188306,50
PD_Biaka,PD_Mandenka,R,5.468552326695637,11.921270751910988,0.45872226547820194,12.31013042286359,50
PD_Biaka,PD_Mende,D_VA,-0.004728475535788833,0.006570474061469555,-0.7196551560133942,0.00741801335955628,50
PD_Biaka,PD_Mende,R,0.7415281723488144,3.129237422577302,0.23696769283107869,3.5341469936793617,50
PD_Biaka,PD_Esan,D_VA,-0.0063867218503442565,0.006169744111073227,-1.0351680289108922,0.006964520492951909,50
PD_Biaka,PD_Esan,R,-0.09532044666036854,9.392420689023265,-0.01014865600853757,9.194021540391004,50
PD_Biaka,PD_Gambian,D_VA,-0.006183666783464206,0.006635982729788699,-0.9318388903735293,0.007278557168417863,50
PD_Biaka,PD_Gambian,R,0.959588523744729,2.893257025851324,0.3316637668796037,2.659767100468236,50
PD_Biaka,PD_Luhya,D_VA,-0.011509101881029424,0.006525417829664414,-1.7637340905143708,0.007540284097742671,50
PD_Biaka,PD_Luhya,R,-1.6396317004851357,5.127724148982414,-0.31975817201682294,4.5226089642200895,50
PD_Juhoan,PD_Mandenka,D_VA,-0.02778752597200852,0.010173983579476404,-2.7312336170920557,0.011437497197875809,50
PD_Juhoan,PD_Mandenka,R,0.16584675983118125,12.871506817803114,0.012884797574887792,12.650791322689015,50
PD_Juhoan,PD_Mende,D_VA,-0.022361986261271217,0.00972274902859243,-2.29996538998483,0.010740662299774516,50
PD_Juhoan,PD_Mende,R,-4.561177394515641,4.5295565928274275,-1.0069809927396172,4.581856068804957,50
PD_Juhoan,PD_Esan,D_VA,-0.02402023257582664,0.010014017368708118,-2.398660966065952,0.010432614731312052,50
PD_Juhoan,PD_Esan,R,-5.398026013524825,9.70770627994655,-0.5560557620779752,9.645374132063811,50
PD_Juhoan,PD_Gambian,D_VA,-0.023817177508946588,0.009552217955132338,-2.4933662130426777,0.01064482498161286,50
PD_Juhoan,PD_Gambian,R,-4.343117043119727,3.8434781811195284,-1.1299965391906202,3.946843180447528,50
PD_Juhoan,PD_Luhya,D_VA,-0.029142612606511808,0.010127243722733357,-2.8776450339684505,0.01082546944524408,50
PD_Juhoan,PD_Luhya,R,-6.942337267349592,6.325046680953678,-1.0975946293415877,5.381189636646887,50
PD_Mandenka,PD_Mende,D_VA,0.005425539710737302,0.0053237728011885956,1.01911556209273,0.006266997233683233,50
PD_Mandenka,PD_Mende,R,-4.7270241543468225,12.37142539816256,-0.3820921197204078,12.55131216698035,50
PD_Mandenka,PD_Esan,D_VA,0.003767293396181879,0.005523578025635295,0.6820385950370609,0.005723013002010825,50
PD_Mandenka,PD_Esan,R,-5.563872773356006,15.978912389906839,-0.34820096872616024,15.151741623497605,50
PD_Mandenka,PD_Gambian,D_VA,0.003970348463061929,0.004863736634275298,0.8163164993520493,0.006101288927625449,50
PD_Mandenka,PD_Gambian,R,-4.508963802950908,12.750248609213306,-0.35363732434932593,12.333677601137031,50
PD_Mandenka,PD_Luhya,D_VA,-0.0013550866345032886,0.005764700456668151,-0.23506627008448133,0.006411257006165707,50
PD_Mandenka,PD_Luhya,R,-7.108184027180773,12.92269112631696,-0.5500544706748435,12.864650558149647,50
PD_Mende,PD_Esan,D_VA,-0.0016582463145554233,0.0035035374010336903,-0.47330629724865253,0.004159129994069139,50
PD_Mende,PD_Esan,R,-0.836848619009183,10.221467540090442,-0.08187167016154104,9.51452353879326,50
PD_Mende,PD_Gambian,D_VA,-0.0014551912476753724,0.0026811932624566897,-0.5427401553075768,0.004665963037224524,50
PD_Mende,PD_Gambian,R,0.21806035139591468,4.581126163406117,0.047599726272062416,3.6153128652732787,50
PD_Mende,PD_Luhya,D_VA,-0.006780626345240591,0.004157075353606842,-1.6311049881156117,0.005064553374730042,50
PD_Mende,PD_Luhya,R,-2.3811598728339503,5.77922910680023,-0.4120203281147164,5.142967813269026,50
PD_Esan,PD_Gambian,D_VA,0.00020305506688005081,0.0032764981323873143,0.06197319780924194,0.0039049756156648617,50
PD_Esan,PD_Gambian,R,1.0549089704050976,8.74348588666503,0.12065084613609008,9.225525688330794,50
PD_Esan,PD_Luhya,D_VA,-0.005122380030685167,0.0038315635549811084,-1.336890268732714,0.004373479664944279,50
PD_Esan,PD_Luhya,R,-1.5443112538247672,9.101751511698183,-0.16967187599440772,9.924210549991473,50
PD_Gambian,PD_Luhya,D_VA,-0.005325435097565218,0.004230835004209583,-1.2587196362577442,0.004858000940393185,50
PD_Gambian,PD_Luhya,R,-2.5992202242298648,4.2885026969329045,-0.6060903788375374,4.586314858807834,50
