genetic_id	distance_cm	covariance	n_pairs	fitted_covariance
RNI013.SG	0.025	0.16295257108940805	431	0.14491314430643207
RNI013.SG	0.035	0.17445992892225373	317	0.14405621098488994
RNI013.SG	0.045	0.09358991373589914	275	0.14320421271823772
RNI013.SG	0.05500000000000001	0.09219330855018587	270	0.14235712108563314
RNI013.SG	0.065	0.13330472716870487	237	0.1415149078299088
RNI013.SG	0.075	0.13240389710977946	222	0.14067754485662948
RNI013.SG	0.085	0.09979433068049717	212	0.13984500423315502
RNI013.SG	0.095	0.0921619293712317	216	0.13901725818770855
RNI013.SG	0.10500000000000001	0.22650584578955157	233	0.13819427910845014
RNI013.SG	0.115	0.12544802867383512	217	0.13737603954255562
RNI013.SG	0.125	0.20011293054771315	231	0.13656251219530083
RNI013.SG	0.135	0.2884160756501182	189	0.13575366992915125
RNI013.SG	0.145	0.09281945810605384	212	0.13494948576285656
RNI013.SG	0.155	0.20709262307347	164	0.13414993287055074
RNI013.SG	0.16499999999999998	0.14709501025290497	210	0.13335498458085723
RNI013.SG	0.175	0.14123581336696092	183	0.13256461437599912
RNI013.SG	0.185	0.15080839353285175	171	0.1317787958909146
RNI013.SG	0.195	0.20118255728011825	165	0.1309975029123776
RNI013.SG	0.205	0.0791529755385177	166	0.1302207093781232
RNI013.SG	0.215	0.0630192502532928	141	0.12944838937597838
RNI013.SG	0.225	0.10565936281758301	173	0.12868051714299755
RNI013.SG	0.235	0.11936704506363949	153	0.1279170670646033
RNI013.SG	0.245	0.06598586017282011	134	0.1271580136737317
RNI013.SG	0.255	0.17818063040992976	157	0.12640333164998302
RNI013.SG	0.265	0.2637795275590551	128	0.12565299581877704
RNI013.SG	0.275	0.19826425258117614	164	0.12490698115051312
RNI013.SG	0.28500000000000003	0.23424317617866006	156	0.12416526275973543
RNI013.SG	0.29500000000000004	0.043160901301174226	138	0.12342781590430286
RNI013.SG	0.30500000000000005	0.023467760309865575	133	0.12269461598456351
RNI013.SG	0.315	0.10724835264712565	163	0.12196563854253419
RNI013.SG	0.325	0.22651222651222652	148	0.12124085926108456
RNI013.SG	0.335	0.08211143695014662	155	0.120520253963126
RNI013.SG	0.34500000000000003	0.24500158679784192	138	0.11980379861080495
RNI013.SG	0.35500000000000004	0.18601823708206686	141	0.11909146930470127
RNI013.SG	0.36500000000000005	0.13416608836456165	132	0.11838324228303088
RNI013.SG	0.375	0.09950248756218905	135	0.11767909392085313
RNI013.SG	0.385	0.21995286724273372	134	0.11697900072928276
RNI013.SG	0.395	0.0409044193216855	140	0.11628293935470632
RNI013.SG	0.405	0.02683321767291233	132	0.11559088657800318
RNI013.SG	0.41500000000000004	0.16152380952380951	126	0.11490281931377096
RNI013.SG	0.42500000000000004	0.15473380540257015	124	0.11421871460955547
RNI013.SG	0.43500000000000005	0.12643678160919541	117	0.11353854964508506
RNI013.SG	0.445	0.10898637670291214	127	0.11286230173150937
RNI013.SG	0.455	0.18181818181818182	121	0.11218994831064251
RNI013.SG	0.465	0.12319448327276115	147	0.1115214669542105
RNI013.SG	0.47500000000000003	0.07947585813986612	119	0.11085683536310327
RNI013.SG	0.48500000000000004	0.2391983820555249	148	0.11019603136663055
RNI013.SG	0.49500000000000005	0.14883720930232558	130	0.10953903292178255
RNI013.SG	0.505	0.07833015374256537	134	0.10888581811249455
RNI013.SG	0.515	0.04117009750812568	143	0.10823636514891578
RNI013.SG	0.525	0.11520176893311221	135	0.10759065236668265
RNI013.SG	0.535	0.04519774011299435	118	0.10694865822619601
RNI013.SG	0.545	0.17346534653465348	101	0.10631036131190266
RNI013.SG	0.555	0.29821782178217826	101	0.10567574033158098
RNI013.SG	0.5650000000000001	0.11995201919232307	123	0.10504477411563062
RNI013.SG	0.5750000000000001	0.10719602977667494	156	0.10441744161636643
RNI013.SG	0.5850000000000001	0.13669769720725133	157	0.10379372190731621
RNI013.SG	0.5950000000000001	0.11848090553263516	138	0.10317359418252278
RNI013.SG	0.605	0.13462873004857737	132	0.10255703775584984
RNI013.SG	0.615	0.07900386431945042	137	0.10194403206029203
RNI013.SG	0.625	0.0719588806396345	103	0.1013345566472887
RNI013.SG	0.635	-0.037274315666860805	102	0.10072859118604197
RNI013.SG	0.645	0.020844564240790654	106	0.10012611546283842
RNI013.SG	0.655	0.0011994002998500736	116	0.09952710938037483
RNI013.SG	0.665	0.026666666666666665	126	0.0989315529570878
RNI013.SG	0.675	0.15172129457843744	99	0.09833942632648718
RNI013.SG	0.685	0.10482837202677682	119	0.09775070973649339
RNI013.SG	0.6950000000000001	0.02184873949579832	120	0.0971653835487785
RNI013.SG	0.7050000000000001	0.1537190082644628	121	0.0965834282381112
RNI013.SG	0.7150000000000001	0.08663251047973916	114	0.09600482439170537
RNI013.SG	0.725	0.12944983818770225	103	0.09542955270857263
RNI013.SG	0.735	0.08499382824898606	107	0.09485759399887846
RNI013.SG	0.745	0.11214953271028037	108	0.09428892918330199
RNI013.SG	0.755	0.030769230769230767	91	0.09372353929239971
RNI013.SG	0.765	0.09672006102212052	115	0.09316140546597255
RNI013.SG	0.775	0.12698412698412698	99	0.09260250895243677
RNI013.SG	0.785	0.049311294765840216	121	0.09204683110819854
RNI013.SG	0.795	0.062440510184656385	103	0.09149435339703194
RNI013.SG	0.805	0.19411849920324498	118	0.0909450573894606
RNI013.SG	0.8150000000000001	0.14195867026055706	106	0.09039892476214305
RNI013.SG	0.8250000000000001	0.17202297779847847	114	0.0898559372972614
RNI013.SG	0.8350000000000001	0.21797857475547275	114	0.08931607688191369
RNI013.SG	0.8450000000000001	0.14632163663460235	122	0.08877932550750961
RNI013.SG	0.855	0.07587096774193548	125	0.08824566526916984
RNI013.SG	0.865	0.05713218820014937	104	0.08771507836512875
RNI013.SG	0.875	0.09355246523388117	113	0.08718754709614057
RNI013.SG	0.885	0.018673218673218674	111	0.086663053864889
RNI013.SG	0.895	0.03361344537815126	119	0.08614158117540022
RNI013.SG	0.905	-0.010098884914790659	98	0.08562311163245914
RNI013.SG	0.915	0.079740032495938	127	0.08510762794102932
RNI013.SG	0.925	0.02059202059202059	112	0.08459511290567591
RNI013.SG	0.935	0.032988537880905784	147	0.08408554942999207
RNI013.SG	0.9450000000000001	0.08247892458418773	133	0.0835789205160287
RNI013.SG	0.9550000000000001	-0.0074211502782931356	99	0.08307520926372744
RNI013.SG	0.9650000000000001	0.049775112443778115	116	0.08257439887035684
RNI013.SG	0.9750000000000001	0.060584376863446636	130	0.08207647262995194
RNI013.SG	0.985	0.01680672268907563	120	0.08158141393275692
RNI013.SG	0.995	0.08968395945140131	130	0.08108920626467117
RNI013.SG	1.005	0.05817947617003005	137	0.08059983320669822
RNI013.SG	1.015	0.10068649885583525	115	0.08011327843439818
RNI013.SG	1.0250000000000001	0.0379352391274895	122	0.07962952571734314
RNI013.SG	1.0350000000000001	0.048672566371681415	113	0.07914855891857582
RNI013.SG	1.045	0.09208290859667007	109	0.07867036199407115
RNI013.SG	1.055	0.029670329670329672	105	0.07819491899220117
RNI013.SG	1.065	-0.023493516399694887	115	0.07772221405320291
RNI013.SG	1.075	0.03252032520325203	82	0.07725223140864934
RNI013.SG	1.085	0.008547008547008548	117	0.07678495538092334
RNI013.SG	1.095	0.03147386964180858	131	0.07632037038269472
RNI013.SG	1.105	0.09858585858585858	100	0.07585846091640032
RNI013.SG	1.115	0.16963162623539982	106	0.07539921157372705
RNI013.SG	1.125	0.08107448107448108	91	0.07494260703509777
RNI013.SG	1.135	0.042407906558849955	106	0.0744886320691604
RNI013.SG	1.145	0.002524721228697658	98	0.0740372715322798
RNI013.SG	1.155	0.07563025210084033	120	0.07358851036803259
RNI013.SG	1.165	0.07210031347962383	88	0.07314233360670488
RNI013.SG	1.175	0.07474226804123711	97	0.07269872636479302
RNI013.SG	1.185	0.035964912280701755	96	0.07225767384450693
RNI013.SG	1.195	-0.001865920298547247	123	0.07181916133327666
RNI013.SG	1.205	0.058060713233127025	117	0.07138317420326153
RNI013.SG	1.215	0.0632258064516129	125	0.07094969791086214
RNI013.SG	1.225	0.060154450616447634	122	0.07051871799623534
RNI013.SG	1.235	0.029677419354838707	125	0.07009022008281174
RNI013.SG	1.245	0.090884790163058	87	0.06966418987681625
RNI013.SG	1.2550000000000001	-0.014106583072100314	88	0.0692406131667912
RNI013.SG	1.2650000000000001	0.026862026862026864	91	0.06881947582312237
RNI013.SG	1.2750000000000001	-0.019975031210986267	90	0.06840076379756749
RNI013.SG	1.2850000000000001	0.019349457881567975	110	0.06798446312278782
RNI013.SG	1.2950000000000002	-0.002807017543859646	76	0.06757055991188204
RNI013.SG	1.305	-0.04597701149425287	117	0.0671590403579232
RNI013.SG	1.315	0.006872852233676975	97	0.06674989073349795
RNI013.SG	1.325	0.043898443898443905	111	0.06634309739024882
RNI013.SG	1.335	-0.006566347469220246	86	0.0659386467584188
RNI013.SG	1.345	-0.033707865168539325	89	0.06553652534639874
RNI013.SG	1.355	0.0817963111467522	87	0.06513671974027727
RNI013.SG	1.365	0.10840636157091854	79	0.06473921660339338
RNI013.SG	1.375	-0.05507745266781411	84	0.06434400267589152
RNI013.SG	1.385	-0.00970377936670072	89	0.06395106477427924
RNI013.SG	1.395	-0.026819923371647507	117	0.06356038979098748
RNI013.SG	1.405	-0.010098884914790659	98	0.06317196469393332
RNI013.SG	1.415	0.07610172781984081	102	0.0627857765260852
RNI013.SG	1.425	0.143917761279269	103	0.06240181240503076
RNI013.SG	1.435	0.010989010989010988	105	0.06202005952254708
RNI013.SG	1.445	0.05307709906199953	94	0.06164050514417342
RNI013.SG	1.455	0.0802675585284281	92	0.06126313660878652
RNI013.SG	1.465	0.0013845621322256857	108	0.06088794132817807
RNI013.SG	1.475	-0.020768431983385256	108	0.060514906786634945
RNI013.SG	1.485	0.042105263157894736	96	0.06014402054052169
RNI013.SG	1.495	0.1056701030927835	97	0.059775270217865314
RNI013.SG	1.5050000000000001	-0.0189873417721519	80	0.059408643517942755
RNI013.SG	1.5150000000000001	0.03896103896103896	77	0.05904412821087045
RNI013.SG	1.5250000000000001	0.03178694158075601	97	0.058681712137196335
RNI013.SG	1.5350000000000001	0.025742574257425745	101	0.05832138320749435
RNI013.SG	1.5450000000000002	0.026755852842809368	92	0.057963129401961085
RNI013.SG	1.5550000000000002	0.08018386108273749	89	0.057606938770014826
RNI013.SG	1.565	0.0879120879120879	105	0.05725279942989694
RNI013.SG	1.575	0.09153869316470942	82	0.056900699568275474
RNI013.SG	1.585	-0.05405405405405406	75	0.05655062743985116
RNI013.SG	1.595	0.11287793952967526	95	0.05620257136696556
RNI013.SG	1.605	0.16842105263157894	95	0.05585651973921155
RNI013.SG	1.615	0.047128129602356406	98	0.05551246101304603
RNI013.SG	1.625	0.0151426907396622	102	0.05517038371140478
RNI013.SG	1.635	0.010155610155610157	111	0.05483027642331973
RNI013.SG	1.645	-0.02249913464866736	108	0.05449212780353824
RNI013.SG	1.655	-0.014742014742014744	111	0.05415592657214464
RNI013.SG	1.665	-0.04795204795204795	78	0.053821661514184
RNI013.SG	1.675	-0.054199328107502796	95	0.053489321479288
RNI013.SG	1.685	0.12422360248447205	92	0.05315889538130295
RNI013.SG	1.695	0.10402585953570379	83	0.05283037219792004
RNI013.SG	1.705	0.09069658719027583	93	0.05250374097030762
RNI013.SG	1.715	0.03196803196803197	78	0.052178990802745615
RNI013.SG	1.725	0.0210224558050645	92	0.05185611086226213
RNI013.SG	1.735	-0.02352312215985031	87	0.05153509037827202
RNI013.SG	1.745	-0.0287856071964018	116	0.05121591864221768
RNI013.SG	1.7550000000000001	-0.0334855403348554	73	0.05089858500721174
RNI013.SG	1.7650000000000001	-0.008658008658008661	78	0.05058307888768199
RNI013.SG	1.7750000000000001	0.11106997408367272	74	0.05026938975901821
RNI013.SG	1.7850000000000001	0.007640317367029089	83	0.0499575071572211
RNI013.SG	1.7950000000000002	0.013377926421404684	92	0.04964742067855328
RNI013.SG	1.8050000000000002	0.036785285885645745	123	0.04933911997919221
RNI013.SG	1.815	-0.030379746835443037	80	0.04903259477488506
RNI013.SG	1.825	-0.011474469305794606	84	0.04872783484060577
RNI013.SG	1.835	0.07686453576864535	73	0.048424830010213936
RNI013.SG	1.845	0.009292929292929292	100	0.04812357017611562
RNI013.SG	1.855	-0.048734177215189876	80	0.04782404528892628
RNI013.SG	1.865	-0.0041536863966770525	108	0.047526245357135496
RNI013.SG	1.875	0.030619865571321885	104	0.04723016044677362
RNI013.SG	1.885	0.03553062178588125	93	0.0469357806810805
RNI013.SG	1.895	-0.0076608784473953	89	0.04664309624017597
RNI013.SG	1.905	-0.057777777777777775	100	0.04635209736073228
RNI013.SG	1.915	0.01598990111508521	98	0.046062774335648385
RNI013.SG	1.925	0.005602240896358544	85	0.04577511751372618
RNI013.SG	1.935	0.07776162790697674	129	0.045489117299348514
RNI013.SG	1.945	0.053407855922993325	114	0.04520476415215917
RNI013.SG	1.955	0.04460340837365875	98	0.044922048586744534
RNI013.SG	1.965	0.0864787386526517	92	0.04464096117231725
RNI013.SG	1.975	0.1837837837837838	111	0.04436149253240159
RNI013.SG	1.985	0.07471264367816093	88	0.04408363334452066
RNI013.SG	1.995	0.18455743879472694	118	0.043807374339885484
RNI013.SG	2.005	0.21273408239700375	90	0.04353270630308578
RNI013.SG	2.015	0.0757314974182444	84	0.04325962007178253
RNI013.SG	2.025	0.2155212716222534	93	0.04298810653640239
RNI013.SG	2.035	-0.001603849238171615	87	0.04271815663983378
RNI013.SG	2.045	0.10499490316004077	109	0.04244976137712479
RNI013.SG	2.055	0.060398078242964996	94	0.042182911795182736
RNI013.SG	2.065	0.025170998632010947	86	0.04191759899247559
RNI013.SG	2.075	0.034774651109585906	94	0.041653814118734936
RNI013.SG	2.085	0.07919284218541786	103	0.0413915483746609
RNI013.SG	2.095	0.1276297335203366	93	0.04113079301162842
RNI013.SG	2.105	0.11838006230529595	108	0.04087153933139561
RNI013.SG	2.115	0.11128712871287127	101	0.040613778685813444
RNI013.SG	2.125	0.07522774022920953	83	0.04035750247653738
RNI013.SG	2.1350000000000002	0.06846846846846846	75	0.0401027021547405
RNI013.SG	2.145	0.0041407867494824	70	0.03984936922082836
RNI013.SG	2.1550000000000002	0.07644529383659819	92	0.03959749522415535
RNI013.SG	2.165	-0.0311587147030185	79	0.03934707176274302
RNI013.SG	2.1750000000000003	0.019900497512437807	67	0.03909809048299958
RNI013.SG	2.185	0.0608339029391661	77	0.03885054307944138
RNI013.SG	2.1950000000000003	0.0017559262510974543	68	0.0386044212944158
RNI013.SG	2.205	0.22325581395348834	86	0.038359716917825845
RNI013.SG	2.215	0.016718913270637403	88	0.03811642178685618
RNI013.SG	2.225	0.07543859649122807	96	0.03787452778570095
RNI013.SG	2.235	0.023030303030303033	100	0.037634026845292955
RNI013.SG	2.245	0.1187607573149742	84	0.03739491094303455
RNI013.SG	2.255	0.003737682636765204	109	0.03715717210253001
RNI013.SG	2.265	0.10275229357798164	110	0.036920802393319414
RNI013.SG	2.275	0.1081081081081081	74	0.036685793930614184
RNI013.SG	2.285	0.0698584763625414	82	0.036452138875033964
RNI013.SG	2.295	0.10759493670886076	80	0.03621982943234522
RNI013.SG	2.305	0.009854423292273238	95	0.03598885785320116
RNI013.SG	2.315	0.10340883093113704	94	0.03575921643288329
RNI013.SG	2.325	0.05899925317401045	104	0.035530897511044296
RNI013.SG	2.335	0.2382716049382716	81	0.035303893471452706
RNI013.SG	2.345	0.00864864864864865	75	0.03507819674173863
RNI013.SG	2.355	0.11842105263157894	96	0.034853799793141245
RNI013.SG	2.365	0.007135575942915391	109	0.03463069514025768
RNI013.SG	2.375	0.128130460104834	102	0.034408875340793295
RNI013.SG	2.3850000000000002	0.11710526315789474	96	0.03418833299531336
RNI013.SG	2.395	0.12384519350811486	90	0.03396906074699634
RNI013.SG	2.4050000000000002	0.012539184952978056	88	0.03375105128138842
RNI013.SG	2.415	-0.007421150278293138	99	0.03353429732615949
RNI013.SG	2.4250000000000003	0.03228454172366621	86	0.03331879165086057
RNI013.SG	2.435	-0.010656010656010656	78	0.033104527066682723
RNI013.SG	2.4450000000000003	-0.07092198581560284	48	0.03289149642621706
RNI013.SG	2.455	-0.05879692446856626	67	0.032679692623216454
RNI013.SG	2.465	-0.033939393939393936	100	0.032469108592358485
RNI013.SG	2.475	-0.05030525030525031	91	0.03225973730900968
RNI013.SG	2.485	-0.015135135135135137	75	0.03205157178899126
RNI013.SG	2.495	0.04346076458752516	71	0.03184460508834613
RNI013.SG	2.505	0.12429378531073447	60	0.03163883030310725
RNI013.SG	2.515	0.03164556962025317	80	0.03143424056906731
RNI013.SG	2.525	0.03528468323977547	87	0.031230829061549812
RNI013.SG	2.535	0.015657934357121345	82	0.03102858899518136
RNI013.SG	2.545	0.14488104784816894	87	0.030827513623665332
RNI013.SG	2.555	0.032432432432432434	75	0.030627596239556836
RNI013.SG	2.565	0.1537290715372907	73	0.030428830174038985
RNI013.SG	2.575	0.0963855421686747	84	0.03023120879670038
RNI013.SG	2.585	-0.01281464530892449	115	0.030034725515314036
RNI013.SG	2.595	0.017241379310344827	88	0.029839373775617347
RNI013.SG	2.605	-0.027972027972027972	78	0.029645147061093582
RNI013.SG	2.615	0.1434173669467787	85	0.02945203889275441
RNI013.SG	2.625	0.08885597926693817	74	0.029260042828923836
RNI013.SG	2.6350000000000002	0.10061728395061728	81	0.02906915246502326
RNI013.SG	2.645	-0.040920716112531966	69	0.028879361433357915
RNI013.SG	2.6550000000000002	0.11964472309299896	88	0.028690663402904378
RNI013.SG	2.665	0.0009768009768009733	91	0.028503052079099412
RNI013.SG	2.6750000000000003	0.0975609756097561	82	0.02831652120363001
RNI013.SG	2.685	0.017763845350052244	88	0.02813106455422462
RNI013.SG	2.6950000000000003	0.08491107286288009	84	0.027946675944445522
RNI013.SG	2.705	0.019025875190258754	73	0.027763349223482597
RNI013.SG	2.715	0.16746411483253587	77	0.027581078275948013
RNI013.SG	2.725	0.13013698630136986	73	0.027399857021672278
RNI013.SG	2.735	0.1898989898989899	55	0.027219679415501484
RNI013.SG	2.745	0.11466794075489728	92	0.027040539447095526
RNI013.SG	2.755	0.09931840311587148	79	0.02686243114072772
RNI013.SG	2.765	0.018302447952413634	94	0.026685348555085416
RNI013.SG	2.775	0.1192141192141192	78	0.02650928578307182
RNI013.SG	2.785	0.17706237424547286	71	0.02633423695160891
RNI013.SG	2.795	0.11971830985915492	72	0.026160196221441605
RNI013.SG	2.805	0.1066302118933698	77	0.025987157786942893
RNI013.SG	2.815	0.1778584392014519	58	0.025815115875920232
RNI013.SG	2.825	0.2256081261694734	87	0.02564406474942293
RNI013.SG	2.835	0.07272727272727272	100	0.02547399870155082
RNI013.SG	2.845	0.108843537414966	99	0.025304912059263777
RNI013.SG	2.855	0.08058608058608059	91	0.02513679918219261
RNI013.SG	2.865	0.0749063670411985	90	0.024969654462450832
RNI013.SG	2.875	-0.021949078138718176	68	0.02480347232444763
RNI013.SG	2.8850000000000002	0.0380952380952381	91	0.024638247224701825
RNI013.SG	2.895	0.03634085213032582	57	0.024473973651657058
RNI013.SG	2.9050000000000002	-0.002961865975564606	74	0.024310646125497798
RNI013.SG	2.915	-0.023063063063063063	75	0.02414825919796666
RNI013.SG	2.9250000000000003	-0.04341926729986431	67	0.0239868074521826
RNI013.SG	2.935	-0.019138755980861243	77	0.023826285502460257
RNI013.SG	2.9450000000000003	0.06483075157773953	84	0.02366668799413025
RNI013.SG	2.955	0.055813953488372085	86	0.02350800960336064
RNI013.SG	2.965	0.021048109965635737	97	0.023350245036979238
RNI013.SG	2.975	0.047387211944173974	79	0.02319338903229708
RNI013.SG	2.985	-0.007594936708860759	80	0.023037436356932943
RNI013.SG	2.995	-0.007843137254901964	85	0.022882381808638667
RNI013.SG	3.005	0.10555555555555556	81	0.02272822021512574
RNI013.SG	3.015	0.07343660355708548	84	0.02257494643389269
RNI013.SG	3.025	0.05453087409783481	87	0.022422555352053595
RNI013.SG	3.035	0.0004884004884004867	91	0.022271041886167436
RNI013.SG	3.045	0.04797258709308966	103	0.02212040098206868
RNI013.SG	3.055	0.03863037752414398	68	0.021970627614698514
RNI013.SG	3.065	-0.012368583797155226	99	0.021821716787937328
RNI013.SG	3.075	0.02777155655095185	95	0.021673663534438024
RNI013.SG	3.085	0.07511737089201878	72	0.021526462915460322
RNI013.SG	3.095	0.0992063492063492	64	0.021380110020705976
RNI013.SG	3.105	0.0	56	0.02123459996815507
RNI013.SG	3.115	0.044034818228366614	63	0.021089927903903027
RNI013.SG	3.125	0.03541247484909457	71	0.02094608900199884
RNI013.SG	3.1350000000000002	0.016246498599439777	85	0.020803078464283968
RNI013.SG	3.145	0.005328005328005326	78	0.020660891520232375
RNI013.SG	3.1550000000000002	-0.0379746835443038	80	0.020519523426791298
RNI013.SG	3.165	-0.012886597938144331	97	0.020378969468223117
RNI013.SG	3.1750000000000003	-0.04377564979480164	86	0.020239224955948005
RNI013.SG	3.185	-0.012564249000571103	103	0.02010028522838753
RNI013.SG	3.1950000000000003	-0.019246190858059342	87	0.019962145650809174
RNI013.SG	3.205	-0.023976023976023976	78	0.019824801615171698
RNI013.SG	3.2150000000000003	-0.01557935735150925	79	0.019688248539971438
RNI013.SG	3.225	-0.024096385542168676	84	0.019552481870089483
RNI013.SG	3.235	-0.012072434607645875	71	0.01941749707663975
RNI013.SG	3.245	-0.041407867494824016	70	0.019283289656817842
RNI013.SG	3.255	-0.036036036036036036	75	0.01914985513375092
RNI013.SG	3.265	0.08115942028985507	70	0.019017189056348315
RNI013.SG	3.275	0.1511592893706715	82	0.018885286999153063
RNI013.SG	3.285	0.13924050632911392	80	0.018754144562194278
RNI013.SG	3.295	0.054136874361593465	89	0.018623757370840408
RNI013.SG	3.305	-0.030495049504950494	101	0.018494121075653243
RNI013.SG	3.315	0.09542356377799416	79	0.018365231352242897
RNI013.SG	3.325	0.04914004914004914	111	0.0182370839011235
RNI013.SG	3.335	-0.013559322033898306	60	0.01810967444756983
RNI013.SG	3.345	-0.023369036027263874	79	0.017982998741474642
RNI013.SG	3.355	0.07058823529411765	85	0.01785705255720699
RNI013.SG	3.365	-0.009926854754440958	88	0.017731831693471183
RNI013.SG	3.375	0.09723609723609723	78	0.017607331973166683
RNI013.SG	3.3850000000000002	-0.10256410256410257	66	0.01748354924324876
RNI013.SG	3.395	0.09117475160724722	59	0.01736047937458995
RNI013.SG	3.4050000000000002	-0.02911392405063291	80	0.017238118261842315
RNI013.SG	3.415	0.015189873417721522	80	0.017116461823300507
RNI013.SG	3.4250000000000003	0.03258052573121066	74	0.016995506000765593
RNI013.SG	3.435	0.0018302447952413614	94	0.01687524675940971
RNI013.SG	3.4450000000000003	-0.03464686845612031	103	0.016755680087641434
RNI013.SG	3.455	-0.008359456635318707	88	0.016636801996972005
RNI013.SG	3.4650000000000003	0.16289592760180993	52	0.016518608521882236
RNI013.SG	3.475	0.08973200843119543	82	0.016401095719690277
RNI013.SG	3.485	0.02895148669796557	72	0.016284259670420055
RNI013.SG	3.495	-0.024514811031664963	89	0.016168096476670522
RNI013.SG	3.505	0.05873340143003065	89	0.016052602263485684
RNI013.SG	3.515	-0.006259780907668231	72	0.01593777317822528
RNI013.SG	3.525	0.01147446930579461	84	0.0158236053904363
RNI013.SG	3.535	0.018932874354561098	84	0.01571009509172522
RNI013.SG	3.545	0.023694927804516847	74	0.015597238495630938
RNI013.SG	3.555	0.03614457831325301	84	0.01548503183749846
RNI013.SG	3.565	-0.02562342713337909	94	0.015373471374353378
RNI013.SG	3.575	0.0338777979431337	58	0.01526255338477691
RNI013.SG	3.585	-0.009259259259259259	81	0.01515227416878187
RNI013.SG	3.595	-0.003278688524590164	61	0.01504263004768916
RNI013.SG	3.605	0.014629049111807735	88	0.014933617364005117
RNI013.SG	3.615	0.015135135135135137	75	0.014825232481299466
RNI013.SG	3.625	0.03786816269284712	93	0.014717471784084023
RNI013.SG	3.6350000000000002	0.13554987212276215	69	0.014610331677692129
RNI013.SG	3.645	-0.013132694938440492	86	0.014503808588158678
RNI013.SG	3.6550000000000002	-0.02867383512544803	63	0.014397898962100943
RNI013.SG	3.665	-0.014809329877823029	74	0.01429259926660003
RNI013.SG	3.6750000000000003	-0.014354066985645932	77	0.014187905989083018
RNI013.SG	3.685	0.12658227848101264	79	0.014083815637205808
RNI013.SG	3.6950000000000003	0.047115384615384615	65	0.013980324738736588
RNI013.SG	3.705	0.03869047619047619	64	0.01387742984144006
RNI013.SG	3.7150000000000003	0.04590892262125139	74	0.013775127512962226
RNI013.SG	3.725	-0.009836065573770491	61	0.01367341434071595
RNI013.SG	3.735	0.038542607648298706	82	0.013572286931767052
RNI013.SG	3.745	0.08269230769230769	65	0.013471741912721179
RNI013.SG	3.755	0.04983164983164983	55	0.01337177592961128
RNI013.SG	3.765	0.047519217330538085	54	0.013272385647785684
RNI013.SG	3.775	-0.04341926729986431	67	0.013173567751796882
RNI013.SG	3.785	0.05493863237872589	59	0.013075318945290959
RNI013.SG	3.795	0.02019230769230769	65	0.012977635950897588
RNI013.SG	3.805	0.024582967515364353	68	0.012880515510120719
RNI013.SG	3.815	-0.012519561815336462	72	0.01278395438322992
RNI013.SG	3.825	-0.01448692152917505	71	0.012687949349152242
RNI013.SG	3.835	0.048130322102924845	74	0.01259249720536483
RNI013.SG	3.845	-0.015345268542199489	69	0.01249759476778805
RNI013.SG	3.855	0.09833187006145741	68	0.012403238870679307
RNI013.SG	3.865	0.08864767073722297	67	0.012309426366527414
RNI013.SG	3.875	0.1218018018018018	75	0.01221615412594763
RNI013.SG	3.8850000000000002	-0.01791713325867861	95	0.012123419037577236
RNI013.SG	3.895	0.0277024992472147	82	0.012031218007971769
RNI013.SG	3.9050000000000002	-0.024691358024691357	81	0.011939547961501835
RNI013.SG	3.915	-0.012972972972972972	75	0.011848405840250487
RNI013.SG	3.9250000000000003	-0.0074046649389115145	74	0.011757788603911242
RNI013.SG	3.935	-0.0074046649389115145	74	0.011667693229686669
RNI013.SG	3.9450000000000003	-0.005733397037744864	92	0.01157811671218752
RNI013.SG	3.955	0.019252128841169936	74	0.01148905606333252
RNI013.SG	3.9650000000000003	0.027777777777777776	64	0.01140050831224865
RNI013.SG	3.975	-0.019138755980861243	77	0.011312470505172093
RNI013.SG	3.9850000000000003	-0.006557377049180328	61	0.011224939705349646
RNI013.SG	3.995	-0.01807909604519774	60	0.011137912992940788
RNI013.SG	4.005	0.048872180451127824	57	0.011051387464920303
RNI013.SG	4.015	-0.013169446883230905	68	0.010965360234981396
RNI013.SG	4.0249999999999995	-0.037613870114604764	83	0.010879828433439424
RNI013.SG	4.034999999999999	-0.029938519112536754	87	0.010794789207136196
RNI013.SG	4.045	-0.00569620253164557	80	0.01071023971934476
RNI013.SG	4.055	-0.02807017543859649	76	0.010626177149674822
RNI013.SG	4.0649999999999995	-0.025078369905956112	88	0.0105425986939786
RNI013.SG	4.074999999999999	-0.03165988240615106	67	0.010459501564257349
RNI013.SG	4.085	0.08058608058608059	78	0.010376882988568321
RNI013.SG	4.095	0.044564890093345376	82	0.01029474021093231
RNI013.SG	4.1049999999999995	-0.01473684210526316	76	0.010213070491241715
RNI013.SG	4.114999999999999	-0.03312629399585921	70	0.010131871105169134
RNI013.SG	4.125	-0.007692307692307693	65	0.010051139344076483
RNI013.SG	4.135	-0.033566433566433566	66	0.009970872514924681
RNI013.SG	4.145	-0.036133694670280034	82	0.00989106794018374
RNI013.SG	4.154999999999999	-0.047530864197530866	81	0.009811722957743525
RNI013.SG	4.165	-0.022756005056890013	113	0.009732834920824902
RNI013.SG	4.175	-0.023525018670649735	104	0.009654401197891474
RNI013.SG	4.185	-0.013291139240506329	80	0.009576419172561777
RNI013.SG	4.194999999999999	-0.017510259917920656	86	0.009498886243522017
RNI013.SG	4.205	-0.03859649122807017	96	0.009421799824439286
RNI013.SG	4.215	0.11981566820276499	63	0.009345157343875324
RNI013.SG	4.225	0.015037593984962405	77	0.009268956245200684
RNI013.SG	4.234999999999999	-0.01987577639751553	70	0.00919319398650948
RNI013.SG	4.244999999999999	0.02856215514443363	79	0.009117868040534594
RNI013.SG	4.255	-0.0008048289738430572	71	0.009042975894563363
RNI013.SG	4.265	-0.018091361374943462	67	0.008968515050353777
RNI013.SG	4.2749999999999995	-0.013250517598343685	70	0.008894483024051127
RNI013.SG	4.284999999999999	-0.027118644067796613	60	0.00882087734610515
RNI013.SG	4.295	-0.005420054200542011	82	0.008747695561187645
RNI013.SG	4.305	-0.02976190476190476	64	0.008674935228110602
RNI013.SG	4.3149999999999995	0.04918032786885245	61	0.008602593919744717
RNI013.SG	4.324999999999999	-0.016783216783216783	66	0.008530669222938467
RNI013.SG	4.335	-0.06599326599326599	55	0.008459158738437611
RNI013.SG	4.345	-0.007207207207207207	75	0.00838806008080513
RNI013.SG	4.3549999999999995	-0.0103862382343395	79	0.008317370878341675
RNI013.SG	4.364999999999999	-0.011988011988011988	78	0.00824708877300645
RNI013.SG	4.375	0.019822282980177717	77	0.008177211420338538
RNI013.SG	4.385	-0.014814814814814814	81	0.008107736489378719
RNI013.SG	4.395	-0.004262574595055414	69	0.00803866166259171
RNI013.SG	4.404999999999999	-0.012929767851895388	83	0.00796998463578882
RNI013.SG	4.415	0.02688486265341905	59	0.007901703118051138
RNI013.SG	4.425	-0.01263157894736842	76	0.007833814831653092
RNI013.SG	4.435	-0.0289738430583501	71	0.007766317511986449
RNI013.SG	4.444999999999999	-0.06545879602571596	59	0.007699208907484808
RNI013.SG	4.455	0.018511662347278784	74	0.007632486779548462
RNI013.SG	4.465	-0.017526777020447908	79	0.0075661489024697525
RNI013.SG	4.475	-0.016771488469601675	54	0.007500193063358804
RNI013.SG	4.484999999999999	-0.03109959274342836	74	0.007434617062069704
RNI013.SG	4.495	0.002283105022831053	73	0.0073694187111271155
RNI013.SG	4.505	-0.020964360587002098	54	0.007304595835653331
RNI013.SG	4.515	-0.04524886877828054	52	0.0072401462732956815
RNI013.SG	4.5249999999999995	-0.059227921734531994	62	0.0071760678741544315
RNI013.SG	4.534999999999999	-0.01269169751454257	62	0.00711235850071107
RNI013.SG	4.545	-0.013132694938440492	86	0.007049016027756969
RNI013.SG	4.555	-0.018511662347278784	74	0.006986038342322551
RNI013.SG	4.5649999999999995	-0.0193158953722334	71	0.006923423343606744
RNI013.SG	4.574999999999999	0.03827751196172249	77	0.006861168942906942
RNI013.SG	4.585	-0.0182648401826484	73	0.006799273063549302
RNI013.SG	4.595	-0.024844720496894408	70	0.006737733640819526
RNI013.SG	4.6049999999999995	0.05604921394395079	77	0.006676548621893906
RNI013.SG	4.614999999999999	-0.055944055944055944	78	0.00661571596577091
RNI013.SG	4.625	-0.020253164556962026	80	0.0065552336432030634
RNI013.SG	4.635	-0.01606425702811245	84	0.006495099636629291
RNI013.SG	4.645	0.0	78	0.006435311940107568
RNI013.SG	4.654999999999999	-0.027118644067796613	60	0.0063758685592480635
RNI013.SG	4.665	-0.032432432432432434	75	0.0063167675111465505
RNI013.SG	4.675	-0.032951945080091534	115	0.006258006824318318
RNI013.SG	4.685	-0.01904426027155704	107	0.006199584538632366
RNI013.SG	4.694999999999999	-0.006660006660006659	78	0.006141498705246035
RNI013.SG	4.705	-0.01557935735150925	79	0.006083747386539994
RNI013.SG	4.715	-0.022213994816734545	74	0.0060263286560536125
RNI013.SG	4.725	0.05988700564971751	60	0.0059692405984206965
RNI013.SG	4.734999999999999	-0.08439897698209718	69	0.005912481309305583
RNI013.SG	4.745	-0.013986013986013986	78	0.00585604889533962
RNI013.SG	4.755	-0.016415868673050615	86	0.005799941474058031
RNI013.SG	4.765	0.012658227848101266	80	0.005744157173837084
RNI013.SG	4.7749999999999995	-0.030441400304414	73	0.005688694133831679
RNI013.SG	4.784999999999999	-0.009987515605493134	90	0.005633550503913279
RNI013.SG	4.795	-0.013250517598343685	70	0.005578724444608171
RNI013.SG	4.805	0.05555555555555555	64	0.005524214127036141
RNI013.SG	4.8149999999999995	0.04795204795204795	78	0.00547001773284942
RNI013.SG	4.824999999999999	-0.0037926675094816687	113	0.005416133454172067
RNI013.SG	4.835	-0.0345679012345679	81	0.005362559493539635
RNI013.SG	4.845	0.02103934357248054	98	0.005309294063839253
RNI013.SG	4.8549999999999995	0.0	65	0.005256335388249955
RNI013.SG	4.864999999999999	-0.018437225636523266	68	0.005203681700183443
RNI013.SG	4.875	-0.022151898734177215	80	0.005151331243225151
RNI013.SG	4.885	-0.018066847335140017	82	0.005099282271075666
RNI013.SG	4.895	-0.027972027972027972	66	0.0050475330474924465
RNI013.SG	4.904999999999999	-0.019736842105263157	96	0.0049960818462319425
RNI013.SG	4.915	-0.009179575444635685	84	0.004944926950991974
RNI013.SG	4.925	-0.010535557506584725	68	0.004894066655354512
RNI013.SG	4.935	-0.004519774011299435	60	0.004843499262728728
RNI013.SG	4.944999999999999	0.020654044750430294	84	0.004793223086294421
RNI013.SG	4.955	0.03896103896103896	77	0.00474323644894573
RNI013.SG	4.965	-0.012048192771084338	84	0.00469353768323522
RNI013.SG	4.975	-0.005163511187607573	84	0.00464412513131822
RNI013.SG	4.984999999999999	-0.030601092896174863	61	0.0045949971448975445
RNI013.SG	4.995	-0.03570269393054203	79	0.004546152085168503
RNI013.SG	5.005	-0.034782608695652174	70	0.0044975883227642436
RNI013.SG	5.015	-0.002105263157894737	76	0.004449304237701381
RNI013.SG	5.0249999999999995	-0.009817671809256662	93	0.0044012982193259815
RNI013.SG	5.034999999999999	-0.028089887640449437	89	0.0043535686662598124
RNI013.SG	5.045	0.015873015873015872	64	0.004306113986346932
RNI013.SG	5.055	-0.01636469900642899	59	0.004258932596600589
RNI013.SG	5.0649999999999995	-0.047619047619047616	64	0.004212022923150402
RNI013.SG	5.074999999999999	-0.09518773135906927	62	0.00416538340118986
RNI013.SG	5.085	-0.037606837606837605	91	0.004119012474924141
RNI013.SG	5.095	-0.015584415584415584	56	0.004072908597518196
RNI013.SG	5.1049999999999995	-0.03932584269662921	89	0.0040270702310451515
RNI013.SG	5.114999999999999	-0.010854816824966078	67	0.0039814958464350165
RNI013.SG	5.125	-0.017510259917920656	86	0.003936183923423664
RNI013.SG	5.135	-0.005267778753292362	68	0.003891132950502139
RNI013.SG	5.145	-0.01038961038961039	56	0.003846341424866208
RNI013.SG	5.154999999999999	-0.005952380952380952	64	0.0038018078523662582
RNI013.SG	5.165	-0.00483968542044767	58	0.003757530747457433
RNI013.SG	5.175	-0.01809954751131222	52	0.0037135086331500956
RNI013.SG	5.185	-0.03759398496240601	57	0.0036697400409605417
RNI013.SG	5.194999999999999	-0.0438871473354232	88	0.003626223510862031
RNI013.SG	5.205	-0.02048131080389145	63	0.003582957591236057
RNI013.SG	5.215	-0.017297297297297298	75	0.0035399408388239826
RNI013.SG	5.225	-0.009033423667570008	82	0.003497171818678822
RNI013.SG	5.234999999999999	-0.014806980433632998	62	0.0034546491041174228
RNI013.SG	5.245	0.041750841750841754	55	0.003412371276672846
RNI013.SG	5.255	-0.0031298904538341154	72	0.0033703369260470904
RNI013.SG	5.265	-0.01987577639751553	70	0.0033285446500639967
RNI013.SG	5.2749999999999995	-0.013888888888888888	64	0.003286993054622516
RNI013.SG	5.284999999999999	-0.018779342723004695	72	0.0032456807536501786
RNI013.SG	5.295	-0.005594405594405594	66	0.0032046063690568567
RNI013.SG	5.305	-0.020772476468679	79	0.0031637685306888366
RNI013.SG	5.3149999999999995	-0.01448692152917505	71	0.0031231658762830503
RNI013.SG	5.324999999999999	-0.023783783783783784	75	0.0030827970514216707
RNI013.SG	5.335	-0.037037037037037035	81	0.0030426607094869405
RNI013.SG	5.345	-0.02538339502908514	62	0.0030027555116162253
RNI013.SG	5.3549999999999995	-0.018648018648018648	66	0.002963080126657364
RNI013.SG	5.364999999999999	-0.002633889376646181	68	0.002923633231124257
RNI013.SG	5.375	0.05555555555555555	64	0.0028844135091527267
RNI013.SG	5.385	-0.02536997885835095	44	0.002845419652456627
RNI013.SG	5.395	-0.025039123630672924	72	0.002806650360284199
RNI013.SG	5.404999999999999	0.08607594936708861	80	0.002768104339374665
RNI013.SG	5.415	0.03368083400160385	87	0.002729780303915092
RNI013.SG	5.425	0.03836317135549872	69	0.0026916769754975374
RNI013.SG	5.435	0.11414900888585097	77	0.0026537930830763416
RNI013.SG	5.444999999999999	0.034607645875251516	71	0.0026161273629257773
RNI013.SG	5.455	-0.003583426651735722	95	0.0025786785585978755
RNI013.SG	5.465	0.049165935030728705	68	0.0025414454208805256
RNI013.SG	5.475	0.030636030636030636	78	0.00250442670775578
RNI013.SG	5.484999999999999	-0.02040816326530612	49	0.002467621184358438
RNI013.SG	5.495	0.049165935030728705	68	0.002431027622934858
RNI013.SG	5.505	-0.003996003996003996	78	0.002394644802802
RNI013.SG	5.515	-0.028946178199909543	67	0.002358471510306696
RNI013.SG	5.5249999999999995	-0.005842259006815969	79	0.0023225065387851816
RNI013.SG	5.534999999999999	0.06442577030812326	85	0.0022867486885228263
RNI013.SG	5.545	-0.00999000999000999	78	0.0022511967667141223
RNI013.SG	5.555	-0.020833333333333332	64	0.002215849587422906
RNI013.SG	5.5649999999999995	-0.0031729243786356425	62	0.002180705971542775
RNI013.SG	5.574999999999999	-0.006033182503770739	52	0.002145764746757769
RNI013.SG	5.585	-0.030508474576271188	60	0.002111024747503269
RNI013.SG	5.595	0.016853932584269662	89	0.0020764848149271084
RNI013.SG	5.6049999999999995	0.024074074074074074	81	0.0020421437968509122
RNI013.SG	5.614999999999999	-0.06787878787878787	100	0.002008000547731672
RNI013.SG	5.625	-0.012345679012345678	81	0.0019740539286235252
RNI013.SG	5.635	0.028112449799196783	84	0.001940302807139773
RNI013.SG	5.645	0.03232441962973847	83	0.0019067460574151004
RNI013.SG	5.654999999999999	0.09633418584825235	69	0.00187338256006801
RNI013.SG	5.665	0.027118644067796613	60	0.0018402112021634956
RNI013.SG	5.675	0.03424657534246575	73	0.0018072308771759187
RNI013.SG	5.685	0.008860759493670888	80	0.0017744404849520806
RNI013.SG	5.694999999999999	-0.02538339502908514	62	0.0017418389316745378
RNI013.SG	5.705	-0.018796992481203006	57	0.0017094251298251121
RNI013.SG	5.715	-0.005805515239477504	53	0.001677197998148615
RNI013.SG	5.725	-0.01402688486265342	59	0.00164515646161677
RNI013.SG	5.734999999999999	-0.018648018648018648	66	0.0016132994513923596
RNI013.SG	5.745	-0.021152829190904283	62	0.0015816259047935679
RNI013.SG	5.755	-0.03172924378635643	62	0.0015501347652585413
RNI013.SG	5.765	-0.04195804195804195	66	0.001518824982310131
RNI013.SG	5.7749999999999995	0.0946969696969697	33	0.0014876955115208559
RNI013.SG	5.784999999999999	-0.011737089201877935	72	0.0014567453144780649
RNI013.SG	5.795	-0.012972972972972972	75	0.001425973358749292
RNI013.SG	5.805	-0.037037037037037035	81	0.0013953786178478294
RNI013.SG	5.8149999999999995	0.015868351454598886	83	0.0013649600711984691
RNI013.SG	5.824999999999999	0.05573770491803279	61	0.0013347167041034731
RNI013.SG	5.835	0.03442879499217528	72	0.0013046475077087127
RNI013.SG	5.845	0.046536224219989424	62	0.0012747514789700296
RNI013.SG	5.8549999999999995	0.055769230769230765	65	0.0012450276206197623
RNI013.SG	5.864999999999999	-0.009389671361502351	72	0.0012154749411334882
RNI013.SG	5.875	0.03271604938271605	81	0.0011860924546969404
RNI013.SG	5.885	-0.01198501872659176	90	0.0011568791811731403
RNI013.SG	5.895	-0.03888888888888889	81	0.0011278341460696827
RNI013.SG	5.904999999999999	-0.012658227848101266	80	0.0010989563805062375
RNI013.SG	5.915	-0.013679890560875515	86	0.0010702449211822274
RNI013.SG	5.925	-0.021312021312021312	78	0.0010416988103447026
RNI013.SG	5.935	-0.02976190476190476	64	0.001013317095756379
RNI013.SG	5.944999999999999	0.030976430976430977	55	0.000985098830663879
RNI013.SG	5.955	-0.008708272859216255	53	0.0009570430737661602
RNI013.SG	5.965	0.046620046620046623	78	0.0009291488891830998
RNI013.SG	5.975	-0.03544303797468354	80	0.0009014153464242834
RNI013.SG	5.984999999999999	0.025039123630672924	72	0.0008738415203579618
RNI013.SG	5.995	0.036182722749886924	67	0.0008464264911801972
RNI013.SG	6.005	-0.05844155844155845	56	0.0008191693443841772
RNI013.SG	6.015	-0.024198427102238355	58	0.0007920691707297093
RNI013.SG	6.0249999999999995	-0.042352941176470586	51	0.0007651250662128834
RNI013.SG	6.035	-0.024132730015082957	52	0.0007383361320359274
RNI013.SG	6.045	-0.05357142857142857	64	0.0007117014745772234
RNI013.SG	6.055	-0.011754334410813987	83	0.0006852202053614876
RNI013.SG	6.0649999999999995	-0.0022213994816734544	74	0.000658891441030143
RNI013.SG	6.074999999999999	0.09943502824858758	60	0.0006327143033118552
RNI013.SG	6.085	-0.016771488469601675	54	0.0006066879189932217
RNI013.SG	6.095	0.04912280701754386	76	0.0005808114198896583
RNI013.SG	6.1049999999999995	-0.018648018648018648	66	0.0005550839428164261
RNI013.SG	6.114999999999999	0.02813299232736573	69	0.0005295046295598462
RNI013.SG	6.125	-0.01845522898154477	77	0.0005040726268486628
RNI013.SG	6.135	-0.007484629778134189	87	0.00047878708632559646
RNI013.SG	6.145	0.06599597585513078	71	0.00045364716451902227
RNI013.SG	6.154999999999999	0.06649616368286446	69	0.0004286520228148497
RNI013.SG	6.165	-0.0311587147030185	79	0.0004038008274285399
RNI013.SG	6.175	-0.02805376972530684	59	0.0003790927493773017
RNI013.SG	6.185	-0.0045228403437358655	67	0.0003545269644524259
RNI013.SG	6.194999999999999	-0.023376623376623377	56	0.00033010265319180325
RNI013.SG	6.205	-0.01488095238095238	64	0.000305819000852579
RNI013.SG	6.215	-0.007407407407407407	81	0.00028167519738398535
RNI013.SG	6.225	-0.009351256575102279	59	0.0002576704374003102
RNI013.SG	6.234999999999999	0.0365296803652968	73	0.00023380392015403314
RNI013.SG	6.245	0.15476190476190477	64	0.0002100748495091195
RNI013.SG	6.255	-0.023378141437755698	59	0.00018648243391445902
RNI013.SG	6.265	-0.03137254901960784	51	0.00016302588637746515
RNI013.SG	6.2749999999999995	-0.027137042062415198	67	0.00013970442443781306
RNI013.SG	6.285	0.0	62	0.0001165172701413468
RNI013.SG	6.295	-0.02805376972530684	59	9.346365001413216e-05
RNI013.SG	6.305	-0.02947368421052632	76	7.054279503664312e-05
RNI013.SG	6.3149999999999995	-0.0025316455696202554	80	4.775394061811572e-05
RNI013.SG	6.324999999999999	-0.05642080517190714	83	2.5096326571047607e-05
RNI013.SG	6.335	-0.041407867494824016	70	2.569197085829436e-06
RNI013.SG	6.345	0.0228270412642669	68	-1.9828199294456752e-05
RNI013.SG	6.3549999999999995	0.04293785310734463	60	-4.209660969911426e-05
RNI013.SG	6.364999999999999	0.004543979227523533	79	-6.42367769547493e-05
RNI013.SG	6.375	0.021505376344086023	63	-8.624943961004676e-05
RNI013.SG	6.385	-0.01818181818181818	56	-0.00010813533196041237
RNI013.SG	6.395	0.2328767123287671	73	-0.00012989518407246613
RNI013.SG	6.404999999999999	0.08933294152218631	83	-0.00015152972180839525
RNI013.SG	6.415	-0.0031298904538341154	72	-0.00017303966685016823
RNI013.SG	6.425	-0.026265389876880985	86	-0.0001944257367236012
RNI013.SG	6.435	-0.030270270270270273	75	-0.000215688644822307
RNI013.SG	6.444999999999999	0.03733815115928937	82	-0.0002368291004314787
RNI013.SG	6.455	0.034782608695652174	70	-0.00025784780875156123
RNI013.SG	6.465	0.08428446005267778	68	-0.00027874547092176377
RNI013.SG	6.475	-0.014005602240896359	85	-0.0002995227840434599
RNI013.SG	6.484999999999999	0.01865600609175709	103	-0.0003201804412034325
RNI013.SG	6.495	0.014084507042253521	72	-0.00034071913149700704
RNI013.SG	6.505	-0.015868351454598882	83	-0.00036113954005100816
RNI013.SG	6.515	0.02147352832284339	74	-0.0003814423480466519
RNI013.SG	6.5249999999999995	-0.01562881562881563	91	-0.000401628232742245
RNI013.SG	6.535	0.007518796992481205	77	-0.00042169786749578393
RNI013.SG	6.545	0.0949367088607595	80	-0.0004416519217874124
RNI013.SG	6.555	0.05017921146953405	63	-0.00046149106124176087
RNI013.SG	6.5649999999999995	-0.011106997408367273	74	-0.00048121594765014207
RNI013.SG	6.574999999999999	0.0	73	-0.0005008272389926348
RNI013.SG	6.585	-0.00967937084089534	58	-0.000520325589460028
RNI013.SG	6.595	-0.007692307692307693	65	-0.0005397116494756421
RNI013.SG	6.6049999999999995	-0.016455696202531647	80	-0.0005589860657170291
RNI013.SG	6.614999999999999	-0.05647058823529412	51	-0.0005781494811375504
RNI013.SG	6.625	-0.017050298380221655	69	-0.0005972025349878039
RNI013.SG	6.635	-0.019672131147540982	61	-0.0006161458628369683
RNI013.SG	6.645	-0.01693889897156685	58	-0.0006349800965939983
RNI013.SG	6.654999999999999	-0.015345268542199489	69	-0.0006537058645286991
RNI013.SG	6.665	-0.04276931301790965	87	-0.000672323791292697
RNI013.SG	6.675	-0.004589787722317842	84	-0.0006908344979402506
RNI013.SG	6.685	0.0	66	-0.0007092386019490024
RNI013.SG	6.694999999999999	-0.001480932987782303	74	-0.0007275367172405417
RNI013.SG	6.705	-0.005765765765765766	75	-0.0007457294542009183
RNI013.SG	6.715	-0.016922263352723427	62	-0.0007638174197009693
RNI013.SG	6.725	-0.006790123456790123	81	-0.0007818012171165877
RNI013.SG	6.734999999999999	-0.02464525765496639	104	-0.0007996814463488472
RNI013.SG	6.745	-0.021709633649932156	67	-0.0008174587038439966
RNI013.SG	6.755	-0.05163511187607573	84	-0.000835133582613373
RNI013.SG	6.765	-0.035842293906810034	63	-0.0008527066722531776
RNI013.SG	6.7749999999999995	-0.007403490216816499	62	-0.0008701785589641463
RNI013.SG	6.785	-0.01643192488262911	72	-0.0008875498255711016
RNI013.SG	6.795	-0.03916083916083916	66	-0.0009048210515423833
RNI013.SG	6.805	-0.034972677595628415	61	-0.0009219928130092063
RNI013.SG	6.8149999999999995	-0.011904761904761904	64	-0.0009390656827848467
RNI013.SG	6.824999999999999	-0.008503401360544218	49	-0.0009560402303837754
RNI013.SG	6.835	-0.047740835464620636	69	-0.0009729170220406425
RNI013.SG	6.845	-0.021152829190904283	62	-0.000989696620729166
RNI013.SG	6.8549999999999995	-0.010090090090090091	75	-0.0010063795861809171
RNI013.SG	6.864999999999999	-0.034594594594594595	75	-0.0010229664749039891
RNI013.SG	6.875	-0.005267778753292362	68	-0.001039457840201559
RNI013.SG	6.885	-0.005163511187607573	84	-0.0010558542321903413
RNI013.SG	6.895	0.02531645569620253	79	-0.0010721561978189564
RNI013.SG	6.904999999999999	-0.00855386260358193	87	-0.001088364280886153
RNI013.SG	6.915	-0.014333706606942888	95	-0.0011044790220589625
RNI013.SG	6.925	-0.004324324324324324	75	-0.001120500958890729
RNI013.SG	6.935	-0.01141552511415525	73	-0.0011364306258390363
RNI013.SG	6.944999999999999	-0.030270270270270273	75	-0.0011522685542835536
RNI013.SG	6.955	-0.006835269993164729	77	-0.0011680152725437412
RNI013.SG	6.965	-0.020964360587002098	54	-0.0011836713058964816
RNI013.SG	6.975	-0.005594405594405594	66	-0.0011992371765936105
RNI013.SG	6.984999999999999	-0.007023705004389816	68	-0.0012147134038793224
RNI013.SG	6.995	-0.010230179028132991	69	-0.0012301005040075024
RNI013.SG	7.005	0.0	61	-0.0012453989902589395
RNI013.SG	7.015	0.0	87	-0.0012606093729584625
RNI013.SG	7.0249999999999995	-0.006274509803921568	51	-0.0012757321594919434
RNI013.SG	7.035	-0.007207207207207207	75	-0.0012907678543232427
RNI013.SG	7.045	-0.0163265306122449	50	-0.0013057169590110205
RNI013.SG	7.055	-0.028846153846153848	65	-0.0013205799722254778
RNI013.SG	7.0649999999999995	-0.01964912280701754	76	-0.0013353573897649839
RNI013.SG	7.074999999999999	0.0	72	-0.001350049704572628
RNI013.SG	7.085	-0.008885597926693817	74	-0.0013646574067526463
RNI013.SG	7.095	-0.0045662100456621	73	-0.0013791809835867787
RNI013.SG	7.1049999999999995	-0.008461131676361713	62	-0.0013936209195505298
RNI013.SG	7.114999999999999	-0.0032193158953722333	71	-0.001407977696329317
RNI013.SG	7.125	0.04647983595352016	77	-0.001422251792834546
RNI013.SG	7.135	-0.00483968542044767	58	-0.001436443685219585
RNI013.SG	7.145	-0.023976023976023976	78	-0.0014505538468956533
RNI013.SG	7.154999999999999	-0.01111111111111111	81	-0.0014645827485475996
RNI013.SG	7.165	0.0	61	-0.0014785308581496221
RNI013.SG	7.175	-0.0043541364296081275	53	-0.0014923986409808607
RNI013.SG	7.185	-0.02115780193946518	83	-0.0015061865596409283
RNI013.SG	7.194999999999999	-0.008743169398907104	61	-0.0015198950740653375
RNI013.SG	7.205	-0.010230179028132991	69	-0.0015335246415408522
RNI013.SG	7.215	-0.02403846153846154	65	-0.0015470757167207277
RNI013.SG	7.225	-0.010252904989747095	77	-0.0015605487516398842
RNI013.SG	7.234999999999999	-0.008648648648648649	75	-0.001573944195729991
RNI013.SG	7.245	-0.02050580997949419	77	-0.0015872624958344493
RNI013.SG	7.255	0.030812324929971983	85	-0.0016005040962233006
RNI013.SG	7.265	-0.0182648401826484	73	-0.0016136694386080478
RNI013.SG	7.2749999999999995	-0.01948051948051948	56	-0.001626758962156393
RNI013.SG	7.285	-0.005952380952380952	64	-0.0016397731035068864
RNI013.SG	7.295	-0.01269169751454257	62	-0.0016527122967834782
RNI013.SG	7.305	-0.022598870056497175	60	-0.001665576973610017
RNI013.SG	7.3149999999999995	0.035955056179775284	90	-0.0016783675631246472
RNI013.SG	7.324999999999999	-0.012519561815336462	72	-0.001691084491994109
RNI013.SG	7.335	-0.02101010101010101	100	-0.0017037281844279896
RNI013.SG	7.345	-0.015803336259877086	68	-0.0017162990621928573
RNI013.SG	7.3549999999999995	-0.006345848757271285	62	-0.0017287975446263486
RNI013.SG	7.364999999999999	0.06105263157894737	76	-0.0017412240486511317
RNI013.SG	7.375	0.015291750503018108	71	-0.0017535789887888438
RNI013.SG	7.385	-0.013670539986329458	77	-0.0017658627771738947
RNI013.SG	7.395	-0.019271303824149353	82	-0.0017780758235672245
RNI013.SG	7.404999999999999	-0.021709633649932156	67	-0.001790218535369975
RNI013.SG	7.415	0.03595980962453728	62	-0.0018022913176370765
RNI013.SG	7.425	-0.006566347469220246	86	-0.0018142945730907582
RNI013.SG	7.435	-0.024582967515364353	68	-0.0018262287021339756
RNI013.SG	7.444999999999999	0.024057738572574174	87	-0.0018380941028637863
RNI013.SG	7.455	-0.011226944667201283	87	-0.0018498911710846172
RNI013.SG	7.465	0.07839506172839507	81	-0.0018616203003214578
RNI013.SG	7.475	0.0	67	-0.0018732818818330108
RNI013.SG	7.484999999999999	0.0	81	-0.0018848763046247219
RNI013.SG	7.495	-0.011226944667201283	87	-0.0018964039554617753
RNI013.SG	7.505	-0.002048131080389145	63	-0.0019078652188819715
RNI013.SG	7.515	-0.00482897384305835	71	-0.0019192604772085807
RNI013.SG	7.5249999999999995	-0.028169014084507043	72	-0.0019305901105630806
RNI013.SG	7.535	-0.007936507936507936	64	-0.0019418544968778386
RNI013.SG	7.545	-0.025157232704402514	54	-0.0019530540119087204
RNI013.SG	7.555	0.0	74	-0.0019641890292476233
RNI013.SG	7.5649999999999995	-0.020050125313283207	57	-0.0019752599203349437
RNI013.SG	7.574999999999999	-0.009324009324009324	78	-0.001986267054471958
RNI013.SG	7.585	-0.0037296037296037296	66	-0.0019972107988331517
RNI013.SG	7.595	-0.01609657947686117	71	-0.0020080915184784586
RNI013.SG	7.6049999999999995	-0.02190923317683881	72	-0.002018909576365445
RNI013.SG	7.614999999999999	-0.006625258799171843	70	-0.002029665333361412
RNI013.SG	7.625	0.0	66	-0.002040359148255443
RNI013.SG	7.635	0.14513788098693758	53	-0.002050991377770356
RNI013.SG	7.645	-0.003401360544217687	49	-0.0020615623765746173
RNI013.SG	7.654999999999999	-0.006144393241167435	63	-0.0020720724972941693
RNI013.SG	7.665	-0.004024144869215292	71	-0.002082522090524189
RNI013.SG	7.675	0.04294705664568678	74	-0.0020929115048407814
RNI013.SG	7.685	-0.005765765765765766	75	-0.0021032410868126188
RNI013.SG	7.694999999999999	0.03796203796203797	78	-0.0021135111810124925
RNI013.SG	7.705	-0.007692307692307693	65	-0.002123722130028807
RNI013.SG	7.715	-0.01051967178624027	98	-0.002133874274477008
RNI013.SG	7.725	-0.007236544549977386	67	-0.002143967953010953
RNI013.SG	7.734999999999999	-0.007259528130671506	58	-0.002154003502334194
RNI013.SG	7.745	0.020925553319919514	71	-0.0021639812572112217
RNI013.SG	7.755	-0.013114754098360656	61	-0.002173901550478624
RNI013.SG	7.765	0.09181784524250278	74	-0.002183764713056196
RNI013.SG	7.7749999999999995	-0.0518326545723806	74	-0.0021935710739579718
RNI013.SG	7.785	-0.02902757619738752	53	-0.0022033209603032067
RNI013.SG	7.795	-0.005952380952380952	64	-0.0022130146973272807
RNI013.SG	7.805	0.0	54	-0.0022226526083925554
RNI013.SG	7.8149999999999995	-0.01809954751131222	52	-0.0022322350149991555
RNI013.SG	7.825	-0.005427408412483039	67	-0.0022417622367957
RNI013.SG	7.835	-0.010774410774410773	55	-0.0022512345915899545
RNI013.SG	7.845	0.05017921146953405	63	-0.0022606523953594432
RNI013.SG	7.8549999999999995	-0.04195804195804195	66	-0.0022700159622619817
RNI013.SG	7.864999999999999	-0.01537765716870195	67	-0.0022793256046461626
RNI013.SG	7.875	0.01731601731601732	78	-0.0022885816330617693
RNI013.SG	7.885	-0.034594594594594595	75	-0.0022977843562701364
RNI013.SG	7.895	-0.011594202898550725	70	-0.0023069340812544564
RNI013.SG	7.904999999999999	0.010066346373827499	94	-0.0023160311132300088
RNI013.SG	7.915	0.16644052464947987	67	-0.0023250757556543484
RNI013.SG	7.925	0.17427701674277019	73	-0.0023340683102374255
RNI013.SG	7.935	0.0833902939166097	77	-0.002343009076951655
RNI013.SG	7.944999999999999	-0.0136986301369863	73	-0.0023518983540419145
RNI013.SG	7.955	-0.007936507936507936	64	-0.0023607364380355024
RNI013.SG	7.965	0.02318840579710145	70	-0.0023695236237520198
RNI013.SG	7.975	-0.02538339502908514	62	-0.002378260204313214
RNI013.SG	7.984999999999999	-0.028985507246376812	70	-0.002386946471152748
RNI013.SG	7.995	-0.0096579476861167	71	-0.002395582714025933
RNI013.SG	8.005	-0.023310023310023312	78	-0.002404169221019382
RNI013.SG	8.015	-0.021312872975277068	69	-0.002412706278560627
RNI013.SG	8.025	-0.006779661016949153	60	-0.0024211941714276713
RNI013.SG	8.035	0.043478260869565216	69	-0.002429633182758493
RNI013.SG	8.045	0.09432672590567327	77	-0.0024380235940604815
RNI013.SG	8.055	0.0892018779342723	72	-0.0024463656852198356
RNI013.SG	8.065	0.030473135525260625	87	-0.0024546597345108997
RNI013.SG	8.075	-0.005797101449275362	70	-0.0024629060186054383
RNI013.SG	8.084999999999999	0.09121909633418585	69	-0.0024711048125818785
RNI013.SG	8.094999999999999	-0.04519774011299435	60	-0.002479256389934471
RNI013.SG	8.105	0.0863356053229471	79	-0.002487361022582426
RNI013.SG	8.115	0.07508771929824562	76	-0.0024954189808789754
RNI013.SG	8.125	-0.011689070718877849	59	-0.0025034305336203953
RNI013.SG	8.135	-0.01564945226917058	72	-0.0025113959480549744
RNI013.SG	8.145	-0.012072434607645875	71	-0.0025193154898919216
RNI013.SG	8.155	-0.0409626216077829	63	-0.0025271894233102376
RNI013.SG	8.165	0.04713804713804714	55	-0.002535018010967522
RNI013.SG	8.174999999999999	-0.03219315895372234	71	-0.0025428015140087357
RNI013.SG	8.185	-0.03511852502194908	68	-0.0025505401920749167
RNI013.SG	8.195	-0.07374890254609306	68	-0.0025582343033118313
RNI013.SG	8.205	-0.025225225225225224	75	-0.0025658841043785987
RNI013.SG	8.215	-0.023870417732310318	69	-0.002573489850456241
RNI013.SG	8.225	-0.014809329877823029	74	-0.0025810517952562
RNI013.SG	8.235	-0.04234724742891712	58	-0.0025885701910288036
RNI013.SG	8.245	-0.02976190476190476	64	-0.0025960452885716735
RNI013.SG	8.254999999999999	-0.005923731951129212	74	-0.0026034773372380976
RNI013.SG	8.265	-0.037296037296037296	66	-0.0026108665849453446
RNI013.SG	8.275	0.08951048951048951	66	-0.0026182132781829336
RNI013.SG	8.285	-0.003618272274988693	67	-0.0026255176620208582
RNI013.SG	8.295	0.03628219484882419	95	-0.002632779980117759
RNI013.SG	8.305	-0.022598870056497175	60	-0.002640000474729058
RNI013.SG	8.315	0.04519230769230769	65	-0.00264717938671503
RNI013.SG	8.325	0.05608322026232474	67	-0.002654316955548846
RNI013.SG	8.334999999999999	-0.002506265664160401	57	-0.002661413419324556
RNI013.SG	8.344999999999999	-0.0182648401826484	73	-0.002668469014765031
RNI013.SG	8.355	-0.02253521126760563	71	-0.0026754839772298675
RNI013.SG	8.365	0.025271818983250073	83	-0.0026824585407232253
RNI013.SG	8.375	0.004924760601915183	86	-0.0026893929379016466
RNI013.SG	8.385	-0.012345679012345678	81	-0.0026962874000818083
RNI013.SG	8.395	-0.01402688486265342	59	-0.0027031421572482426
RNI013.SG	8.405	-0.01228878648233487	63	-0.0027099574380610066
RNI013.SG	8.415	-0.006144393241167435	63	-0.0027167334698633087
RNI013.SG	8.424999999999999	-0.05403508771929824	76	-0.0027234704786890983
RNI013.SG	8.435	0.10119047619047619	64	-0.0027301686892705988
RNI013.SG	8.445	0.07672634271099744	69	-0.0027368283250458064
RNI013.SG	8.455	0.15417043059319482	82	-0.0027434496081659445
RNI013.SG	8.465	-0.011415525114155247	73	-0.002750032759502877
RNI013.SG	8.475	-0.03324808184143223	69	-0.0027565779986564697
RNI013.SG	8.485	0.03173734610123119	86	-0.002763085543961919
RNI013.SG	8.495	0.23768115942028983	70	-0.0027695556124970374
RNI013.SG	8.504999999999999	0.0	56	-0.0027759884200894884
RNI013.SG	8.515	-0.003996003996003993	78	-0.0027823841813239968
RNI013.SG	8.525	0.04590892262125139	74	-0.002788743109549491
RNI013.SG	8.535	-0.010535557506584725	68	-0.0027950654168862363
RNI013.SG	8.545	-0.00409626216077829	63	-0.0028013513142329007
RNI013.SG	8.555	-0.005120327700972862	63	-0.002807601011273591
RNI013.SG	8.565	-0.025157232704402514	54	-0.0028138147164848528
RNI013.SG	8.575	0.06451612903225806	62	-0.0028199926371426176
RNI013.SG	8.584999999999999	-0.007518796992481203	57	-0.002826134979329124
RNI013.SG	8.595	-0.026441036488630353	62	-0.0028322419479397867
RNI013.SG	8.605	-0.025945945945945945	75	-0.002838313746690032
RNI013.SG	8.615	-0.010980392156862745	51	-0.0028443505781220978
RNI013.SG	8.625	0.0	63	-0.0028503526436117854
RNI013.SG	8.635	-0.014084507042253521	72	-0.0028563201433751797
RNI013.SG	8.645	0.0076607387140902854	86	-0.0028622532764753256
RNI013.SG	8.655	-0.008859357696566999	43	-0.0028681522408288687
RNI013.SG	8.665	-0.025974025974025976	56	-0.00287401723321266
RNI013.SG	8.674999999999999	0.041928721174004195	54	-0.0028798484492703193
RNI013.SG	8.685	0.0851063829787234	48	-0.0028856460835187574
RNI013.SG	8.695	-0.00701344243132671	59	-0.0028914103293546673
RNI013.SG	8.705	-0.0059676044330775795	69	-0.0028971413790609794
RNI013.SG	8.715	0.08216216216216217	75	-0.002902839423813269
RNI013.SG	8.725	-0.04072398190045249	52	-0.002908504653686138
RNI013.SG	8.735	0.05443371378402107	68	-0.0029141372576595532
RNI013.SG	8.745	-0.01228878648233487	63	-0.0029197374236251536
RNI013.SG	8.754999999999999	-0.019151846785225718	86	-0.0029253053383925115
RNI013.SG	8.765	-0.0163265306122449	50	-0.0029308411876953727
RNI013.SG	8.775	0.0009615384615384581	65	-0.0029363451561978428
RNI013.SG	8.785	-0.03771043771043771	55	-0.0029418174275005547
RNI013.SG	8.795	-0.03278688524590164	61	-0.0029472581841467893
RNI013.SG	8.805	-0.03160667251975417	68	-0.002952667607628568
RNI013.SG	8.815	0.09626064420584969	74	-0.0029580458783927044
RNI013.SG	8.825	-0.0182648401826484	73	-0.00296339317584682
RNI013.SG	8.834999999999999	-0.0213406292749658	86	-0.0029687096783653387
RNI013.SG	8.845	-0.04309764309764309	55	-0.0029739955632954278
RNI013.SG	8.855	0.02575452716297787	71	-0.0029792510069629155
RNI013.SG	8.865	0.0	55	-0.002984476184678179
RNI013.SG	8.875	0.052631578947368425	57	-0.002989671270741983
RNI013.SG	8.885	0.05807622504537205	58	-0.002994836438451304
RNI013.SG	8.895	-0.03511852502194908	68	-0.002999971860105103
RNI013.SG	8.905	0.00819252432155658	63	-0.0030050777070100764
RNI013.SG	8.915	-0.004524886877828056	52	-0.003010154149486372
RNI013.SG	8.924999999999999	-0.06060606060606061	55	-0.0030152013568732665
RNI013.SG	8.935	0.02352941176470588	51	-0.0030202194975348182
RNI013.SG	8.945	-0.07373271889400922	63	-0.003025208738865478
RNI013.SG	8.955	-0.00483968542044767	58	-0.0030301692472956823
RNI013.SG	8.965	-0.05442176870748299	49	-0.0030351011882973943
RNI013.SG	8.975	-0.05017921146953405	63	-0.0030400047263896327
RNI013.SG	8.985	-0.0506558118498417	67	-0.003044880025143954
RNI013.SG	8.995	-0.009045680687471731	67	-0.0030497272471899086
RNI013.SG	9.004999999999999	-0.013937282229965157	42	-0.0030545465542204716
RNI013.SG	9.015	0.040485829959514164	39	-0.003059338106997433
RNI013.SG	9.025	0.05387205387205388	55	-0.003064102065356756
RNI013.SG	9.035	-0.03354297693920335	54	-0.003068838588213915
RNI013.SG	9.045	0.040437158469945354	61	-0.0030735478335691966
RNI013.SG	9.055	0.009122807017543859	76	-0.003078229958512967
RNI013.SG	9.065	-0.02622950819672131	61	-0.0030828851192309117
RNI013.SG	9.075	-0.03232323232323232	45	-0.00308751347100925
RNI013.SG	9.084999999999999	0.008385744234800842	54	-0.0030921151682399093
RNI013.SG	9.095	-0.05194805194805195	56	-0.003096690364425683
RNI013.SG	9.105	-0.00725689404934688	53	-0.0031012392121853383
RNI013.SG	9.115	0.04038630377524144	68	-0.0031057618632587243
RNI013.SG	9.125	0.036756756756756756	75	-0.0031102584685118173
RNI013.SG	9.135	0.043010752688172046	63	-0.003114729177941764
RNI013.SG	9.145	-0.0038948393378773127	79	-0.003119174140681882
RNI013.SG	9.155	-0.010576414595452142	62	-0.003123593505006634
RNI013.SG	9.165	-0.0259163272861903	74	-0.0031279874183365733
RNI013.SG	9.174999999999999	-0.028094820017559263	68	-0.0031323560272432634
RNI013.SG	9.185	0.041928721174004195	54	-0.0031366994774541662
RNI013.SG	9.195	-0.02040816326530612	49	-0.003141017913857502
RNI013.SG	9.205	-0.011594202898550725	70	-0.0031453114805070847
RNI013.SG	9.215	-0.0625	64	-0.0031495803206271276
RNI013.SG	9.225	-0.044755244755244755	66	-0.0031538245766170175
RNI013.SG	9.235	-0.018823529411764704	51	-0.0031580443900560704
RNI013.SG	9.245	-0.005805515239477504	53	-0.003162239901708246
RNI013.SG	9.254999999999999	-0.017069701280227594	38	-0.0031664112515268532
RNI013.SG	9.265	-0.02077922077922078	56	-0.0031705585786592117
RNI013.SG	9.275	0.03975155279503106	70	-0.003174682021451294
RNI013.SG	9.285	0.08355367530407191	62	-0.0031787817174523452
RNI013.SG	9.295	-0.01741654571843251	53	-0.003182857803419467
RNI013.SG	9.305	-0.023378141437755698	59	-0.0031869104153221797
RNI013.SG	9.315	-0.02805376972530684	59	-0.003190939688346961
RNI013.SG	9.325	-0.011611030478955007	53	-0.0031949457569017507
RNI013.SG	9.334999999999999	0.008853118712273643	71	-0.00319892875462044
RNI013.SG	9.345	-0.024198427102238355	58	-0.003202888814367325
RNI013.SG	9.355	-0.006144393241167435	63	-0.003206826068241539
RNI013.SG	9.365	0.0	65	-0.0032107406475814617
RNI013.SG	9.375	-0.05182443151771549	62	-0.0032146326829690978
RNI013.SG	9.385	-0.027972027972027972	66	-0.003218502304234434
RNI013.SG	9.395	-0.006342494714587738	44	-0.003222349640459771
RNI013.SG	9.405	-0.0421422300263389	68	-0.003226174819984026
RNI013.SG	9.415	-0.021312872975277068	69	-0.003229977970407019
RNI013.SG	9.424999999999999	-0.021778584392014518	58	-0.0032337592185937222
RNI013.SG	9.435	-0.017718715393133997	43	-0.0032375186906785005
RNI013.SG	9.445	-0.024489795918367346	50	-0.0032412565120693093
RNI013.SG	9.455	-0.006730769230769231	65	-0.0032449728074518893
RNI013.SG	9.465	-0.023809523809523808	49	-0.0032486677007939136
RNI013.SG	9.475	-0.03483309143686502	53	-0.0032523413153491337
RNI013.SG	9.485	-0.041666666666666664	64	-0.0032559937736614825
RNI013.SG	9.495	-0.06519114688128773	71	-0.003259625197569169
RNI013.SG	9.504999999999999	-0.01987577639751553	70	-0.003263235708208736
RNI013.SG	9.515	-0.030917874396135265	46	-0.0032668254260191086
RNI013.SG	9.525	-0.009324009324009324	66	-0.0032703944707456025
RNI013.SG	9.535	-0.043557168784029036	58	-0.0032739429614439285
RNI013.SG	9.545	-0.028169014084507043	72	-0.003277471016484155
RNI013.SG	9.555	-0.038461538461538464	65	-0.0032809787535546626
RNI013.SG	9.565	0.013114754098360656	61	-0.0032844662896660674
RNI013.SG	9.575	-0.009795918367346938	50	-0.003287933741155125
RNI013.SG	9.584999999999999	-0.011689070718877849	59	-0.0032913812236886088
RNI013.SG	9.595	-0.026990553306342778	39	-0.0032948088522671746
RNI013.SG	9.605	-0.014519056261343012	58	-0.0032982167412291884
RNI013.SG	9.615	-0.032388663967611336	39	-0.003301605004254547
RNI013.SG	9.625	-0.014634146341463414	41	-0.0033049737543684667
RNI013.SG	9.635	-0.02262443438914027	52	-0.003308323103945257
RNI013.SG	9.645	-0.07207207207207207	37	-0.0033116531647120638
RNI013.SG	9.655	-0.04439746300211417	44	-0.003314964047752603
RNI013.SG	9.665	-0.03382663847780127	44	-0.003318255863510859
RNI013.SG	9.674999999999999	-0.012411347517730497	48	-0.003321528721794775
RNI013.SG	9.685	-0.025817555938037865	84	-0.003324782731779912
RNI013.SG	9.695	0.01879699248120301	57	-0.0033280180020130927
RNI013.SG	9.705	-0.05012531328320802	57	-0.0033312346404160203
RNI013.SG	9.715	-0.010256410256410256	40	-0.0033344327542888827
RNI013.SG	9.725	-0.003896103896103896	56	-0.0033376124503139266
RNI013.SG	9.735	0.0	58	-0.003340773834559019
RNI013.SG	9.745	-0.004807692307692308	65	-0.0033439170124811854
RNI013.SG	9.754999999999999	0.005797101449275361	70	-0.0033470420889301286
RNI013.SG	9.765	0.02130325814536341	57	-0.0033501491681517228
RNI013.SG	9.775	-0.040638606676342524	53	-0.0033532383537914936
RNI013.SG	9.785	0.013114754098360656	61	-0.003356309748898075
RNI013.SG	9.795	-0.008525149190110827	69	-0.0033593634559266486
RNI013.SG	9.805	-0.01411764705882353	51	-0.003362399576742357
RNI013.SG	9.815	0.023340040241448694	71	-0.0033654182126237053
RNI013.SG	9.825	-0.05048766494549627	84	-0.0033684194642659387
RNI013.SG	9.834999999999999	-0.02633889376646181	68	-0.0033714034317844014
RNI013.SG	9.845	-0.009518773135906928	62	-0.0033743702147178765
RNI013.SG	9.855	0.052214452214452214	66	-0.0033773199120319046
RNI013.SG	9.865	0.039927404718693285	58	-0.0033802526221220867
RNI013.SG	9.875	0.09324009324009323	66	-0.0033831684428173685
RNI013.SG	9.885	-0.015584415584415584	56	-0.003386067471383299
RNI013.SG	9.895	-0.008048289738430584	71	-0.0033889498045252793
RNI013.SG	9.905	0.01585081585081585	66	-0.0033918155383917863
RNI013.SG	9.915	0.060496067755595885	58	-0.0033946647685775795
RNI013.SG	9.924999999999999	0.03172924378635643	62	-0.0033974975901268933
RNI013.SG	9.935	-0.022598870056497175	60	-0.003400314097536603
RNI013.SG	9.945	-0.02693602693602694	55	-0.003403114384759379
RNI013.SG	9.955	-0.01094391244870041	86	-0.003405898545206822
RNI013.SG	9.965	-0.01044932079414838	88	-0.003408666671752577
RNI013.SG	9.975	-0.011904761904761904	64	-0.0034114188567354337
RNI013.SG	9.985	-0.02564102564102564	40	-0.003414155191962403
RNI013.SG	9.995	-0.08115942028985507	46	-0.0034168757687117845
ZKU002.SG	0.025	0.1408663859858084	1142	0.12769133176858113
ZKU002.SG	0.035	0.1075499692404193	911	0.12627867758788094
ZKU002.SG	0.045	0.10117643767398268	846	0.12488171943429677
ZKU002.SG	0.05500000000000001	0.07727856225930681	780	0.1235002829089767
ZKU002.SG	0.065	0.08748495192862679	697	0.1221341955508178
ZKU002.SG	0.075	0.11782609522722517	649	0.12078328681493561
ZKU002.SG	0.085	0.12194544000473921	637	0.11944738805137317
ZKU002.SG	0.095	0.1407413468619589	606	0.11812633248404628
ZKU002.SG	0.10500000000000001	0.13901729155966444	649	0.116819955189923
ZKU002.SG	0.115	0.13051337471876884	602	0.11552809307843423
ZKU002.SG	0.125	0.11984324626937704	558	0.11425058487111331
ZKU002.SG	0.135	0.09851027355916651	499	0.1129872710814616
ZKU002.SG	0.145	0.07535775440313111	512	0.11173799399503798
ZKU002.SG	0.155	0.0815348792227405	519	0.11050259764976941
ZKU002.SG	0.16499999999999998	0.1160867530035887	494	0.10928092781648041
ZKU002.SG	0.175	0.07131952017448201	525	0.10807283197963873
ZKU002.SG	0.185	0.1003511594449515	509	0.10687815931831506
ZKU002.SG	0.195	0.0683831172736098	483	0.10569676068735429
ZKU002.SG	0.205	0.12618016903731188	441	0.10452848859875591
ZKU002.SG	0.215	0.16437847866419295	441	0.10337319720326137
ZKU002.SG	0.225	0.1978363242968054	486	0.10223074227214594
ZKU002.SG	0.235	0.18669467378514262	454	0.101100981179213
ZKU002.SG	0.245	0.11027482574934408	389	0.09998377288298822
ZKU002.SG	0.255	0.08986707250880685	434	0.09887897790911179
ZKU002.SG	0.265	0.05254388344247685	394	0.09778645833292611
ZKU002.SG	0.275	0.04828941401723182	446	0.09670607776225704
ZKU002.SG	0.28500000000000003	0.06759156492785794	425	0.09563770132038645
ZKU002.SG	0.29500000000000004	0.04394103707273969	387	0.09458119562921394
ZKU002.SG	0.30500000000000005	0.06758478644115132	339	0.09353642879260571
ZKU002.SG	0.315	0.08448625714812766	417	0.09250327037992837
ZKU002.SG	0.325	0.04832710323503623	466	0.09148159140976574
ZKU002.SG	0.335	0.13155068330802563	403	0.09047126433381658
ZKU002.SG	0.34500000000000003	0.050195577066496196	363	0.08947216302097122
ZKU002.SG	0.35500000000000004	0.04542680859719303	344	0.08848416274156512
ZKU002.SG	0.36500000000000005	0.10995032364895378	365	0.08750714015180737
ZKU002.SG	0.375	0.05803250395512729	409	0.08654097327838227
ZKU002.SG	0.385	0.10450297366185217	429	0.08558554150322187
ZKU002.SG	0.395	0.06979545428960611	422	0.08464072554844786
ZKU002.SG	0.405	0.035570898862038104	396	0.0837064074614807
ZKU002.SG	0.41500000000000004	0.03909440227068857	387	0.08278247060031414
ZKU002.SG	0.42500000000000004	0.07125906841141771	344	0.08186879961895346
ZKU002.SG	0.43500000000000005	0.08623980565677598	340	0.08096528045301546
ZKU002.SG	0.445	0.16692198581560283	376	0.08007180030548845
ZKU002.SG	0.455	0.07631674801486123	371	0.07918824763265042
ZKU002.SG	0.465	0.06726190476190476	385	0.07831451213014379
ZKU002.SG	0.47500000000000003	0.08537693006357856	367	0.07745048471920474
ZKU002.SG	0.48500000000000004	0.09862205751865964	392	0.07659605753304564
ZKU002.SG	0.49500000000000005	0.0419041706642587	377	0.07575112390338881
ZKU002.SG	0.505	0.11374064837905237	401	0.07491557834714971
ZKU002.SG	0.515	0.09661255806670495	392	0.07408931655326843
ZKU002.SG	0.525	0.0689106389750935	355	0.07327223536968716
ZKU002.SG	0.535	0.06127798127798128	351	0.07246423279047254
ZKU002.SG	0.545	0.05029044322431766	355	0.07166520794308105
ZKU002.SG	0.555	0.1250783699059561	320	0.07087506107576591
ZKU002.SG	0.5650000000000001	0.03215718379042161	350	0.07009369354512383
ZKU002.SG	0.5750000000000001	0.07123823493460457	405	0.0693210078037803
ZKU002.SG	0.5850000000000001	0.06697295039677666	404	0.06855690738821145
ZKU002.SG	0.5950000000000001	0.0667930200640481	429	0.06780129690670147
ZKU002.SG	0.605	0.06868862918410856	359	0.06705408202743367
ZKU002.SG	0.615	0.05555834799363324	346	0.06631516946671398
ZKU002.SG	0.625	0.06350055741360089	300	0.06558446697732515
ZKU002.SG	0.635	0.13349693251533742	326	0.06486188333701055
ZKU002.SG	0.645	0.05543710021321961	336	0.06414732833708574
ZKU002.SG	0.655	0.03956649411194865	364	0.06344071277117663
ZKU002.SG	0.665	0.08885941644562334	377	0.06274194842408289
ZKU002.SG	0.675	0.08442510306917086	296	0.062050948060764874
ZKU002.SG	0.685	0.07960950257229646	338	0.06136762541545315
ZKU002.SG	0.6950000000000001	0.060350171734941775	346	0.060691895180878835
ZKU002.SG	0.7050000000000001	0.09046425587778971	343	0.06002367299762373
ZKU002.SG	0.7150000000000001	0.0450070323488045	316	0.05936287544358868
ZKU002.SG	0.725	0.062423199803391505	313	0.058709420023579116
ZKU002.SG	0.735	0.018513967395756534	313	0.05806322515900603
ZKU002.SG	0.745	0.07005372477685182	308	0.05742421017770172
ZKU002.SG	0.755	0.0536172878170999	310	0.05679229530384841
ZKU002.SG	0.765	0.0623126831999473	349	0.05616740164801896
ZKU002.SG	0.775	0.10934514504081988	304	0.05554945119732812
ZKU002.SG	0.785	0.050123070038039834	328	0.054938366805693285
ZKU002.SG	0.795	0.10529228640608786	295	0.0543340721842034
ZKU002.SG	0.805	0.00823920265780731	301	0.05373649189159497
ZKU002.SG	0.8150000000000001	0.13437728364129867	310	0.05314555132483374
ZKU002.SG	0.8250000000000001	0.08726635514018692	321	0.052561176709801226
ZKU002.SG	0.8350000000000001	0.02723289518031682	345	0.051983295092084526
ZKU002.SG	0.8450000000000001	0.06728354959352449	338	0.05141183432786858
ZKU002.SG	0.855	0.06477790687282152	335	0.05084672307492966
ZKU002.SG	0.865	0.051040295847145645	347	0.05028789078372877
ZKU002.SG	0.875	0.07707074297902594	291	0.049735267688604194
ZKU002.SG	0.885	0.08693646950305546	295	0.04918878479906177
ZKU002.SG	0.895	0.1289922480620155	301	0.048648373891162056
ZKU002.SG	0.905	0.07158022444646647	315	0.04811396749900304
ZKU002.SG	0.915	0.07792390216494302	338	0.04758549890629763
ZKU002.SG	0.925	0.08655470535625559	348	0.04706290213804465
ZKU002.SG	0.935	0.050710017348840196	395	0.0465461119522924
ZKU002.SG	0.9450000000000001	0.12850107725453985	361	0.046035063831993725
ZKU002.SG	0.9550000000000001	0.044219154443485766	305	0.0455296939769516
ZKU002.SG	0.9650000000000001	0.01640933840531066	328	0.045029939295854186
ZKU002.SG	0.9750000000000001	0.10377762408194184	349	0.044535737398398396
ZKU002.SG	0.985	0.11139386373457531	354	0.04404702658750096
ZKU002.SG	0.995	0.020186520723577652	343	0.04356374585159608
ZKU002.SG	1.005	0.07645506052021633	353	0.04308583485701858
ZKU002.SG	1.015	0.06400433927723913	344	0.04261323394047176
ZKU002.SG	1.0250000000000001	0.08109938484113098	377	0.042145884101579004
ZKU002.SG	1.0350000000000001	0.04534632203046949	359	0.04168372699551793
ZKU002.SG	1.045	0.016903130675585767	334	0.04122670492573657
ZKU002.SG	1.055	0.07879367534238213	314	0.04077476083675045
ZKU002.SG	1.065	0.03745138522110722	354	0.040327838307019616
ZKU002.SG	1.075	0.005672587085226491	270	0.03988588154190498
ZKU002.SG	1.085	-0.00463768115942029	300	0.03944883536670264
ZKU002.SG	1.095	0.04934275592958228	334	0.03901664521975596
ZKU002.SG	1.105	-0.002701741912548883	291	0.03858925714564381
ZKU002.SG	1.115	0.025553751898203903	339	0.038166617788444816
ZKU002.SG	1.125	0.04307007355787843	288	0.03774867438507621
ZKU002.SG	1.135	0.018150268957140378	340	0.037335374758706866
ZKU002.SG	1.145	-0.016153050150172887	282	0.03692666731224336
ZKU002.SG	1.155	0.06400433927723913	344	0.036522501021888594
ZKU002.SG	1.165	0.042876775080164915	296	0.0361228254307718
ZKU002.SG	1.175	0.025130558632695043	356	0.03572759064264945
ZKU002.SG	1.185	0.053244147157190634	300	0.03533674731567612
ZKU002.SG	1.195	0.007482793762477142	379	0.03495024665624457
ZKU002.SG	1.205	0.03721133532454288	371	0.034568040412894234
ZKU002.SG	1.215	0.035249806850373426	353	0.034190080870287444
ZKU002.SG	1.225	0.034488531726100786	363	0.033816320843252506
ZKU002.SG	1.235	0.05701133144475921	353	0.033446713670893094
ZKU002.SG	1.245	0.00505050505050505	297	0.03308121321076296
ZKU002.SG	1.2550000000000001	0.07128551940324501	263	0.03271977383310547
ZKU002.SG	1.2650000000000001	0.08311040698127418	278	0.032362350415157
ZKU002.SG	1.2750000000000001	0.06466113416320886	241	0.03200889833551387
ZKU002.SG	1.2850000000000001	0.041574506430736465	313	0.03165937346856163
ZKU002.SG	1.2950000000000002	0.05271157587548638	257	0.03131373217896637
ZKU002.SG	1.305	0.041674496293976404	310	0.0309719313162272
ZKU002.SG	1.315	-0.016666260568699593	287	0.030633928209289195
ZKU002.SG	1.325	0.010028929604628737	306	0.03029968066121639
ZKU002.SG	1.335	0.055358525946761244	222	0.02996914694392376
ZKU002.SG	1.345	0.015361486948202814	271	0.02964228579296778
ZKU002.SG	1.355	0.046045222986862096	335	0.029319056402394964
ZKU002.SG	1.365	0.02124467673248161	288	0.028999418419647528
ZKU002.SG	1.375	0.022189781021897812	275	0.02868333194052572
ZKU002.SG	1.385	0.022349287435056455	263	0.028370757504206087
ZKU002.SG	1.395	0.030874785591766724	319	0.028061656088315137
ZKU002.SG	1.405	0.00643638704140742	237	0.027755989104057723
ZKU002.SG	1.415	0.012868883624345588	262	0.027453718391399477
ZKU002.SG	1.425	0.004342594045937317	277	0.027154806214302923
ZKU002.SG	1.435	-0.02221908393353104	292	0.0268592152560164
ZKU002.SG	1.445	0.02710893688104045	290	0.026566908614415394
ZKU002.SG	1.455	0.005083884087442806	281	0.02627784979739553
ZKU002.SG	1.465	0.03438755583488586	299	0.025992002718316948
ZKU002.SG	1.475	0.022099672371339613	314	0.025709331691499103
ZKU002.SG	1.485	-0.033418426549083315	279	0.02542980142776572
ZKU002.SG	1.495	-0.01693430656934307	275	0.025153377030039198
ZKU002.SG	1.5050000000000001	0.050170193873020574	233	0.024880023988984066
ZKU002.SG	1.5150000000000001	0.03460832218107124	254	0.02460970817869868
ZKU002.SG	1.5250000000000001	0.06380034593526068	285	0.024342395852454957
ZKU002.SG	1.5350000000000001	-0.00967166067837209	298	0.024078053638485343
ZKU002.SG	1.5450000000000002	0.0431670643067192	269	0.02381664853581661
ZKU002.SG	1.5550000000000002	0.11201982651796778	270	0.023558147910149974
ZKU002.SG	1.565	0.024860343365213068	262	0.02330251948978694
ZKU002.SG	1.575	-0.009318776995544672	243	0.023049731361600472
ZKU002.SG	1.585	-0.012547957571654255	211	0.022799751967050887
ZKU002.SG	1.595	-0.01137504182000669	245	0.022552550098246034
ZKU002.SG	1.605	-0.005480895915678523	276	0.022308094894045234
ZKU002.SG	1.615	-0.009640854313327762	290	0.02206635583620651
ZKU002.SG	1.625	-0.02166952544311035	265	0.02182730274557665
ZKU002.SG	1.635	-0.03174518911745189	275	0.021590905778323597
ZKU002.SG	1.645	-0.0026377345344149685	284	0.021357135422210648
ZKU002.SG	1.655	0.040725739333074405	269	0.021125962492912133
ZKU002.SG	1.665	0.05020742474204872	238	0.020897358130369952
ZKU002.SG	1.675	0.04012645914396887	257	0.020671293795190688
ZKU002.SG	1.685	0.008118925100057173	265	0.020447741265082614
ZKU002.SG	1.695	0.0189800343555518	267	0.02022667263133245
ZKU002.SG	1.705	-0.003942652329749103	280	0.02000806029532115
ZKU002.SG	1.715	0.02480184843964786	262	0.01979187696507843
ZKU002.SG	1.725	0.05261891393278255	274	0.0195780956518756
ZKU002.SG	1.735	0.03346151251433583	244	0.019366689666856247
ZKU002.SG	1.745	0.04905948144382308	281	0.019157632617704343
ZKU002.SG	1.7550000000000001	0.01530461252272439	218	0.018950898405349387
ZKU002.SG	1.7650000000000001	0.0	259	0.018746461220708117
ZKU002.SG	1.7750000000000001	0.0124031007751938	216	0.018544295541462495
ZKU002.SG	1.7850000000000001	-0.034731564143328855	222	0.01834437612887344
ZKU002.SG	1.7950000000000002	-0.015306819734864014	271	0.018146678024629975
ZKU002.SG	1.8050000000000002	0.0688314916502836	298	0.017951176547733365
ZKU002.SG	1.815	-0.0026525198938992063	261	0.017757847291415954
ZKU002.SG	1.825	0.0007840424305315374	295	0.01756666612009409
ZKU002.SG	1.835	0.012939066840125172	239	0.017377609166355088
ZKU002.SG	1.845	-0.004438384000427795	274	0.017190652827977507
ZKU002.SG	1.855	0.015721504772599662	274	0.017005773764984636
ZKU002.SG	1.865	-0.0210581732034746	262	0.016822948896730697
ZKU002.SG	1.875	-0.03993656286043829	289	0.01664215539901939
ZKU002.SG	1.885	0.04385077244822236	244	0.016463370701254483
ZKU002.SG	1.895	0.10352697095435685	241	0.01628657248362206
ZKU002.SG	1.905	0.08696224614068002	247	0.016111738674304103
ZKU002.SG	1.915	0.04789297658862876	300	0.015938847446722953
ZKU002.SG	1.925	0.05027046520014425	236	0.015767877216816467
ZKU002.SG	1.935	-0.00527859237536657	341	0.015598806640343422
ZKU002.SG	1.945	0.005884275907159204	323	0.01543161461021888
ZKU002.SG	1.955	0.008455882352941176	256	0.015266280253879093
ZKU002.SG	1.965	-0.029441284710605555	245	0.015102782930675771
ZKU002.SG	1.975	0.009208392193794799	277	0.014941102229299265
ZKU002.SG	1.985	0.0015561295944726285	254	0.014781217965230353
ZKU002.SG	1.995	-0.005603089270841223	282	0.014623110178220397
ZKU002.SG	2.005	0.008200023699490463	291	0.014466759129799448
ZKU002.SG	2.015	0.02007102053419793	255	0.014312145300812066
ZKU002.SG	2.025	0.015918895599654877	305	0.014159249388980538
ZKU002.SG	2.035	0.026999832299178267	268	0.014008052306495076
ZKU002.SG	2.045	0.012521661356140645	268	0.01385853517763095
ZKU002.SG	2.055	-0.010752688172043012	280	0.013710679336391928
ZKU002.SG	2.065	-0.01567000806544533	264	0.013564466324180046
ZKU002.SG	2.075	-0.002822905864730959	264	0.013419877887491126
ZKU002.SG	2.085	0.04724585759068518	232	0.013276895975636057
ZKU002.SG	2.095	0.006927060114536536	242	0.013135502738487246
ZKU002.SG	2.105	0.029822633809449065	277	0.012995680524250229
ZKU002.SG	2.115	0.04353867531264474	255	0.01285741187725992
ZKU002.SG	2.125	-0.020523758739187107	291	0.012720679535801516
ZKU002.SG	2.1350000000000002	0.06775429138884947	266	0.012585466429955387
ZKU002.SG	2.145	0.030165912518853692	273	0.01245175567946615
ZKU002.SG	2.1550000000000002	0.052802223251505326	255	0.012319530591635226
ZKU002.SG	2.165	0.01109404335210787	217	0.012188774659236942
ZKU002.SG	2.1750000000000003	0.033258873169520975	238	0.0120594715584577
ZKU002.SG	2.185	0.024752312300450944	247	0.011931605146858123
ZKU002.SG	2.1950000000000003	0.0133054422001989	242	0.011805159461357762
ZKU002.SG	2.205	-0.015302573614653375	228	0.011680118716242272
ZKU002.SG	2.215	-0.011204481792717089	238	0.011556467301192665
ZKU002.SG	2.225	-0.01262151394422311	251	0.011434189779336492
ZKU002.SG	2.235	-0.00761847480139338	283	0.011313270885320708
ZKU002.SG	2.245	-0.016727211286643576	267	0.011193695523405866
ZKU002.SG	2.255	-0.0011954819028773998	312	0.011075448765581591
ZKU002.SG	2.265	0.012914018066242889	245	0.010958515849702878
ZKU002.SG	2.275	0.0036529680365296794	220	0.010842882177647223
ZKU002.SG	2.285	-0.007252440725244073	240	0.010728533313492116
ZKU002.SG	2.295	0.020885200553250344	241	0.010615454981712864
ZKU002.SG	2.305	0.030258792302587923	275	0.010503633065400394
ZKU002.SG	2.315	-0.005207353033439992	253	0.010393053604498865
ZKU002.SG	2.325	0.01030666554025513	267	0.010283702794062884
ZKU002.SG	2.335	-0.015145228215767637	241	0.01017556698253408
ZKU002.SG	2.345	0.023263449181558087	207	0.01006863267003678
ZKU002.SG	2.355	0.06972486526907506	279	0.0099628865066927
ZKU002.SG	2.365	0.014545968083604009	292	0.009858315290954295
ZKU002.SG	2.375	0.0122266139657444	276	0.00975490596795667
ZKU002.SG	2.3850000000000002	-0.006588523711024285	229	0.009652645627887771
ZKU002.SG	2.395	-0.01096813725490196	256	0.009551521504376716
ZKU002.SG	2.4050000000000002	7.032101543546213e-05	239	0.00945152097289999
ZKU002.SG	2.415	-0.021400778210116732	257	0.009352631549205435
ZKU002.SG	2.4250000000000003	-0.013689614321442674	214	0.009254840887753605
ZKU002.SG	2.435	-0.02005012531328321	210	0.009158136780176613
ZKU002.SG	2.4450000000000003	-0.014257866889445836	190	0.009062507153753957
ZKU002.SG	2.455	-0.013249907986750093	209	0.008967940069905367
ZKU002.SG	2.465	0.023245047635291536	287	0.00887442372270036
ZKU002.SG	2.475	-0.021536512532802463	258	0.00878194643738436
ZKU002.SG	2.485	-0.015769761482357578	267	0.008690496668921225
ZKU002.SG	2.495	-0.016846538562779678	262	0.00860006300055191
ZKU002.SG	2.505	0.041649078373434636	207	0.008510634142369213
ZKU002.SG	2.515	0.010895162434387855	266	0.008422198929908274
ZKU002.SG	2.525	-0.020588235294117647	256	0.008334746322752844
ZKU002.SG	2.535	0.03125792008110163	267	0.008248265403156919
ZKU002.SG	2.545	0.01346801346801347	243	0.0081627453746818
ZKU002.SG	2.555	-0.021518230723251642	239	0.008078175560848198
ZKU002.SG	2.565	-0.006172627824834539	242	0.007994545403803401
ZKU002.SG	2.575	0.003257623744457514	258	0.007911844463003189
ZKU002.SG	2.585	-0.013937282229965157	288	0.007830062413908434
ZKU002.SG	2.595	-0.008755760368663596	280	0.007749189046696143
ZKU002.SG	2.605	0.002652790531578411	243	0.0076692142649848714
ZKU002.SG	2.615	-0.006896551724137931	261	0.007590128084574251
ZKU002.SG	2.625	0.004020100502512562	200	0.007511920632198546
ZKU002.SG	2.6350000000000002	-0.017211155378486054	251	0.007434582144294069
ZKU002.SG	2.645	-0.009876321519157818	299	0.007358102965780275
ZKU002.SG	2.6550000000000002	-0.028467625541233266	284	0.00728247354885439
ZKU002.SG	2.665	-0.015608919382504288	265	0.007207684451799467
ZKU002.SG	2.6750000000000003	0.008762254901960784	256	0.007133726337805644
ZKU002.SG	2.685	-0.0022399056881815486	261	0.007060589973804535
ZKU002.SG	2.6950000000000003	-0.005124919923126201	224	0.006988266229316547
ZKU002.SG	2.705	-0.014429480538700608	233	0.006916746075311018
ZKU002.SG	2.715	0.01303049497783006	258	0.006846020583079012
ZKU002.SG	2.725	0.0035714285714285704	225	0.006776080923118645
ZKU002.SG	2.735	0.0028831616328539775	239	0.006706918364032807
ZKU002.SG	2.745	-0.010077874484654145	296	0.006638524271439087
ZKU002.SG	2.755	0.006224518377890511	254	0.006570890106891874
ZKU002.SG	2.765	0.022281284606866	301	0.006504007426816375
ZKU002.SG	2.775	-0.013468013468013467	243	0.006437867881454527
ZKU002.SG	2.785	-0.014087649402390438	251	0.006372463213822571
ZKU002.SG	2.795	0.011587301587301587	225	0.006307785258680264
ZKU002.SG	2.805	-0.014624238320920786	211	0.006243825941511485
ZKU002.SG	2.815	-0.013528939246607197	218	0.00618057727751623
ZKU002.SG	2.825	-0.020777601745318546	278	0.006118031370613745
ZKU002.SG	2.835	0.009306284579372963	266	0.006056180412456785
ZKU002.SG	2.845	-0.0013896126454750752	304	0.005995016681456795
ZKU002.SG	2.855	0.013573970513472292	281	0.005934532541819934
ZKU002.SG	2.865	0.02054192083983544	266	0.005874720442593808
ZKU002.SG	2.875	0.016097578271815058	238	0.005815572916724805
ZKU002.SG	2.8850000000000002	-0.01719750811617092	262	0.005757082580125876
ZKU002.SG	2.895	-0.0018533873091742714	203	0.005699242130754711
ZKU002.SG	2.9050000000000002	0.011918642311180205	249	0.00564204434770212
ZKU002.SG	2.915	0.010419060752317476	229	0.005585482090290583
ZKU002.SG	2.9250000000000003	-0.016589166771396255	219	0.005529548297182765
ZKU002.SG	2.935	-0.01270905617714709	227	0.005474235985499994
ZKU002.SG	2.9450000000000003	-0.001285140562248997	250	0.005419538249950492
ZKU002.SG	2.955	0.05229799236767878	246	0.005365448261967308
ZKU002.SG	2.965	0.008261049153242462	270	0.005311959268855827
ZKU002.SG	2.975	0.03271441202475685	261	0.005259064592950746
ZKU002.SG	2.985	-0.007226497156239545	245	0.005206757630782434
ZKU002.SG	2.995	0.03129285186878098	239	0.0051550318522525255
ZKU002.SG	3.005	-0.0036231884057971015	208	0.0051038807998187155
ZKU002.SG	3.015	0.07652149038117716	237	0.005053298087688551
ZKU002.SG	3.025	0.00678055363549587	247	0.005003277401022259
ZKU002.SG	3.035	-0.027024655611125735	262	0.004953812495144357
ZKU002.SG	3.045	-0.019333922782198643	261	0.004904897194764078
ZKU002.SG	3.055	-0.013020549190761958	235	0.004856525393204419
ZKU002.SG	3.065	-0.028985507246376812	276	0.0048086910516397866
ZKU002.SG	3.075	-0.020510964316954722	258	0.004761388198342087
ZKU002.SG	3.085	-0.012606797038162143	230	0.00471461092793521
ZKU002.SG	3.095	-0.0016816143497757848	224	0.004668353400657788
ZKU002.SG	3.105	-0.024877250409165306	235	0.00462260984163416
ZKU002.SG	3.115	-0.020732208967503083	221	0.004577374540153407
ZKU002.SG	3.125	-0.004627556351694281	232	0.004532641848956434
ZKU002.SG	3.1350000000000002	0.013024656502917373	231	0.004488406183530942
ZKU002.SG	3.145	0.01458032825230985	227	0.004444662021414257
ZKU002.SG	3.1550000000000002	-0.01014760147601476	272	0.004401403901503889
ZKU002.SG	3.165	-0.006340107694980026	304	0.0043586264233757615
ZKU002.SG	3.1750000000000003	-0.01988844621513944	251	0.004316324246610009
ZKU002.SG	3.185	-0.03686635944700461	280	0.004274492090124276
ZKU002.SG	3.1950000000000003	0.015302344714109418	221	0.004233124731514406
ZKU002.SG	3.205	-0.008219676304782686	235	0.004192217006402482
ZKU002.SG	3.2150000000000003	-0.022101217168481745	224	0.004151763807792074
ZKU002.SG	3.225	-0.01697792869269949	248	0.004111760085430698
ZKU002.SG	3.235	0.033249188604399564	236	0.004072200845179315
ZKU002.SG	3.245	0.04827109266943292	241	0.004033081148388853
ZKU002.SG	3.255	0.016632016632016633	260	0.003994396111283673
ZKU002.SG	3.265	0.026181031373963215	236	0.003956140904351851
ZKU002.SG	3.275	0.026587657401270903	227	0.003918310751742266
ZKU002.SG	3.285	0.008577405857740585	240	0.003880900930668362
ZKU002.SG	3.295	-0.0007486430844095085	274	0.003843906770818561
ZKU002.SG	3.305	0.01255392579810181	305	0.003807323653773198
ZKU002.SG	3.315	-0.007375101939509981	238	0.0037711470124279574
ZKU002.SG	3.325	0.0005398110661268553	286	0.003735372330423705
ZKU002.SG	3.335	0.005899705014749262	226	0.003699995141582663
ZKU002.SG	3.345	0.03185011709601874	245	0.0036650110293508296
ZKU002.SG	3.355	0.015921203535046887	244	0.003630415626246626
ZKU002.SG	3.365	-0.018063131538943036	212	0.0035962046133156365
ZKU002.SG	3.375	-0.004741980474198047	240	0.0035623737195914344
ZKU002.SG	3.3850000000000002	0.04451657778808254	228	0.0035289187215623787
ZKU002.SG	3.395	0.08183990442054957	217	0.0034958354426443423
ZKU002.SG	3.4050000000000002	-0.012133891213389123	240	0.0034631197526593066
ZKU002.SG	3.415	-0.0046025104602510445	240	0.00343076756731974
ZKU002.SG	3.4250000000000003	0.008853474988933156	252	0.003398774847718702
ZKU002.SG	3.435	-0.0055526109891219306	282	0.003367137599825626
ZKU002.SG	3.4450000000000003	0.014492368944923688	275	0.003335851873987692
ZKU002.SG	3.455	-0.006169556430167004	238	0.003304913764436749
ZKU002.SG	3.4650000000000003	-0.014769909065858362	191	0.0032743194088017073
ZKU002.SG	3.475	0.05268048317375672	223	0.003244064987626355
ZKU002.SG	3.485	-0.019021606594156953	203	0.0032141467238925316
ZKU002.SG	3.495	-0.02666666666666667	225	0.003184560882548591
ZKU002.SG	3.505	0.0017607571255639919	234	0.003155303770043124
ZKU002.SG	3.515	-0.025958702064896755	226	0.003126371733863833
ZKU002.SG	3.525	0.003081324969736987	234	0.0030977611620815605
ZKU002.SG	3.535	-0.0011904761904761901	225	0.003069468482899354
ZKU002.SG	3.545	-0.0041734291676327395	228	0.003041490164206571
ZKU002.SG	3.555	0.0037539263004673267	229	0.0030138227131379096
ZKU002.SG	3.565	0.02449223416965353	217	0.002986462675637366
ZKU002.SG	3.575	-0.02566295979469632	168	0.002959406636027013
ZKU002.SG	3.585	-0.02221308103661045	221	0.00293265121658059
ZKU002.SG	3.595	-0.016080402010050253	200	0.00290619307710181
ZKU002.SG	3.605	0.005286141116984602	229	0.002880028914507376
ZKU002.SG	3.615	-0.009296148738379813	252	0.0028541554624146046
ZKU002.SG	3.625	-0.010692010692010692	260	0.002828569490733659
ZKU002.SG	3.6350000000000002	-0.0012638230647709324	211	0.002803267805264285
ZKU002.SG	3.645	-0.02184608440532611	211	0.0027782472472970524
ZKU002.SG	3.6550000000000002	0.0029138869718579857	162	0.0027535046932190047
ZKU002.SG	3.665	0.017913121361397225	232	0.0027290370541237148
ZKU002.SG	3.6750000000000003	0.007366622365673058	230	0.002704841275425647
ZKU002.SG	3.685	-0.014413837283792441	224	0.002680914336478829
ZKU002.SG	3.6950000000000003	-0.007017543859649122	190	0.0026572532501997342
ZKU002.SG	3.705	-0.006909380813180973	213	0.0026338550626943858
ZKU002.SG	3.7150000000000003	0.0022435741111056914	203	0.00261071685288957
ZKU002.SG	3.725	-0.039308408452785576	202	0.002587835732168179
ZKU002.SG	3.735	-0.013061312607944733	193	0.0025652088440085838
ZKU002.SG	3.745	0.0074487895716946004	180	0.0025428333636280135
ZKU002.SG	3.755	-0.00942690408499177	164	0.0025207064976299214
ZKU002.SG	3.765	-0.011277410372432996	170	0.002498825483655234
ZKU002.SG	3.775	-0.014675308792955852	222	0.0024771875900375076
ZKU002.SG	3.785	0.010581619061713777	233	0.0024557901154618903
ZKU002.SG	3.795	-0.01088324320647553	243	0.0024346303886278934
ZKU002.SG	3.805	0.002032749858836816	231	0.0024137057679158988
ZKU002.SG	3.815	-0.008144796380090498	221	0.002393013641057373
ZKU002.SG	3.825	-0.0009844942160964812	239	0.0023725514248087425
ZKU002.SG	3.835	-0.009609224855861628	224	0.00235231656462891
ZKU002.SG	3.845	-0.006549452263069666	227	0.0023323065343603244
ZKU002.SG	3.855	-0.01674641148325359	209	0.0023125188359136247
ZKU002.SG	3.865	-0.005314908317831519	213	0.002292950998955762
ZKU002.SG	3.875	-0.009925558312655085	248	0.0022736005806016086
ZKU002.SG	3.8850000000000002	-0.03202328966521106	229	0.0022544651651089783
ZKU002.SG	3.895	0.009962640099626401	220	0.0022355423635770427
ZKU002.SG	3.9050000000000002	0.006568144499178981	204	0.0022168298136480908
ZKU002.SG	3.915	-0.02391347099311701	226	0.0021983251792126175
ZKU002.SG	3.9250000000000003	-0.018561314698653752	234	0.002180026150117673
ZKU002.SG	3.935	-0.011692798299229337	213	0.002161930441878459
ZKU002.SG	3.9450000000000003	-0.013374026953808169	242	0.0021440357953931297
ZKU002.SG	3.955	-0.01428994207922885	218	0.0021263399766607654
ZKU002.SG	3.9650000000000003	-0.006227967097532314	185	0.0021088407765024707
ZKU002.SG	3.975	0.03768844221105527	200	0.0020915360102855803
ZKU002.SG	3.9850000000000003	0.023716681801185833	194	0.0020744235176509197
ZKU002.SG	3.995	-0.004020100502512562	200	0.0020575011622431085
ZKU002.SG	4.005	0.006365219479973578	183	0.002040766831443854
ZKU002.SG	4.015	0.02092675635276532	223	0.0020242184361081955
ZKU002.SG	4.0249999999999995	0.013623789764868603	241	0.0020078539103037113
ZKU002.SG	4.034999999999999	0.0223254068758501	207	0.001991671211052587
ZKU002.SG	4.045	0.03729083665338646	251	0.0019756683180765762
ZKU002.SG	4.055	0.022891915386844396	204	0.0019598432335447818
ZKU002.SG	4.0649999999999995	-0.013136288998357963	232	0.0019441939818242442
ZKU002.SG	4.074999999999999	-0.00938726745178358	217	0.0019287186092332952
ZKU002.SG	4.085	-0.01333950903195924	255	0.001913415183797662
ZKU002.SG	4.095	0.006838572055963359	253	0.0018982817950092775
ZKU002.SG	4.1049999999999995	0.007285974499089254	244	0.0018833165535877606
ZKU002.SG	4.114999999999999	0.06417477385219321	217	0.0018685175912445612
ZKU002.SG	4.125	0.011998244159391309	203	0.0018538830604497205
ZKU002.SG	4.135	0.007043876106777262	247	0.0018394111342012178
ZKU002.SG	4.145	0.022370240040216163	219	0.0018251000057968886
ZKU002.SG	4.154999999999999	0.007967383523699854	254	0.0018109478886088656
ZKU002.SG	4.165	-0.007868336502524425	303	0.0017969530158605416
ZKU002.SG	4.175	0.01684587813620072	280	0.0017831136404059963
ZKU002.SG	4.185	0.011761801081906132	299	0.0017694280345118777
ZKU002.SG	4.194999999999999	0.0005351170568561877	300	0.0017558944896417165
ZKU002.SG	4.205	-0.011435105774728418	265	0.001742511316242618
ZKU002.SG	4.215	-0.006201550387596899	216	0.0017292768435343492
ZKU002.SG	4.225	-0.022232515053265404	255	0.0017161894193007412
ZKU002.SG	4.234999999999999	-0.02495029433550349	227	0.0017032474096834306
ZKU002.SG	4.244999999999999	0.01782131075060368	243	0.001690449198977889
ZKU002.SG	4.255	-0.006293356218265036	237	0.0016777931894317063
ZKU002.SG	4.265	-0.010896853800544844	194	0.0016652778010451336
ZKU002.SG	4.2749999999999995	-0.015360983102918587	217	0.0016529014713738276
ZKU002.SG	4.284999999999999	-0.0067613252197430695	204	0.0016406626553337918
ZKU002.SG	4.295	-0.027393909746850926	222	0.0016285598250084863
ZKU002.SG	4.305	0.0	187	0.0016165914694580858
ZKU002.SG	4.3149999999999995	0.02229654403567447	208	0.001604756094530842
ZKU002.SG	4.324999999999999	-0.023733970875896546	215	0.001593052222676554
ZKU002.SG	4.335	0.007120909135248501	203	0.0015814783927621096
ZKU002.SG	4.345	-0.0182426597582038	193	0.0015700331598890744
ZKU002.SG	4.3549999999999995	0.02468198215302829	230	0.0015587150952133095
ZKU002.SG	4.364999999999999	-0.008978675645342311	243	0.0015475227857665859
ZKU002.SG	4.375	-0.009008218537041911	262	0.001536454834280194
ZKU002.SG	4.385	-0.023333333333333334	225	0.0015255098590105036
ZKU002.SG	4.395	-0.010130856901646263	207	0.0015146864935664634
ZKU002.SG	4.404999999999999	-0.012403100775193798	216	0.001503983386739015
ZKU002.SG	4.415	0.044810452705189546	209	0.0014933992023324143
ZKU002.SG	4.425	-0.0053278081989048395	233	0.0014829326189974108
ZKU002.SG	4.435	0.013995562382659157	217	0.0014725823300662916
ZKU002.SG	4.444999999999999	0.0063416902718471235	218	0.0014623470433897511
ZKU002.SG	4.455	-0.007787610619469027	226	0.0014522254811755808
ZKU002.SG	4.465	-0.014881743289928247	213	0.0014422163798291452
ZKU002.SG	4.475	-0.018757665392107353	167	0.0014323184897956313
ZKU002.SG	4.484999999999999	0.00947165902027527	233	0.0014225305754040547
ZKU002.SG	4.495	-0.0029440129942642523	199	0.001412851414712992
ZKU002.SG	4.505	0.01297371116421987	203	0.001403279799358038
ZKU002.SG	4.515	-0.0037475888674566014	191	0.0013938145344009438
ZKU002.SG	4.5249999999999995	-0.013639592706606678	206	0.0013844544381804414
ZKU002.SG	4.534999999999999	-0.019391588898315357	223	0.0013751983421647265
ZKU002.SG	4.545	0.0008990318118948829	241	0.0013660450908055699
ZKU002.SG	4.555	0.030029231995748074	213	0.0013569935413940632
ZKU002.SG	4.5649999999999995	0.02530364372469636	209	0.0013480425639179582
ZKU002.SG	4.574999999999999	0.0372827804107425	211	0.0013391910409205916
ZKU002.SG	4.585	-0.00247314321044903	228	0.0013304378673613835
ZKU002.SG	4.595	0.04578447794528196	199	0.00132178195047788
ZKU002.SG	4.6049999999999995	-0.01295284355393645	244	0.001313222209649335
ZKU002.SG	4.614999999999999	0.02263296869105998	242	0.0013047575762617932
ZKU002.SG	4.625	0.020122254394431282	262	0.001296386993574694
ZKU002.SG	4.635	-0.0077223465403009955	214	0.0012881094165889395
ZKU002.SG	4.645	-0.008793810510294677	218	0.001279923811916437
ZKU002.SG	4.654999999999999	0.018070148723415055	199	0.0012718291576510866
ZKU002.SG	4.665	-0.006702693645008587	219	0.0012638244432412074
ZKU002.SG	4.675	-0.006624953993375046	286	0.0012559086693633788
ZKU002.SG	4.685	-0.006710726995424504	281	0.001248080847797678
ZKU002.SG	4.694999999999999	-0.007610028326216548	218	0.001240340001304315
ZKU002.SG	4.705	-0.02229654403567447	208	0.001232685163501628
ZKU002.SG	4.715	-0.017121193591781828	222	0.0012251153787454418
ZKU002.SG	4.725	-0.01900688999762414	184	0.0012176297020097592
ZKU002.SG	4.734999999999999	0.01013868962219034	205	0.0012102271987687865
ZKU002.SG	4.745	0.026941657376439984	208	0.0012029069448802623
ZKU002.SG	4.755	0.021924934968413228	208	0.0011956680264700878
ZKU002.SG	4.765	-0.016040523427606587	207	0.0011885095398182378
ZKU002.SG	4.7749999999999995	0.006406149903907751	224	0.001181430591245934
ZKU002.SG	4.784999999999999	0.01671672978973488	248	0.0011744302970040834
ZKU002.SG	4.795	0.014574426739214923	249	0.0011675077831629413
ZKU002.SG	4.805	-0.006688963210702341	208	0.0011606621855030197
ZKU002.SG	4.8149999999999995	-0.020111810414542384	239	0.0011538926494071818
ZKU002.SG	4.824999999999999	-0.006100660904931368	281	0.0011471983297539638
ZKU002.SG	4.835	0.004080221300138313	241	0.0011405783908120584
ZKU002.SG	4.845	0.0015318627450980392	256	0.0011340320061359868
ZKU002.SG	4.8549999999999995	0.0077972709551656924	190	0.001127558358462921
ZKU002.SG	4.864999999999999	-0.02389486260454002	217	0.0011211566396106551
ZKU002.SG	4.875	-0.0050697084917617225	264	0.001114826050376711
ZKU002.SG	4.885	0.001165940811357635	242	0.001108565800438565
ZKU002.SG	4.895	-0.013937282229965157	246	0.001102375108254981
ZKU002.SG	4.904999999999999	-0.01528865295288653	275	0.0010962532009684428
ZKU002.SG	4.915	-0.006627421932868115	227	0.001090199314308667
ZKU002.SG	4.925	-0.0005795421616922611	204	0.001084212692497195
ZKU002.SG	4.935	-0.01520803443328551	205	0.0010782925881530332
ZKU002.SG	4.944999999999999	-0.00012065273127620448	258	0.0010724382621993549
ZKU002.SG	4.955	0.03156362522025588	229	0.0010666489837712276
ZKU002.SG	4.965	-0.008717310087173101	220	0.0010609240301243754
ZKU002.SG	4.975	-0.011764391326435123	274	0.0010552626865449463
ZKU002.SG	4.984999999999999	0.02037381521835415	213	0.0010496642462602854
ZKU002.SG	4.995	0.0013040643338404698	215	0.0010441280103507052
ZKU002.SG	5.005	0.03609022556390978	210	0.0010386532876622261
ZKU002.SG	5.015	0.041253923606864785	222	0.0010332393947202955
ZKU002.SG	5.0249999999999995	0.010899757392496746	239	0.001027885655644456
ZKU002.SG	5.034999999999999	0.02138570649208947	235	0.001022591402063973
ZKU002.SG	5.045	-0.010405053883314752	208	0.001017355973034391
ZKU002.SG	5.055	0.04575074048758259	210	0.001012178714955021
ZKU002.SG	5.0649999999999995	0.016227180527383367	204	0.0010070589814873438
ZKU002.SG	5.074999999999999	0.022102747909199524	217	0.0010019961334743182
ZKU002.SG	5.085	0.005506391347099312	226	0.0009969895388605905
ZKU002.SG	5.095	-0.013767209011264079	188	0.0009920385726135852
ZKU002.SG	5.1049999999999995	-0.010249839846252402	224	0.0009871426166454759
ZKU002.SG	5.114999999999999	0.030134813639968283	195	0.0009823010597360205
ZKU002.SG	5.125	-0.0033513468225042937	219	0.0009775132974562577
ZKU002.SG	5.135	-0.013814756671899528	196	0.000972778732093048
ZKU002.SG	5.145	-0.0016451233842538192	185	0.0009680967725744518
ZKU002.SG	5.154999999999999	-0.013522650439486139	204	0.0009634668343959437
ZKU002.SG	5.165	0.004733727810650887	170	0.0009588883395474353
ZKU002.SG	5.175	0.012613444085525302	198	0.000954360716441124
ZKU002.SG	5.185	-0.016384116509272954	188	0.0009498833998401261
ZKU002.SG	5.194999999999999	-0.01762114537444934	228	0.0009454558307879176
ZKU002.SG	5.205	-0.004973696795791483	205	0.0009410774565385491
ZKU002.SG	5.215	0.0001970346288360181	202	0.0009367477304876434
ZKU002.SG	5.225	0.007082779991146524	252	0.0009324661121041548
ZKU002.SG	5.234999999999999	-0.018090452261306532	200	0.0009282320668628869
ZKU002.SG	5.245	0.041367665681722246	207	0.0009240450661777639
ZKU002.SG	5.255	0.005872602415344541	206	0.0009199045873358396
ZKU002.SG	5.265	-0.014307430921935082	212	0.0009158101134320413
ZKU002.SG	5.2749999999999995	-0.019416573764399852	208	0.0009117611333046374
ZKU002.SG	5.284999999999999	-0.013285024154589372	208	0.000907757141471425
ZKU002.SG	5.295	-0.006191079217672716	207	0.0009037976380666225
ZKU002.SG	5.305	0.0031687147383878196	228	0.000899882128778467
ZKU002.SG	5.3149999999999995	-0.008117363547964319	218	0.0008960101247875032
ZKU002.SG	5.324999999999999	0.03642857142857143	225	0.0008921811427055567
ZKU002.SG	5.335	0.019032691446484548	232	0.0008883947045153892
ZKU002.SG	5.345	0.02356276020905306	213	0.0008846503375110207
ZKU002.SG	5.3549999999999995	-0.009726898615787504	243	0.0008809475742387165
ZKU002.SG	5.364999999999999	-0.009474590869939709	216	0.0008772859524386286
ZKU002.SG	5.375	-0.017777084714046237	227	0.0008736650149870857
ZKU002.SG	5.385	0.012476870208828972	195	0.0008700843098395298
ZKU002.SG	5.395	-0.022377254179281297	214	0.0008665433899740745
ZKU002.SG	5.404999999999999	0.00021096304630639014	239	0.0008630418133357043
ZKU002.SG	5.415	0.0076182702445328696	243	0.0008595791427810837
ZKU002.SG	5.425	-0.03192142418661756	181	0.0008561549460239878
ZKU002.SG	5.435	-0.011711220221858519	235	0.0008527687955813288
ZKU002.SG	5.444999999999999	-0.019130358474836556	214	0.000849420268719793
ZKU002.SG	5.455	0.01562839157803343	272	0.0008461089474030645
ZKU002.SG	5.465	-0.010936431989063567	210	0.0008428344182396366
ZKU002.SG	5.475	-0.0015303682448589205	205	0.0008395962724312039
ZKU002.SG	5.484999999999999	0.008688387635756058	190	0.0008363941057216253
ZKU002.SG	5.495	0.034058969413061455	191	0.0008332275183464588
ZKU002.SG	5.505	-0.03275941518997947	219	0.0008300961149830522
ZKU002.SG	5.515	-0.013123718386876286	210	0.0008269995047011894
ZKU002.SG	5.5249999999999995	-0.016562384983437616	209	0.0008239373009142894
ZKU002.SG	5.534999999999999	0.016090967603518563	237	0.0008209091213311403
ZKU002.SG	5.545	-0.01727345203295243	213	0.0008179145879081756
ZKU002.SG	5.555	-0.009431620749565649	238	0.0008149533268022784
ZKU002.SG	5.5649999999999995	-0.007050905400352543	194	0.0008120249683241092
ZKU002.SG	5.574999999999999	-0.018077961207708243	179	0.0008091291468919533
ZKU002.SG	5.585	-0.00846063454759107	185	0.0008062655009860817
ZKU002.SG	5.595	-0.03671328671328671	209	0.0008034336731036192
ZKU002.SG	5.6049999999999995	0.002738788086271825	254	0.000800633309713909
ZKU002.SG	5.614999999999999	-0.021608705815131288	278	0.0007978640612143823
ZKU002.SG	5.625	0.006383064679028805	223	0.0007951255818869098
ZKU002.SG	5.635	0.03990559965672603	237	0.0007924175298546441
ZKU002.SG	5.645	-0.009461267934393577	254	0.0007897395670393364
ZKU002.SG	5.654999999999999	-0.031645294501195395	215	0.0007870913591191327
ZKU002.SG	5.665	-0.027603974972396025	209	0.0007844725754868347
ZKU002.SG	5.675	0.042189054726368164	201	0.0007818828892086273
ZKU002.SG	5.685	-0.02906790518898142	224	0.0007793219769832634
ZKU002.SG	5.694999999999999	-0.026599674892862423	202	0.0007767895191017012
ZKU002.SG	5.705	-0.026848755109624672	208	0.0007742851994071932
ZKU002.SG	5.715	-0.012475962665916232	207	0.0007718087052558146
ZKU002.SG	5.725	-0.021060945109911806	214	0.0007693597274774338
ZKU002.SG	5.734999999999999	0.0001015176894573884	199	0.0007669379603371134
ZKU002.SG	5.745	-0.007605400936897219	191	0.0007645431014969436
ZKU002.SG	5.755	-0.04647807100816404	230	0.0007621748519782964
ZKU002.SG	5.765	0.015276145710928318	185	0.0007598329161245006
ZKU002.SG	5.7749999999999995	0.02548640345886904	188	0.0007575170015639327
ZKU002.SG	5.784999999999999	0.037220660056237975	233	0.0007552268191735146
ZKU002.SG	5.795	-0.029282365668950597	236	0.0007529620830426211
ZKU002.SG	5.805	-0.03006495935788865	243	0.000750722510437385
ZKU002.SG	5.8149999999999995	-0.009852216748768471	232	0.0007485078217654006
ZKU002.SG	5.824999999999999	-0.01804511278195489	210	0.0007463177405408184
ZKU002.SG	5.835	-0.03177257525083612	208	0.0007441519933498279
ZKU002.SG	5.845	-0.022839088241931847	211	0.000742010309816526
ZKU002.SG	5.8549999999999995	-0.01434720229555237	205	0.0007398924225691599
ZKU002.SG	5.864999999999999	-0.02041960281870596	224	0.0007377980672067504
ZKU002.SG	5.875	-0.00994873356682402	199	0.0007357269822660814
ZKU002.SG	5.885	0.0021617852161785215	240	0.0007336789091890609
ZKU002.SG	5.895	-0.01483885926269418	228	0.0007316535922904396
ZKU002.SG	5.904999999999999	-0.019957176907849556	223	0.0007296507787258922
ZKU002.SG	5.915	-0.014809189291816974	230	0.0007276702184604516
ZKU002.SG	5.925	-0.029057700290577002	220	0.0007257116642372934
ZKU002.SG	5.935	-0.027190778779370477	202	0.0007237748715468693
ZKU002.SG	5.944999999999999	-0.0014307430921935078	212	0.0007218595985963802
ZKU002.SG	5.955	-0.00022755717373990368	188	0.000719965606279592
ZKU002.SG	5.965	-0.01212455221824194	191	0.0007180926581469843
ZKU002.SG	5.975	-0.03190717911530094	197	0.0007162405203762314
ZKU002.SG	5.984999999999999	-0.016816143497757848	224	0.0007144089617430123
ZKU002.SG	5.995	-0.017930151224077633	202	0.0007125977535921433
ZKU002.SG	6.005	0.0189515840663663	237	0.0007108066698090339
ZKU002.SG	6.015	0.003686481504754723	219	0.0007090354867914553
ZKU002.SG	6.0249999999999995	-0.02183478621834786	220	0.0007072839834216287
ZKU002.SG	6.035	-0.00956665877338385	206	0.0007055519410386181
ZKU002.SG	6.045	-0.020108080935025762	219	0.0007038391434110343
ZKU002.SG	6.055	-0.014492753623188404	253	0.0007021453767100383
ZKU002.SG	6.0649999999999995	-0.0004115085216556346	242	0.0007004704294826474
ZKU002.SG	6.074999999999999	-0.00966137816717973	206	0.0006988140926253374
ZKU002.SG	6.085	-0.019891072697134738	206	0.0006971761593579367
ZKU002.SG	6.095	-0.02258836035078395	213	0.0006955564251978127
ZKU002.SG	6.1049999999999995	-0.03087339201083277	211	0.0006939546879343428
ZKU002.SG	6.114999999999999	-0.02761281153240952	199	0.0006923707476036707
ZKU002.SG	6.125	-0.03345049084959399	223	0.0006908044064637415
ZKU002.SG	6.135	-0.005761805761805762	260	0.000689255468969617
ZKU002.SG	6.145	-0.02582115056009113	230	0.0006877237417490621
ZKU002.SG	6.154999999999999	-0.01367002088475413	230	0.0006862090335784036
ZKU002.SG	6.165	-0.02916818163454935	223	0.000684711155358659
ZKU002.SG	6.175	-0.02020097379053144	197	0.0006832299200919279
ZKU002.SG	6.185	-0.02864321608040201	200	0.0006817651428580472
ZKU002.SG	6.194999999999999	-0.019124891335844683	204	0.0006803166407915043
ZKU002.SG	6.205	-0.020484171322160148	180	0.00067888423305861
ZKU002.SG	6.215	0.012536322125363224	220	0.0006774677408349209
ZKU002.SG	6.225	-0.03314917127071823	182	0.0006760669872829155
ZKU002.SG	6.234999999999999	0.014710452709002382	197	0.0006746817975299172
ZKU002.SG	6.245	0.0044692737430167585	180	0.0006733119986462632
ZKU002.SG	6.255	0.024966331710349114	197	0.0006719574196237156
ZKU002.SG	6.265	0.005771589351417644	167	0.0006706178913541116
ZKU002.SG	6.2749999999999995	0.0006828269033799923	203	0.000669293246608253
ZKU002.SG	6.285	-0.027600483008452647	187	0.0006679833200150279
ZKU002.SG	6.295	-0.011822660098522167	175	0.0006666879480407662
ZKU002.SG	6.305	-0.010360980986497662	191	0.0006654069689688238
ZKU002.SG	6.3149999999999995	0.010780265159747882	215	0.0006641402228793923
ZKU002.SG	6.324999999999999	-0.0331709885481111	214	0.0006628875516295365
ZKU002.SG	6.335	-0.01874520260170484	223	0.0006616487988334487
ZKU002.SG	6.345	-0.01470342522974102	190	0.0006604238098429291
ZKU002.SG	6.3549999999999995	-0.029341886433832266	184	0.0006592124317280749
ZKU002.SG	6.364999999999999	0.021152716201057634	194	0.0006580145132581914
ZKU002.SG	6.375	-0.010347376201034738	165	0.0006568299048829106
ZKU002.SG	6.385	0.013668341708542713	200	0.0006556584587135215
ZKU002.SG	6.395	-0.031967451322290036	186	0.0006545000285045076
ZKU002.SG	6.404999999999999	-0.009876204519735263	242	0.0006533544696352886
ZKU002.SG	6.415	-0.0315955766192733	211	0.0006522216390921667
ZKU002.SG	6.425	-0.031701081612586036	226	0.0006511013954504715
ZKU002.SG	6.435	-0.043631075021209546	223	0.0006499935988569053
ZKU002.SG	6.444999999999999	-0.03477857639693949	228	0.0006488981110120825
ZKU002.SG	6.455	-0.017901965427421264	206	0.0006478147951532648
ZKU002.SG	6.465	-0.007407153389801444	242	0.0006467435160372874
ZKU002.SG	6.475	-0.014334213504337986	242	0.0006456841399236744
ZKU002.SG	6.484999999999999	-0.014104740760088807	248	0.0006446365345579435
ZKU002.SG	6.495	0.013008524219286553	223	0.0006436005691550936
ZKU002.SG	6.505	0.024888003982080638	246	0.0006425761143832792
ZKU002.SG	6.515	-0.026326181387389756	214	0.0006415630423476623
ZKU002.SG	6.5249999999999995	-0.01809790969143064	258	0.0006405612265744477
ZKU002.SG	6.535	0.015275644307902373	217	0.0006395705419950924
ZKU002.SG	6.545	-0.02031144211238998	211	0.0006385908649306926
ZKU002.SG	6.555	-0.01231696813092162	216	0.0006376220730765431
ZKU002.SG	6.5649999999999995	0.003575770578559679	237	0.0006366640454868683
ZKU002.SG	6.574999999999999	0.003564560761690353	207	0.0006357166625597237
ZKU002.SG	6.585	-0.01241318161666913	202	0.0006347798060220641
ZKU002.SG	6.595	-0.021720969089390144	190	0.0006338533589149784
ZKU002.SG	6.6049999999999995	-0.03235527359238699	195	0.0006329372055790881
ZKU002.SG	6.614999999999999	-0.013522650439486139	204	0.0006320312316401083
ZKU002.SG	6.625	-0.005065428450823132	207	0.0006311353239945688
ZKU002.SG	6.635	-0.013451029844472467	183	0.0006302493707956942
ZKU002.SG	6.645	0.003045530683721638	199	0.000629373261439441
ZKU002.SG	6.654999999999999	0.004943236563193835	219	0.0006285068865506888
ZKU002.SG	6.665	0.021614945190674695	255	0.0006276501379695866
ZKU002.SG	6.675	-0.00689496667432774	229	0.0006268029087380494
ZKU002.SG	6.685	-0.012987012987012988	176	0.0006259650930864056
ZKU002.SG	6.694999999999999	0.01580722891566265	250	0.0006251365864201923
ZKU002.SG	6.705	0.034175052211885326	230	0.0006243172853070975
ZKU002.SG	6.715	0.044608521765882175	198	0.0006235070874640479
ZKU002.SG	6.725	-0.04272487156415987	263	0.0006227058917444391
ZKU002.SG	6.734999999999999	-0.02108512530738241	277	0.0006219135981255087
ZKU002.SG	6.745	0.014253683536194748	224	0.0006211301076958488
ZKU002.SG	6.755	0.017316017316017316	231	0.0006203553226430582
ZKU002.SG	6.765	0.0031548360315483606	220	0.0006195891462415313
ZKU002.SG	6.7749999999999995	0.021362727405745498	203	0.0006188314828403821
ZKU002.SG	6.785	0.0	196	0.0006180822378515037
ZKU002.SG	6.795	0.013986013986013984	221	0.0006173413177377595
ZKU002.SG	6.805	0.0022570681872178667	184	0.0006166086300013054
ZKU002.SG	6.8149999999999995	-0.005365068526557089	203	0.000615884083172043
ZKU002.SG	6.824999999999999	0.05491055129609346	166	0.0006151675867961996
ZKU002.SG	6.835	0.025226888171050607	198	0.0006144590514250362
ZKU002.SG	6.845	-0.02541544477028348	187	0.0006137583886036803
ZKU002.SG	6.8549999999999995	0.023246160232461607	220	0.0006130655108600835
ZKU002.SG	6.864999999999999	-0.02926421404682274	208	0.0006123803316941003
ZKU002.SG	6.875	-0.031189083820662766	190	0.0006117027655666905
ZKU002.SG	6.885	0.02582443784160522	234	0.0006110327278892398
ZKU002.SG	6.895	0.02391708743024183	213	0.0006103701350129992
ZKU002.SG	6.904999999999999	0.0006328891389191667	239	0.0006097149042186429
ZKU002.SG	6.915	0.010226155358898722	226	0.0006090669537059406
ZKU002.SG	6.925	-0.013574112228820748	223	0.0006084262025835465
ZKU002.SG	6.935	-0.0014329016257922295	191	0.0006077925708588996
ZKU002.SG	6.944999999999999	0.020731042007637753	235	0.000607165979428238
ZKU002.SG	6.955	0.0052910052910052924	217	0.0006065463500667229
ZKU002.SG	6.965	-0.017102532171025326	220	0.0006059336054186736
ZKU002.SG	6.975	-0.03589718577769107	203	0.0006053276689879095
ZKU002.SG	6.984999999999999	-0.007847533632286996	224	0.0006047284651282003
ZKU002.SG	6.995	-0.05065326633165829	200	0.000604135919033823
ZKU002.SG	7.005	-0.016631028747921123	184	0.0006035499567302218
ZKU002.SG	7.015	-0.022029338612253185	199	0.000602970505064774
ZKU002.SG	7.0249999999999995	-0.008089368258859782	177	0.0006023974916976567
ZKU002.SG	7.035	-0.021311863604072934	206	0.0006018308450928164
ZKU002.SG	7.045	-0.0139803737061433	173	0.0006012704945090379
ZKU002.SG	7.055	-0.03857672199380742	199	0.0006007163699911131
ZKU002.SG	7.0649999999999995	-0.026478283621140766	196	0.0006001684023611073
ZKU002.SG	7.074999999999999	-0.0021042563366810156	205	0.0005996265232097234
ZKU002.SG	7.085	-0.006828269033799932	203	0.0005990906648877611
ZKU002.SG	7.095	-0.024242424242424242	210	0.0005985607604976717
ZKU002.SG	7.1049999999999995	-0.04220998744325316	204	0.0005980367438852065
ZKU002.SG	7.114999999999999	-0.04078616816905571	202	0.0005975185496311575
ZKU002.SG	7.125	-0.011024978466838932	216	0.0005970061130431915
ZKU002.SG	7.135	0.01592495636998255	192	0.0005964993701477724
ZKU002.SG	7.145	-0.013773314203730272	205	0.0005959982576821752
ZKU002.SG	7.154999999999999	0.002923199574807335	213	0.0005955027130865888
ZKU002.SG	7.165	-0.008770181383296794	174	0.0005950126744963049
ZKU002.SG	7.175	-0.01989478718316595	205	0.0005945280807339952
ZKU002.SG	7.185	-0.00021588946459412858	193	0.0005940488713020738
ZKU002.SG	7.194999999999999	0.043758611187655	191	0.0005935749863751449
ZKU002.SG	7.205	-0.011102299762093575	195	0.0005931063667925336
ZKU002.SG	7.215	0.011822660098522167	175	0.0005926429540509001
ZKU002.SG	7.225	0.016156839564553473	202	0.0005921846902969368
ZKU002.SG	7.234999999999999	0.005755255328488513	203	0.000591731518320145
ZKU002.SG	7.245	-0.0012119743061447092	223	0.0005912833815456929
ZKU002.SG	7.255	-0.014896439138863382	243	0.000590840224027353
ZKU002.SG	7.265	0.0031720856463124483	195	0.000590401990440517
ZKU002.SG	7.2749999999999995	-0.03289057558507274	187	0.0005899686260752896
ZKU002.SG	7.285	-0.0029850746268656712	201	0.0005895400768296579
ZKU002.SG	7.295	-0.031008725127110667	179	0.000589116289202738
ZKU002.SG	7.305	-0.020970560559214948	173	0.000588697210288095
ZKU002.SG	7.3149999999999995	0.006088022660973238	218	0.0005882827877671384
ZKU002.SG	7.324999999999999	0.0888385146804836	193	0.0005878729699025902
ZKU002.SG	7.335	0.054256265369120496	277	0.0005874677055320272
ZKU002.SG	7.345	0.021443059982613737	204	0.0005870669440614918
ZKU002.SG	7.3549999999999995	-0.0005795421616922611	204	0.0005866706354591775
ZKU002.SG	7.364999999999999	0.024079601990049753	201	0.000586278730249182
ZKU002.SG	7.375	-0.02424910443648388	191	0.0005858911795053303
ZKU002.SG	7.385	-0.0017309772809231871	236	0.0005855079348450675
ZKU002.SG	7.395	-0.03312476996687523	209	0.0005851289484234181
ZKU002.SG	7.404999999999999	0.0033999150021249446	182	0.0005847541729270129
ZKU002.SG	7.415	0.0468999386126458	181	0.0005843835615681824
ZKU002.SG	7.425	0.04545454545454545	209	0.000584017068079116
ZKU002.SG	7.435	0.1104942450914015	211	0.0005836546467060853
ZKU002.SG	7.444999999999999	0.0353552643864181	254	0.0005832962522037327
ZKU002.SG	7.455	0.01978514568359224	228	0.0005829418398294224
ZKU002.SG	7.465	0.011506276150627616	240	0.0005825913653376551
ZKU002.SG	7.475	0.008302200083022002	220	0.000582244784974544
ZKU002.SG	7.484999999999999	0.0022355360815523567	212	0.0005819020554723523
ZKU002.SG	7.495	-0.015689893862482696	198	0.0005815631340440923
ZKU002.SG	7.505	-0.021608348680171884	181	0.000581227978378183
ZKU002.SG	7.515	-0.028103310956877917	188	0.000580896546633168
ZKU002.SG	7.5249999999999995	0.007964501080896576	188	0.0005805687974324926
ZKU002.SG	7.535	-0.033766233766233764	176	0.0005802446898593375
ZKU002.SG	7.545	-0.02324598478444632	169	0.0005799241834515109
ZKU002.SG	7.555	-0.009197324414715718	208	0.0005796072381963973
ZKU002.SG	7.5649999999999995	0.007356321839080461	175	0.000579293814525962
ZKU002.SG	7.574999999999999	-0.017376775271512112	190	0.0005789838733118117
ZKU002.SG	7.585	-0.02328344024708957	184	0.000578677375860309
ZKU002.SG	7.595	-0.023210831721470017	188	0.0005783742839077427
ZKU002.SG	7.6049999999999995	-0.006605416441482013	183	0.0005780745596155501
ZKU002.SG	7.614999999999999	-0.014024071166928309	196	0.0005777781655655937
ZKU002.SG	7.625	0.027142256650453372	183	0.0005774850647554893
ZKU002.SG	7.635	0.04583651642475172	154	0.0005771952205939873
ZKU002.SG	7.645	0.06683209263854424	156	0.0005769085968964037
ZKU002.SG	7.654999999999999	0.19529579472558803	184	0.0005766251578801038
ZKU002.SG	7.665	0.023572744014732964	181	0.0005763448681600339
ZKU002.SG	7.675	0.026674500587544062	185	0.0005760676927443043
ZKU002.SG	7.685	-0.015436096718480138	193	0.0005757935970298214
ZKU002.SG	7.694999999999999	0.01880141010575793	185	0.0005755225467979666
ZKU002.SG	7.705	-0.014486326681448634	165	0.0005752545082103253
ZKU002.SG	7.715	-0.01220956045582359	233	0.0005749894478044621
ZKU002.SG	7.725	-0.023690078037904128	208	0.0005747273324897433
ZKU002.SG	7.734999999999999	-0.015894039735099338	151	0.0005744681295432061
ZKU002.SG	7.745	0.015219189412737798	156	0.0005742118066054729
ZKU002.SG	7.755	-0.012554489973844814	186	0.0005739583316767119
ZKU002.SG	7.765	0.050935697199943716	207	0.0005737076731126417
ZKU002.SG	7.7749999999999995	-0.009930915371329877	193	0.0005734597996205816
ZKU002.SG	7.785	-0.0075742475583017764	174	0.000573214680255544
ZKU002.SG	7.795	0.01615036547163244	170	0.0005729722844163721
ZKU002.SG	7.805	-0.003809523809523809	175	0.0005727325818419189
ZKU002.SG	7.8149999999999995	0.036036036036036036	148	0.0005724955426072694
ZKU002.SG	7.825	-0.01330824035488641	173	0.0005722611371200049
ZKU002.SG	7.835	0.002671361787383887	182	0.0005720293361165092
ZKU002.SG	7.845	-0.004788213627992634	181	0.000571800110658314
ZKU002.SG	7.8549999999999995	-0.01451808038714881	173	0.0005715734321284872
ZKU002.SG	7.864999999999999	-0.013396127681841969	196	0.0005713492722280597
ZKU002.SG	7.875	-0.004454573707655653	197	0.0005711276029724933
ZKU002.SG	7.885	-0.029751243781094526	201	0.000570908396688186
ZKU002.SG	7.895	0.0012650221378874133	187	0.0005706916260090179
ZKU002.SG	7.904999999999999	0.009346510380755381	229	0.0005704772638729346
ZKU002.SG	7.915	0.006488749345892203	196	0.0005702652835185687
ZKU002.SG	7.925	-0.004365260646667685	199	0.0005700556584818989
ZKU002.SG	7.935	-0.008809569014619332	230	0.0005698483625929459
ZKU002.SG	7.944999999999999	0.008201919418255613	218	0.000569643369972506
ZKU002.SG	7.955	-0.012413644214162347	193	0.0005694406550289192
ZKU002.SG	7.965	-0.03117469107316823	198	0.0005692401924548753
ZKU002.SG	7.975	0.011954022988505748	175	0.0005690419572242542
ZKU002.SG	7.984999999999999	-0.009871825491600985	159	0.0005688459245890013
ZKU002.SG	7.995	-0.026574541589157584	213	0.000568652070076038
ZKU002.SG	8.005	-0.01549270401729418	183	0.0005684603694842066
ZKU002.SG	8.015	-0.0031891568666533796	174	0.0005682707988812492
ZKU002.SG	8.025	-0.011144883485309015	189	0.0005680833346008193
ZKU002.SG	8.035	-0.01602817072430332	182	0.0005678979532395278
ZKU002.SG	8.045	-0.01801729660474055	224	0.0005677146316540211
ZKU002.SG	8.055	-0.007721549061534807	184	0.0005675333469580918
ZKU002.SG	8.065	-0.02050251256281407	200	0.0005673540765198214
ZKU002.SG	8.075	-0.01674982181040627	184	0.0005671767979587554
ZKU002.SG	8.084999999999999	0.0340176732443027	174	0.0005670014891431086
ZKU002.SG	8.094999999999999	-0.01025587900134673	197	0.000566828128187003
ZKU002.SG	8.105	-0.012768569674647023	181	0.0005666566934477346
ZKU002.SG	8.115	-0.026088918979914243	211	0.0005664871635230718
ZKU002.SG	8.125	0.009266936545871336	203	0.0005663195172485838
ZKU002.SG	8.135	0.002987012987012988	176	0.0005661537336949982
ZKU002.SG	8.145	-0.026233122072196198	191	0.0005659897921655883
ZKU002.SG	8.155	-0.006728877039294101	178	0.0005658276721935884
ZKU002.SG	8.165	0.005344677137870856	192	0.0005656673535396404
ZKU002.SG	8.174999999999999	0.015817321080478976	190	0.0005655088161892655
ZKU002.SG	8.185	-0.02352102637205987	184	0.0005653520403503661
ZKU002.SG	8.195	0.009607081174438687	193	0.0005651970064507554
ZKU002.SG	8.205	0.04266221108326372	190	0.000565043695135713
ZKU002.SG	8.215	-0.007383479464697739	198	0.0005648920872655697
ZKU002.SG	8.225	0.004758128469468674	195	0.000564742163913317
ZKU002.SG	8.235	0.028439027486827907	178	0.0005645939063622451
ZKU002.SG	8.245	-0.013303769401330375	165	0.0005644472961036058
ZKU002.SG	8.254999999999999	-0.006605416441482013	183	0.000564302314834302
ZKU002.SG	8.265	-0.06073319348716411	142	0.0005641589444546026
ZKU002.SG	8.275	-0.03587801474985051	174	0.0005640171670658829
ZKU002.SG	8.285	-0.015738174014128588	212	0.0005638769649683904
ZKU002.SG	8.295	0.021274332517817254	238	0.0005637383206590346
ZKU002.SG	8.305	0.014274385408406027	195	0.0005636012168292023
ZKU002.SG	8.315	0.022795325026562348	204	0.0005634656363625966
ZKU002.SG	8.325	-0.022770398481973434	187	0.0005633315623331
ZKU002.SG	8.334999999999999	0.022755717373990215	188	0.0005631989780026616
ZKU002.SG	8.344999999999999	-0.02898413450153919	206	0.0005630678668192072
ZKU002.SG	8.355	-0.006973848069738481	220	0.000562938212414573
ZKU002.SG	8.365	-0.00892807936070543	191	0.0005628099986024622
ZKU002.SG	8.375	0.006611347230655061	244	0.0005626832093764242
ZKU002.SG	8.385	0.04164533196791261	217	0.0005625578289078565
ZKU002.SG	8.395	-0.03236774105807154	172	0.0005624338415440282
ZKU002.SG	8.405	0.04664141917480566	174	0.0005623112318061266
ZKU002.SG	8.415	-0.025256511444356748	182	0.0005621899843873242
ZKU002.SG	8.424999999999999	-0.003522221071169586	197	0.0005620700841508677
ZKU002.SG	8.435	0.0055276381909547725	200	0.0005619515161281889
ZKU002.SG	8.445	-0.025324675324675323	176	0.0005618342655170355
ZKU002.SG	8.455	-0.021505376344086023	187	0.0005617183176796234
ZKU002.SG	8.465	0.0001227747084100672	181	0.0005616036581408089
ZKU002.SG	8.475	0.032308904649330186	189	0.0005614902725862822
ZKU002.SG	8.485	-0.015997538840178432	198	0.0005613781468607801
ZKU002.SG	8.495	-0.02185038238169168	187	0.0005612672669663186
ZKU002.SG	8.504999999999999	-0.027199320016999578	182	0.0005611576190604454
ZKU002.SG	8.515	-0.01279122887163088	199	0.0005610491894545125
ZKU002.SG	8.525	-0.004395343311950579	184	0.0005609419646119662
ZKU002.SG	8.535	0.05842743188646017	197	0.0005608359311466579
ZKU002.SG	8.545	-0.008864064112682896	182	0.0005607310758211728
ZKU002.SG	8.555	0.017142857142857144	176	0.0005606273855451772
ZKU002.SG	8.565	0.003940110323089048	189	0.0005605248473737844
ZKU002.SG	8.575	-0.0022597451509635304	179	0.0005604234485059385
ZKU002.SG	8.584999999999999	-0.02458100558659218	180	0.0005603231762828164
ZKU002.SG	8.595	0.051888341543513954	175	0.0005602240181862474
ZKU002.SG	8.605	-0.008955223880597015	201	0.0005601259618371506
ZKU002.SG	8.615	0.009931719428926133	180	0.0005600289949939889
ZKU002.SG	8.625	0.004119327619427279	174	0.0005599331055512416
ZKU002.SG	8.635	0.006217277486910994	192	0.0005598382815378924
ZKU002.SG	8.645	0.06938775510204082	196	0.0005597445111159353
ZKU002.SG	8.655	-0.009081527347781218	171	0.0005596517825788965
ZKU002.SG	8.665	0.015985590453675556	189	0.0005595600843503733
ZKU002.SG	8.674999999999999	0.004636337293538106	204	0.0005594694049825882
ZKU002.SG	8.685	-0.027972027972027972	144	0.0005593797331549606
ZKU002.SG	8.695	0.014637904468412944	177	0.0005592910576726927
ZKU002.SG	8.705	-0.005	225	0.0005592033674653729
ZKU002.SG	8.715	-0.010746268656716417	201	0.0005591166515855922
ZKU002.SG	8.725	-0.008371536774965119	174	0.0005590308992075796
ZKU002.SG	8.735	0.009471191791633781	182	0.0005589460996258484
ZKU002.SG	8.745	-0.014882732044382433	174	0.0005588622422538614
ZKU002.SG	8.754999999999999	-0.00029850746268656803	201	0.0005587793166227087
ZKU002.SG	8.765	-0.010773604668562023	164	0.0005586973123797999
ZKU002.SG	8.775	0.02178090967328636	224	0.0005586162192875734
ZKU002.SG	8.785	-0.016575157981974516	197	0.0005585360272222166
ZKU002.SG	8.795	-0.005257393209200438	166	0.0005584567261724031
ZKU002.SG	8.805	-0.01805459110090273	194	0.0005583783062380425
ZKU002.SG	8.815	0.0060696517412935315	201	0.0005583007576290444
ZKU002.SG	8.825	0.03288740245261984	208	0.0005582240706640965
ZKU002.SG	8.834999999999999	-0.020056255350372993	222	0.0005581482357694555
ZKU002.SG	8.845	0.018653530377668308	175	0.0005580732434777521
ZKU002.SG	8.855	-0.012239902080783354	172	0.0005579990844268094
ZKU002.SG	8.865	-0.017042606516290727	190	0.0005579257493584736
ZKU002.SG	8.875	-0.007281401041993602	179	0.0005578532291174586
ZKU002.SG	8.885	0.028748979976147136	179	0.0005577815146502026
ZKU002.SG	8.895	-0.01729434520423256	188	0.0005577105970037382
ZKU002.SG	8.905	-0.013181846713953926	179	0.0005576404673245749
ZKU002.SG	8.915	0.012575534868528498	157	0.0005575711168575929
ZKU002.SG	8.924999999999999	0.003522118906734291	169	0.0005575025369449513
ZKU002.SG	8.935	-0.024130708001675744	155	0.0005574347190250062
ZKU002.SG	8.945	-0.001985111662531016	156	0.0005573676546312425
ZKU002.SG	8.955	0.01045992924165513	198	0.0005573013353912166
ZKU002.SG	8.965	0.021327829377364983	171	0.0005572357530255114
ZKU002.SG	8.975	0.028330868130617817	188	0.0005571708993467025
ZKU002.SG	8.985	-0.015584415584415583	176	0.0005571067662583361
ZKU002.SG	8.995	0.05502645502645503	190	0.0005570433457539182
ZKU002.SG	9.004999999999999	0.056262157713601685	164	0.0005569806299159153
ZKU002.SG	9.015	-0.02608695652173913	161	0.0005569186109147656
ZKU002.SG	9.025	-0.02069898893400207	159	0.0005568572810079016
ZKU002.SG	9.035	-0.020440251572327043	160	0.000556796632538784
ZKU002.SG	9.045	-0.014364806224749364	164	0.0005567366579359449
ZKU002.SG	9.055	-0.01878453038674033	181	0.0005566773497120438
ZKU002.SG	9.065	-0.015489113184790196	178	0.0005566187004629315
ZKU002.SG	9.075	0.014304635761589406	151	0.000556560702866727
ZKU002.SG	9.084999999999999	0.01639996815540164	159	0.0005565033496829024
ZKU002.SG	9.095	0.056091954022988506	175	0.0005564466337513798
ZKU002.SG	9.105	0.048259174620244656	173	0.0005563905479916368
ZKU002.SG	9.115	-0.004276550249465431	184	0.000556335085401823
ZKU002.SG	9.125	0.01670843776106934	190	0.0005562802390578856
ZKU002.SG	9.135	0.0032835820895522395	201	0.0005562260021127051
ZKU002.SG	9.145	0.03593161402492031	204	0.0005561723677952405
ZKU002.SG	9.155	-0.021608348680171884	181	0.000556119329409684
ZKU002.SG	9.165	-0.025422978120294093	213	0.0005560668803346248
ZKU002.SG	9.174999999999999	-0.015023112480739599	177	0.0005560150140222229
ZKU002.SG	9.185	0.0042209807572936115	180	0.0005559637239973918
ZKU002.SG	9.195	0.0009069472156720466	149	0.0005559130038569892
ZKU002.SG	9.205	0.004817861339600469	185	0.0005558628472690185
ZKU002.SG	9.215	0.07318678425694353	214	0.0005558132479718382
ZKU002.SG	9.225	-0.0021261045777689214	174	0.0005557641997733797
ZKU002.SG	9.235	-0.013718765311121999	157	0.000555715696550375
ZKU002.SG	9.245	-0.016283524904214558	145	0.0005556677322475915
ZKU002.SG	9.254999999999999	-0.005369127516778524	150	0.0005556203008770763
ZKU002.SG	9.265	-0.006357615894039735	151	0.0005555733965174093
ZKU002.SG	9.275	-0.015368701049209399	202	0.0005555270133129628
ZKU002.SG	9.285	-0.010313075506445672	181	0.0005554811454731715
ZKU002.SG	9.295	0.0011590843233845265	204	0.0005554357872718091
ZKU002.SG	9.305	-0.026687598116169543	196	0.0005553909330462733
ZKU002.SG	9.315	-0.01645123384253819	185	0.0005553465771968793
ZKU002.SG	9.325	0.02532588454376164	180	0.0005553027141861604
ZKU002.SG	9.334999999999999	0.04755874489939497	207	0.000555259338538177
ZKU002.SG	9.345	-0.007124352331606218	193	0.0005552164448378323
ZKU002.SG	9.355	0.0025379422364346987	199	0.0005551740277301973
ZKU002.SG	9.365	0.020337706358671773	179	0.0005551320819198414
ZKU002.SG	9.375	-0.0028781337574793607	163	0.0005550906021701716
ZKU002.SG	9.385	0.036478984932593175	195	0.0005550495833027789
ZKU002.SG	9.395	0.04732910677295839	179	0.0005550090201967917
ZKU002.SG	9.405	0.04413135812700715	197	0.0005549689077882365
ZKU002.SG	9.415	0.08034649425648106	179	0.0005549292410694056
ZKU002.SG	9.424999999999999	-0.01163337250293772	185	0.0005548900150882321
ZKU002.SG	9.435	-0.012354478498455692	184	0.0005548512249476717
ZKU002.SG	9.445	-0.014183000098493057	143	0.000554812865805091
ZKU002.SG	9.455	-0.012354478498455692	184	0.0005547749328716637
ZKU002.SG	9.465	0.001060365068545027	163	0.0005547374214117716
ZKU002.SG	9.475	0.09781209781209782	148	0.0005547003267424144
ZKU002.SG	9.485	0.0396767844193515	197	0.0005546636442326245
ZKU002.SG	9.495	0.007979902467858726	202	0.0005546273693028896
ZKU002.SG	9.504999999999999	0.0878972278566599	204	0.0005545914974245798
ZKU002.SG	9.515	0.01692466460268318	171	0.0005545560241193831
ZKU002.SG	9.525	0.0277437780497756	172	0.0005545209449587463
ZKU002.SG	9.535	-0.016361256544502618	192	0.0005544862555633217
ZKU002.SG	9.545	-0.01919597989949749	200	0.0005544519516024207
ZKU002.SG	9.555	-0.03380429094714809	196	0.0005544180287934732
ZKU002.SG	9.565	0.03670432626067787	191	0.0005543844829014927
ZKU002.SG	9.575	-0.0068831363160257375	164	0.0005543513097385475
ZKU002.SG	9.584999999999999	0.004597701149425286	175	0.0005543185051632384
ZKU002.SG	9.595	0.14217708663916218	138	0.0005542860650801813
ZKU002.SG	9.605	0.006126000696136442	170	0.0005542539854394961
ZKU002.SG	9.615	0.17060637204522097	140	0.0005542222622363004
ZKU002.SG	9.625	0.07877309166957128	152	0.0005541908915102109
ZKU002.SG	9.635	0.04531161815689752	158	0.0005541598693448479
ZKU002.SG	9.645	0.043478260869565216	161	0.0005541291918673463
ZKU002.SG	9.655	-0.006535947712418301	136	0.0005540988552478732
ZKU002.SG	9.665	-0.0029194036075487436	139	0.0005540688556991484
ZKU002.SG	9.674999999999999	0.10607915136678907	172	0.0005540391894759724
ZKU002.SG	9.685	-0.018433179723502304	217	0.000554009852874759
ZKU002.SG	9.695	-0.02167487684729064	175	0.0005539808422330725
ZKU002.SG	9.705	0.02964776281789746	172	0.0005539521539291701
ZKU002.SG	9.715	-0.0060790273556231	141	0.0005539237843815508
ZKU002.SG	9.725	0.0110062893081761	160	0.0005538957300485076
ZKU002.SG	9.735	0.011132543400385782	191	0.0005538679874276854
ZKU002.SG	9.745	0.034484852164410176	182	0.0005538405530556438
ZKU002.SG	9.754999999999999	-0.010691375623663579	184	0.000553813423507425
ZKU002.SG	9.765	0.06304610834789623	173	0.0005537865953961255
ZKU002.SG	9.775	0.10259801606046291	146	0.0005537600653724744
ZKU002.SG	9.785	0.09967359286680996	159	0.0005537338301244139
ZKU002.SG	9.795	0.034913984637846764	178	0.000553707886376687
ZKU002.SG	9.805	-0.011883541295306001	154	0.0005536822308904281
ZKU002.SG	9.815	-0.008105369807497466	189	0.0005536568604627585
ZKU002.SG	9.825	0.011977204674973438	204	0.0005536317719263869
ZKU002.SG	9.834999999999999	0.16108339272986458	184	0.0005536069621492138
ZKU002.SG	9.845	0.02903616077429762	173	0.0005535824280339406
ZKU002.SG	9.855	0.13111287338091462	195	0.0005535581665176827
ZKU002.SG	9.865	0.026634744875056113	164	0.0005535341745715873
ZKU002.SG	9.875	0.0853291038858049	195	0.0005535104492004552
ZKU002.SG	9.885	-0.014799588900308323	140	0.0005534869874423671
ZKU002.SG	9.895	0.020446667544206047	214	0.0005534637863683134
ZKU002.SG	9.905	-0.00564042303172738	185	0.000553440843081829
ZKU002.SG	9.915	-0.010987913295375087	142	0.0005534181547186314
ZKU002.SG	9.924999999999999	0.02135182918536652	172	0.0005533957184462631
ZKU002.SG	9.935	0.06881544947640418	172	0.0005533735314637383
ZKU002.SG	9.945	0.04508856682769726	162	0.0005533515910011926
ZKU002.SG	9.955	0.0411647076037653	203	0.0005533298943195381
ZKU002.SG	9.965	0.030560722827531226	213	0.0005533084387101207
ZKU002.SG	9.975	0.05063832060253192	194	0.0005532872214943823
ZKU002.SG	9.985	0.016317016317016316	144	0.0005532662400235262
ZKU002.SG	9.995	-0.0020913210177762286	152	0.0005532454916781865
