genetic_id	distance_cm	covariance	n_pairs	fitted_covariance
RNI013.SG	0.025	0.16666174516462423	521	0.15466136441552528
RNI013.SG	0.035	0.1549969136176033	407	0.15378152220770455
RNI013.SG	0.045	0.08583744417298206	359	0.1529066233126276
RNI013.SG	0.05500000000000001	0.10195001373249109	331	0.15203663995674518
RNI013.SG	0.065	0.1041085854988706	314	0.15117154452255124
RNI013.SG	0.075	0.16055342656646593	284	0.1503113095477061
RNI013.SG	0.085	0.09950248756218905	268	0.14945590772416467
RNI013.SG	0.095	0.0772408301398497	284	0.1486053118973097
RNI013.SG	0.10500000000000001	0.20898210688470198	291	0.14775949506508956
RNI013.SG	0.115	0.1479680250433227	268	0.1469184303771613
RNI013.SG	0.125	0.1987290289781393	281	0.14608209113403808
RNI013.SG	0.135	0.26361373817819816	246	0.14525045078624169
RNI013.SG	0.145	0.17502375761641234	268	0.1444234829334597
RNI013.SG	0.155	0.2294671352967317	223	0.14360116132370743
RNI013.SG	0.16499999999999998	0.13959013959013958	260	0.14278345985249466
RNI013.SG	0.175	0.16391332332117572	237	0.1419703525619967
RNI013.SG	0.185	0.14575866188769415	217	0.14116181364023062
RNI013.SG	0.195	0.1633074935400517	216	0.1403578174202357
RNI013.SG	0.205	0.10335917312661498	216	0.13955833837925874
RNI013.SG	0.215	0.08218497827436376	180	0.1387633511379437
RNI013.SG	0.225	0.07701863354037268	231	0.1379728304595262
RNI013.SG	0.235	0.15992348158775704	205	0.13718675124903235
RNI013.SG	0.245	0.0638428483732351	181	0.13640508855248187
RNI013.SG	0.255	0.165374677002584	216	0.13562781755609638
RNI013.SG	0.265	0.18776161052421764	174	0.13485491358551122
RNI013.SG	0.275	0.21764681012979328	218	0.13408635210499256
RNI013.SG	0.28500000000000003	0.2488598765984083	212	0.13332210871665826
RNI013.SG	0.29500000000000004	0.11344991364421415	193	0.13256215915970337
RNI013.SG	0.30500000000000005	0.05790960451977401	177	0.13180647930963021
RNI013.SG	0.315	0.12301900997553171	231	0.13105504517748223
RNI013.SG	0.325	0.21321070234113712	208	0.13030783290908274
RNI013.SG	0.335	0.12988480765051078	215	0.12956481878427747
RNI013.SG	0.34500000000000003	0.1836582140187453	187	0.12882597921618172
RNI013.SG	0.35500000000000004	0.16169212690951823	185	0.1280912907504315
RNI013.SG	0.36500000000000005	0.1287406999173326	191	0.12736073006443902
RNI013.SG	0.375	0.09883364027010436	181	0.12663427396665236
RNI013.SG	0.385	0.1841109709962169	183	0.12591189939581915
RNI013.SG	0.395	0.03568812140240712	196	0.12519358342025455
RNI013.SG	0.405	0.008487186552769359	191	0.12447930323711333
RNI013.SG	0.41500000000000004	0.10833189580817663	187	0.12376903617166589
RNI013.SG	0.42500000000000004	0.12576039726877716	180	0.1230627596765786
RNI013.SG	0.43500000000000005	0.1664367816091954	175	0.12236045133119787
RNI013.SG	0.445	0.0664935064935065	176	0.12166208884083861
RNI013.SG	0.455	0.15434001027221367	177	0.12096765003607624
RNI013.SG	0.465	0.12070779531324725	205	0.12027711287204314
RNI013.SG	0.47500000000000003	0.06687365655600669	159	0.11959045542772875
RNI013.SG	0.48500000000000004	0.22342342342342345	186	0.11890765590528367
RNI013.SG	0.49500000000000005	0.13130881094952954	168	0.11822869262932777
RNI013.SG	0.505	0.04067541271734355	179	0.11755354404626196
RNI013.SG	0.515	0.08410067526089625	181	0.11688218872358416
RNI013.SG	0.525	0.21884498480243159	189	0.11621460534920881
RNI013.SG	0.535	0.09439116535890729	186	0.11555077273079035
RNI013.SG	0.545	0.1266098313078179	149	0.11489066979505043
RNI013.SG	0.555	0.25943528096169977	147	0.11423427558710904
RNI013.SG	0.5650000000000001	0.15939898742446515	157	0.11358156926981922
RNI013.SG	0.5750000000000001	0.115570419918246	208	0.11293253012310558
RNI013.SG	0.5850000000000001	0.1677896109541404	215	0.11228713754330662
RNI013.SG	0.5950000000000001	0.08311688311688313	176	0.11164537104252059
RNI013.SG	0.605	0.10949720670391062	180	0.11100721024795517
RNI013.SG	0.615	0.04498692240627725	186	0.11037263490128064
RNI013.SG	0.625	0.06432748538011697	153	0.10974162485798691
RNI013.SG	0.635	0.0459140292867265	146	0.10911416008674396
RNI013.SG	0.645	0.02614160033514872	155	0.10849022066876594
RNI013.SG	0.655	0.03422772617819057	153	0.1078697867971789
RNI013.SG	0.665	0.03747072599531616	183	0.10725283877639194
RNI013.SG	0.675	0.09849305623953512	143	0.10663935702147212
RNI013.SG	0.685	0.15141498024671451	158	0.10602932205752255
RNI013.SG	0.6950000000000001	0.03824232395660967	148	0.10542271451906435
RNI013.SG	0.7050000000000001	0.18196856906534326	156	0.10481951514942174
RNI013.SG	0.7150000000000001	0.11387473778843274	142	0.10421970480011085
RNI013.SG	0.725	0.0944275582573455	141	0.10362326443023177
RNI013.SG	0.735	0.11011523687580026	143	0.1030301751058642
RNI013.SG	0.745	0.10583941605839416	137	0.10244041799946627
RNI013.SG	0.755	0.15833666533386645	123	0.10185397438927697
RNI013.SG	0.765	0.05869565217391304	161	0.10127082565872175
RNI013.SG	0.775	0.15822086410321706	154	0.10069095329582163
RNI013.SG	0.785	0.11597633136094676	170	0.10011433889260542
RNI013.SG	0.795	0.18314176245210728	145	0.09954096414452548
RNI013.SG	0.805	0.22019271051529113	155	0.0989708108498766
RNI013.SG	0.8150000000000001	0.13877995642701524	136	0.09840386090921811
RNI013.SG	0.8250000000000001	0.21377318050507876	147	0.09784009632479948
RNI013.SG	0.8350000000000001	0.2772539288668321	156	0.0972794991999888
RNI013.SG	0.8450000000000001	0.11177454024361116	159	0.0967220517387048
RNI013.SG	0.855	0.05547045069741192	158	0.09616773624485185
RNI013.SG	0.865	0.10675381263616558	136	0.09561653512175823
RNI013.SG	0.875	0.055708769994484285	148	0.09506843087161747
RNI013.SG	0.885	0.031365139348134154	146	0.09452340609493293
RNI013.SG	0.895	0.027347781217750253	153	0.09398144348996544
RNI013.SG	0.905	0.03243978243978244	144	0.09344252585218411
RNI013.SG	0.915	0.11640866873065016	171	0.09290663607372006
RNI013.SG	0.925	0.1829192546583851	161	0.09237375714282345
RNI013.SG	0.935	0.14560859070981724	202	0.09184387214332342
RNI013.SG	0.9450000000000001	0.04597701149425287	174	0.09131696425409096
RNI013.SG	0.9550000000000001	0.19245419916560857	149	0.09079301674850515
RNI013.SG	0.9650000000000001	0.13694902956647922	149	0.09027201299392197
RNI013.SG	0.9750000000000001	0.028095174082537977	173	0.08975393645114643
RNI013.SG	0.985	0.04481132075471698	160	0.08923877067390751
RNI013.SG	0.995	0.10045844129958142	174	0.08872649930833597
RNI013.SG	1.005	0.033506493506493505	176	0.08821710609244539
RNI013.SG	1.015	0.07760141093474426	162	0.08771057485561573
RNI013.SG	1.0250000000000001	0.04574780058651026	155	0.08720688951808014
RNI013.SG	1.0350000000000001	0.08529801324503311	151	0.08670603409041454
RNI013.SG	1.045	0.0815850815850816	144	0.08620799267302984
RNI013.SG	1.055	0.038994891043686794	139	0.08571274945566734
RNI013.SG	1.065	-0.03357314148681055	139	0.08522028871689695
RNI013.SG	1.075	0.04627173592690834	117	0.08473059482361787
RNI013.SG	1.085	0.0713366427652142	148	0.0842436522305625
RNI013.SG	1.095	0.017077555213148434	177	0.08375944547980288
RNI013.SG	1.105	0.09081059785285138	143	0.08327795920026002
RNI013.SG	1.115	0.16393110435663627	141	0.0827991781072159
RNI013.SG	1.125	0.05636092670369869	122	0.08232308700182832
RNI013.SG	1.135	0.015805471124620066	141	0.08184967077064836
RNI013.SG	1.145	0.006372045220966087	140	0.08137891438514062
RNI013.SG	1.155	0.056276707248246384	158	0.08091080290120614
RNI013.SG	1.165	0.10149488591660111	124	0.08044532145870807
RNI013.SG	1.175	0.06778139378296488	134	0.07998245528099981
RNI013.SG	1.185	0.02449793476712719	119	0.07952218967445601
RNI013.SG	1.195	-0.017673752089801768	159	0.0790645100280061
RNI013.SG	1.205	0.06346749226006192	153	0.07860940181267052
RNI013.SG	1.215	0.08982035928143713	168	0.07815685058109938
RNI013.SG	1.225	0.11277754503560955	155	0.07770684196711394
RNI013.SG	1.235	0.05028949545078578	156	0.07725936168525051
RNI013.SG	1.245	0.08375474083438686	113	0.07681439553030696
RNI013.SG	1.2550000000000001	-0.02135774218154081	115	0.07637192937689179
RNI013.SG	1.2650000000000001	0.0033562166285278413	115	0.07593194917897572
RNI013.SG	1.2750000000000001	-0.035378662244333885	135	0.07549444096944581
RNI013.SG	1.2850000000000001	0.07145346810735449	152	0.07505939085966204
RNI013.SG	1.2950000000000002	0.09794480328831474	131	0.07462678503901644
RNI013.SG	1.305	0.05395417590539541	165	0.07419660977449469
RNI013.SG	1.315	0.026446630699248918	138	0.07376885141024013
RNI013.SG	1.325	0.031735956839098696	138	0.07334349636712031
RNI013.SG	1.335	-0.012642225031605562	113	0.07292053114229587
RNI013.SG	1.345	-0.020168067226890754	120	0.0724999423087919
RNI013.SG	1.355	0.07548209366391184	121	0.07208171651507175
RNI013.SG	1.365	0.16199376947040497	108	0.07166584048461312
RNI013.SG	1.375	-0.02193548387096774	125	0.07125230101548666
RNI013.SG	1.385	-0.032	126	0.07084108497993684
RNI013.SG	1.395	0.0264828586976238	149	0.07043217932396521
RNI013.SG	1.405	0.01051953628166595	137	0.07002557106691605
RNI013.SG	1.415	0.03146853146853147	144	0.06962124730106421
RNI013.SG	1.425	0.12097407698350354	134	0.06921919519120545
RNI013.SG	1.435	0.027355623100303955	141	0.06881940197424892
RNI013.SG	1.445	0.017181100789131945	142	0.06842185495881205
RNI013.SG	1.455	0.09847494553376906	136	0.06802654152481762
RNI013.SG	1.465	-0.006523157208088716	147	0.06763344912309317
RNI013.SG	1.475	0.0015540015540015547	144	0.0672425652749726
RNI013.SG	1.485	0.06520669291338582	128	0.06685387757190007
RNI013.SG	1.495	0.056559308719560095	134	0.06646737367503606
RNI013.SG	1.5050000000000001	-0.03426791277258567	108	0.06608304131486568
RNI013.SG	1.5150000000000001	0.0285012285012285	111	0.06570086829080919
RNI013.SG	1.5250000000000001	0.06721763085399449	121	0.06532084247083472
RNI013.SG	1.5350000000000001	0.08142493638676845	132	0.06494295179107307
RNI013.SG	1.5450000000000002	0.08685714285714285	126	0.0645671842554348
RNI013.SG	1.5550000000000002	0.1124452923353159	134	0.06419352793522937
RNI013.SG	1.565	0.08199233716475095	145	0.06382197096878653
RNI013.SG	1.575	0.05399792315680167	108	0.06345250156107972
RNI013.SG	1.585	-0.062244062244062245	111	0.06308510798335165
RNI013.SG	1.595	0.08634466308884914	130	0.06271977857274198
RNI013.SG	1.605	0.10108880231745081	142	0.062356501731917105
RNI013.SG	1.615	0.02952755905511811	128	0.061995265928701956
RNI013.SG	1.625	0.033217371787678154	134	0.061636059695713896
RNI013.SG	1.635	0.01870503597122302	140	0.061278871629998774
RNI013.SG	1.645	0.0556346878927524	155	0.0609236903926689
RNI013.SG	1.655	0.04280790857972066	149	0.060570504708543055
RNI013.SG	1.665	-0.017029702970297027	101	0.060219303365788575
RNI013.SG	1.675	-0.02402001668056714	110	0.059870075215565505
RNI013.SG	1.685	0.12168141592920355	113	0.05952280917167256
RNI013.SG	1.695	0.10329595650696569	109	0.05917749421019531
RNI013.SG	1.705	0.07553729456384324	113	0.05883411936915616
RNI013.SG	1.715	0.003397893306150187	109	0.058492673748166385
RNI013.SG	1.725	0.010099823840281855	131	0.05815314650808007
RNI013.SG	1.735	0.04769001490312966	122	0.057815526870650086
RNI013.SG	1.745	0.022408963585434174	154	0.05747980411818587
RNI013.SG	1.7550000000000001	0.008961911874533232	104	0.05714596759321323
RNI013.SG	1.7650000000000001	-0.007722007722007719	112	0.056814006698135994
RNI013.SG	1.7750000000000001	0.07406171809841534	110	0.05648391089489965
RNI013.SG	1.7850000000000001	-0.011076497057805468	108	0.056155669704656776
RNI013.SG	1.7950000000000002	0.027275111460792024	124	0.05582927270743435
RNI013.SG	1.8050000000000002	0.04790419161676647	168	0.05550470954180305
RNI013.SG	1.815	0.18595041322314051	121	0.05518196990454829
RNI013.SG	1.825	0.1062992125984252	128	0.05486104355034312
RNI013.SG	1.835	0.15069078478849168	119	0.05454192029142306
RNI013.SG	1.845	0.010395841663334664	123	0.054224589997262644
RNI013.SG	1.855	0.02788605697151425	116	0.05390904259425382
RNI013.SG	1.865	0.056559308719560095	134	0.05359526806538616
RNI013.SG	1.875	0.00489751496462906	149	0.053283256449928935
RNI013.SG	1.885	0.12303149606299213	128	0.05297299784311485
RNI013.SG	1.895	0.023622047244094488	128	0.05266448239582561
RNI013.SG	1.905	-0.051036682615629984	133	0.05235770031427933
RNI013.SG	1.915	-0.019107652910469813	143	0.05205264185971958
RNI013.SG	1.925	0.02312992125984252	128	0.0517492973481062
RNI013.SG	1.935	0.050237312887915296	166	0.051447657149807965
RNI013.SG	1.945	0.030438378825475596	156	0.05114771168929686
RNI013.SG	1.955	0.018410852713178293	129	0.05084945144484405
RNI013.SG	1.965	0.049331963001027754	140	0.05055286694821768
RNI013.SG	1.975	0.1973517141302376	149	0.050257948784382285
RNI013.SG	1.985	0.13443526170798897	121	0.049964687591199944
RNI013.SG	1.995	0.17544666820029137	162	0.04967307405913301
RNI013.SG	2.005	0.12861438815637288	132	0.049383098930948624
RNI013.SG	2.015	0.07102858826996758	117	0.04909475300142486
RNI013.SG	2.025	0.17330282227307398	115	0.04880802711705847
RNI013.SG	2.035	0.006664001066240174	123	0.04852291217577433
RNI013.SG	2.045	0.0542483660130719	136	0.048239399126636516
RNI013.SG	2.055	0.11119186046511628	129	0.04795747896956089
RNI013.SG	2.065	0.0639083139083139	144	0.04767714275502954
RNI013.SG	2.075	0.04693486590038314	145	0.04739838158380654
RNI013.SG	2.085	0.06008674494869353	138	0.04712118660665555
RNI013.SG	2.095	0.12717086834733893	120	0.046845549024058804
RNI013.SG	2.105	0.14335664335664336	144	0.04657146008593787
RNI013.SG	2.115	0.18072740907386578	127	0.04629891109137578
RNI013.SG	2.125	0.1071262226362366	114	0.046027893388340936
RNI013.SG	2.1350000000000002	0.06202686202686202	91	0.0457583983734123
RNI013.SG	2.145	0.00038073481819912415	103	0.04549041749150644
RNI013.SG	2.1550000000000002	0.041830708661417325	128	0.04522394223560583
RNI013.SG	2.165	0.041403286978508216	113	0.04495896414648888
RNI013.SG	2.1750000000000003	0.09070294784580499	99	0.04469547481246131
RNI013.SG	2.185	0.058896138247222715	107	0.04443346586908924
RNI013.SG	2.1950000000000003	0.048501487073896135	94	0.04417292899893351
RNI013.SG	2.205	0.21487346685297315	114	0.04391385593128582
RNI013.SG	2.215	0.010533469249065583	109	0.04365623844190602
RNI013.SG	2.225	0.06216006216006216	144	0.04340006835276111
RNI013.SG	2.235	-0.01409048467871997	154	0.043145337531765644
RNI013.SG	2.245	0.08963585434173671	120	0.04289203789252352
RNI013.SG	2.255	0.01360415682569674	146	0.042640161394071355
RNI013.SG	2.265	0.07194244604316546	140	0.04238970004062313
RNI013.SG	2.275	0.031492063492063495	126	0.04214064588131647
RNI013.SG	2.285	0.06945126945126945	111	0.04189299100996012
RNI013.SG	2.295	0.07509677419354839	125	0.04164672756478311
RNI013.SG	2.305	0.0	126	0.04140184772818504
RNI013.SG	2.315	0.10108932461873638	136	0.04115834372648805
RNI013.SG	2.325	0.06657718120805368	150	0.040916207829689945
RNI013.SG	2.335	0.19741935483870968	125	0.040675432351218815
RNI013.SG	2.345	0.010678871090770405	115	0.04043600964768907
RNI013.SG	2.355	0.07822685788787484	118	0.040197932118658804
RNI013.SG	2.365	-0.002796923384277291	142	0.039961192206388454
RNI013.SG	2.375	0.11861421021726365	131	0.03972578239560095
RNI013.SG	2.3850000000000002	0.1509205426356589	129	0.03949169521324309
RNI013.SG	2.395	0.13305785123966943	121	0.039258923228248394
RNI013.SG	2.4050000000000002	0.09814323607427056	117	0.03902745905130108
RNI013.SG	2.415	-0.009965906110674008	124	0.038797295334601606
RNI013.SG	2.4250000000000003	0.04036697247706422	110	0.03856842477163333
RNI013.SG	2.435	0.05226722049151956	108	0.03834084009693064
RNI013.SG	2.4450000000000003	-0.11049504950495048	101	0.038114534085848265
RNI013.SG	2.455	-0.018070818070818076	91	0.03788949955433193
RNI013.SG	2.465	-0.04541935483870967	125	0.037665729358690295
RNI013.SG	2.475	0.03002528445006322	113	0.03744321639536824
RNI013.SG	2.485	-0.05482581382067389	103	0.037221953600721294
RNI013.SG	2.495	0.008307372793354105	108	0.03700193395079142
RNI013.SG	2.505	0.142296918767507	85	0.036783150461084026
RNI013.SG	2.515	0.03788634097706879	119	0.03656559618634631
RNI013.SG	2.525	0.04917541229385307	116	0.03634926422034671
RNI013.SG	2.535	0.005589194224499303	114	0.0361341476956557
RNI013.SG	2.545	0.15262368815592206	116	0.035920239783427746
RNI013.SG	2.555	0.0559114735002912	102	0.035707533693184586
RNI013.SG	2.565	0.1817122888759464	102	0.03549602267259965
RNI013.SG	2.575	0.059630292188431716	130	0.035285700007283656
RNI013.SG	2.585	-0.02786069651741293	135	0.03507655902057155
RNI013.SG	2.595	0.0010838639750711298	122	0.034868593073310444
RNI013.SG	2.605	-0.03006872852233677	97	0.034661795563649005
RNI013.SG	2.615	0.10492905153099327	104	0.03445615992682771
RNI013.SG	2.625	0.06771905742393046	94	0.03425167963497062
RNI013.SG	2.6350000000000002	0.06310679611650485	104	0.03404834819687796
RNI013.SG	2.645	0.026538549530999767	94	0.03384615915782029
RNI013.SG	2.6550000000000002	0.1208237986270023	115	0.03364510609933339
RNI013.SG	2.665	0.08222811671087533	117	0.03344518263901462
RNI013.SG	2.6750000000000003	0.13626373626373625	105	0.03324638243032027
RNI013.SG	2.685	0.06656671664167915	116	0.033048699162364144
RNI013.SG	2.6950000000000003	0.07272727272727274	110	0.032852126559717115
RNI013.SG	2.705	0.011313131313131315	100	0.03265665838220804
RNI013.SG	2.715	0.13760152890587674	92	0.032462288424725594
RNI013.SG	2.725	0.07892004153686397	108	0.032269010517021246
RNI013.SG	2.735	0.1291866028708134	77	0.03207681852351353
RNI013.SG	2.745	0.08067226890756302	120	0.03188570634309309
RNI013.SG	2.755	0.05847029077117573	113	0.03169566790892918
RNI013.SG	2.765	0.035854341736694675	120	0.03150669718827691
RNI013.SG	2.775	0.10475396163469558	110	0.031318788182285874
RNI013.SG	2.785	0.23793597706641184	92	0.031131934925809596
RNI013.SG	2.795	0.13282369804108934	92	0.030946131487216318
RNI013.SG	2.805	0.11650485436893204	103	0.030761371968200488
RNI013.SG	2.815	0.09691876750700279	85	0.03057765050359576
RNI013.SG	2.825	0.16923076923076924	105	0.030394961261188624
RNI013.SG	2.835	0.043160901301174226	138	0.03021329844153333
RNI013.SG	2.845	0.1137357830271216	127	0.030032656277767807
RNI013.SG	2.855	0.08025496161089381	118	0.02985302903543055
RNI013.SG	2.865	0.08157248157248156	111	0.029674411012278606
RNI013.SG	2.875	-0.035526315789473684	96	0.02949679653810653
RNI013.SG	2.8850000000000002	0.02374031007751938	129	0.029320179974566464
RNI013.SG	2.895	0.06599597585513078	71	0.029144555714989022
RNI013.SG	2.9050000000000002	-0.010033444816053512	92	0.02896991818420542
RNI013.SG	2.915	-0.025165865934568748	94	0.028796261838370422
RNI013.SG	2.9250000000000003	0.018476903870162303	90	0.028623581164786405
RNI013.SG	2.935	-0.04655263621936166	107	0.028451870681728313
RNI013.SG	2.9450000000000003	0.06336575302092542	117	0.028281124938269658
RNI013.SG	2.955	0.08533501896333753	113	0.028111338514109494
RNI013.SG	2.965	0.01564537157757497	118	0.02794250601940033
RNI013.SG	2.975	0.020911127707244213	104	0.027774622094577046
RNI013.SG	2.985	-0.023443223443223447	105	0.02760768141018674
RNI013.SG	2.995	0.013906447534766117	113	0.027441678666719548
RNI013.SG	3.005	0.09212121212121213	100	0.02727660859444044
RNI013.SG	3.015	0.05305039787798408	117	0.02711246595322188
RNI013.SG	3.025	0.04386839481555333	119	0.026949245532377528
RNI013.SG	3.035	-0.008327550312283136	132	0.026786942150496783
RNI013.SG	3.045	0.03343023255813954	129	0.026625550655280356
RNI013.SG	3.055	0.005733397037744865	92	0.026465065923376663
RNI013.SG	3.065	-0.022857142857142857	126	0.026305482860219196
RNI013.SG	3.075	0.0753501400560224	120	0.026146796399864797
RNI013.SG	3.085	0.05217757205975174	98	0.02598900150483289
RNI013.SG	3.095	0.03268641470888662	89	0.025832093165945445
RNI013.SG	3.105	0.024405638544077426	98	0.025676066402168116
RNI013.SG	3.115	0.03071744161582159	98	0.02552091626045197
RNI013.SG	3.125	0.02846441947565543	90	0.025366637815576402
RNI013.SG	3.1350000000000002	0.015444015444015444	112	0.025213226169992636
RNI013.SG	3.145	0.00396039603960396	101	0.025060676453668378
RNI013.SG	3.1550000000000002	-0.022710622710622717	105	0.024908983823933112
RNI013.SG	3.165	-0.02384500745156483	122	0.024758143465324484
RNI013.SG	3.1750000000000003	-0.021114733736997363	114	0.024608150589435315
RNI013.SG	3.185	-0.011627906976744186	129	0.024459000434761704
RNI013.SG	3.1950000000000003	-0.029357798165137616	110	0.024310688266551767
RNI013.SG	3.205	-0.019028202514441046	109	0.024163209376655444
RNI013.SG	3.2150000000000003	-0.011676396997497914	110	0.024016559083374953
RNI013.SG	3.225	0.006189213085764811	117	0.023870732731316208
RNI013.SG	3.235	0.018365061590145577	95	0.023725725691241033
RNI013.SG	3.245	0.006837606837606838	91	0.023581533359920175
RNI013.SG	3.255	-0.019766397124887692	106	0.023438151159987253
RNI013.SG	3.265	0.0682730923694779	84	0.023295574539793352
RNI013.SG	3.275	0.20978488482771748	103	0.023153798973262616
RNI013.SG	3.285	0.14298245614035088	96	0.023012819959748482
RNI013.SG	3.295	0.03353516534699581	114	0.022872633023890924
RNI013.SG	3.305	-0.04038814581694204	124	0.022733233715474255
RNI013.SG	3.315	0.09853890587835543	109	0.022594617609285942
RNI013.SG	3.325	0.04892086330935252	140	0.022456780304976116
RNI013.SG	3.335	-0.011761561079925155	87	0.022319717426917848
RNI013.SG	3.345	0.0052277819268110514	104	0.02218342462406828
RNI013.SG	3.355	0.03998261625380269	118	0.022047897569830475
RNI013.SG	3.365	-0.015444015444015437	112	0.021913131961916094
RNI013.SG	3.375	0.07648546144121367	113	0.02177912352220882
RNI013.SG	3.3850000000000002	-0.060526315789473685	96	0.021645867996628525
RNI013.SG	3.395	0.08310749774164408	82	0.02151336115499625
RNI013.SG	3.4050000000000002	-0.009009009009009009	112	0.02138159879089989
RNI013.SG	3.415	-0.003669724770642205	110	0.02125057672156071
RNI013.SG	3.4250000000000003	0.010981468771448183	94	0.021120290787700516
RNI013.SG	3.435	-0.005589194224499303	114	0.020990736853409634
RNI013.SG	3.4450000000000003	-0.03966942148760331	121	0.020861910806015616
RNI013.SG	3.455	-0.005961251862891206	122	0.020733808555952714
RNI013.SG	3.4650000000000003	0.11981566820276499	63	0.020606426036631997
RNI013.SG	3.475	0.03666245259165613	113	0.020479759204312317
RNI013.SG	3.485	0.007574163686092993	98	0.020353804037971886
RNI013.SG	3.495	-0.030460366908965038	108	0.02022855653918069
RNI013.SG	3.505	0.05847029077117573	113	0.02010401273197351
RNI013.SG	3.515	-0.014035087719298244	96	0.01998016866272372
RNI013.SG	3.525	0.07106227106227106	105	0.01985702040001779
RNI013.SG	3.535	0.0021735755317497272	114	0.019734564034530472
RNI013.SG	3.545	0.020512820512820516	105	0.01961279567890071
RNI013.SG	3.555	0.046975546975546977	112	0.019491711467608218
RNI013.SG	3.565	-0.02050989887480416	119	0.0193713075568508
RNI013.SG	3.575	0.02530802530802531	78	0.01925158012442228
RNI013.SG	3.585	-0.013157894736842105	96	0.01913252536959124
RNI013.SG	3.595	-0.015289058767319636	92	0.01901413951298027
RNI013.SG	3.605	0.0011881188118811892	101	0.0188964187964461
RNI013.SG	3.615	0.038222646918299095	92	0.018779359482960188
RNI013.SG	3.625	0.03088803088803089	112	0.018662957856490206
RNI013.SG	3.6350000000000002	0.0967741935483871	93	0.01854721022188194
RNI013.SG	3.645	-0.013591573224600749	109	0.018432112904742136
RNI013.SG	3.6550000000000002	-0.029455081001472753	98	0.01831766225132173
RNI013.SG	3.665	0.045909645909645906	91	0.018203854628399928
RNI013.SG	3.6750000000000003	-0.012673267326732674	101	0.018090686423168842
RNI013.SG	3.685	0.08236808236808237	112	0.017978154043118862
RNI013.SG	3.6950000000000003	0.08589263420724096	90	0.017866253915924484
RNI013.SG	3.705	0.04954034729315628	89	0.017754982489331057
RNI013.SG	3.7150000000000003	0.10687986534820114	98	0.01764433623104191
RNI013.SG	3.725	-0.010692328254477412	87	0.017534311628606275
RNI013.SG	3.735	0.02335279399499583	110	0.01742490518930775
RNI013.SG	3.745	0.05170441546556852	94	0.017316113440053443
RNI013.SG	3.755	0.02530802530802531	78	0.017207932927263747
RNI013.SG	3.765	0.017996870109546165	72	0.017100360216762617
RNI013.SG	3.775	-0.0630673674151935	92	0.01699339189366867
RNI013.SG	3.785	0.030642954856361152	86	0.016887024562286673
RNI013.SG	3.795	-0.0143003064351379	89	0.016781254845999828
RNI013.SG	3.805	-0.013157894736842105	96	0.01667607938716254
RNI013.SG	3.815	-0.028514851485148512	101	0.016571494846993832
RNI013.SG	3.825	-0.015841584158415842	101	0.016467497905471352
RNI013.SG	3.835	0.03745318352059925	90	0.016364085261226024
RNI013.SG	3.845	-0.02613861386138614	101	0.016261253631437177
RNI013.SG	3.855	0.13681079844429192	94	0.01615899975172838
RNI013.SG	3.865	0.14601304439301493	98	0.016057320376063805
RNI013.SG	3.875	0.09603440038222648	92	0.015956212276645166
RNI013.SG	3.8850000000000002	0.0029321604691456764	123	0.015855672243809283
RNI013.SG	3.895	0.05153099327856609	104	0.015755697085926158
RNI013.SG	3.9050000000000002	-0.014652014652014652	105	0.01565628362929768
RNI013.SG	3.915	0.014563106796116505	104	0.015557428718056867
RNI013.SG	3.9250000000000003	-0.009691934925579786	108	0.015459129214067701
RNI013.SG	3.935	-0.018637157833430402	102	0.015361381996825478
RNI013.SG	3.9450000000000003	0.05527092066449309	114	0.015264183963357764
RNI013.SG	3.955	0.003710575139146569	99	0.015167532028125897
RNI013.SG	3.9650000000000003	-0.007614781634938405	95	0.015071423122927015
RNI013.SG	3.975	-0.02886002886002886	99	0.014975854196796713
RNI013.SG	3.9850000000000003	-0.01473684210526316	76	0.01488082221591209
RNI013.SG	3.995	-0.033300033300033303	78	0.014786324163495559
RNI013.SG	4.005	0.03596403596403596	78	0.01469235703971898
RNI013.SG	4.015	-0.018421052631578946	96	0.014598917861608501
RNI013.SG	4.0249999999999995	-0.03557951482479785	106	0.014506003662949804
RNI013.SG	4.034999999999999	-0.030812324929971987	120	0.014413611494194
RNI013.SG	4.045	-0.009172809172809172	111	0.014321738422363952
RNI013.SG	4.055	-0.02464525765496639	104	0.014230381530961211
RNI013.SG	4.0649999999999995	-0.029110512129380057	106	0.014139537919873385
RNI013.SG	4.074999999999999	-0.03134796238244514	88	0.014049204705282101
RNI013.SG	4.085	0.05738115095913261	110	0.013959379019571455
RNI013.SG	4.095	0.022675736961451247	99	0.01387005801123699
RNI013.SG	4.1049999999999995	-0.022396416573348264	95	0.013781238844795164
RNI013.SG	4.114999999999999	-0.03761755485893417	88	0.013692918700693316
RNI013.SG	4.125	-0.019975031210986267	90	0.013605094775220204
RNI013.SG	4.135	0.041879468845760985	89	0.013517764280416985
RNI013.SG	4.145	-0.05049442457395329	98	0.013430924443988695
RNI013.SG	4.154999999999999	-0.05019305019305019	112	0.013344572509216258
RNI013.SG	4.165	-0.0025740025740025717	148	0.013258705734868965
RNI013.SG	4.175	-0.004357298474945532	136	0.013173321395117479
RNI013.SG	4.185	-0.028005974607916356	104	0.01308841677944727
RNI013.SG	4.194999999999999	-0.028566390407335565	107	0.013003989192572594
RNI013.SG	4.205	0.014196726061132842	118	0.012920035954350892
RNI013.SG	4.215	0.06196213425129088	84	0.012836554399697797
RNI013.SG	4.225	0.0013845621322256857	108	0.012753541878502429
RNI013.SG	4.234999999999999	-0.024737167594310452	99	0.012670995755543325
RNI013.SG	4.244999999999999	0.08338092518560822	103	0.012588913410404775
RNI013.SG	4.255	-0.023375409069658716	93	0.012507292237393625
RNI013.SG	4.265	-0.030100334448160536	92	0.012426129645456592
RNI013.SG	4.2749999999999995	-0.017211703958691912	84	0.012345423058097972
RNI013.SG	4.284999999999999	-0.0379746835443038	80	0.012265169913297857
RNI013.SG	4.295	-0.014011676396997498	110	0.012185367663430816
RNI013.SG	4.305	-0.046620046620046623	78	0.012106013775185043
RNI013.SG	4.3149999999999995	0.020850040096230954	87	0.012027105729481886
RNI013.SG	4.324999999999999	-0.033613445378151266	85	0.01194864102139591
RNI013.SG	4.335	-0.08672086720867209	82	0.011870617160075375
RNI013.SG	4.345	-0.016830294530154277	93	0.011793031668663172
RNI013.SG	4.3549999999999995	-0.011721611721611723	105	0.011715882084218176
RNI013.SG	4.364999999999999	-0.014629049111807733	88	0.011639165957637084
RNI013.SG	4.375	0.01720019111323459	92	0.011562880853576613
RNI013.SG	4.385	0.003296703296703298	105	0.011487024350376305
RNI013.SG	4.395	-0.007326007326007326	91	0.011411594039981515
RNI013.SG	4.404999999999999	-0.00987480162228884	107	0.011336587527867065
RNI013.SG	4.415	0.062200956937799035	77	0.01126200243296118
RNI013.SG	4.425	-0.01865600609175709	103	0.011187836387569936
RNI013.SG	4.435	-0.021477663230240546	97	0.011114087037302071
RNI013.SG	4.444999999999999	-0.05126582278481012	80	0.01104075204099425
RNI013.SG	4.455	0.0003960396039603964	101	0.010967829070636752
RNI013.SG	4.465	-0.03684210526315789	96	0.010895315811299574
RNI013.SG	4.475	-0.03894839337877313	79	0.01082320996105893
RNI013.SG	4.484999999999999	-0.026373626373626374	91	0.010751509230924168
RNI013.SG	4.495	0.030619865571321885	104	0.010680211344765133
RNI013.SG	4.505	-0.01835915088927137	84	0.010609314039239905
RNI013.SG	4.515	-0.04421052631578948	76	0.010538815063722931
RNI013.SG	4.5249999999999995	0.02298221614227086	86	0.010468712180233597
RNI013.SG	4.534999999999999	0.027538726333907054	84	0.010399003163365172
RNI013.SG	4.545	-0.02402001668056714	110	0.01032968580021418
RNI013.SG	4.555	-0.02272249105827898	98	0.010260757890310123
RNI013.SG	4.5649999999999995	0.004232057838123788	107	0.010192217245545662
RNI013.SG	4.574999999999999	0.022765885151206252	109	0.010124061690107123
RNI013.SG	4.585	-0.016483516483516484	105	0.010056289060405453
RNI013.SG	4.595	-0.018935409215232485	98	0.009988897205007534
RNI013.SG	4.6049999999999995	0.042105263157894736	96	0.009921883984567852
RNI013.SG	4.614999999999999	-0.05921052631578947	96	0.009855247271760627
RNI013.SG	4.625	0.011485148514851487	101	0.009788984951212255
RNI013.SG	4.635	-0.017472335468841003	102	0.009723094919434185
RNI013.SG	4.645	-0.013069454817027634	104	0.009657575084756091
RNI013.SG	4.654999999999999	-0.03697478991596639	85	0.00959242336725953
RNI013.SG	4.665	-0.007121492664862552	119	0.00952763769871187
RNI013.SG	4.675	-0.03216461891918889	142	0.009463216022500692
RNI013.SG	4.685	-0.02553191489361702	141	0.00939915629356842
RNI013.SG	4.694999999999999	0.010155610155610157	111	0.00933545647834747
RNI013.SG	4.705	-0.009696969696969697	100	0.00927211455469566
RNI013.SG	4.715	-0.024054982817869414	97	0.009209128511832051
RNI013.SG	4.725	0.03891891891891892	75	0.009146496350273073
RNI013.SG	4.734999999999999	-0.07314524555903866	88	0.009084216081769066
RNI013.SG	4.745	0.0200475705062861	109	0.00902228572924117
RNI013.SG	4.755	-0.015444015444015443	112	0.00896070332671859
RNI013.SG	4.765	0.01227722772277228	101	0.008899466919276126
RNI013.SG	4.7749999999999995	-0.035847647498132934	104	0.008838574562972153
RNI013.SG	4.784999999999999	-0.010983981693363846	115	0.008778024324786908
RNI013.SG	4.795	-0.018286311389759665	88	0.008717814282561114
RNI013.SG	4.805	0.04349237260629665	79	0.008657942524934984
RNI013.SG	4.8149999999999995	0.03312392918332382	103	0.008598407151287537
RNI013.SG	4.824999999999999	-0.00364741641337386	141	0.008539206271676212
RNI013.SG	4.835	-0.03769274700171331	103	0.008480338006776963
RNI013.SG	4.845	0.039775910364145656	120	0.008421800487824543
RNI013.SG	4.8549999999999995	0.0	80	0.008363591856553186
RNI013.SG	4.864999999999999	-0.010526315789473684	96	0.008305710265137614
RNI013.SG	4.875	-0.016989466530750934	109	0.008248153876134394
RNI013.SG	4.885	-0.011202389843166542	104	0.008190920862423604
RNI013.SG	4.895	-0.018041237113402064	97	0.008134009407150835
RNI013.SG	4.904999999999999	-0.017383746197305518	118	0.00807741770366948
RNI013.SG	4.915	-0.01611721611721612	105	0.008021143955483423
RNI013.SG	4.925	-0.017510259917920656	86	0.007965186376190021
RNI013.SG	4.935	-0.016806722689075633	85	0.00790954318942334
RNI013.SG	4.944999999999999	0.006988934187536403	102	0.007854212628797812
RNI013.SG	4.955	0.028732284993205202	102	0.007799192937852121
RNI013.SG	4.965	-0.00862533692722372	106	0.007744482369993499
RNI013.SG	4.975	0.022188905547226388	116	0.007690079188442227
RNI013.SG	4.984999999999999	-0.02710027100271003	82	0.007635981666176547
RNI013.SG	4.995	-0.02249913464866736	108	0.007582188085877771
RNI013.SG	5.005	-0.03575076608784474	89	0.007528696739875857
RNI013.SG	5.015	-0.00549073438572409	94	0.007475505930095127
RNI013.SG	5.0249999999999995	-0.013591573224600749	109	0.007422613968000387
RNI013.SG	5.034999999999999	-0.02284527518172378	108	0.007370019174543318
RNI013.SG	5.045	0.0201028517999065	93	0.007317719880109188
RNI013.SG	5.055	-0.05120167189132706	88	0.007265714424463843
RNI013.SG	5.0649999999999995	-0.03845193508114856	90	0.007214001156701001
RNI013.SG	5.074999999999999	-0.040740740740740744	81	0.007162578435189848
RNI013.SG	5.085	-0.051574212893553226	116	0.007111444627522904
RNI013.SG	5.095	-0.026582278481012658	80	0.007060598110464251
RNI013.SG	5.1049999999999995	-0.030421555845284658	118	0.007010037269897947
RNI013.SG	5.114999999999999	-0.008958566629339306	95	0.006959760500776831
RNI013.SG	5.125	-0.023872679045092837	117	0.00690976620707153
RNI013.SG	5.135	-0.0219435736677116	88	0.006860052801719839
RNI013.SG	5.145	0.06347469220246238	86	0.00681061870657631
RNI013.SG	5.154999999999999	-0.00533028745478774	103	0.006761462352362152
RNI013.SG	5.165	-0.005471956224350205	86	0.006712582178615429
RNI013.SG	5.175	0.012658227848101266	80	0.006663976633641517
RNI013.SG	5.185	-0.011494252873563218	88	0.006615644174463847
RNI013.SG	5.194999999999999	-0.05534591194968553	106	0.006567583266774919
RNI013.SG	5.205	-0.020973782771535582	90	0.0065197923848876
RNI013.SG	5.215	-0.020066889632107024	92	0.006472270011686693
RNI013.SG	5.225	-0.015170670037926675	113	0.006425014638580765
RNI013.SG	5.234999999999999	0.012422360248447206	92	0.006378024765454282
RNI013.SG	5.245	0.0007610350076103531	73	0.006331298900619959
RNI013.SG	5.255	-0.008600095556617296	92	0.006284835560771417
RNI013.SG	5.265	-0.023525018670649735	104	0.006238633270936108
RNI013.SG	5.2749999999999995	0.02477793361383824	93	0.0061926905644284725
RNI013.SG	5.284999999999999	-0.025083986562150055	95	0.006147005982803397
RNI013.SG	5.295	0.030199039121482498	94	0.0061015780758099025
RNI013.SG	5.305	-0.018386108273748723	89	0.006056405401345112
RNI013.SG	5.3149999999999995	0.05958485958485959	91	0.006011486525408478
RNI013.SG	5.324999999999999	-0.030495049504950494	101	0.005966820022056246
RNI013.SG	5.335	0.009292929292929292	100	0.0059224044733562015
RNI013.SG	5.345	0.010256410256410255	91	0.005878238469342648
RNI013.SG	5.3549999999999995	-0.02327631810968083	107	0.005834320607971651
RNI013.SG	5.364999999999999	0.03506311360448808	93	0.0057906494950765355
RNI013.SG	5.375	0.07580477673935618	108	0.005747223744323622
RNI013.SG	5.385	-0.028946178199909543	67	0.0057040419771682135
RNI013.SG	5.395	-0.031578947368421054	96	0.005661102822810857
RNI013.SG	5.404999999999999	0.11570568821588043	102	0.005618404918153794
RNI013.SG	5.415	0.02596053997923157	108	0.005575946907757711
RNI013.SG	5.425	0.025078369905956112	88	0.005533727443798707
RNI013.SG	5.435	0.08625840179238238	104	0.005491745186025505
RNI013.SG	5.444999999999999	0.02653854953099977	94	0.005449998801716907
RNI013.SG	5.455	0.0752405949256343	127	0.0054084869656394795
RNI013.SG	5.465	0.038201586835145455	83	0.005367208360005521
RNI013.SG	5.475	0.0151426907396622	102	0.005326161674431153
RNI013.SG	5.484999999999999	-0.019138755980861243	77	0.005285345605894803
RNI013.SG	5.495	0.015049504950495049	101	0.0052447588586957946
RNI013.SG	5.505	-0.009691934925579786	108	0.005204400144413233
RNI013.SG	5.515	0.005128205128205127	105	0.005164268181865086
RNI013.SG	5.5249999999999995	0.09063657203315112	107	0.005124361697067532
RNI013.SG	5.534999999999999	0.038521836506159014	95	0.005084679423194513
RNI013.SG	5.545	-0.015789473684210527	96	0.005045220100537515
RNI013.SG	5.555	-0.018648018648018648	78	0.005005982476465575
RNI013.SG	5.5649999999999995	0.04177215189873418	80	0.004966965305385536
RNI013.SG	5.574999999999999	-0.014105201292976785	83	0.004928167348702477
RNI013.SG	5.585	-0.05642080517190714	83	0.004889587374780417
RNI013.SG	5.595	0.011802779364172853	103	0.004851224158903211
RNI013.SG	5.6049999999999995	0.032883350640359986	108	0.00481307648323566
RNI013.SG	5.614999999999999	-0.05855855855855856	112	0.004775143136784868
RNI013.SG	5.625	-0.014781634938409855	95	0.004737422915361784
RNI013.SG	5.635	0.054746651135701804	102	0.004699914621543001
RNI013.SG	5.645	0.02909090909090909	100	0.004662617064632701
RNI013.SG	5.654999999999999	0.07441860465116279	86	0.004625529060624899
RNI013.SG	5.665	0.028137726767863754	74	0.004588649432165826
RNI013.SG	5.675	0.0011648223645894004	102	0.0045519770085165855
RNI013.SG	5.685	0.0019036740909956207	103	0.0045155106255159476
RNI013.SG	5.694999999999999	-0.02560083594566353	88	0.004479249125543432
RNI013.SG	5.705	0.06151742993848257	77	0.004443191357482531
RNI013.SG	5.715	-0.006438631790744467	71	0.004407336176684197
RNI013.SG	5.725	-0.018806935057302382	83	0.004371682444930474
RNI013.SG	5.734999999999999	0.029792429792429794	91	0.004336229030398375
RNI013.SG	5.745	-0.011204481792717087	85	0.004300974807623967
RNI013.SG	5.755	-0.018518518518518517	81	0.004265918657466635
RNI013.SG	5.765	0.005733397037744865	92	0.004231059467073544
RNI013.SG	5.7749999999999995	0.10526315789473685	57	0.004196396129844321
RNI013.SG	5.784999999999999	-0.04179728317659352	88	0.004161927545395931
RNI013.SG	5.795	-0.012811713566689545	94	0.0041276526195277346
RNI013.SG	5.805	-0.025237817899437	102	0.004093570264186769
RNI013.SG	5.8149999999999995	0.0085420306736556	102	0.0040596793974331915
RNI013.SG	5.824999999999999	0.039597533268419347	79	0.0040259789434059275
RNI013.SG	5.835	0.029403902699812884	87	0.003992467832288542
RNI013.SG	5.845	0.03888888888888889	81	0.003959145000275268
RNI013.SG	5.8549999999999995	0.07594936708860758	79	0.003926009389537229
RNI013.SG	5.864999999999999	0.020132692747654998	94	0.0038930599481888546
RNI013.SG	5.875	0.013958125623130608	119	0.0038602956302545045
RNI013.SG	5.885	-0.015865751334858888	115	0.0038277153956352665
RNI013.SG	5.895	-0.014754416618132402	102	0.0037953182100759156
RNI013.SG	5.904999999999999	-0.023525018670649735	104	0.0037631030451320954
RNI013.SG	5.915	-0.018018018018018018	112	0.003731068878137671
RNI013.SG	5.925	-0.015148327372185988	98	0.003699214692172272
RNI013.SG	5.935	-0.02879811930649427	83	0.0036675394760289897
RNI013.SG	5.944999999999999	0.025225225225225224	75	0.0036360422241823002
RNI013.SG	5.955	-0.0091324200913242	73	0.0036047219367561136
RNI013.SG	5.965	0.06460044809559372	104	0.003573577619492078
RNI013.SG	5.975	-0.025637373593505198	119	0.003542608283717972
RNI013.SG	5.984999999999999	0.013885778275475925	95	0.0035118129463163478
RNI013.SG	5.995	0.007833436404864978	99	0.0034811906296933013
RNI013.SG	6.005	-0.061287027579162406	89	0.003450740361747465
RNI013.SG	6.015	-0.013157894736842105	96	0.003420461175839125
RNI013.SG	6.0249999999999995	-0.057692307692307696	65	0.0033903521107595466
RNI013.SG	6.035	-0.01984126984126984	64	0.0033604122107004494
RNI013.SG	6.045	-0.038435140700068635	94	0.003330640525223692
RNI013.SG	6.055	-0.01564537157757497	118	0.003301036109231068
RNI013.SG	6.0649999999999995	-0.0032725572697522207	93	0.003271598022934325
RNI013.SG	6.074999999999999	0.0716651610960554	82	0.003242325331825323
RNI013.SG	6.085	-0.029618659755646058	74	0.0032132171066463653
RNI013.SG	6.095	0.02828282828282828	100	0.003184272423360712
RNI013.SG	6.1049999999999995	-0.032400589101620025	98	0.0031554903631232385
RNI013.SG	6.114999999999999	0.057503506311360454	93	0.0031268700122512637
RNI013.SG	6.125	-0.005584192439862541	97	0.0030984104621955425
RNI013.SG	6.135	-0.022756005056890013	113	0.0030701108095114484
RNI013.SG	6.145	0.05043859649122807	96	0.003041970155830259
RNI013.SG	6.154999999999999	0.04492670854749667	103	0.0030139876078306635
RNI013.SG	6.165	-0.0314502038439138	102	0.002986162277210389
RNI013.SG	6.175	0.02243502051983584	86	0.002958493280658011
RNI013.SG	6.185	-0.0065520065520065516	111	0.002930979739824908
RNI013.SG	6.194999999999999	-0.016783216783216783	66	0.0029036207812973775
RNI013.SG	6.205	0.06785225718194254	86	0.0028764155365689197
RNI013.SG	6.215	-0.013706453455168476	103	0.0028493631420126496
RNI013.SG	6.225	0.12387612387612387	78	0.002822462738853896
RNI013.SG	6.234999999999999	0.05656565656565656	100	0.002795713473142933
RNI013.SG	6.245	0.20027359781121754	86	0.0027691144957278715
RNI013.SG	6.255	0.005617977528089887	89	0.002742664962227706
RNI013.SG	6.265	0.002961865975564606	74	0.0027163640330055095
RNI013.SG	6.2749999999999995	-0.029453015427769985	93	0.0026902108731417743
RNI013.SG	6.285	-0.0057110222729868645	103	0.002664204652407913
RNI013.SG	6.295	-0.039417693169092945	95	0.0026383445452399052
RNI013.SG	6.305	-0.054179342314935534	118	0.002612629730712082
RNI013.SG	6.3149999999999995	-0.021978021978021976	105	0.0025870593925110697
RNI013.SG	6.324999999999999	-0.06273338312173264	104	0.002561632718909878
RNI013.SG	6.335	0.011990830541350733	107	0.002536348902742132
RNI013.SG	6.345	0.09816849816849818	91	0.0025112071413764423
RNI013.SG	6.3549999999999995	0.027848101265822787	80	0.0024862066366909347
RNI013.SG	6.364999999999999	0.003931203931203931	111	0.0024613465950479047
RNI013.SG	6.375	-0.0005107252298263546	89	0.002436626227268638
RNI013.SG	6.385	0.0636193531141406	87	0.002412044748608338
RNI013.SG	6.395	0.2101656196459166	103	0.002387601378731229
RNI013.SG	6.404999999999999	0.08301158301158303	112	0.002363295341685781
RNI013.SG	6.415	-0.018015012510425355	110	0.002339125865880076
RNI013.SG	6.425	0.016696481812760885	130	0.002315092184057315
RNI013.SG	6.435	-0.03706245710363761	94	0.002291193533271457
RNI013.SG	6.444999999999999	0.00246870040557221	107	0.0022674291548630075
RNI013.SG	6.455	0.06447368421052632	96	0.0022437982944349304
RNI013.SG	6.465	0.06583072100313479	88	0.0022203002018287036
RNI013.SG	6.475	0.017999307718933887	108	0.0021969341311004927
RNI013.SG	6.484999999999999	0.003980099502487561	135	0.0021736993404974855
RNI013.SG	6.495	-0.01657334826427772	95	0.0021505950924343396
RNI013.SG	6.505	-0.01725067385444744	106	0.0021276206534697733
RNI013.SG	6.515	0.014981273408239702	90	0.0021047752942832676
RNI013.SG	6.5249999999999995	0.0015802781289506937	113	0.0020820582896519304
RNI013.SG	6.535	0.041640898783755924	99	0.0020594689184274626
RNI013.SG	6.545	0.03881401617250674	106	0.0020370064635132825
RNI013.SG	6.555	0.014629049111807735	88	0.0020146702118417374
RNI013.SG	6.5649999999999995	-0.02180685358255452	108	0.001992459454351483
RNI013.SG	6.574999999999999	0.0	92	0.001970373485964974
RNI013.SG	6.585	-0.018648018648018648	78	0.0019484116055660742
RNI013.SG	6.595	-0.006718924972004479	95	0.001926573115977813
RNI013.SG	6.6049999999999995	0.002818555490311217	131	0.0019048573239402327
RNI013.SG	6.614999999999999	0.012877263581488935	71	0.0018832635400883996
RNI013.SG	6.625	-0.02397003745318352	90	0.0018617910789305136
RNI013.SG	6.635	0.07392607392607393	78	0.00184043925882615
RNI013.SG	6.645	-0.04170008019246191	87	0.0018192074019646113
RNI013.SG	6.654999999999999	-0.026180458158017766	93	0.0017980948343434206
RNI013.SG	6.665	-0.042710153368278	102	0.0017771008857469233
RNI013.SG	6.675	-0.00404040404040404	100	0.001756224889725012
RNI013.SG	6.685	-0.001791713325867861	95	0.001735466183571961
RNI013.SG	6.694999999999999	-0.00599250936329588	90	0.0017148241083054002
RNI013.SG	6.705	-0.011648223645894	102	0.0016942980086453935
RNI013.SG	6.715	-0.018175916910094125	79	0.001673887232993634
RNI013.SG	6.725	-0.0050475635798874	102	0.0016535911334127596
RNI013.SG	6.734999999999999	-0.02311111111111111	126	0.0016334090656057803
RNI013.SG	6.745	-0.024623803009575927	86	0.0016133403888956347
RNI013.SG	6.755	-0.036036036036036036	111	0.0015933844662048464
RNI013.SG	6.765	-0.021384656508954825	87	0.0015735406640353048
RNI013.SG	6.7749999999999995	-0.010256410256410256	91	0.001553808352448138
RNI013.SG	6.785	-0.04297924297924298	91	0.001534186905043734
RNI013.SG	6.795	-0.043945068664169785	90	0.0015146756989418573
RNI013.SG	6.805	-0.026265389876880985	86	0.0014952741147618582
RNI013.SG	6.8149999999999995	0.01671891327063741	88	0.0014759815366030243
RNI013.SG	6.824999999999999	-0.011896591169068863	94	0.0014567973520250219
RNI013.SG	6.835	-0.04276931301790965	87	0.001437720952028458
RNI013.SG	6.845	-0.03085553997194951	93	0.001418751731035551
RNI013.SG	6.8549999999999995	-0.024737167594310452	99	0.0013998890868709027
RNI013.SG	6.864999999999999	0.002631578947368421	96	0.0013811324207423702
RNI013.SG	6.875	-0.008791208791208791	91	0.0013624811372220833
RNI013.SG	6.885	-0.005192107995846314	108	0.0013439346442275242
RNI013.SG	6.895	0.016079158936301793	99	0.0013254923530027355
RNI013.SG	6.904999999999999	-0.013445378151260505	120	0.0013071536780996298
RNI013.SG	6.915	-0.01025494943740208	119	0.0012889180373594057
RNI013.SG	6.925	0.023500309214594926	99	0.0012707848518940725
RNI013.SG	6.935	0.016575559865984836	107	0.0012527535460680665
RNI013.SG	6.944999999999999	0.029221882432891606	109	0.0012348235474799786
RNI013.SG	6.955	-0.019789734075448363	99	0.0012169942869443807
RNI013.SG	6.965	-0.016563146997929604	70	0.001199265198473769
RNI013.SG	6.975	-0.025974025974025972	99	0.0011816357192605826
RNI013.SG	6.984999999999999	-0.006722689075630252	85	0.001164105289659347
RNI013.SG	6.995	-0.007836990595611285	88	0.001146673353168897
RNI013.SG	7.005	-0.006486486486486486	75	0.0011293393564147278
RNI013.SG	7.015	-0.00564274378416505	107	0.0011121027491314153
RNI013.SG	7.0249999999999995	-0.006835269993164729	77	0.001094962984145152
RNI013.SG	7.035	-0.012368583797155226	99	0.001077919517356365
RNI013.SG	7.045	-0.02403846153846154	65	0.0010609718077224746
RNI013.SG	7.055	-0.02188782489740082	86	0.0010441193172406845
RNI013.SG	7.0649999999999995	0.04035789072910718	103	0.0010273615109309224
RNI013.SG	7.074999999999999	-0.014652014652014652	91	0.0010106978568188549
RNI013.SG	7.085	-0.013186813186813187	105	0.0009941278259189906
RNI013.SG	7.095	-0.007920792079207921	101	0.0009776508922179014
RNI013.SG	7.1049999999999995	0.024076607387140903	86	0.0009612665326575178
RNI013.SG	7.114999999999999	-0.005049442457395329	98	0.000944974227118519
RNI013.SG	7.125	0.027771933515674314	98	0.0009287734584038268
RNI013.SG	7.135	-0.008421052631578947	76	0.0009126637122221909
RNI013.SG	7.145	-0.038834951456310676	104	0.0008966444771718602
RNI013.SG	7.154999999999999	-0.037383177570093455	108	0.0008807152447243463
RNI013.SG	7.165	0.0	92	0.0008648755092082758
RNI013.SG	7.175	-0.012519561815336462	72	0.0008491247677933531
RNI013.SG	7.185	-0.053536821705426355	129	0.0008334625204743792
RNI013.SG	7.194999999999999	-0.018812989921612542	95	0.0008178882700553977
RNI013.SG	7.205	-0.041025641025641026	105	0.0008024015221338922
RNI013.SG	7.215	0.0013726835964310222	94	0.000787001785085109
RNI013.SG	7.225	-0.019221967963386724	115	0.0007716885700464421
RNI013.SG	7.234999999999999	-0.015444015444015443	112	0.0007564613909019104
RNI013.SG	7.245	-0.023076923076923075	105	0.0007413197642667372
RNI013.SG	7.255	0.013852048334806955	117	0.0007262632094719925
RNI013.SG	7.265	-0.018808777429467086	88	0.0007112912485493477
RNI013.SG	7.2749999999999995	-0.03333333333333333	81	0.0006964034062158866
RNI013.SG	7.285	-0.007128712871287128	101	0.0006815992098590368
RNI013.SG	7.295	-0.030642954856361152	86	0.0006668781895215455
RNI013.SG	7.305	-0.026265389876880985	86	0.0006522398778865798
RNI013.SG	7.3149999999999995	0.031626235399820304	106	0.000637683810262883
RNI013.SG	7.324999999999999	-0.01136124552913949	98	0.000623209524570017
RNI013.SG	7.335	-0.015746124031007752	129	0.0006088165613237085
RNI013.SG	7.345	-0.016666666666666666	81	0.0005945044636212458
RNI013.SG	7.3549999999999995	-0.020850040096230954	87	0.0005802727771269938
RNI013.SG	7.364999999999999	0.05326460481099656	97	0.0005661210500579495
RNI013.SG	7.375	-0.028379387602688575	104	0.0005520488331694211
RNI013.SG	7.385	-0.024242424242424242	100	0.0005380556797407465
RNI013.SG	7.395	-0.031061929722384002	102	0.0005241411455611325
RNI013.SG	7.404999999999999	-0.03845193508114856	90	0.0005103047889155399
RNI013.SG	7.415	0.019822282980177717	77	0.0004965461705706612
RNI013.SG	7.425	-0.012461059190031152	108	0.00048286485376098785
RNI013.SG	7.435	-0.01754385964912281	96	0.0004692604041749303
RNI013.SG	7.444999999999999	0.008073280546498992	114	0.0004557323899410475
RNI013.SG	7.455	-0.012698412698412698	126	0.0004422803816143178
RNI013.SG	7.465	0.07339449541284404	110	0.00042890395216253134
RNI013.SG	7.475	0.044165238911098414	103	0.0004156026769527078
RNI013.SG	7.484999999999999	0.06534727408513816	104	0.00040237613373762956
RNI013.SG	7.495	-0.022123893805309734	113	0.00038922390264244035
RNI013.SG	7.505	-0.011754334410813987	83	0.000376145566151314
RNI013.SG	7.515	-0.025247212286976645	98	0.0003631407090941921
RNI013.SG	7.5249999999999995	-0.02103934357248054	98	0.00035020891863361283
RNI013.SG	7.535	-0.020066889632107024	92	0.00033734978425160726
RNI013.SG	7.545	-0.02566158781074579	87	0.0003245628977366639
RNI013.SG	7.555	-0.0074682598954443615	104	0.00031184785317076437
RNI013.SG	7.5649999999999995	-0.025965595585848752	79	0.00029920424691651216
RNI013.SG	7.574999999999999	-0.016472203157172273	94	0.00028663167760430044
RNI013.SG	7.585	0.07279612876078266	98	0.00027412974611958963
RNI013.SG	7.595	0.01747815230961298	90	0.00026169805559022566
RNI013.SG	7.6049999999999995	-0.02150023889154324	92	0.000249336211373842
RNI013.SG	7.614999999999999	-0.009623095429029671	87	0.00023704382104533365
RNI013.SG	7.625	0.039738195418419824	93	0.000224820494384404
RNI013.SG	7.635	0.07298245614035088	76	0.00021266584336317325
RNI013.SG	7.645	-0.0121765601217656	73	0.00020057948213385497
RNI013.SG	7.654999999999999	-0.015984015984015984	78	0.00018856102701652103
RNI013.SG	7.665	-0.006464646464646465	100	0.0001766100964869057
RNI013.SG	7.675	0.02866698518872432	92	0.00016472631116431027
RNI013.SG	7.685	0.023564064801178203	98	0.00015290929379954406
RNI013.SG	7.694999999999999	0.10526315789473685	95	0.00014115866926296358
RNI013.SG	7.705	-0.016472203157172273	94	0.00012947406453254757
RNI013.SG	7.715	-0.013104013104013103	111	0.00011785510868207879
RNI013.SG	7.725	0.0210224558050645	92	0.00010630143286934264
RNI013.SG	7.734999999999999	-0.01791713325867861	95	9.4812670324433e-05
RNI013.SG	7.745	0.032017543859649125	96	8.338845633810966e-05
RNI013.SG	7.755	-0.0219435736677116	88	7.202842825021895e-05
RNI013.SG	7.765	0.0665807560137457	97	6.0732225438176564e-05
RNI013.SG	7.7749999999999995	-0.015229392727964974	103	4.9499489305522256e-05
RNI013.SG	7.785	0.0050632911392405056	80	3.8329863270540046e-05
RNI013.SG	7.795	-0.0073145245559038665	88	2.722299275493569e-05
RNI013.SG	7.805	-0.0037974683544303796	80	1.617852517258136e-05
RNI013.SG	7.8149999999999995	-0.0365296803652968	73	5.196109918318434e-06
RNI013.SG	7.825	-0.014981273408239699	90	-5.724601643168799e-06
RNI013.SG	7.835	0.009122807017543859	76	-1.6583956188416776e-05
RNI013.SG	7.845	0.14916495081217113	94	-2.7382298446191862e-05
RNI013.SG	7.8549999999999995	-0.04938271604938271	81	-3.811997120843668e-05
RNI013.SG	7.864999999999999	-0.044444444444444446	91	-4.8797315341148756e-05
RNI013.SG	7.875	0.03221649484536082	97	-5.941466979519851e-05
RNI013.SG	7.885	0.035750766087844735	89	-6.997237161709209e-05
RNI013.SG	7.895	0.019780807270783216	87	-8.047075595967097e-05
RNI013.SG	7.904999999999999	0.00246870040557221	107	-9.091015609275334e-05
RNI013.SG	7.915	0.12539448769198402	98	-0.00010129090341371165
RNI013.SG	7.925	0.11053024645257656	104	-0.00011161332745798975
RNI013.SG	7.935	0.05939463163906339	103	-0.00012187775590956633
RNI013.SG	7.944999999999999	-0.014300306435137895	89	-0.0001320845146113611
RNI013.SG	7.955	-0.009623095429029671	87	-0.00014223392757557697
RNI013.SG	7.965	0.00801924619085806	87	-0.00015232631699397398
RNI013.SG	7.975	-0.02821040258595357	83	-0.00016236200324811932
RNI013.SG	7.984999999999999	-0.02807017543859649	96	-0.00017234130491953657
RNI013.SG	7.995	0.024561403508771926	96	-0.00018226453879983603
RNI013.SG	8.005	0.00233754090696587	93	-0.00019213201990075685
RNI013.SG	8.015	-0.03134796238244514	88	-0.00020194406146417697
RNI013.SG	8.025	-0.00881575080811049	83	-0.00021170097497205122
RNI013.SG	8.035	0.06825619448340346	93	-0.00022140307015630482
RNI013.SG	8.045	0.06464646464646465	100	-0.0002310506550086619
RNI013.SG	8.055	0.08974358974358974	105	-0.00024064403579042003
RNI013.SG	8.065	0.012958280657395701	113	-0.00025018351704218095
RNI013.SG	8.075	-0.03787081843046497	98	-0.00025966940159350706
RNI013.SG	8.084999999999999	0.05714285714285715	91	-0.00026910199057254575
RNI013.SG	8.094999999999999	-0.04525418748163385	83	-0.00027848158341558247
RNI013.SG	8.105	0.0442632498543972	102	-0.0002878084778765468
RNI013.SG	8.115	0.05043859649122807	96	-0.00029708297003645996
RNI013.SG	8.125	-0.02468410226270937	83	-0.00030630535431284706
RNI013.SG	8.135	-0.007815154604145433	109	-0.00031547592346907417
RNI013.SG	8.145	-0.02380952380952381	105	-0.000324594968623638
RNI013.SG	8.155	-0.040336134453781515	85	-0.0003336627792594191
RNI013.SG	8.165	0.040229885057471264	88	-0.00034267964323285893
RNI013.SG	8.174999999999999	-0.005824111822946998	102	-0.0003516458467831081
RNI013.SG	8.185	-0.06802721088435375	99	-0.00036056167454111103
RNI013.SG	8.195	-0.03865979381443299	97	-0.00036942740953862965
RNI013.SG	8.205	-0.03491447716452125	107	-0.0003782433332172486
RNI013.SG	8.215	0.08273561301084238	110	-0.00038700972543729206
RNI013.SG	8.225	0.01567973311092577	110	-0.00039572686448671886
RNI013.SG	8.235	-0.04381846635367762	72	-0.000404395027089948
RNI013.SG	8.245	-0.029962546816479398	90	-0.0004130144884166517
RNI013.SG	8.254999999999999	-0.011842105263157895	96	-0.0004215855220904869
RNI013.SG	8.265	-0.04300047778308648	92	-0.00043010840019777857
RNI013.SG	8.275	0.05873340143003065	89	-0.0004385833932961567
RNI013.SG	8.285	-0.0022878059940517046	94	-0.0004470107704231548
RNI013.SG	8.295	0.015865751334858888	115	-0.00045539079910474176
RNI013.SG	8.305	-0.03870043000477783	92	-0.000463723745363812
RNI013.SG	8.315	0.05526315789473684	96	-0.00047200987372864153
RNI013.SG	8.325	0.050475635798874	102	-0.00048024944724127166
RNI013.SG	8.334999999999999	-0.00855386260358193	87	-0.0004884427274658709
RNI013.SG	8.344999999999999	-0.026755852842809368	92	-0.0004965899744970332
RNI013.SG	8.355	0.03287128712871287	101	-0.0005046914469680336
RNI013.SG	8.365	0.018018018018018018	112	-0.0005127474020590358
RNI013.SG	8.375	0.029768085842852197	108	-0.0005207580955052674
RNI013.SG	8.385	0.04707511249567325	108	-0.000528723781605129
RNI013.SG	8.395	-0.024188129899216124	95	-0.0005366447132282655
RNI013.SG	8.405	0.02484472049689441	92	-0.0005445211418236022
RNI013.SG	8.415	0.008062709966405377	95	-0.0005523533174273158
RNI013.SG	8.424999999999999	0.01734778982485404	110	-0.0005601414886707826
RNI013.SG	8.435	0.07191011235955057	90	-0.0005678859027884666
RNI013.SG	8.445	0.05307709906199954	94	-0.000575586805625762
RNI013.SG	8.455	0.10221205186880244	115	-0.0005832444416468069
RNI013.SG	8.465	-0.030078050637730825	103	-0.0005908590539422407
RNI013.SG	8.475	-0.033934707903780066	97	-0.0005984308842369207
RNI013.SG	8.485	0.017923823749066467	104	-0.0006059601728975921
RNI013.SG	8.495	0.16120387548958978	99	-0.0006134471589405257
RNI013.SG	8.504999999999999	-0.014969259556268377	87	-0.0006208920800390972
RNI013.SG	8.515	-0.006700758243695993	107	-0.0006282951725313411
RNI013.SG	8.525	0.030495049504950494	101	-0.0006356566714274413
RNI013.SG	8.535	0.020512820512820513	105	-0.0006429768104172057
RNI013.SG	8.545	-0.005346164127238706	87	-0.0006502558218774727
RNI013.SG	8.555	0.058217821782178214	101	-0.0006574939368794951
RNI013.SG	8.565	-0.013769363166953527	84	-0.000664691385196274
RNI013.SG	8.575	0.08478038815117467	89	-0.0006718483953098481
RNI013.SG	8.584999999999999	0.03809523809523809	70	-0.000678965194418555
RNI013.SG	8.595	-0.03368421052631579	76	-0.0006860420084442362
RNI013.SG	8.605	-0.020768431983385256	108	-0.0006930790620394132
RNI013.SG	8.615	0.037296037296037296	78	-0.0007000765785944172
RNI013.SG	8.625	0.03343782654127482	88	-0.0007070347802444837
RNI013.SG	8.635	-0.02314327792972859	98	-0.0007139538878767982
RNI013.SG	8.645	-0.0027722772277227747	101	-0.0007208341211375144
RNI013.SG	8.655	0.04918032786885245	61	-0.0007276756984387249
RNI013.SG	8.665	0.1080669710806697	73	-0.0007344788369653904
RNI013.SG	8.674999999999999	0.03299798792756539	71	-0.000741243752682242
RNI013.SG	8.685	-0.031481481481481485	81	-0.0007479706603406298
RNI013.SG	8.695	0.07527853056308341	82	-0.0007546597734853439
RNI013.SG	8.705	0.031578947368421054	96	-0.0007613113044613921
RNI013.SG	8.715	0.06464646464646465	100	-0.0007679254644207436
RNI013.SG	8.725	-0.04114017043784896	83	-0.0007745024633290262
RNI013.SG	8.735	0.027115474520804116	93	-0.0007810425099721977
RNI013.SG	8.745	0.009817671809256663	93	-0.0007875458119631718
RNI013.SG	8.754999999999999	-0.006102212051868806	115	-0.0007940125757484038
RNI013.SG	8.765	-0.011684518013631937	79	-0.0008004430066144547
RNI013.SG	8.775	-0.009259259259259255	81	-0.0008068373086944946
RNI013.SG	8.785	-0.04089581304771178	79	-0.0008131956849747966
RNI013.SG	8.795	-0.0020614306328592086	99	-0.0008195183373011692
RNI013.SG	8.805	0.007166746297181077	92	-0.0008258054663853732
RNI013.SG	8.815	0.0661512027491409	97	-0.0008320572718114843
RNI013.SG	8.825	-0.02378525314305131	109	-0.0008382739520422368
RNI013.SG	8.834999999999999	-0.03220035778175313	130	-0.0008444557044253198
RNI013.SG	8.845	-0.032158317872603585	99	-0.0008506027251996408
RNI013.SG	8.855	0.02772277227722772	101	-0.0008567152095015579
RNI013.SG	8.865	0.029509183980728694	82	-0.0008627933513710728
RNI013.SG	8.875	0.029618659755646058	74	-0.000868837343757994
RNI013.SG	8.885	0.04185692541856925	73	-0.000874847378528055
RNI013.SG	8.895	-0.034482758620689655	88	-0.0008808236464690124
RNI013.SG	8.905	-0.0029962546816479393	90	-0.0008867663372966997
RNI013.SG	8.915	0.040246673158065564	79	-0.0008926756396610458
RNI013.SG	8.924999999999999	-0.04543979227523531	79	-0.0008985517411520714
RNI013.SG	8.935	0.00819252432155658	63	-0.0009043948283058371
RNI013.SG	8.945	-0.05617283950617284	81	-0.0009102050866103691
RNI013.SG	8.955	0.05092186128182616	68	-0.000915982700511544
RNI013.SG	8.965	-0.047593865679534636	62	-0.0009217278534189503
RNI013.SG	8.975	-0.010810810810810808	75	-0.0009274407277117022
RNI013.SG	8.985	-0.02089864158829676	88	-0.0009331215047442361
RNI013.SG	8.995	-0.036133694670280034	82	-0.0009387703648520657
RNI013.SG	9.004999999999999	-0.046756282875511396	59	-0.0009443874873575028
RNI013.SG	9.015	0.02976190476190476	64	-0.0009499730505753586
RNI013.SG	9.025	0.017763845350052244	88	-0.0009555272318185915
RNI013.SG	9.035	-0.025974025974025976	78	-0.000961050207403951
RNI013.SG	9.045	0.07010710808179163	79	-0.0009665421526575611
RNI013.SG	9.055	-0.0041536863966770525	108	-0.0009720032419204966
RNI013.SG	9.065	-0.024514811031664963	89	-0.0009774336485543094
RNI013.SG	9.075	-0.026107226107226107	66	-0.0009828335449465373
RNI013.SG	9.084999999999999	-0.01915184678522572	86	-0.0009882031025161757
RNI013.SG	9.095	-0.05507745266781411	84	-0.0009935424917191151
RNI013.SG	9.105	-0.006464883925947694	83	-0.0009988518820535572
RNI013.SG	9.115	0.011168384879725083	97	-0.001004131442065392
RNI013.SG	9.125	0.06091825307950728	95	-0.0010093813393535528
RNI013.SG	9.135	0.07137954701441318	94	-0.0010146017405753298
RNI013.SG	9.145	0.0063740402723453556	118	-0.0010197928114516687
RNI013.SG	9.155	-0.027965043695380776	90	-0.0010249547167724231
RNI013.SG	9.165	-0.023564064801178203	98	-0.0010300876204015937
RNI013.SG	9.174999999999999	-0.004535147392290251	99	-0.0010351916852825238
RNI013.SG	9.185	0.03424657534246575	73	-0.0010402670734430744
RNI013.SG	9.195	-0.018091361374943462	67	-0.0010453139460007703
RNI013.SG	9.205	0.014727540500736375	98	-0.001050332463167909
RNI013.SG	9.215	-0.08253968253968254	91	-0.0010553227842566531
RNI013.SG	9.225	-0.021026592455163882	99	-0.0010602850676840812
RNI013.SG	9.235	-0.014354066985645932	77	-0.0010652194709772234
RNI013.SG	9.245	0.045875251509054325	71	-0.0010701261507780556
RNI013.SG	9.254999999999999	-0.02107111501316945	68	-0.0010750052628484778
RNI013.SG	9.265	-0.0321285140562249	84	-0.0010798569620752538
RNI013.SG	9.275	0.01736465781409602	89	-0.0010846814024749309
RNI013.SG	9.285	0.0667578659370725	86	-0.00108947873719873
RNI013.SG	9.295	-0.02408912978018669	82	-0.0010942491185374041
RNI013.SG	9.305	-0.030111412225233364	82	-0.001098992697926076
RNI013.SG	9.315	-0.032175689479060264	89	-0.0011037096259490422
RNI013.SG	9.325	-0.012962962962962963	81	-0.0011084000523445582
RNI013.SG	9.334999999999999	0.01227722772277228	101	-0.0011130641260095858
RNI013.SG	9.345	-0.03380281690140845	71	-0.0011177019950045237
RNI013.SG	9.355	-0.022982635342185906	89	-0.0011223138065579088
RNI013.SG	9.365	-0.018633540372670808	92	-0.0011268997070710848
RNI013.SG	9.375	-0.04817825956037338	82	-0.001131459842122856
RNI013.SG	9.385	-0.0196078431372549	85	-0.0011359943564741026
RNI013.SG	9.395	0.037826961770623745	71	-0.0011405033940723819
RNI013.SG	9.405	-0.029548563611491108	86	-0.0011449870980564923
RNI013.SG	9.415	0.017977528089887642	90	-0.0011494456107610227
RNI013.SG	9.424999999999999	-0.01603849238171612	87	-0.0011538790737208662
RNI013.SG	9.435	-0.017533606078316773	59	-0.0011582876276757153
RNI013.SG	9.445	-0.025293586269196026	82	-0.0011626714125745306
RNI013.SG	9.455	-0.004276931301790965	87	-0.0011670305675799807
RNI013.SG	9.465	-0.056338028169014086	71	-0.0011713652310728635
RNI013.SG	9.475	-0.006259780907668234	72	-0.0011756755406564946
RNI013.SG	9.485	-0.037400654511453954	93	-0.001179961633161081
RNI013.SG	9.495	-0.06491885143570536	90	-0.0011842236446480583
RNI013.SG	9.504999999999999	-0.03272557269752221	93	-0.0011884617104144168
RNI013.SG	9.515	-0.030690537084398978	69	-0.0011926759649969912
RNI013.SG	9.525	-0.020429009193054137	89	-0.0011968665421767312
RNI013.SG	9.535	-0.045103092783505154	97	-0.001201033574982956
RNI013.SG	9.545	-0.03801980198019802	101	-0.0012051771956975669
RNI013.SG	9.555	-0.029131652661064426	85	-0.0012092975358592543
RNI013.SG	9.565	0.041448189762796496	90	-0.0012133947262676682
RNI013.SG	9.575	-0.027341079972658916	77	-0.0012174688969875753
RNI013.SG	9.584999999999999	-0.01149110807113543	86	-0.0012215201773529837
RNI013.SG	9.595	-0.0409626216077829	63	-0.0012255486959712504
RNI013.SG	9.605	-0.029938519112536754	87	-0.0012295545807271637
RNI013.SG	9.615	0.0324846356453029	68	-0.0012335379587870027
RNI013.SG	9.625	-0.03007518796992481	57	-0.0012374989566025765
RNI013.SG	9.635	-0.030758714969241284	77	-0.0012414376999152336
RNI013.SG	9.645	-0.0701344243132671	59	-0.001245354313759858
RNI013.SG	9.655	-0.07207207207207207	75	-0.0012492489224688358
RNI013.SG	9.665	-0.04091174751607247	59	-0.0012531216496760034
RNI013.SG	9.674999999999999	-0.021709633649932156	67	-0.0012569726183205721
RNI013.SG	9.685	-0.01515151515151515	121	-0.0012608019506510294
RNI013.SG	9.695	0.012048192771084338	84	-0.0012646097682290213
RNI013.SG	9.705	-0.07326007326007325	91	-0.0012683961919332117
RNI013.SG	9.715	-0.004215597711532671	82	-0.0012721613419631188
RNI013.SG	9.725	0.025170998632010947	86	-0.0012759053378429293
RNI013.SG	9.735	-0.002664002664002664	78	-0.0012796282984252963
RNI013.SG	9.745	-0.008431195423065342	82	-0.0012833303418951078
RNI013.SG	9.754999999999999	0.0	84	-0.0012870115857732435
RNI013.SG	9.765	0.011228070175438596	76	-0.0012906721469203015
RNI013.SG	9.775	-0.009987515605493137	90	-0.0012943121415403072
RNI013.SG	9.785	-0.0029962546816479393	90	-0.001297931685184408
RNI013.SG	9.795	-0.016722408026755856	92	-0.0013015308927545356
RNI013.SG	9.805	-0.014906832298136644	70	-0.0013051098785070577
RNI013.SG	9.815	0.04596527068437181	89	-0.0013086687560564002
RNI013.SG	9.825	-0.03508217446270544	113	-0.0013122076383786595
RNI013.SG	9.834999999999999	-0.018518518518518517	81	-0.0013157266378151845
RNI013.SG	9.845	0.034675286511901264	83	-0.0013192258660761447
RNI013.SG	9.855	0.013596491228070174	96	-0.0013227054342440767
RNI013.SG	9.865	0.010126582278481011	80	-0.0013261654527774096
RNI013.SG	9.875	0.0636193531141406	87	-0.0013296060315139725
RNI013.SG	9.885	-0.014809329877823029	74	-0.0013330272796744807
RNI013.SG	9.895	0.06451612903225806	93	-0.001336429305866003
RNI013.SG	9.905	0.012585499316005474	86	-0.0013398122180854084
RNI013.SG	9.915	0.03164556962025317	80	-0.001343176123722797
RNI013.SG	9.924999999999999	-0.0006491398896462222	79	-0.0013465211295649055
RNI013.SG	9.935	-0.032432432432432434	75	-0.001349847341798501
RNI013.SG	9.945	-0.026640026640026637	78	-0.0013531548660137484
RNI013.SG	9.955	-0.014848657909765847	103	-0.0013564438072075653
RNI013.SG	9.965	-0.008712871287128714	101	-0.0013597142697869516
RNI013.SG	9.975	-0.013186813186813187	91	-0.0013629663575723096
RNI013.SG	9.985	0.025174825174825173	66	-0.0013662001738007337
RNI013.SG	9.995	-0.053708439897698204	69	-0.00136941582112929
ZKU002.SG	0.025	0.14590950463584332	1395	0.1278081210859168
ZKU002.SG	0.035	0.10655865076816293	1163	0.12635396391688003
ZKU002.SG	0.045	0.08420461238729554	1051	0.12491634740880561
ZKU002.SG	0.05500000000000001	0.0879241306638567	950	0.12349508341596147
ZKU002.SG	0.065	0.10707212285566288	888	0.1220899859327245
ZKU002.SG	0.075	0.11883515245619643	811	0.12070087106923741
ZKU002.SG	0.085	0.11474868129581808	809	0.11932755702734231
ZKU002.SG	0.095	0.14076507150437112	771	0.11796986407678829
ZKU002.SG	0.10500000000000001	0.14628866353607387	779	0.11662761453170942
ZKU002.SG	0.115	0.12992088994118423	730	0.11530063272737051
ZKU002.SG	0.125	0.11526089371762245	682	0.11398874499717716
ZKU002.SG	0.135	0.09455928237129485	641	0.1126917796499475
ZKU002.SG	0.145	0.07809889742733044	657	0.11140956694744238
ZKU002.SG	0.155	0.10287146720948422	652	0.11014193908215107
ZKU002.SG	0.16499999999999998	0.1168328351621898	632	0.10888873015532989
ZKU002.SG	0.175	0.08726175834238568	668	0.10764977615529026
ZKU002.SG	0.185	0.10653509588531	656	0.10642491493593412
ZKU002.SG	0.195	0.07438653153654824	657	0.10521398619553325
ZKU002.SG	0.205	0.13169552960128877	573	0.10401683145575007
ZKU002.SG	0.215	0.13738698460009935	550	0.102833294040897
ZKU002.SG	0.225	0.1992021117043614	633	0.10166321905743177
ZKU002.SG	0.235	0.1524391265263734	599	0.10050645337368606
ZKU002.SG	0.245	0.12638507789423178	517	0.0993628455998246
ZKU002.SG	0.255	0.08950942512586348	585	0.0982322460680322
ZKU002.SG	0.265	0.04633842487271152	544	0.09711450681292637
ZKU002.SG	0.275	0.03475934350832776	602	0.09600948155219242
ZKU002.SG	0.28500000000000003	0.06331344753981719	605	0.09491702566743918
ZKU002.SG	0.29500000000000004	0.05226608187134503	513	0.09383699618527207
ZKU002.SG	0.30500000000000005	0.05958933287892988	485	0.09276925175858193
ZKU002.SG	0.315	0.07474534597822269	585	0.09171365264804629
ZKU002.SG	0.325	0.06357615894039735	605	0.09067006070384132
ZKU002.SG	0.335	0.11107007061379685	526	0.08963833934756152
ZKU002.SG	0.34500000000000003	0.0666649123268686	478	0.08861835355434547
ZKU002.SG	0.35500000000000004	0.04392099128941234	495	0.08760996983520448
ZKU002.SG	0.36500000000000005	0.08170392112591254	516	0.0866130562195526
ZKU002.SG	0.375	0.05447429337231969	513	0.08562748223793501
ZKU002.SG	0.385	0.151555801046845	552	0.08465311890495318
ZKU002.SG	0.395	0.07281656053948636	584	0.08368983870238403
ZKU002.SG	0.405	0.07676767676767678	540	0.08273751556249125
ZKU002.SG	0.41500000000000004	0.0990774956102419	553	0.08179602485152633
ZKU002.SG	0.42500000000000004	0.053220505458803975	515	0.08086524335341738
ZKU002.SG	0.43500000000000005	0.06760612386917189	480	0.0799450492536434
ZKU002.SG	0.445	0.16689510233918128	513	0.07903532212329197
ZKU002.SG	0.455	0.06583292563600783	512	0.07813594290329837
ZKU002.SG	0.465	0.07111596544322327	514	0.07724679388886387
ZKU002.SG	0.47500000000000003	0.09482796271870442	479	0.0763677587140513
ZKU002.SG	0.48500000000000004	0.104600744407352	511	0.07549872233655593
ZKU002.SG	0.49500000000000005	0.051202800327697924	464	0.0746395710226494
ZKU002.SG	0.505	0.15221669994194525	532	0.07379019233229502
ZKU002.SG	0.515	0.08816830093425838	518	0.0729504751044324
ZKU002.SG	0.525	0.06681311201522207	509	0.07212030944242942
ZKU002.SG	0.535	0.06682634730538922	501	0.07129958669969963
ZKU002.SG	0.545	0.03869161257477408	486	0.07048819946548338
ZKU002.SG	0.555	0.08624381105312458	424	0.06968604155079056
ZKU002.SG	0.5650000000000001	0.042289253744007466	486	0.0688930079745033
ZKU002.SG	0.5750000000000001	0.07850459941819325	553	0.06810899494963679
ZKU002.SG	0.5850000000000001	0.05925512623796903	536	0.0673338998697562
ZKU002.SG	0.5950000000000001	0.0559347544541286	535	0.06656762129554836
ZKU002.SG	0.605	0.07504230830364739	463	0.06581005894154598
ZKU002.SG	0.615	0.08755669493196608	462	0.06506111366300296
ZKU002.SG	0.625	0.07505153650702334	409	0.06432068744291904
ZKU002.SG	0.635	0.09767718880285885	438	0.06358868337921188
ZKU002.SG	0.645	0.04792099312381744	466	0.06286500567203523
ZKU002.SG	0.655	0.03436780051497493	471	0.06214955961124133
ZKU002.SG	0.665	0.07317762085822922	526	0.0614422515639857
ZKU002.SG	0.675	0.059267480577136517	425	0.0607429889624733
ZKU002.SG	0.685	0.06930518219100132	452	0.060051680291843684
ZKU002.SG	0.6950000000000001	0.05966125534782864	453	0.0593682350781943
ZKU002.SG	0.7050000000000001	0.08370411568409343	465	0.05869256387673975
ZKU002.SG	0.7150000000000001	0.060469304518247786	435	0.0580245782601059
ZKU002.SG	0.725	0.09643605870020965	424	0.05736419080675711
ZKU002.SG	0.735	0.041421491089317725	436	0.056711315089554994
ZKU002.SG	0.745	0.06325268394233911	407	0.05606586566444752
ZKU002.SG	0.755	0.041800920953544936	403	0.05542775805928657
ZKU002.SG	0.765	0.06761133603238867	456	0.05479690876277286
ZKU002.SG	0.775	0.10585446299732014	441	0.054173235213526454
ZKU002.SG	0.785	0.05698670634341784	454	0.053556655789281746
ZKU002.SG	0.795	0.07854362262422716	397	0.05294708979620524
ZKU002.SG	0.805	0.04320379492793286	406	0.05234445745833487
ZKU002.SG	0.8150000000000001	0.11772535100996921	392	0.0517486799071395
ZKU002.SG	0.8250000000000001	0.06897692107811872	412	0.051159679171197056
ZKU002.SG	0.8350000000000001	0.05536618117963021	462	0.05057737816599021
ZKU002.SG	0.8450000000000001	0.05314949808138448	427	0.05000170068381803
ZKU002.SG	0.855	0.07467481054179391	421	0.04943257138382246
ZKU002.SG	0.865	0.07910158377448098	429	0.04886991578212815
ZKU002.SG	0.875	0.059345477321363325	392	0.04831366024209452
ZKU002.SG	0.885	0.07692598329995845	399	0.04776373196467874
ZKU002.SG	0.895	0.10156850596078161	418	0.0472200589789082
ZKU002.SG	0.905	0.03927949110910503	437	0.04668257013246144
ZKU002.SG	0.915	0.07752731212568091	447	0.04615119508235624
ZKU002.SG	0.925	0.07543197652117287	474	0.04562586428574357
ZKU002.SG	0.935	0.04079031230082855	523	0.045106508990806274
ZKU002.SG	0.9450000000000001	0.12508546547194935	472	0.044593061227761306
ZKU002.SG	0.9550000000000001	0.07475836113249507	433	0.04408545379996429
ZKU002.SG	0.9650000000000001	0.03353991207161396	435	0.04358362027511529
ZKU002.SG	0.9750000000000001	0.08524896595609291	449	0.04308749497656451
ZKU002.SG	0.985	0.09272361659343115	464	0.04259701297471707
ZKU002.SG	0.995	0.035474354614882686	467	0.04211211007853538
ZKU002.SG	1.005	0.09687420285305025	452	0.04163272282713832
ZKU002.SG	1.015	0.05980487078275117	464	0.04115878848149577
ZKU002.SG	1.0250000000000001	0.09402251466624385	477	0.04069024501621786
ZKU002.SG	1.0350000000000001	0.049247784315185825	464	0.040227031111437474
ZKU002.SG	1.045	0.0706807074116995	446	0.039769086144785075
ZKU002.SG	1.055	0.07012388631608642	413	0.03931635018345485
ZKU002.SG	1.065	0.022360845532532942	438	0.03886876397636115
ZKU002.SG	1.075	0.013713623486994593	353	0.03842626894638406
ZKU002.SG	1.085	0.012218522489982505	377	0.03798880718270321
ZKU002.SG	1.095	0.03779861221463002	435	0.037556321433218846
ZKU002.SG	1.105	0.011288926776972656	394	0.037128755097058964
ZKU002.SG	1.115	0.04366606791549055	433	0.03670605221717184
ZKU002.SG	1.125	0.03465384321807496	397	0.0362881574730027
ZKU002.SG	1.135	0.02241683550094765	429	0.035875016173253754
ZKU002.SG	1.145	0.02395279376411452	371	0.03546657424872655
ZKU002.SG	1.155	0.07437905485815194	457	0.03506277824524576
ZKU002.SG	1.165	0.0291634494892599	398	0.034663575316663406
ZKU002.SG	1.175	0.03889564160444522	443	0.034268913217942815
ZKU002.SG	1.185	0.0374662184430822	390	0.03387874029832104
ZKU002.SG	1.195	0.013259842244564599	479	0.03349300549454915
ZKU002.SG	1.205	0.04396615676442141	462	0.03311165832420949
ZKU002.SG	1.215	0.0232193506333351	477	0.03273464887910878
ZKU002.SG	1.225	0.03961523600349785	444	0.032361927818746514
ZKU002.SG	1.235	0.0354192959234976	442	0.031993446363857606
ZKU002.SG	1.245	-0.0033328704346618533	380	0.031629156290028465
ZKU002.SG	1.2550000000000001	0.04950294177317915	372	0.031269009921385704
ZKU002.SG	1.2650000000000001	0.05419973936737353	368	0.030912960124356636
ZKU002.SG	1.2750000000000001	0.04832256078793476	361	0.030560960301500777
ZKU002.SG	1.2850000000000001	0.023066997065238494	419	0.030212964385411413
ZKU002.SG	1.2950000000000002	0.03726181326690165	389	0.029868926832686667
ZKU002.SG	1.305	0.04862712700652875	418	0.029528802617969044
ZKU002.SG	1.315	-0.016537248562266453	389	0.029192547228052836
ZKU002.SG	1.325	0.01854495209601352	419	0.02886011665605851
ZKU002.SG	1.335	0.05399310992796743	310	0.028531467395673363
ZKU002.SG	1.345	-0.0003521070405403267	354	0.02820655643545777
ZKU002.SG	1.355	0.02776782688676962	455	0.027885341253216046
ZKU002.SG	1.365	0.008220537169584013	412	0.02756777981043147
ZKU002.SG	1.375	0.00909435392194013	378	0.027253830546764578
ZKU002.SG	1.385	0.019999086799689515	363	0.026943452374613958
ZKU002.SG	1.395	0.024078899627271826	427	0.02663660467373906
ZKU002.SG	1.405	-0.006106606865620148	341	0.026333247285943988
ZKU002.SG	1.415	-0.007390448648431538	387	0.026033340509821985
ZKU002.SG	1.425	0.007246376811594201	369	0.025736845095559457
ZKU002.SG	1.435	-0.01745891401063815	378	0.025443722239799283
ZKU002.SG	1.445	0.01335798199057785	410	0.025153933580562494
ZKU002.SG	1.455	0.0001799138983486484	395	0.02486744119222765
ZKU002.SG	1.465	0.017234766767342632	409	0.02458420758056747
ZKU002.SG	1.475	0.002225970419836379	418	0.024304195677841738
ZKU002.SG	1.485	-0.03127819548872181	400	0.024027368837946244
ZKU002.SG	1.495	-0.02004139307038311	367	0.023753690831616665
ZKU002.SG	1.5050000000000001	0.03391496682231507	313	0.023483125841687186
ZKU002.SG	1.5150000000000001	0.017035834598802604	339	0.023215638458402993
ZKU002.SG	1.5250000000000001	0.043460992907801414	376	0.02295119367478602
ZKU002.SG	1.5350000000000001	-0.018085383879662638	372	0.022689756882053526
ZKU002.SG	1.5450000000000002	0.02568116814692157	365	0.022431293865088707
ZKU002.SG	1.5550000000000002	0.07465119491642493	381	0.022175770797962836
ZKU002.SG	1.565	-0.00034235383825337274	359	0.02192315423950837
ZKU002.SG	1.575	-0.002869277961302501	326	0.021673411128942357
ZKU002.SG	1.585	0.0051870051870051845	297	0.021426508781539722
ZKU002.SG	1.595	0.027062162409594432	331	0.021182414884355637
ZKU002.SG	1.605	-0.00840905242959535	377	0.02094109749199665
ZKU002.SG	1.615	0.000145698258905805	371	0.020702525022439914
ZKU002.SG	1.625	-0.02257679366113101	333	0.020466666252899862
ZKU002.SG	1.635	0.009748377907896821	356	0.020233490315742054
ZKU002.SG	1.645	-0.008806275130182586	390	0.02000296669444336
ZKU002.SG	1.655	0.0578149179820489	360	0.01977506521959823
ZKU002.SG	1.665	0.027398850641434956	322	0.01954975606497027
ZKU002.SG	1.675	0.024049079754601226	326	0.019327009743588777
ZKU002.SG	1.685	-0.005201515072175384	339	0.01910679710388974
ZKU002.SG	1.695	0.00687679083094556	350	0.01888908932590058
ZKU002.SG	1.705	0.022886204704386518	364	0.01867385791746848
ZKU002.SG	1.715	0.03110886417256488	345	0.018461074710531468
ZKU002.SG	1.725	0.05112471505784864	374	0.01825071185743196
ZKU002.SG	1.735	0.013513271963535614	335	0.018042741827272283
ZKU002.SG	1.745	0.028048986963146904	377	0.017837137402311576
ZKU002.SG	1.7550000000000001	-0.0034915160418130353	307	0.01763387167440374
ZKU002.SG	1.7650000000000001	0.012431934321856413	346	0.01743291804147585
ZKU002.SG	1.7750000000000001	-0.0009751340809361313	294	0.01723425020404668
ZKU002.SG	1.7850000000000001	-0.013592148688553065	304	0.017037842161784764
ZKU002.SG	1.7950000000000002	-0.018765935747067822	371	0.016843668210105703
ZKU002.SG	1.8050000000000002	0.03929277305147375	432	0.016651702936808066
ZKU002.SG	1.815	-0.005989304812834225	375	0.016461921218747625
ZKU002.SG	1.825	0.01422808947561423	405	0.01627429821854941
ZKU002.SG	1.835	0.010027855153203341	360	0.01608880938135716
ZKU002.SG	1.845	-0.0037590150797697963	371	0.01590543043161973
ZKU002.SG	1.855	0.0072727272727272745	375	0.015724137369914095
ZKU002.SG	1.865	-0.0242194238399172	341	0.015544906469804434
ZKU002.SG	1.875	-0.044104732476825496	430	0.015367714274736979
ZKU002.SG	1.885	0.024036569491114945	364	0.0151925375949702
ZKU002.SG	1.895	0.055898485468686046	350	0.015019353504539867
ZKU002.SG	1.905	0.06613567701180993	331	0.01484813933825864
ZKU002.SG	1.915	0.027614390664493425	412	0.014678872688749803
ZKU002.SG	1.925	0.03219452139119729	361	0.014511531403514768
ZKU002.SG	1.935	-0.004158659768415865	451	0.014346093582033873
ZKU002.SG	1.945	0.007364513734224202	450	0.014182537572900177
ZKU002.SG	1.955	0.0015808714553897855	349	0.014020841970985883
ZKU002.SG	1.965	-0.024272661881513904	362	0.013860985614640992
ZKU002.SG	1.975	0.0248854325788085	380	0.013702947582923784
ZKU002.SG	1.985	0.0011893025366571215	358	0.013546707192862816
ZKU002.SG	1.995	-0.028251132960538522	389	0.013392243996750106
ZKU002.SG	2.005	0.013054830287206266	384	0.013239537779465039
ZKU002.SG	2.015	0.033676803216888665	346	0.013088568555828748
ZKU002.SG	2.025	0.008997311299101578	391	0.012939316567988624
ZKU002.SG	2.035	-0.0009548818333731188	355	0.012791762282832483
ZKU002.SG	2.045	-0.0018461048778546964	355	0.012645886389432258
ZKU002.SG	2.055	-0.015981005433541844	363	0.012501669796516656
ZKU002.SG	2.065	-0.019293456655977526	389	0.012359093629972676
ZKU002.SG	2.075	-0.004447979262401321	369	0.012218139230375428
ZKU002.SG	2.085	0.04999901421501942	319	0.012078788150546185
ZKU002.SG	2.095	0.0036399373930768412	332	0.011941022153138057
ZKU002.SG	2.105	0.011924119241192408	370	0.011804823208249278
ZKU002.SG	2.115	0.01733469996943051	334	0.011670173491063529
ZKU002.SG	2.125	-0.01733555344610261	359	0.011537055379517163
ZKU002.SG	2.1350000000000002	0.04387464387464387	325	0.011405451451992933
ZKU002.SG	2.145	0.022129371711544416	360	0.011275344485039984
ZKU002.SG	2.1550000000000002	0.046007229707525465	358	0.01114671745111974
ZKU002.SG	2.165	0.010684384188907095	299	0.011019553516377473
ZKU002.SG	2.1750000000000003	0.024919151637799338	318	0.010893836038439183
ZKU002.SG	2.185	0.01939252336448598	321	0.010769548564233568
ZKU002.SG	2.1950000000000003	0.013127470724248528	328	0.01064667482783874
ZKU002.SG	2.205	-0.017538365173817724	310	0.01052519874835347
ZKU002.SG	2.215	-0.018282688185600804	309	0.010405104427792604
ZKU002.SG	2.225	-0.015734265734265736	352	0.010286376149006442
ZKU002.SG	2.235	-0.009012315988000457	398	0.010168998373623808
ZKU002.SG	2.245	-0.022746120127946926	368	0.010052955740018448
ZKU002.SG	2.255	-0.00440169961580541	397	0.009938233061298664
ZKU002.SG	2.265	0.0020118323018430435	343	0.009824815323319662
ZKU002.SG	2.275	-0.014135514018691587	321	0.009712687682718699
ZKU002.SG	2.285	-0.01640933840531066	328	0.009601835464972414
ZKU002.SG	2.295	0.02447730749617542	371	0.009492244162476359
ZKU002.SG	2.305	0.019672131147540985	366	0.00938389943264631
ZKU002.SG	2.315	-0.016961433323452887	349	0.00927678709604124
ZKU002.SG	2.325	0.016917247280283584	405	0.009170893134507587
ZKU002.SG	2.335	-0.00917205293936596	361	0.009066203689344639
ZKU002.SG	2.345	0.021323323882921377	317	0.00896270505949082
ZKU002.SG	2.355	0.046681722153420264	371	0.008860383699730589
ZKU002.SG	2.365	0.0034097871546924547	388	0.008759226218921706
ZKU002.SG	2.375	-0.0002929759027320021	370	0.008659219378242721
ZKU002.SG	2.3850000000000002	-0.003822191644689065	324	0.008560350089460317
ZKU002.SG	2.395	-0.013537244471723527	343	0.008462605413216489
ZKU002.SG	2.4050000000000002	0.016282536406375416	324	0.008365972557335023
ZKU002.SG	2.415	-0.01582771146860405	329	0.00827043887514743
ZKU002.SG	2.4250000000000003	-0.017063633131887666	291	0.008175991863837778
ZKU002.SG	2.435	-0.015288015288015287	297	0.008082619162806445
ZKU002.SG	2.4450000000000003	-0.025275502982509353	315	0.007990308552052404
ZKU002.SG	2.455	-0.019511726259131102	289	0.007899047950573989
ZKU002.SG	2.465	0.03087451261239755	355	0.0078088254147878015
ZKU002.SG	2.475	-0.014602803738317755	321	0.007719629136965588
ZKU002.SG	2.485	-0.0034676914827062293	335	0.007631447443688963
ZKU002.SG	2.495	-0.002285212041309603	370	0.007544268794321638
ZKU002.SG	2.505	0.04053781059908868	299	0.007458081779499084
ZKU002.SG	2.515	-0.006071702423986354	358	0.007372875119635328
ZKU002.SG	2.525	-0.023505572441742655	330	0.007288637663446762
ZKU002.SG	2.535	0.0212742863345273	333	0.007205358386492745
ZKU002.SG	2.545	0.004976489028213168	320	0.007123026389732797
ZKU002.SG	2.555	-0.019422812643151627	296	0.007041630898100183
ZKU002.SG	2.565	-0.017663817663817666	325	0.006961161259091775
ZKU002.SG	2.575	0.0020090406830738303	363	0.0068816069413738966
ZKU002.SG	2.585	-0.013247026945657082	365	0.006802957533404075
ZKU002.SG	2.595	0.008205553253211768	381	0.006725202742068412
ZKU002.SG	2.605	0.005968141890471988	309	0.00664833239133455
ZKU002.SG	2.615	-0.009023078257851813	340	0.006572336420919824
ZKU002.SG	2.625	-0.00039258986627407596	286	0.0064972048849747015
ZKU002.SG	2.6350000000000002	-0.021332139926903856	328	0.006422927950781099
ZKU002.SG	2.645	-0.018523031927857665	374	0.006349495897465562
ZKU002.SG	2.6550000000000002	-0.028778085564789165	361	0.006276899114727043
ZKU002.SG	2.665	-0.01810344827586207	320	0.0062051281015791885
ZKU002.SG	2.6750000000000003	-0.009918740051939346	346	0.006134173465106894
ZKU002.SG	2.685	0.0017853751187084544	325	0.006064025919237035
ZKU002.SG	2.6950000000000003	-0.012452438602559669	295	0.00599467628352316
ZKU002.SG	2.705	-0.01992718911668902	307	0.005926115481944021
ZKU002.SG	2.715	0.0026702269692923915	322	0.005858334541715758
ZKU002.SG	2.725	0.012531948223266552	312	0.005791324592117591
ZKU002.SG	2.735	0.008729639108783209	318	0.005725076863330907
ZKU002.SG	2.745	-0.02009658825362206	393	0.005659582685291498
ZKU002.SG	2.755	-0.005134497404436055	326	0.005594833486554897
ZKU002.SG	2.765	0.03051693404634581	375	0.005530820793174585
ZKU002.SG	2.775	-0.007168458781362008	342	0.005467536227592998
ZKU002.SG	2.785	-0.01969120608637279	328	0.005404971507545112
ZKU002.SG	2.795	0.004895730358235656	292	0.005343118444974526
ZKU002.SG	2.805	-0.000889547813194962	285	0.005281968944961858
ZKU002.SG	2.815	-0.02199557630867535	313	0.00522151500466534
ZKU002.SG	2.825	-0.005864509605662287	345	0.005161748712273441
ZKU002.SG	2.835	0.00032746623004502545	350	0.005102662245969452
ZKU002.SG	2.845	-0.007138969406225081	398	0.005044247872907792
ZKU002.SG	2.855	0.0036003352984018376	382	0.004986497948202004
ZKU002.SG	2.865	0.013881658858233559	340	0.0049294049139242185
ZKU002.SG	2.875	0.04333275832327066	341	0.004872961298116052
ZKU002.SG	2.8850000000000002	0.015090949921401305	366	0.004817159713810704
ZKU002.SG	2.895	-0.016155179160377887	268	0.004761992858066209
ZKU002.SG	2.9050000000000002	0.001222373375919244	319	0.004707453511009671
ZKU002.SG	2.915	-0.002189817349325633	284	0.004653534534892382
ZKU002.SG	2.9250000000000003	-0.02034274753287398	282	0.00460022887315567
ZKU002.SG	2.935	0.01916909077347654	328	0.004547529549507394
ZKU002.SG	2.9450000000000003	0.004681453515809344	326	0.004495429667008927
ZKU002.SG	2.955	0.039203580799506095	342	0.004443922407172536
ZKU002.SG	2.965	0.0028784648187633265	336	0.004393001029069006
ZKU002.SG	2.975	0.025735823690401883	354	0.004342658868445456
ZKU002.SG	2.985	0.003622229909851245	314	0.004292889336853152
ZKU002.SG	2.995	0.02905899911887936	334	0.004243685920785257
ZKU002.SG	3.005	-0.008532226449901996	295	0.004195042180824388
ZKU002.SG	3.015	0.047546697649477165	335	0.004146951750799858
ZKU002.SG	3.025	-0.0021208907741251345	369	0.004099408336954535
ZKU002.SG	3.035	-0.02545266933641255	404	0.004052405717121132
ZKU002.SG	3.045	-0.018689458689458687	351	0.004005937739907909
ZKU002.SG	3.055	-0.012895329268026138	303	0.003959998323893607
ZKU002.SG	3.065	-0.029384933019637974	354	0.0039145814568315685
ZKU002.SG	3.075	-0.020613496932515338	326	0.0038696811948628644
ZKU002.SG	3.085	-0.003215434083601286	312	0.0038252916617384477
ZKU002.SG	3.095	-0.004790635663118885	298	0.003781407048050056
ZKU002.SG	3.105	-0.019087280930071143	340	0.003738021610469957
ZKU002.SG	3.115	-0.012001681764323664	324	0.003695129670999273
ZKU002.SG	3.125	-0.01387334974267174	328	0.0036527256162249
ZKU002.SG	3.1350000000000002	0.004840434513423764	327	0.003610803896584846
ZKU002.SG	3.145	0.0042891732964372205	295	0.003569359025641954
ZKU002.SG	3.1550000000000002	-0.015187470336971999	344	0.0035283855793658675
ZKU002.SG	3.165	-0.007388176334586224	394	0.003487878195423167
ZKU002.SG	3.1750000000000003	-0.02434661631720163	348	0.0034478315724755853
ZKU002.SG	3.185	-0.02781322131582343	374	0.0034082404694862098
ZKU002.SG	3.1950000000000003	0.0180765428611778	292	0.0033690997050335575
ZKU002.SG	3.205	-0.01884519249788711	334	0.0033304041566334804
ZKU002.SG	3.2150000000000003	-0.031691910912945605	303	0.0032921487600687453
ZKU002.SG	3.225	-0.014156761104656359	335	0.003254328508726301
ZKU002.SG	3.235	0.021900203265359647	303	0.0032169384529420007
ZKU002.SG	3.245	0.03879598662207358	300	0.003179973699352854
ZKU002.SG	3.255	0.010584764879403089	340	0.0031434294102566066
ZKU002.SG	3.265	0.016177739430543573	305	0.0031073008029786106
ZKU002.SG	3.275	0.02157581310123683	296	0.003071583149245906
ZKU002.SG	3.285	0.002624985085312016	290	0.0030362717745684113
ZKU002.SG	3.295	-0.005051575526352976	337	0.0030013620576271605
ZKU002.SG	3.305	0.0029246892517669995	374	0.002966849429669485
ZKU002.SG	3.315	0.0007732850369345366	314	0.0029327293739111046
ZKU002.SG	3.325	-0.013759557561926336	347	0.0028989974249449815
ZKU002.SG	3.335	-0.0042185093020500036	291	0.002865649168156932
ZKU002.SG	3.345	0.03924478522549262	312	0.002832680239147861
ZKU002.SG	3.355	0.0032818676810621294	328	0.0028000863231625807
ZKU002.SG	3.365	-0.01441045094386209	299	0.0027678631545251303
ZKU002.SG	3.375	0.0018767719522421432	317	0.0027360065160805056
ZKU002.SG	3.3850000000000002	0.017923451924074265	311	0.0027045122386427436
ZKU002.SG	3.395	0.05267471958584987	305	0.002673376200449299
ZKU002.SG	3.4050000000000002	-0.0059227352268138396	323	0.0026425943266216
ZKU002.SG	3.415	-0.0025843555490845556	332	0.002612162588631766
ZKU002.SG	3.4250000000000003	0.004239954950478651	348	0.0025820770037753783
ZKU002.SG	3.435	-0.010292737565464838	364	0.0025523336346502485
ZKU002.SG	3.4450000000000003	0.002258015956646093	365	0.0025229285886411122
ZKU002.SG	3.455	-0.012357961983557625	339	0.0024938580174102025
ZKU002.SG	3.4650000000000003	-0.017239127595664098	248	0.0024651181163935923
ZKU002.SG	3.475	0.041945856238979354	311	0.002436705124303287
ZKU002.SG	3.485	-0.006355511420059583	266	0.0024086153226349637
ZKU002.SG	3.495	-0.01858304297328688	288	0.0023808450351813274
ZKU002.SG	3.505	-0.009202935961033422	299	0.0023533906275509855
ZKU002.SG	3.515	-0.035782010058537386	312	0.002326248506692803
ZKU002.SG	3.525	0.00021570319240724785	305	0.002299415120425681
ZKU002.SG	3.535	0.0046533271288971625	308	0.0022728869569736444
ZKU002.SG	3.545	-0.014158883892540065	295	0.002246660544506274
ZKU002.SG	3.555	-0.000849256900212314	315	0.0022207324506843124
ZKU002.SG	3.565	0.013920993169363426	278	0.0021950992822104788
ZKU002.SG	3.575	-0.0291606565046197	227	0.0021697576843853644
ZKU002.SG	3.585	-0.02079732688097707	264	0.0021447043406683988
ZKU002.SG	3.595	0.009803921568627453	273	0.002119935972243801
ZKU002.SG	3.605	-0.0018648018648018655	286	0.00209544933759147
ZKU002.SG	3.615	-0.014373975539024083	309	0.0020712412320627537
ZKU002.SG	3.625	-0.01587027772986027	341	0.002047308487461054
ZKU002.SG	3.6350000000000002	0.007010934965730131	277	0.0020236479716271797
ZKU002.SG	3.645	-0.007016532103037293	289	0.002000256588029448
ZKU002.SG	3.6550000000000002	-0.012537547342301163	248	0.0019771312753584136
ZKU002.SG	3.665	0.004658134440216767	295	0.0019542690071262365
ZKU002.SG	3.6750000000000003	-0.0007816571130797278	304	0.0019316667912705904
ZKU002.SG	3.685	-0.013333333333333334	300	0.001909321669763084
ZKU002.SG	3.6950000000000003	-0.007128007128007129	260	0.0018872307182221295
ZKU002.SG	3.705	-0.01059657689011246	278	0.0018653910455302273
ZKU002.SG	3.7150000000000003	-0.0027704096669613903	261	0.0018437997934555833
ZKU002.SG	3.725	-0.036357003891050586	257	0.0018224541362780564
ZKU002.SG	3.735	0.005312883743076962	283	0.0018013512804193354
ZKU002.SG	3.745	-0.006364225169665737	267	0.0017804884640773351
ZKU002.SG	3.755	-0.017409114183307733	217	0.0017598629568647622
ZKU002.SG	3.765	-0.012482425156887625	242	0.0017394720594517635
ZKU002.SG	3.775	-0.01889989261424651	290	0.0017193131032126696
ZKU002.SG	3.785	0.023657870791628753	315	0.0016993834498767314
ZKU002.SG	3.795	-0.011892402076451156	326	0.0016796804911828485
ZKU002.SG	3.805	-0.009383859761210719	317	0.0016602016485382134
ZKU002.SG	3.815	-0.012073088621113974	294	0.0016409443726808446
ZKU002.SG	3.825	-0.01310907741775909	312	0.001621906143345953
ZKU002.SG	3.835	-0.007549361207897793	288	0.0016030844689361127
ZKU002.SG	3.845	-0.0066005176876617775	305	0.001584476886195167
ZKU002.SG	3.855	-0.011088415523781732	299	0.001566080959885866
ZKU002.SG	3.865	-0.018525444984708806	302	0.0015478942824711473
ZKU002.SG	3.875	-0.020735382760699216	316	0.001529914473799061
ZKU002.SG	3.8850000000000002	-0.030182721552784935	294	0.0015121391807912676
ZKU002.SG	3.895	0.0002786097374103228	294	0.0014945660771350856
ZKU002.SG	3.9050000000000002	0.009994699780419471	282	0.0014771928629790346
ZKU002.SG	3.915	-0.026845637583892617	298	0.0014600172646318534
ZKU002.SG	3.9250000000000003	-0.012842563926155256	324	0.0014430370342649243
ZKU002.SG	3.935	-0.012067765142724531	279	0.0014262499496181043
ZKU002.SG	3.9450000000000003	-0.014081098325669403	302	0.0014096538137088747
ZKU002.SG	3.955	-0.015138408304498271	289	0.001393246454544832
ZKU002.SG	3.9650000000000003	-0.007547169811320755	266	0.0013770257248394186
ZKU002.SG	3.975	0.02150002488428806	284	0.0013609895017309057
ZKU002.SG	3.9850000000000003	0.012787148594377507	250	0.0013451356865045695
ZKU002.SG	3.995	0.005010315355142942	261	0.0013294622043180185
ZKU002.SG	4.005	-0.00095617529880478	251	0.0013139670039296577
ZKU002.SG	4.015	0.02551903114186851	289	0.001298648057430233
ZKU002.SG	4.0249999999999995	0.0034096124844272507	303	0.0012835033599774331
ZKU002.SG	4.034999999999999	0.021604704575856237	282	0.0012685309295335078
ZKU002.SG	4.045	0.03642924976258309	325	0.0012537288066058723
ZKU002.SG	4.055	0.020857362552864283	289	0.0012390950539906652
ZKU002.SG	4.0649999999999995	-0.01674418604651163	301	0.001224627756519213
ZKU002.SG	4.074999999999999	-0.01292244012013831	282	0.0012103250208073918
ZKU002.SG	4.085	-0.017690095730353437	332	0.0011961849750078293
ZKU002.SG	4.095	-0.0038246543100912025	309	0.0011822057685649363
ZKU002.SG	4.1049999999999995	0.004572907679033648	305	0.00116838557197271
ZKU002.SG	4.114999999999999	0.05109957993575488	285	0.0011547225765353053
ZKU002.SG	4.125	0.01722492973363245	279	0.0011412149941303228
ZKU002.SG	4.135	0.0009523242664127133	318	0.0011278610569747949
ZKU002.SG	4.145	0.020431062695778202	293	0.0011146590173938245
ZKU002.SG	4.154999999999999	-0.00035116675153196413	338	0.001101607147591864
ZKU002.SG	4.165	-0.008181939216421975	407	0.001088703739426592
ZKU002.SG	4.175	0.051906947301788256	356	0.0010759471041853655
ZKU002.SG	4.185	0.017806196326934382	374	0.0010633355723642084
ZKU002.SG	4.194999999999999	-0.0058532726913189635	390	0.0010508674934493194
ZKU002.SG	4.205	-0.0063048607833883896	326	0.0010385412357010644
ZKU002.SG	4.215	-0.019949886648371315	290	0.0010263551859404263
ZKU002.SG	4.225	-0.014493290829564829	329	0.001014307749337879
ZKU002.SG	4.234999999999999	-0.014135686619015295	317	0.0010023973492046703
ZKU002.SG	4.244999999999999	0.030358074955632114	310	0.000990622426786473
ZKU002.SG	4.255	0.0022001716133858433	302	0.0009789814410593868
ZKU002.SG	4.265	0.03200453965101433	266	0.0009674728685282606
ZKU002.SG	4.2749999999999995	-0.018020746573786627	282	0.0009560952030273034
ZKU002.SG	4.284999999999999	-0.012946998226012262	254	0.0009448469555229709
ZKU002.SG	4.295	-0.0348511565190333	311	0.0009337266539190884
ZKU002.SG	4.305	0.022130798694850334	266	0.0009227328428641964
ZKU002.SG	4.3149999999999995	0.032353078685305535	293	0.0009118640835610786
ZKU002.SG	4.324999999999999	-0.007486430844095078	274	0.0009011189535784648
ZKU002.SG	4.335	0.029258287334479535	258	0.0008904960466648709
ZKU002.SG	4.345	-0.008658008658008658	253	0.0008799939725645623
ZKU002.SG	4.3549999999999995	0.016418770898189786	295	0.0008696113568355998
ZKU002.SG	4.364999999999999	0.0008169934640522877	289	0.0008593468406699663
ZKU002.SG	4.375	0.0005485893416927894	320	0.0008491990807157327
ZKU002.SG	4.385	-0.0162826420890937	280	0.0008391667489012528
ZKU002.SG	4.395	0.005429372907429191	258	0.0008292485322613484
ZKU002.SG	4.404999999999999	-0.006278397356464272	270	0.000819443132765481
ZKU002.SG	4.415	0.02972238031998988	252	0.0008097492671478721
ZKU002.SG	4.425	-0.012367054167697254	312	0.0008001656667395615
ZKU002.SG	4.435	0.010561512740689496	295	0.000790691077302367
ZKU002.SG	4.444999999999999	-0.0071126489811610925	289	0.0007813242588647418
ZKU002.SG	4.455	0.002170542635658914	301	0.0007720639855594933
ZKU002.SG	4.465	-0.01528865295288653	275	0.0007629090454633525
ZKU002.SG	4.475	-0.019040750090155066	236	0.0007538582404383615
ZKU002.SG	4.484999999999999	0.005795627859684799	281	0.000744910385975072
ZKU002.SG	4.495	0.014648209230449575	278	0.0007360643110375228
ZKU002.SG	4.505	0.008309416427497607	271	0.0007273188579099857
ZKU002.SG	4.515	-0.008755472170106318	247	0.0007186728820454463
ZKU002.SG	4.5249999999999995	-0.019011406844106463	264	0.0007101252519158179
ZKU002.SG	4.534999999999999	-0.020316525579683473	286	0.0007016748488638501
ZKU002.SG	4.545	-0.0018072542344387005	309	0.00069332056695673
ZKU002.SG	4.555	0.025218534849539728	279	0.0006850613128413447
ZKU002.SG	4.5649999999999995	0.011352885525070957	302	0.0006768960056011911
ZKU002.SG	4.574999999999999	0.02780145564225297	303	0.000668823576614907
ZKU002.SG	4.585	-0.03542319749216301	320	0.0006608429694164232
ZKU002.SG	4.595	0.05696742282108136	287	0.0006529531395566999
ZKU002.SG	4.6049999999999995	-0.01121930170165663	327	0.0006451530544670322
ZKU002.SG	4.614999999999999	0.014521315216263871	311	0.0006374416933239179
ZKU002.SG	4.625	0.038660242642363736	322	0.0006298180469154561
ZKU002.SG	4.635	0.01935483870967742	280	0.0006222811175092724
ZKU002.SG	4.645	-0.01904618700348345	283	0.0006148299187219374
ZKU002.SG	4.654999999999999	0.011167960938108719	278	0.0006074634753898786
ZKU002.SG	4.665	-0.010920010920010919	297	0.000600180823441754
ZKU002.SG	4.675	-0.008994569023202253	359	0.0005929810097722887
ZKU002.SG	4.685	-0.008381197199127069	387	0.0005858630921175264
ZKU002.SG	4.694999999999999	-0.001717397690552052	298	0.0005788261389315264
ZKU002.SG	4.705	-0.02355111786411982	272	0.0005718692292644343
ZKU002.SG	4.715	-0.0019641672196416718	275	0.0005649914526419687
ZKU002.SG	4.725	-0.025243418680129824	236	0.0005581919089462515
ZKU002.SG	4.734999999999999	-0.0005713840479962597	278	0.0005514697082980151
ZKU002.SG	4.745	0.011215845364514974	290	0.000544823970940137
ZKU002.SG	4.755	0.01292244012013831	282	0.0005382538271225053
ZKU002.SG	4.765	0.01005656819610308	259	0.0005317584169881886
ZKU002.SG	4.7749999999999995	0.005109535670945902	307	0.0005253368904609061
ZKU002.SG	4.784999999999999	0.0241722918675667	306	0.0005189884071337741
ZKU002.SG	4.795	0.028344392561644956	313	0.0005127121361593193
ZKU002.SG	4.805	-0.014799216167997425	262	0.0005065072561407446
ZKU002.SG	4.8149999999999995	0.0015736673005048863	303	0.000500372955024426
ZKU002.SG	4.824999999999999	0.009294183178165036	355	0.0004943084299936405
ZKU002.SG	4.835	-0.001971498982106503	306	0.0004883128873634971
ZKU002.SG	4.845	0.026730551002395662	309	0.00048238554247706674
ZKU002.SG	4.8549999999999995	0.0041797283176593526	232	0.0004765256196026858
ZKU002.SG	4.864999999999999	-0.032162958992227285	287	0.00047073235183243967
ZKU002.SG	4.875	-0.01183230184304298	343	0.00046500498098179166
ZKU002.SG	4.885	0.032663818232639856	317	0.0004593427574903589
ZKU002.SG	4.895	-0.01510405012307004	328	0.0004537449403238124
ZKU002.SG	4.904999999999999	-0.008511351260785793	346	0.00044821079687689714
ZKU002.SG	4.915	0.0027021040974529345	301	0.0004427396028775525
ZKU002.SG	4.925	0.016090353523632705	279	0.00043733064229212616
ZKU002.SG	4.935	-0.01665783296736579	282	0.0004319832072316617
ZKU002.SG	4.944999999999999	0.022549326652051362	310	0.0004266965978592571
ZKU002.SG	4.955	0.06364609970930868	303	0.00042147012229847204
ZKU002.SG	4.965	0.02857402857402857	297	0.000416303096542783
ZKU002.SG	4.975	-0.015235457063711912	361	0.00041119484436606473
ZKU002.SG	4.984999999999999	0.02797135114208285	288	0.00040614469723408556
ZKU002.SG	4.995	-0.006078576723498888	285	0.0004011519942170192
ZKU002.SG	5.005	0.061937503493767115	268	0.00039621608190294543
ZKU002.SG	5.015	0.029517838317705155	269	0.00039133631431233446
ZKU002.SG	5.0249999999999995	0.01952034363441117	290	0.0003865120528135063
ZKU002.SG	5.034999999999999	0.012734837977556424	309	0.000381742666039051
ZKU002.SG	5.045	-0.009555408095554082	275	0.0003770275298031989
ZKU002.SG	5.055	0.031164209456024404	281	0.0003723660270201329
ZKU002.SG	5.0649999999999995	0.024309794042022704	278	0.00036775754762322576
ZKU002.SG	5.074999999999999	0.012712777418659772	273	0.00036320148848520103
ZKU002.SG	5.085	0.012731259713440208	307	0.00035869725333919695
ZKU002.SG	5.095	-0.013513105902934877	258	0.00035424425270073613
ZKU002.SG	5.1049999999999995	0.02292860865033872	304	0.0003498419037905707
ZKU002.SG	5.114999999999999	0.015093914561685112	267	0.0003454896304584184
ZKU002.SG	5.125	0.0046688065363291505	299	0.00034118686310755537
ZKU002.SG	5.135	-0.008589835361488905	254	0.00033693303862027433
ZKU002.SG	5.145	0.0014980857792820284	269	0.0003327276002841849
ZKU002.SG	5.154999999999999	-0.020613834173156206	296	0.00032856999771935615
ZKU002.SG	5.165	0.029228947757880718	233	0.0003244596868062862
ZKU002.SG	5.175	0.009018567639257295	261	0.00032039612961469205
ZKU002.SG	5.185	0.0009225092250922509	272	0.0003163787943331076
ZKU002.SG	5.194999999999999	-0.010423152311772165	295	0.0003124071551992847
ZKU002.SG	5.205	0.009865300701954089	252	0.00030848069243138396
ZKU002.SG	5.215	0.0177785759181108	259	0.00030459889215995084
ZKU002.SG	5.225	0.03299685227396071	333	0.0003007612463606621
ZKU002.SG	5.234999999999999	0.021154945683247568	265	0.00029696725278783817
ZKU002.SG	5.245	0.031444566525401556	277	0.0002932164149087164
ZKU002.SG	5.255	0.01848249027237354	257	0.00028950824183846473
ZKU002.SG	5.265	-0.017672635466828745	293	0.00028584224827593775
ZKU002.SG	5.2749999999999995	0.0036629064366290654	275	0.00028221795444016587
ZKU002.SG	5.284999999999999	-0.025063819911812484	279	0.0002786348860075635
ZKU002.SG	5.295	-0.0079628400796284	275	0.00027509257404985263
ZKU002.SG	5.305	-0.0006289308176100628	265	0.0002715905549726936
ZKU002.SG	5.3149999999999995	0.0017285205897305549	281	0.0002681283704550116
ZKU002.SG	5.324999999999999	0.036344362837889	282	0.0002647055673890154
ZKU002.SG	5.335	0.013638449937709003	303	0.00026132169782089727
ZKU002.SG	5.345	0.012698412698412698	280	0.00025797631889220885
ZKU002.SG	5.3549999999999995	-0.010564163392393803	329	0.00025466899278190095
ZKU002.SG	5.364999999999999	-0.009036544850498339	301	0.0002513992866490254
ZKU002.SG	5.375	-0.0019614253023864012	323	0.00024816677257608776
ZKU002.SG	5.385	0.029684296842968427	271	0.00024497102751304433
ZKU002.SG	5.395	-0.020905923344947737	288	0.00024181163322193702
ZKU002.SG	5.404999999999999	0.0220633759216525	327	0.0002386881762221541
ZKU002.SG	5.415	0.011261392000928776	322	0.0002356002477363197
ZKU002.SG	5.425	-0.03280805012340991	230	0.00023254744363679518
ZKU002.SG	5.435	-0.020813063158340032	308	0.00022952936439278818
ZKU002.SG	5.444999999999999	-0.008248317777295417	272	0.000226545615018066
ZKU002.SG	5.455	0.03304692663582287	357	0.0002235958050192616
ZKU002.SG	5.465	0.0018673555133671535	254	0.00022067954834476957
ZKU002.SG	5.475	0.013394025009156069	277	0.00021779646333422076
ZKU002.SG	5.484999999999999	0.002571412599921739	268	0.00021494617266853427
ZKU002.SG	5.495	0.005813628486779582	268	0.0002121283033205348
ZKU002.SG	5.505	-0.02516453735965931	288	0.0002093424865061368
ZKU002.SG	5.515	0.014031520081342145	281	0.00020658835763607544
ZKU002.SG	5.5249999999999995	-0.018724778046811948	295	0.00020386555626819694
ZKU002.SG	5.534999999999999	0.009688581314878895	290	0.0002011737260602814
ZKU002.SG	5.545	-0.004516040203772547	270	0.00019851251472341022
ZKU002.SG	5.555	-0.005850804485616773	294	0.00019588157397586037
ZKU002.SG	5.5649999999999995	-0.008227765443385137	248	0.00019328055949752255
ZKU002.SG	5.574999999999999	0.006004901960784314	256	0.0001907091308848397
ZKU002.SG	5.585	0.004080221300138313	241	0.00018816695160625674
ZKU002.SG	5.595	-0.038421955403087474	265	0.0001856536889581785
ZKU002.SG	5.6049999999999995	0.04815034472533175	329	0.00018316901402142628
ZKU002.SG	5.614999999999999	-0.017590911362462727	347	0.00018071260161819214
ZKU002.SG	5.625	0.0031851888717463798	284	0.00017828413026948115
ZKU002.SG	5.635	0.024804463828854074	287	0.0001758832821530394
ZKU002.SG	5.645	0.0009306654257794319	308	0.00017350974306175763
ZKU002.SG	5.654999999999999	-0.031959163291349936	269	0.00017116320236255168
ZKU002.SG	5.665	-0.030476301047804258	263	0.0001688433529557081
ZKU002.SG	5.675	0.03714749123633129	277	0.0001665498912346939
ZKU002.SG	5.685	-0.00709299454557698	299	0.0001642825170464202
ZKU002.SG	5.694999999999999	-0.0259637858691673	267	0.0001620409336519627
ZKU002.SG	5.705	-0.022029464408646563	270	0.00015982484768772506
ZKU002.SG	5.715	0.005260148656375071	265	0.00015763396912704642
ZKU002.SG	5.725	-0.01944624003447533	273	0.0001554680112422434
ZKU002.SG	5.734999999999999	-0.008671027241059568	283	0.00015332669056708603
ZKU002.SG	5.745	-0.009060240963855423	250	0.00015120972685969892
ZKU002.SG	5.755	-0.0337123745819398	300	0.00014911684306588598
ZKU002.SG	5.765	0.026664157098939708	253	0.00014704776528287033
ZKU002.SG	5.7749999999999995	0.0018133426925214242	262	0.00014500222272344847
ZKU002.SG	5.784999999999999	0.0420846394984326	320	0.00014297994768055052
ZKU002.SG	5.795	-0.027530364372469633	286	0.00014098067549220584
ZKU002.SG	5.805	-0.006178287731685787	309	0.00013900414450690552
ZKU002.SG	5.8149999999999995	-0.016722241576668493	284	0.0001370500960493576
ZKU002.SG	5.824999999999999	-0.01757201993748416	267	0.00013511827438663515
ZKU002.SG	5.835	-0.03764351590438547	253	0.00013320842669470694
ZKU002.SG	5.845	-0.02006635700066357	275	0.00013132030302534978
ZKU002.SG	5.8549999999999995	0.0027444253859348192	265	0.0001294536562734365
ZKU002.SG	5.864999999999999	-0.016375781081663435	273	0.00012760824214459675
ZKU002.SG	5.875	0.005220598666477516	266	0.00012578381912324522
ZKU002.SG	5.885	-0.0065125079756220994	302	0.00012398014844097424
ZKU002.SG	5.895	-0.022441441862639674	293	0.00012219699404530444
ZKU002.SG	5.904999999999999	-0.01724893347169376	295	0.00012043412256879256
ZKU002.SG	5.915	-0.01499849086392236	294	0.00011869130329848881
ZKU002.SG	5.925	-0.03176813387999278	279	0.00011696830814574474
ZKU002.SG	5.935	-0.018235818235818234	260	0.00011526491161635983
ZKU002.SG	5.944999999999999	0.009289980092899802	275	0.00011358089078107253
ZKU002.SG	5.955	-0.01736416512980565	266	0.00011191602524638334
ZKU002.SG	5.965	0.021546261089987327	264	0.00011027009712571219
ZKU002.SG	5.975	-0.006424511984185818	285	0.00010864289101088199
ZKU002.SG	5.984999999999999	-0.007742934572202865	288	0.00010703419394392802
ZKU002.SG	5.995	0.037725874663590925	289	0.00010544379538922707
ZKU002.SG	6.005	-0.003171307220386973	326	0.00010387148720594438
ZKU002.SG	6.015	-0.007826050171327044	308	0.00010231706362079303
ZKU002.SG	6.0249999999999995	-0.021654815772462834	273	0.0001007803212011039
ZKU002.SG	6.035	-0.005144613840266012	253	9.92610588282017e-05
ZKU002.SG	6.045	-0.014191128285088015	298	9.775907767108435e-05
ZKU002.SG	6.055	-0.01570927370791224	339	9.627418116040054e-05
ZKU002.SG	6.0649999999999995	-0.009490940465918895	305	9.480617496272409e-05
ZKU002.SG	6.074999999999999	-0.004666811373996096	272	9.33548669551222e-05
ZKU002.SG	6.085	-0.026205726653212833	262	9.192006720000939e-05
ZKU002.SG	6.095	-0.009103246685457771	310	9.050158792029203e-05
ZKU002.SG	6.1049999999999995	-0.010005142830426857	293	8.909924347479166e-05
ZKU002.SG	6.114999999999999	-0.005839416058394159	275	8.771285033395035e-05
ZKU002.SG	6.125	-0.03286680956583869	309	8.634222705581113e-05
ZKU002.SG	6.135	-0.005250759741777706	334	8.498719426227265e-05
ZKU002.SG	6.145	-0.030576030576030575	297	8.364757461561267e-05
ZKU002.SG	6.154999999999999	-0.014936209936728555	311	8.232319279527964e-05
ZKU002.SG	6.165	-0.03048462741010943	304	8.101387547494778e-05
ZKU002.SG	6.175	-0.03517186250999201	279	7.971945129983364e-05
ZKU002.SG	6.185	-0.0181769450062133	287	7.843975086426982e-05
ZKU002.SG	6.194999999999999	-0.017739877376987956	254	7.717460668953433e-05
ZKU002.SG	6.205	-0.025485316077650574	246	7.59238532019324e-05
ZKU002.SG	6.215	0.008062509331608028	284	7.468732671112713e-05
ZKU002.SG	6.225	-0.023809523809523808	232	7.346486538871717e-05
ZKU002.SG	6.234999999999999	0.048355720240852246	255	7.225630924705657e-05
ZKU002.SG	6.245	0.004543898415860071	254	7.106150011831772e-05
ZKU002.SG	6.255	0.013932005754524118	282	6.98802816337913e-05
ZKU002.SG	6.265	0.0030444358077471195	249	6.871249920342116e-05
ZKU002.SG	6.2749999999999995	0.009751340809361285	294	6.755799999557321e-05
ZKU002.SG	6.285	-0.01705217301109844	311	6.64166329170334e-05
ZKU002.SG	6.295	-0.02103732176713503	278	6.528824859323415e-05
ZKU002.SG	6.305	-0.04920014219694276	291	6.41726993487046e-05
ZKU002.SG	6.3149999999999995	-0.004875670404680644	294	6.306983918774421e-05
ZKU002.SG	6.324999999999999	-0.04651279352429642	283	6.197952377531561e-05
ZKU002.SG	6.335	-0.015124860984733595	315	6.0901610418155054e-05
ZKU002.SG	6.345	-0.016864295125164692	276	5.983595804609782e-05
ZKU002.SG	6.3549999999999995	-0.023760023760023757	260	5.878242719361604e-05
ZKU002.SG	6.364999999999999	-0.0008710801393728223	288	5.7740879981565405e-05
ZKU002.SG	6.375	-0.025315565556766638	239	5.671118009914153e-05
ZKU002.SG	6.385	-0.012265839398639778	290	5.5693192786040214e-05
ZKU002.SG	6.395	-0.04150943396226415	265	5.468678481482057e-05
ZKU002.SG	6.404999999999999	-0.010293130454240322	328	5.36918244734694e-05
ZKU002.SG	6.415	-0.03745819397993311	300	5.2708181548163456e-05
ZKU002.SG	6.425	-0.025455796353629167	324	5.1735727306228235e-05
ZKU002.SG	6.435	-0.03278688524590164	305	5.077433447928976e-05
ZKU002.SG	6.444999999999999	-0.03326328158542924	298	4.9823877246618955e-05
ZKU002.SG	6.455	-0.01971326164874552	280	4.888423121866483e-05
ZKU002.SG	6.465	-0.013905084596598534	302	4.795527342077562e-05
ZKU002.SG	6.475	-0.011985409067222513	304	4.7036882277103896e-05
ZKU002.SG	6.484999999999999	-0.019780259301217386	334	4.61289375946962e-05
ZKU002.SG	6.495	0.012700765999505809	285	4.523132054776282e-05
ZKU002.SG	6.505	0.018550474547023296	305	4.434391366212686e-05
ZKU002.SG	6.515	-0.035487959442332066	264	4.3466600799849134e-05
ZKU002.SG	6.5249999999999995	-0.018233247186666936	314	4.259926714402986e-05
ZKU002.SG	6.535	-0.001603889431872289	283	4.1741799183781516e-05
ZKU002.SG	6.545	-0.025210084033613443	273	4.089408469937376e-05
ZKU002.SG	6.555	-0.01715686274509804	289	4.0056012747546404e-05
ZKU002.SG	6.5649999999999995	-0.007551083912457213	311	3.9227473646990134e-05
ZKU002.SG	6.574999999999999	-0.0029961715585640567	269	3.8408358963992126e-05
ZKU002.SG	6.585	-0.02365464222353637	267	3.759856149824487e-05
ZKU002.SG	6.595	-0.026776960784313724	256	3.679797526881674e-05
ZKU002.SG	6.6049999999999995	-0.0271736425620863	284	3.600649550028165e-05
ZKU002.SG	6.614999999999999	-0.001799553014251299	263	3.522401860900665e-05
ZKU002.SG	6.625	0.012052603418659007	267	3.445044218959599e-05
ZKU002.SG	6.635	-0.018021883715940785	237	3.3685665001488954e-05
ZKU002.SG	6.645	-0.007046551628474728	269	3.2929586955709516e-05
ZKU002.SG	6.654999999999999	0.01206851119894598	276	3.218210910176806e-05
ZKU002.SG	6.665	0.019272072908805945	322	3.1443133614711035e-05
ZKU002.SG	6.675	0.0051759319165878654	284	3.071256378231862e-05
ZKU002.SG	6.685	-0.005067414713600578	258	2.999030399244719e-05
ZKU002.SG	6.694999999999999	0.003256904637832203	304	2.927625972051658e-05
ZKU002.SG	6.705	0.014824094373107841	310	2.857033751713917e-05
ZKU002.SG	6.715	0.0394054614586934	264	2.7872444995890017e-05
ZKU002.SG	6.725	-0.0390547263681592	336	2.7182490821215734e-05
ZKU002.SG	6.734999999999999	-0.011526205166451963	344	2.650038469648124e-05
ZKU002.SG	6.745	0.006151480199923105	289	2.5826037352152038e-05
ZKU002.SG	6.755	0.005753204450272853	308	2.515936053411196e-05
ZKU002.SG	6.765	-0.0035776491079414384	292	2.4500266992111985e-05
ZKU002.SG	6.7749999999999995	0.021988089784699953	296	2.384867046835246e-05
ZKU002.SG	6.785	-0.014386197743861975	275	2.3204485686193612e-05
ZKU002.SG	6.795	0.008759124087591242	275	2.2567628338995535e-05
ZKU002.SG	6.805	-0.006337135614702156	264	2.1938015079084356e-05
ZKU002.SG	6.8149999999999995	-0.00962142954762881	271	2.131556350684444e-05
ZKU002.SG	6.824999999999999	0.027076513344060367	269	2.0700192159934444e-05
ZKU002.SG	6.835	0.012570710245128848	259	2.009182050262598e-05
ZKU002.SG	6.845	-0.026264591439688716	257	1.9490368915263848e-05
ZKU002.SG	6.8549999999999995	-0.00019492702419531528	287	1.8895758683845655e-05
ZKU002.SG	6.864999999999999	-0.02994407727503813	281	1.8307911989720477e-05
ZKU002.SG	6.875	-0.03830330543339481	266	1.772675189940416e-05
ZKU002.SG	6.885	0.011415830546265332	300	1.7152202354511424e-05
ZKU002.SG	6.895	0.005360493165371213	287	1.65841881618009e-05
ZKU002.SG	6.904999999999999	-0.0009614829913658828	323	1.6022634983335373e-05
ZKU002.SG	6.915	0.01584926831548927	293	1.5467469326751907e-05
ZKU002.SG	6.925	-0.01197939543984347	317	1.4918618535644519e-05
ZKU002.SG	6.935	-0.005120327700972863	280	1.4376010780054833e-05
ZKU002.SG	6.944999999999999	-0.010769539883463936	316	1.3839575047071674e-05
ZKU002.SG	6.955	0.02509685436514705	287	1.3309241131537302e-05
ZKU002.SG	6.965	-0.02208289407978694	269	1.278493962685954e-05
ZKU002.SG	6.975	-0.03119557810252139	282	1.2266601915928139e-05
ZKU002.SG	6.984999999999999	-0.019029937340450224	279	1.1754160162134704e-05
ZKU002.SG	6.995	-0.045236947791164654	250	1.124754730049464e-05
ZKU002.SG	7.005	-0.00022586109542631098	231	1.0746697028870327e-05
ZKU002.SG	7.015	-0.01828392320752253	248	1.02515437992936e-05
ZKU002.SG	7.0249999999999995	-0.01716674130467234	232	9.762022809387556e-06
ZKU002.SG	7.035	-0.020803264818593542	284	9.278069993885472e-06
ZKU002.SG	7.045	-0.015732546705998034	226	8.7996220162464e-06
ZKU002.SG	7.055	-0.03218390804597701	261	8.326616260366327e-06
ZKU002.SG	7.0649999999999995	-0.024961541810582532	263	7.858990822383e-06
ZKU002.SG	7.074999999999999	-0.022468026270307636	264	7.396684502574612e-06
ZKU002.SG	7.085	-0.01244343891402715	273	6.939636797350334e-06
ZKU002.SG	7.095	-0.011806756600945463	295	6.4877878913320185e-06
ZKU002.SG	7.1049999999999995	-0.04519128379606784	278	6.04107864952593e-06
ZKU002.SG	7.114999999999999	-0.040671971706454466	261	5.59945060958356e-06
ZKU002.SG	7.125	-0.011297839288236125	292	5.1628459741504755e-06
ZKU002.SG	7.135	0.0064257028112449785	250	4.731207603302156e-06
ZKU002.SG	7.145	-0.012158785082660516	289	4.304479007065937e-06
ZKU002.SG	7.154999999999999	-0.003411820161163611	299	3.8826043380279455e-06
ZKU002.SG	7.165	-0.002593793422880961	255	3.4655283840240834e-06
ZKU002.SG	7.175	0.01786030061892131	261	3.0531965609145305e-06
ZKU002.SG	7.185	-0.013231100098181308	293	2.645554905439726e-06
ZKU002.SG	7.194999999999999	0.022640871842527666	267	2.2425500681582284e-06
ZKU002.SG	7.205	-0.007851797325481536	286	1.8441293064646357e-06
ZKU002.SG	7.215	-0.013235422169332132	263	1.4502404776871964e-06
ZKU002.SG	7.225	-0.01528602754891316	307	1.060832032263352e-06
ZKU002.SG	7.234999999999999	0.007840531561461793	301	6.758530069935677e-07
ZKU002.SG	7.245	-4.044080477201482e-05	315	2.952530183712791e-07
ZKU002.SG	7.255	-0.01065323154433398	323	-8.101774401041145e-08
ZKU002.SG	7.265	0.030874785591766724	265	-4.5300852397815136e-07
ZKU002.SG	7.2749999999999995	0.04834728330259611	266	-8.207680052227745e-07
ZKU002.SG	7.285	0.017490223960184854	291	-1.184344317670737e-06
ZKU002.SG	7.295	-6.374501992031867e-05	251	-1.543785043783068e-06
ZKU002.SG	7.305	-0.020778519867773057	244	-1.8991372247826268e-06
ZKU002.SG	7.3149999999999995	-0.001182732111176818	267	-2.250447366810589e-06
ZKU002.SG	7.324999999999999	0.07204907279367444	238	-2.597761447012694e-06
ZKU002.SG	7.335	0.04620984332964076	356	-2.9411249195567047e-06
ZKU002.SG	7.345	0.0160612334525378	253	-3.2805827215809586e-06
ZKU002.SG	7.3549999999999995	-0.008325038458058095	258	-3.6161792790754928e-06
ZKU002.SG	7.364999999999999	0.010395010395010396	260	-3.947958512696211e-06
ZKU002.SG	7.375	0.0006335128286347808	287	-4.275963843512997e-06
ZKU002.SG	7.385	0.0031877826377047975	329	-4.6002381986921075e-06
ZKU002.SG	7.395	-0.02775800711743772	281	-4.9208240171147185e-06
ZKU002.SG	7.404999999999999	0.00672247984812175	254	-5.2377632549305216e-06
ZKU002.SG	7.415	0.04735496558505408	226	-5.551097391048983e-06
ZKU002.SG	7.425	0.04468628404669261	257	-5.860867432567566e-06
ZKU002.SG	7.435	0.08038277511961722	286	-6.167113920138792e-06
ZKU002.SG	7.444999999999999	0.01981599433828733	315	-6.469876933275699e-06
ZKU002.SG	7.455	0.017587285044293903	304	-6.769196095597299e-06
ZKU002.SG	7.465	0.0030931401477381406	314	-7.065110580014086e-06
ZKU002.SG	7.475	0.005065571002420217	327	-7.357659113854957e-06
ZKU002.SG	7.484999999999999	-0.012759170653907498	286	-7.64687998393546e-06
ZKU002.SG	7.495	-0.013836477987421384	265	-7.932811041568525e-06
ZKU002.SG	7.505	0.010137915144333631	247	-8.2154897075182e-06
ZKU002.SG	7.515	0.0171087741327892	277	-8.494952976897058e-06
ZKU002.SG	7.5249999999999995	0.01974918534610447	247	-8.771237424007837e-06
ZKU002.SG	7.535	-0.012211048713595405	248	-9.044379207130063e-06
ZKU002.SG	7.545	-0.025157232704402517	265	-9.31441407325221e-06
ZKU002.SG	7.555	-0.0148591859952172	294	-9.581377362750015e-06
ZKU002.SG	7.5649999999999995	0.01508423664620609	248	-9.845304014011598e-06
ZKU002.SG	7.574999999999999	-0.02747635639621702	246	-1.0106228568010013e-05
ZKU002.SG	7.585	-0.026529738981600347	247	-1.0364185172823572e-05
ZKU002.SG	7.595	-0.037829766052762566	246	-1.0619207588105171e-05
ZKU002.SG	7.6049999999999995	-0.013622489959839359	250	-1.0871329189500357e-05
ZKU002.SG	7.614999999999999	0.003831306417438248	263	-1.1120582973015363e-05
ZKU002.SG	7.625	0.013758599124452785	247	-1.1367001559335433e-05
ZKU002.SG	7.635	0.024242424242424242	210	-1.1610617198093871e-05
ZKU002.SG	7.645	0.032005362154916006	219	-1.1851461772092812e-05
ZKU002.SG	7.654999999999999	0.1430615164520744	234	-1.2089566801475874e-05
ZKU002.SG	7.665	0.035538283912027256	267	-1.2324963447853123e-05
ZKU002.SG	7.675	0.049505994866565865	239	-1.2557682518379323e-05
ZKU002.SG	7.685	-0.003016318281905105	258	-1.278775446978593e-05
ZKU002.SG	7.694999999999999	0.009684164190601958	234	-1.3015209412366957e-05
ZKU002.SG	7.705	-0.01727345203295243	213	-1.3240077113919605e-05
ZKU002.SG	7.715	-0.01029680315064575	302	-1.346238700364011e-05
ZKU002.SG	7.725	-0.02012409860808318	268	-1.3682168175975254e-05
ZKU002.SG	7.734999999999999	-0.024745269286754003	229	-1.3899449394429926e-05
ZKU002.SG	7.745	-0.004227793514564752	218	-1.4114259095331704e-05
ZKU002.SG	7.755	-0.002693385046326223	273	-1.4326625391552277e-05
ZKU002.SG	7.765	0.04551000141864094	266	-1.4536576076186694e-05
ZKU002.SG	7.7749999999999995	-0.01566803026657041	274	-1.4744138626190767e-05
ZKU002.SG	7.785	-0.012306177701206004	239	-1.4949340205977073e-05
ZKU002.SG	7.795	-0.0011210762331838565	224	-1.5152207670969912e-05
ZKU002.SG	7.805	-0.006984785615491011	241	-1.5352767571120285e-05
ZKU002.SG	7.8149999999999995	0.015628699976320153	206	-1.555104615438026e-05
ZKU002.SG	7.825	0.01159285879897983	228	-1.5747069370138293e-05
ZKU002.SG	7.835	-0.002143845089903181	241	-1.5940862872615207e-05
ZKU002.SG	7.845	0.0030529284884685585	246	-1.6132452024221782e-05
ZKU002.SG	7.8549999999999995	-0.019567078390607805	222	-1.6321861898877923e-05
ZKU002.SG	7.864999999999999	-0.02101548086949547	274	-1.6509117285294206e-05
ZKU002.SG	7.875	-0.010617440352305977	258	-1.6694242690216058e-05
ZKU002.SG	7.885	-0.03200836820083682	240	-1.687726234163095e-05
ZKU002.SG	7.895	-0.019628647214854113	261	-1.7058200191939362e-05
ZKU002.SG	7.904999999999999	-0.0039283344392833435	275	-1.7237079921089398e-05
ZKU002.SG	7.915	-0.008490086426029489	281	-1.7413924939675877e-05
ZKU002.SG	7.925	-0.012342606878017222	284	-1.7588758392004187e-05
ZKU002.SG	7.935	-0.015025476952245528	291	-1.776160315911922e-05
ZKU002.SG	7.944999999999999	0.00339366515837104	273	-1.793248186179993e-05
ZKU002.SG	7.955	-0.023823603953704486	267	-1.8101416863519762e-05
ZKU002.SG	7.965	0.01311249137336094	253	-1.8268430273373448e-05
ZKU002.SG	7.975	-0.002213001383125864	241	-1.84335439489705e-05
ZKU002.SG	7.984999999999999	0.002307969707897585	236	-1.8596779499295782e-05
ZKU002.SG	7.995	-0.01929777539533637	287	-1.8758158287537576e-05
ZKU002.SG	8.005	-0.021562425602829647	243	-1.891770143388337e-05
ZKU002.SG	8.015	-0.013751004016064258	250	-1.9075429818284083e-05
ZKU002.SG	8.025	-0.017117425539198903	254	-1.923136408318651e-05
ZKU002.SG	8.035	-0.01605888256942121	245	-1.938552463623503e-05
ZKU002.SG	8.045	-0.02341509657542363	291	-1.953793165294234e-05
ZKU002.SG	8.055	0.00023760023760023677	260	-1.96886050793299e-05
ZKU002.SG	8.065	-0.014534071216948963	268	-1.983756463453833e-05
ZKU002.SG	8.075	-0.009910019455252918	257	-1.998482981340819e-05
ZKU002.SG	8.084999999999999	0.03017731682837069	245	-2.013041988903123e-05
ZKU002.SG	8.094999999999999	-0.002765295540960941	264	-2.027435391527279e-05
ZKU002.SG	8.105	-0.016324864809713294	243	-2.041665072926545e-05
ZKU002.SG	8.115	-0.020973200909948402	269	-2.0557328953874224e-05
ZKU002.SG	8.125	0.004794225382460676	273	-2.0696407000133926e-05
ZKU002.SG	8.135	0.002073971655720705	264	-2.083390306965863e-05
ZKU002.SG	8.145	-0.011015748242025615	274	-2.0969835157023685e-05
ZKU002.SG	8.155	0.006346916696718354	236	-2.1104221052120893e-05
ZKU002.SG	8.165	0.022495396406708806	284	-2.1237078342486605e-05
ZKU002.SG	8.174999999999999	0.055299539170506916	280	-2.13684244156035e-05
ZKU002.SG	8.185	0.0009293426267596015	271	-2.149827646117624e-05
ZKU002.SG	8.195	0.013251454427925014	273	-2.162665147338087e-05
ZKU002.SG	8.205	0.026944585663446874	281	-2.175356625308923e-05
ZKU002.SG	8.215	0.003201054465000236	292	-2.1879037410067535e-05
ZKU002.SG	8.225	0.015821312238250347	308	-2.2003081365150273e-05
ZKU002.SG	8.235	0.03037867866811997	239	-2.212571435238914e-05
ZKU002.SG	8.245	0.00036370249136206636	235	-2.224695242117771e-05
ZKU002.SG	8.254999999999999	-0.01454856653829696	247	-2.2366811438351877e-05
ZKU002.SG	8.265	-0.026205605635190383	202	-2.2485307090266396e-05
ZKU002.SG	8.275	-0.03288856833754057	236	-2.2602454884847757e-05
ZKU002.SG	8.285	-0.014234875444839859	281	-2.2718270153623872e-05
ZKU002.SG	8.295	0.021241497751564864	298	-2.2832768053730415e-05
ZKU002.SG	8.305	0.00678733031674208	273	-2.2945963569894642e-05
ZKU002.SG	8.315	0.014657823913879276	289	-2.305787151639639e-05
ZKU002.SG	8.325	-0.001036985827860355	264	-2.316850653900689e-05
ZKU002.SG	8.334999999999999	0.0059479553903345715	270	-2.327788311690556e-05
ZKU002.SG	8.344999999999999	-0.040986040986040986	260	-2.3386015564574873e-05
ZKU002.SG	8.355	-0.020813623462630083	302	-2.3492918033673804e-05
ZKU002.SG	8.365	-0.00028587764436821035	265	-2.359860451488978e-05
ZKU002.SG	8.375	0.016457680250783698	320	-2.3703088839769905e-05
ZKU002.SG	8.385	0.02906484845468571	284	-2.3806384682530956e-05
ZKU002.SG	8.395	-0.03253757736516357	261	-2.3908505561849057e-05
ZKU002.SG	8.405	0.05453293825386849	259	-2.4009464842628897e-05
ZKU002.SG	8.415	-0.020085333642933852	263	-2.4109275737752796e-05
ZKU002.SG	8.424999999999999	-0.017387293900611094	295	-2.4207951309810014e-05
ZKU002.SG	8.435	0.020544127405441273	275	-2.4305504472806233e-05
ZKU002.SG	8.445	-0.024896265560165977	241	-2.4401947993853633e-05
ZKU002.SG	8.455	-0.016115761100865367	266	-2.4497294494841832e-05
ZKU002.SG	8.465	-0.007378869008750162	248	-2.4591556454089724e-05
ZKU002.SG	8.475	0.060338825713622646	279	-2.4684746207978535e-05
ZKU002.SG	8.485	-0.022187544332529438	266	-2.47768759525664e-05
ZKU002.SG	8.495	0.029451378288587595	259	-2.4867957745184407e-05
ZKU002.SG	8.504999999999999	-0.024638962569997053	261	-2.4958003506014646e-05
ZKU002.SG	8.515	-0.017220172201722016	271	-2.5047025019650234e-05
ZKU002.SG	8.525	-0.011577604182876351	254	-2.5135033936637553e-05
ZKU002.SG	8.535	0.02791507790801676	292	-2.5222041775001088e-05
ZKU002.SG	8.545	-0.014118434258949479	245	-2.5308059921750757e-05
ZKU002.SG	8.555	-0.011383039271485488	252	-2.539309963437221e-05
ZKU002.SG	8.565	-0.0029739776951672858	270	-2.5477172042300074e-05
ZKU002.SG	8.575	0.017179970668342762	259	-2.5560288148374586e-05
ZKU002.SG	8.584999999999999	-0.02020127275418085	233	-2.5642458830281497e-05
ZKU002.SG	8.595	0.06519574044281008	229	-2.5723694841975736e-05
ZKU002.SG	8.605	-0.004595997034840621	285	-2.580400681508873e-05
ZKU002.SG	8.615	0.0036870607212812537	264	-2.5883405260319893e-05
ZKU002.SG	8.625	-0.004199475065616797	255	-2.5961900568812138e-05
ZKU002.SG	8.635	-0.006285355122564426	259	-2.6039503013511848e-05
ZKU002.SG	8.645	0.0448570586501621	261	-2.611622275051327e-05
ZKU002.SG	8.655	-0.018594007008510334	237	-2.6192069820387728e-05
ZKU002.SG	8.665	-0.019700106656628396	253	-2.6267054149497648e-05
ZKU002.SG	8.674999999999999	-0.010310397221619274	272	-2.6341185551295653e-05
ZKU002.SG	8.685	-0.021051810845581068	227	-2.6414473727608873e-05
ZKU002.SG	8.695	0.030843706777316737	241	-2.64869282699087e-05
ZKU002.SG	8.705	-0.010279219174697308	285	-2.6558558660565985e-05
ZKU002.SG	8.715	-0.01211620542475561	270	-2.6629374274092095e-05
ZKU002.SG	8.725	-0.01304044630404463	240	-2.6699384378365755e-05
ZKU002.SG	8.735	-0.0017289073305670828	241	-2.6768598135845973e-05
ZKU002.SG	8.745	-0.020111810414542384	239	-2.683702460477114e-05
ZKU002.SG	8.754999999999999	-0.005691699604743083	276	-2.6904672740344574e-05
ZKU002.SG	8.765	-0.014330497089117778	232	-2.697155139590646e-05
ZKU002.SG	8.775	0.012342606878017219	284	-2.7037669324092467e-05
ZKU002.SG	8.785	-0.012027204390884142	290	-2.7103035177979407e-05
ZKU002.SG	8.795	-0.006602839220864972	234	-2.7167657512217523e-05
ZKU002.SG	8.805	-0.016162341743737093	259	-2.723154478415014e-05
ZKU002.SG	8.815	-0.0038551562715131494	270	-2.72947053549205e-05
ZKU002.SG	8.825	0.027977868253471132	310	-2.7357147490566017e-05
ZKU002.SG	8.834999999999999	-0.005465139642354833	316	-2.7418879363100028e-05
ZKU002.SG	8.845	0.011122144985104271	266	-2.747990905158139e-05
ZKU002.SG	8.855	-0.012767509727626459	257	-2.7540244543171724e-05
ZKU002.SG	8.865	-0.011843232994831572	278	-2.7599893734180766e-05
ZKU002.SG	8.875	0.012339112860334008	238	-2.7658864431099785e-05
ZKU002.SG	8.885	0.028521617852161785	240	-2.771716435162323e-05
ZKU002.SG	8.895	-0.017826825127334467	248	-2.7774801125658757e-05
ZKU002.SG	8.905	-0.01764658698965268	274	-2.783178229632584e-05
ZKU002.SG	8.915	0.0029368575624082226	228	-2.7888115320942887e-05
ZKU002.SG	8.924999999999999	0.005363655867839518	237	-2.7943807572003254e-05
ZKU002.SG	8.935	0.01534642292936132	211	-2.7998866338140107e-05
ZKU002.SG	8.945	0.016322232460181656	214	-2.805329882508027e-05
ZKU002.SG	8.955	0.00577401692384271	246	-2.810711215658732e-05
ZKU002.SG	8.965	0.041982685972573354	229	-2.816031337539386e-05
ZKU002.SG	8.975	0.03662868136747077	233	-2.8212909444123213e-05
ZKU002.SG	8.985	0.031642116748499725	235	-2.8264907246200718e-05
ZKU002.SG	8.995	0.04401892813909981	234	-2.8316313586754472e-05
ZKU002.SG	9.004999999999999	0.05095238095238096	225	-2.8367135193506056e-05
ZKU002.SG	9.015	-0.03534414031357959	213	-2.841737871765094e-05
ZKU002.SG	9.025	-0.021901443504230962	246	-2.8467050734728962e-05
ZKU002.SG	9.035	0.01754317570465089	227	-2.851615774548489e-05
ZKU002.SG	9.045	-0.021705426356589147	216	-2.8564706176719246e-05
ZKU002.SG	9.055	0.01686182669789227	245	-2.8612702382129326e-05
ZKU002.SG	9.065	0.014854466376714623	245	-2.8660152643140762e-05
ZKU002.SG	9.075	-0.00022586109542631098	231	-2.8707063169729635e-05
ZKU002.SG	9.084999999999999	-0.006088992974238876	245	-2.875344010123511e-05
ZKU002.SG	9.095	0.02791885373811888	266	-2.879928950716301e-05
ZKU002.SG	9.105	0.0460171568627451	256	-2.884461738798004e-05
ZKU002.SG	9.115	0.01998939956083895	282	-2.8889429675899218e-05
ZKU002.SG	9.125	0.014436543848308555	273	-2.8933732235656117e-05
ZKU002.SG	9.135	-0.007437744198088781	292	-2.897753086527652e-05
ZKU002.SG	9.145	0.05800515274199485	286	-2.9020831296835107e-05
ZKU002.SG	9.155	-0.02510460251046025	240	-2.906363919720575e-05
ZKU002.SG	9.165	-0.000243658780244141	287	-2.9105960168803078e-05
ZKU002.SG	9.174999999999999	-0.020922399274517424	249	-2.914779975031568e-05
ZKU002.SG	9.185	0.022502704652001444	236	-2.918916341743105e-05
ZKU002.SG	9.195	-0.011412963956494174	203	-2.9230056583552093e-05
ZKU002.SG	9.205	0.0710801393728223	246	-2.9270484600505726e-05
ZKU002.SG	9.215	0.05069847747606341	277	-2.9310452759243155e-05
ZKU002.SG	9.225	0.027054961089494164	257	-2.934996629053245e-05
ZKU002.SG	9.235	-0.0013703570140641906	236	-2.9389030365642993e-05
ZKU002.SG	9.245	0.001435676562580116	198	-2.9427650097022372e-05
ZKU002.SG	9.254999999999999	-0.005923488276429453	221	-2.946583053896535e-05
ZKU002.SG	9.265	0.029970661250282103	211	-2.9503576688275464e-05
ZKU002.SG	9.275	0.03041738136077759	265	-2.9540893484918825e-05
ZKU002.SG	9.285	-0.011971567527123084	243	-2.957778581267079e-05
ZKU002.SG	9.295	0.006663133186946317	282	-2.9614258499754972e-05
ZKU002.SG	9.305	-0.024567868737387033	262	-2.965031631947524e-05
ZKU002.SG	9.315	-0.017899447222953408	262	-2.968596399084035e-05
ZKU002.SG	9.325	0.02775712515489467	270	-2.972120617918153e-05
ZKU002.SG	9.334999999999999	0.034408602150537634	280	-2.975604749676313e-05
ZKU002.SG	9.345	-0.009403160506725872	248	-2.9790492503386134e-05
ZKU002.SG	9.355	0.001013770381008704	267	-2.982454570698501e-05
ZKU002.SG	9.365	0.013205678441729943	234	-2.9858211564217606e-05
ZKU002.SG	9.375	-0.008749145591250854	210	-2.9891494481048483e-05
ZKU002.SG	9.385	0.04275165176836378	249	-2.992439881332545e-05
ZKU002.SG	9.395	0.03439891296574411	237	-2.9956928867349725e-05
ZKU002.SG	9.405	0.03348790887305095	254	-2.9989088900439416e-05
ZKU002.SG	9.415	0.05553067622033139	232	-3.0020883121486787e-05
ZKU002.SG	9.424999999999999	0.02510460251046025	240	-3.0052315691509002e-05
ZKU002.SG	9.435	0.012511365702855068	235	-3.0083390724192777e-05
ZKU002.SG	9.445	-0.001704949088325834	206	-3.0114112286432654e-05
ZKU002.SG	9.455	-0.011204481792717089	238	-3.0144484398863355e-05
ZKU002.SG	9.465	-0.009470257472625037	218	-3.0174511036385897e-05
ZKU002.SG	9.475	0.0737140110036857	194	-3.020419612868782e-05
ZKU002.SG	9.485	0.027298151750972763	257	-3.0233543560757518e-05
ZKU002.SG	9.495	0.0028232636928289096	253	-3.026255717339261e-05
ZKU002.SG	9.504999999999999	0.06962380685008422	274	-3.029124076370268e-05
ZKU002.SG	9.515	0.055281413144532644	237	-3.031959808560614e-05
ZKU002.SG	9.525	0.013321898227558606	265	-3.0347632850321564e-05
ZKU002.SG	9.535	-0.02197457228064668	277	-3.037534872685337e-05
ZKU002.SG	9.545	-0.026727120868631427	290	-3.040274934247203e-05
ZKU002.SG	9.555	-0.0366421568627451	256	-3.042983828318871e-05
ZKU002.SG	9.565	0.009461940403897754	292	-3.045661909422467e-05
ZKU002.SG	9.575	-0.010236611973911264	262	-3.048309528047517e-05
ZKU002.SG	9.584999999999999	6.273919317397542e-05	253	-3.0509270306968197e-05
ZKU002.SG	9.595	0.09969458987783596	192	-3.0535147599317966e-05
ZKU002.SG	9.605	-0.0006224518377890499	254	-3.056073054417318e-05
ZKU002.SG	9.615	0.09523809523809523	231	-3.058602248966033e-05
ZKU002.SG	9.625	0.05274011671273748	214	-3.06110267458218e-05
ZKU002.SG	9.635	0.03086494566315194	223	-3.0635746585049134e-05
ZKU002.SG	9.645	0.02364943194991885	228	-3.066018524251123e-05
ZKU002.SG	9.655	-0.010936431989063567	210	-3.068434591657783e-05
ZKU002.SG	9.665	-0.002923199574807334	213	-3.0708231769237996e-05
ZKU002.SG	9.674999999999999	0.07219104214812369	234	-3.0731845926514026e-05
ZKU002.SG	9.685	-0.016134598792062124	305	-3.075519147887049e-05
ZKU002.SG	9.695	-0.014265628750728714	242	-3.077827148161876e-05
ZKU002.SG	9.705	0.05659884480306505	263	-3.080108895531679e-05
ZKU002.SG	9.715	0.005864263748837874	237	-3.0823646886164514e-05
ZKU002.SG	9.725	0.04291845493562231	233	-3.084594822639459e-05
ZKU002.SG	9.735	0.006224518377890511	254	-3.086799589465878e-05
ZKU002.SG	9.745	0.019525801952580194	240	-3.088979277640999e-05
ZKU002.SG	9.754999999999999	-0.011157601115760111	240	-3.0911341724279796e-05
ZKU002.SG	9.765	0.042385377730530506	242	-3.093264555845187e-05
ZKU002.SG	9.775	0.056688558589699276	264	-3.095370706703097e-05
ZKU002.SG	9.785	0.06806534272901986	224	-3.0974529006407946e-05
ZKU002.SG	9.795	0.01922254040354169	247	-3.0995114101620375e-05
ZKU002.SG	9.805	0.022267206477732795	209	-3.101546504670926e-05
ZKU002.SG	9.815	-0.010602409638554217	250	-3.103558450507157e-05
ZKU002.SG	9.825	0.02021336327905671	274	-3.105547510980885e-05
ZKU002.SG	9.834999999999999	0.14613566102927805	235	-3.107513946407175e-05
ZKU002.SG	9.845	0.0336239103362391	220	-3.109458014140081e-05
ZKU002.SG	9.855	0.08826848826848827	260	-3.1113799686063176e-05
ZKU002.SG	9.865	0.003461160275319569	226	-3.113280061338563e-05
ZKU002.SG	9.875	0.11424259135634052	263	-3.115158541008376e-05
ZKU002.SG	9.885	-0.01113895850737956	190	-3.11701565345874e-05
ZKU002.SG	9.895	0.01084465313880038	268	-3.1188516417362405e-05
ZKU002.SG	9.905	-0.000914173200661019	239	-3.120666746122869e-05
ZKU002.SG	9.915	0.037555479685899625	203	-3.122461204167472e-05
ZKU002.SG	9.924999999999999	0.061287580183940024	228	-3.12423525071684e-05
ZKU002.SG	9.935	0.10232630033232862	228	-3.125989117946442e-05
ZKU002.SG	9.945	0.044196663030743745	223	-3.12772303539081e-05
ZKU002.SG	9.955	0.03813115441022418	259	-3.129437229973582e-05
ZKU002.SG	9.965	0.02214022140221402	272	-3.1311319260371977e-05
ZKU002.SG	9.975	0.033729670630039635	271	-3.132807345372259e-05
ZKU002.SG	9.985	0.009282500591996212	206	-3.1344637072465586e-05
ZKU002.SG	9.995	0.010881488306787769	214	-3.136101228433773e-05
