target,n,n_snp,chi2,dof,p,Anatolia_N_pct,Anatolia_N_se,Steppe_Yamnaya_pct,Steppe_Yamnaya_se,WHG_pct,WHG_se
Etruscan,57,513493,43.5967132455712,5,8.454466687875174e-08,65.2927306215723,1.2427493384236825,21.939579498585573,2.229328223431525,12.76768987984212,2.3950899089702835
Etruscan_Tuscany,30,512977,39.97798110507681,5,3.6634170365333035e-07,68.96602509721674,1.726669826561827,22.242522742942487,2.6128425397149417,8.791452159840775,2.767417811182521
Etruscan_Lazio,33,513493,50.86185525268764,5,4.5915319606534175e-09,62.34483647546533,1.2479097473775502,23.394725791998788,2.205063110220184,14.260437732535886,2.355902956215285
Latin_Italic,6,507833,30.054945069333,5,2.1381521399560636e-05,67.79972152262785,2.6198631073379617,28.19609187460997,3.957410074781719,4.00418660276218,4.237628048770654
Imperial_Roman,60,513493,284.1488681577907,5,4.787237898435465e-43,72.71993013063138,2.5628865444945386,17.41006966206281,3.8988688122530286,9.87000020730581,5.693485023966997
Italy_BronzeAge,56,513493,45.137490525254286,5,4.542255418171168e-08,76.5004311219358,1.5307158493920872,11.255567358855126,2.220351784079113,12.244001519209066,2.441915731658341
