genetic_id	distance_cm	covariance	n_pairs	fitted_covariance
RNI013.SG	0.025	0.34050632911392403	80	0.24135632039935173
RNI013.SG	0.035	0.29388738331827763	82	0.23884041289554384
RNI013.SG	0.045	0.19807692307692307	65	0.23635685358495345
RNI013.SG	0.05500000000000001	0.2451923076923077	65	0.23390522655181148
RNI013.SG	0.065	0.21420765027322405	61	0.23148512122797138
RNI013.SG	0.075	0.11915535444947209	52	0.22909613232415219
RNI013.SG	0.085	0.12235294117647058	51	0.22673785976206584
RNI013.SG	0.095	-0.008456659619450317	44	0.224409908607417
RNI013.SG	0.10500000000000001	0.2782608695652174	46	0.22211188900376416
RNI013.SG	0.115	0.17610062893081763	54	0.21984341610723154
RNI013.SG	0.125	0.2669172932330827	57	0.21760411002206012
RNI013.SG	0.135	0.14328808446455504	52	0.2153935957369873
RNI013.SG	0.145	0.3698781838316722	43	0.21321150306244485
RNI013.SG	0.155	0.5113636363636364	33	0.21105746656856395
RNI013.SG	0.16499999999999998	0.06765327695560254	44	0.20893112552397766
RNI013.SG	0.175	0.2007843137254902	51	0.20683212383541
RNI013.SG	0.185	0.2578397212543554	42	0.20476010998804198
RNI013.SG	0.195	0.1700404858299595	39	0.20271473698664408
RNI013.SG	0.205	0.041811846689895474	42	0.2006956622974659
RNI013.SG	0.215	0.17417417417417416	37	0.19870254779087287
RNI013.SG	0.225	0.14358974358974358	40	0.1967350596847203
RNI013.SG	0.235	0.08108108108108109	37	0.19479286848845603
RNI013.SG	0.245	0.23170731707317072	41	0.19287564894794101
RNI013.SG	0.255	0.08403361344537814	35	0.1909830799909801
RNI013.SG	0.265	0.27586206896551724	30	0.18911484467355263
RNI013.SG	0.275	0.39420289855072466	46	0.18727063012673478
RNI013.SG	0.28500000000000003	0.19433198380566802	39	0.18545012750430392
RNI013.SG	0.29500000000000004	0.14492753623188406	24	0.1836530319310171
RNI013.SG	0.30500000000000005	0.3742690058479532	19	0.18187904245155406
RNI013.SG	0.315	0.0	29	0.18012786198011724
RNI013.SG	0.325	0.1391304347826087	46	0.17839919725067924
RNI013.SG	0.335	0.2213225371120108	39	0.17669275876787058
RNI013.SG	0.34500000000000003	0.2732732732732733	37	0.17500826075849832
RNI013.SG	0.35500000000000004	0.08484848484848485	45	0.17334542112368836
RNI013.SG	0.36500000000000005	0.189247311827957	31	0.17170396139164323
RNI013.SG	0.375	0.08695652173913043	24	0.17008360667100672
RNI013.SG	0.385	0.4559139784946237	31	0.16848408560482878
RNI013.SG	0.395	-0.008602150537634409	31	0.16690513032512186
RNI013.SG	0.405	0.05641025641025642	40	0.16534647640800182
RNI013.SG	0.41500000000000004	0.25882352941176473	35	0.1638078628294053
RNI013.SG	0.42500000000000004	0.23448275862068965	30	0.16228903192137684
RNI013.SG	0.43500000000000005	0.40459770114942534	30	0.16078972932891772
RNI013.SG	0.445	0.08859357696566998	43	0.15930970396738978
RNI013.SG	0.455	0.1231527093596059	29	0.15784870798046685
RNI013.SG	0.465	0.07804878048780488	41	0.15640649669862688
RNI013.SG	0.47500000000000003	-0.014778325123152709	29	0.1549828285981776
RNI013.SG	0.48500000000000004	0.14260249554367202	34	0.1535774652608094
RNI013.SG	0.49500000000000005	0.16734143049932526	39	0.15219017133366758
RNI013.SG	0.505	-0.04329004329004329	22	0.1508207144899387
RNI013.SG	0.515	0.06258890469416785	38	0.1494688653899432
RNI013.SG	0.525	0.40840840840840836	37	0.1481343976427285
RNI013.SG	0.535	0.10483870967741936	32	0.14681708776815589
RNI013.SG	0.545	0.10227272727272727	33	0.14551671515947454
RNI013.SG	0.555	0.3619047619047619	21	0.14423306204637754
RNI013.SG	0.5650000000000001	0.2898550724637681	24	0.14296591345853185
RNI013.SG	0.5750000000000001	0.3024193548387097	32	0.14171505718957825
RNI013.SG	0.5850000000000001	0.2396135265700483	46	0.14048028376159324
RNI013.SG	0.5950000000000001	0.18181818181818182	33	0.1392613863900085
RNI013.SG	0.605	0.2276923076923077	26	0.1380581609489811
RNI013.SG	0.615	0.06827880512091038	38	0.136870405937209
RNI013.SG	0.625	0.1330049261083744	29	0.13569792244418621
RNI013.SG	0.635	0.3694581280788177	29	0.13454051411689155
RNI013.SG	0.645	-0.03463203463203463	22	0.1333979871269061
RNI013.SG	0.655	-0.04743083003952569	23	0.13227015013795304
RNI013.SG	0.665	0.07954545454545454	33	0.131156814273855
RNI013.SG	0.675	0.12873563218390804	30	0.13005779308690363
RNI013.SG	0.685	0.358974358974359	27	0.1289729025266354
RNI013.SG	0.6950000000000001	0.31620553359683795	23	0.12790196090900924
RNI013.SG	0.7050000000000001	0.291497975708502	39	0.12684478888598036
RNI013.SG	0.7150000000000001	-0.023391812865497075	19	0.12580120941546516
RNI013.SG	0.725	-0.004597701149425287	30	0.12477104773169254
RNI013.SG	0.735	0.2645502645502646	28	0.1237541313159361
RNI013.SG	0.745	-0.02666666666666667	25	0.1227502898676231
RNI013.SG	0.755	0.2898550724637681	24	0.12175935527581441
RNI013.SG	0.765	0.0926916221033868	34	0.12078116159105146
RNI013.SG	0.775	-0.009195402298850575	30	0.11981554499756514
RNI013.SG	0.785	0.24193548387096775	32	0.11886234378584179
RNI013.SG	0.795	0.48677248677248675	28	0.11792139832554224
RNI013.SG	0.805	0.46031746031746035	28	0.1169925510387689
RNI013.SG	0.8150000000000001	0.15686274509803919	34	0.11607564637367646
RNI013.SG	0.8250000000000001	0.20588235294117646	17	0.11517053077842204
RNI013.SG	0.8350000000000001	0.17813765182186234	39	0.11427705267545032
RNI013.SG	0.8450000000000001	0.0761904761904762	36	0.113395062436109
RNI013.SG	0.855	-0.008064516129032258	32	0.11252441235559113
RNI013.SG	0.865	-0.0846774193548387	32	0.111664956628199
RNI013.SG	0.875	0.13043478260869565	24	0.11081655132292675
RNI013.SG	0.885	-0.029556650246305417	29	0.10997905435935632
RNI013.SG	0.895	-0.017094017094017092	27	0.1091523254838637
RNI013.SG	0.905	-0.015810276679841896	23	0.10833622624613101
RNI013.SG	0.915	0.06896551724137931	30	0.10753061997596045
RNI013.SG	0.925	-0.051948051948051945	22	0.10673537176038664
RNI013.SG	0.935	0.0	27	0.10595034842108284
RNI013.SG	0.9450000000000001	0.03692307692307692	26	0.10517541849205805
RNI013.SG	0.9550000000000001	0.18181818181818182	33	0.10441045219764077
RNI013.SG	0.9650000000000001	0.24615384615384614	26	0.10365532143074555
RNI013.SG	0.9750000000000001	-0.035650623885918005	34	0.1029098997314194
RNI013.SG	0.985	-0.06837606837606837	27	0.10217406226566378
RNI013.SG	0.995	0.2118226600985222	29	0.10144768580452893
RNI013.SG	1.005	-0.019704433497536946	29	0.100730648703477
RNI013.SG	1.015	0.0946969696969697	33	0.10002283088201064
RNI013.SG	1.0250000000000001	-0.022727272727272728	33	0.09932411380356318
RNI013.SG	1.0350000000000001	0.0	23	0.0986343804556479
RNI013.SG	1.045	0.0	29	0.09795351533026192
RNI013.SG	1.055	0.0	27	0.09728140440454255
RNI013.SG	1.065	-0.0923076923076923	26	0.09661793512167206
RNI013.SG	1.075	0.11076923076923077	26	0.09596299637202814
RNI013.SG	1.085	0.13071895424836602	18	0.09531647847457655
RNI013.SG	1.095	-0.07258064516129033	32	0.09467827315850312
RNI013.SG	1.105	0.11330049261083744	29	0.09404827354508191
RNI013.SG	1.115	0.29064039408866993	29	0.09342637412977653
RNI013.SG	1.125	0.021739130434782608	24	0.09281247076457147
RNI013.SG	1.135	-0.055172413793103454	30	0.09220646064053065
RNI013.SG	1.145	-0.0960960960960961	37	0.09160824227058037
RNI013.SG	1.155	0.12307692307692307	26	0.09101771547251344
RNI013.SG	1.165	0.08421052631578947	20	0.09043478135221195
RNI013.SG	1.175	0.3768115942028985	24	0.08985934228708559
RNI013.SG	1.185	-0.012307692307692308	26	0.08929130190972316
RNI013.SG	1.195	0.0	27	0.0887305650917541
RNI013.SG	1.205	0.16666666666666666	24	0.08817703792791753
RNI013.SG	1.215	0.13086770981507823	38	0.08763062772033627
RNI013.SG	1.225	0.042328042328042326	28	0.08709124296299275
RNI013.SG	1.235	0.27705627705627706	22	0.08655879332640498
RNI013.SG	1.245	-0.04395604395604395	14	0.08603318964249904
RNI013.SG	1.2550000000000001	-0.0261437908496732	18	0.08551434388967645
RNI013.SG	1.2650000000000001	0.1323529411764706	17	0.08500216917807336
RNI013.SG	1.2750000000000001	0.0	21	0.08449657973500938
RNI013.SG	1.2850000000000001	0.126984126984127	28	0.08399749089062328
RNI013.SG	1.2950000000000002	0.1286549707602339	19	0.0835048190636937
RNI013.SG	1.305	0.11857707509881422	23	0.08301848174764187
RNI013.SG	1.315	0.10526315789473685	19	0.08253839749671457
RNI013.SG	1.325	0.22666666666666666	25	0.08206448591234441
RNI013.SG	1.335	-0.015873015873015872	28	0.0815966676296859
RNI013.SG	1.345	-0.08695652173913043	24	0.08113486430432418
RNI013.SG	1.355	-0.021052631578947368	20	0.08067899859915503
RNI013.SG	1.365	-0.014705882352941176	17	0.0802289941714334
RNI013.SG	1.375	-0.12307692307692308	26	0.07978477565998834
RNI013.SG	1.385	-0.031746031746031744	28	0.07934626867260262
RNI013.SG	1.395	0.013333333333333345	25	0.07891339977355429
RNI013.SG	1.405	0.0	26	0.07848609647131866
RNI013.SG	1.415	0.13043478260869565	24	0.07806428720642831
RNI013.SG	1.425	-0.014705882352941176	17	0.07764790133948919
RNI013.SG	1.435	0.08064516129032258	32	0.07723686913935077
RNI013.SG	1.445	0.08465608465608465	28	0.0768311217714284
RNI013.SG	1.455	0.15270935960591134	29	0.07643059128617567
RNI013.SG	1.465	0.09982174688057041	34	0.07603521060770513
RNI013.SG	1.475	0.16748768472906406	29	0.07564491352255519
RNI013.SG	1.485	0.06666666666666667	25	0.07525963466860158
RNI013.SG	1.495	0.13438735177865613	23	0.07487930952411123
RNI013.SG	1.5050000000000001	0.0	26	0.07450387439693702
RNI013.SG	1.5150000000000001	0.3742690058479532	19	0.07413326641385143
RNI013.SG	1.5250000000000001	-0.04558404558404558	27	0.07376742351001722
RNI013.SG	1.5350000000000001	0.0	28	0.07340628441859368
RNI013.SG	1.5450000000000002	0.13852813852813853	22	0.07304978866047634
RNI013.SG	1.5550000000000002	0.08421052631578947	20	0.07269787653416873
RNI013.SG	1.565	0.22666666666666666	25	0.0723504891057843
RNI013.SG	1.575	0.035087719298245626	19	0.07200756819917688
RNI013.SG	1.585	-0.03636363636363636	11	0.0716690563861981
RNI013.SG	1.595	-0.036923076923076927	26	0.07133489697707998
RNI013.SG	1.605	-0.06837606837606837	27	0.07100503401094127
RNI013.SG	1.615	0.08666666666666667	25	0.07067941224641583
RNI013.SG	1.625	-0.009852216748768473	29	0.07035797715240141
RNI013.SG	1.635	0.11333333333333333	25	0.07004067489892758
RNI013.SG	1.645	0.33918128654970764	19	0.06972745234814082
RNI013.SG	1.655	0.13999999999999999	25	0.06941825704540575
RNI013.SG	1.665	-0.03463203463203463	22	0.06911303721052062
RNI013.SG	1.675	-0.007905138339920943	23	0.06881174172904585
RNI013.SG	1.685	0.25108225108225113	22	0.06851432014374394
RNI013.SG	1.695	0.26373626373626374	14	0.06822072264612963
RNI013.SG	1.705	0.0	18	0.06793090006812844
RNI013.SG	1.715	0.0	18	0.06764480387384281
RNI013.SG	1.725	-0.03809523809523809	21	0.0673623861514237
RNI013.SG	1.735	0.14736842105263157	20	0.06708359960504705
RNI013.SG	1.745	0.09655172413793103	30	0.06680839754699319
RNI013.SG	1.7550000000000001	0.12121212121212122	22	0.06653673388982821
RNI013.SG	1.7650000000000001	-0.017316017316017316	22	0.06626856313868573
RNI013.SG	1.7750000000000001	-0.013333333333333334	25	0.0660038403836481
RNI013.SG	1.7850000000000001	-0.21818181818181817	11	0.06574252129222531
RNI013.SG	1.7950000000000002	0.2333333333333333	25	0.06548456210193082
RNI013.SG	1.8050000000000002	0.0967741935483871	32	0.06522991961295277
RNI013.SG	1.815	0.40579710144927533	24	0.06497855118091933
RNI013.SG	1.825	0.11594202898550726	24	0.06473041470975721
RNI013.SG	1.835	0.6549707602339182	19	0.06448546864464196
RNI013.SG	1.845	-0.036231884057971016	24	0.06424367196503877
RNI013.SG	1.855	0.17142857142857143	21	0.06400498417783299
RNI013.SG	1.865	0.19964349376114082	34	0.06376936531054875
RNI013.SG	1.875	0.16615384615384612	26	0.06353677590465491
RNI013.SG	1.885	0.13043478260869565	24	0.06330717700895702
RNI013.SG	1.895	-0.03333333333333333	16	0.06308053017307426
RNI013.SG	1.905	-0.03463203463203463	22	0.06285679744100021
RNI013.SG	1.915	0.0	20	0.06263594134474658
RNI013.SG	1.925	-0.03508771929824561	19	0.0624179248980683
RNI013.SG	1.935	0.15931721194879092	38	0.062202711590269764
RNI013.SG	1.945	-0.09523809523809525	36	0.06199026538009032
RNI013.SG	1.955	-0.02279202279202279	27	0.061780550689668576
RNI013.SG	1.965	-0.06666666666666667	21	0.06157353239858428
RNI013.SG	1.975	0.5396825396825397	28	0.06136917583797672
RNI013.SG	1.985	0.10526315789473684	20	0.06116744678473888
RNI013.SG	1.995	0.5270935960591133	29	0.060968311455786156
RNI013.SG	2.005	0.456140350877193	19	0.060771736502398775
RNI013.SG	2.015	0.36601307189542487	18	0.06057768900463695
RNI013.SG	2.025	0.46315789473684216	20	0.06038613646582791
RNI013.SG	2.035	0.06521739130434782	24	0.06019704680712367
RNI013.SG	2.045	0.20307692307692307	26	0.06001038836212899
RNI013.SG	2.055	0.3790849673202614	18	0.05982612987159815
RNI013.SG	2.065	0.15686274509803924	18	0.05964424047820009
RNI013.SG	2.075	0.08615384615384615	26	0.05946468972135086
RNI013.SG	2.085	0.1251778093883357	38	0.05928744753211238
RNI013.SG	2.095	0.22660098522167488	29	0.059112484228156875
RNI013.SG	2.105	0.2064516129032258	31	0.058939770508796105
RNI013.SG	2.115	0.303448275862069	30	0.058769277450074375
RNI013.SG	2.125	-0.09523809523809523	21	0.05860097649992479
RNI013.SG	2.1350000000000002	-0.0522875816993464	18	0.0584348394733876
RNI013.SG	2.145	-0.0784313725490196	18	0.058270838547890245
RNI013.SG	2.1550000000000002	-0.033333333333333326	25	0.05810894625858791
RNI013.SG	2.165	-0.06666666666666667	25	0.057949135493764056
RNI013.SG	2.1750000000000003	-0.1	16	0.057791379490290104
RNI013.SG	2.185	0.09852216748768473	29	0.05763565182914348
RNI013.SG	2.1950000000000003	0.02941176470588236	17	0.05748192643098325
RNI013.SG	2.205	0.6081871345029239	19	0.05733017755178273
RNI013.SG	2.215	0.19117647058823528	17	0.05718037977851813
RNI013.SG	2.225	-0.04433497536945813	29	0.057032508024912734
RNI013.SG	2.235	-0.11428571428571428	21	0.05688653752723581
RNI013.SG	2.245	0.3526881720430108	31	0.05674244384015535
RNI013.SG	2.255	0.08870967741935484	32	0.05660020283264443
RNI013.SG	2.265	0.2276923076923077	26	0.05645979068393988
RNI013.SG	2.275	0.17094017094017094	27	0.056321183879553254
RNI013.SG	2.285	0.12631578947368421	20	0.05618435920733275
RNI013.SG	2.295	0.06	25	0.056049293753576056
RNI013.SG	2.305	0.08571428571428572	21	0.055915964899192955
RNI013.SG	2.315	0.3103448275862069	29	0.055784350315917414
RNI013.SG	2.325	0.2055335968379447	23	0.05565442796256827
RNI013.SG	2.335	0.33230769230769225	26	0.055526176081358146
RNI013.SG	2.345	-0.02857142857142857	21	0.05539957319424959
RNI013.SG	2.355	0.18719211822660098	29	0.055274598099358314
RNI013.SG	2.365	-0.2068965517241379	29	0.05515122986740249
RNI013.SG	2.375	0.5144927536231884	24	0.05502944783819784
RNI013.SG	2.3850000000000002	0.45588235294117646	17	0.05490923161719764
RNI013.SG	2.395	-0.03463203463203463	22	0.054790561072077394
RNI013.SG	2.4050000000000002	0.0	20	0.05467341632936322
RNI013.SG	2.415	0.024630541871921183	29	0.05455777777110376
RNI013.SG	2.4250000000000003	0.25333333333333335	25	0.05444362603158477
RNI013.SG	2.435	0.0	19	0.05433094199408603
RNI013.SG	2.4450000000000003	0.04411764705882354	17	0.05421970678767985
RNI013.SG	2.455	0.0	12	0.054109901784070866
RNI013.SG	2.465	0.0	20	0.05400150859447636
RNI013.SG	2.475	-0.10144927536231885	24	0.053894509066546734
RNI013.SG	2.485	-0.21052631578947367	20	0.05378888528132562
RNI013.SG	2.495	0.12666666666666668	25	0.053684619550248995
RNI013.SG	2.505	0.3088235294117647	17	0.05358169441218293
RNI013.SG	2.515	0.20289855072463767	24	0.05348009263049943
RNI013.SG	2.525	0.13756613756613756	28	0.05337979719018984
RNI013.SG	2.535	-0.012096774193548387	32	0.053280791295015374
RNI013.SG	2.545	0.06666666666666668	21	0.05318305836469432
RNI013.SG	2.555	0.26666666666666666	15	0.05308658203212535
RNI013.SG	2.565	0.4117647058823529	17	0.05299134614064658
RNI013.SG	2.575	0.08064516129032258	32	0.05289733474132983
RNI013.SG	2.585	-0.04743083003952569	23	0.05280453209030973
RNI013.SG	2.595	-0.06881720430107527	31	0.052712922646147096
RNI013.SG	2.605	-0.029411764705882353	17	0.052622491067226274
RNI013.SG	2.615	0.22666666666666666	25	0.05253322220918586
RNI013.SG	2.625	0.2857142857142857	14	0.052445101122382605
RNI013.SG	2.6350000000000002	0.09999999999999999	25	0.052358113049387735
RNI013.SG	2.645	-0.10389610389610389	22	0.05227224342251563
RNI013.SG	2.6550000000000002	0.10869565217391304	24	0.05218747786138417
RNI013.SG	2.665	0.08374384236453203	29	0.05210380217050648
RNI013.SG	2.6750000000000003	0.38961038961038963	22	0.0520212023369137
RNI013.SG	2.685	0.30039525691699603	23	0.05193966452780822
RNI013.SG	2.6950000000000003	0.29473684210526313	20	0.051859175088247104
RNI013.SG	2.705	0.17142857142857143	15	0.051779720538855434
RNI013.SG	2.715	0.16176470588235292	17	0.05170128757356884
RNI013.SG	2.725	0.49122807017543857	19	0.05162386305740521
RNI013.SG	2.735	0.32727272727272727	11	0.05154743402426506
RNI013.SG	2.745	0.39999999999999997	25	0.05147198767476001
RNI013.SG	2.755	0.21693121693121695	28	0.05139751137406942
RNI013.SG	2.765	-0.023391812865497075	19	0.05132399264982439
RNI013.SG	2.775	0.24615384615384614	26	0.051251419190019076
RNI013.SG	2.785	0.26666666666666666	15	0.05117977884094884
RNI013.SG	2.795	0.36764705882352944	17	0.05110905960517485
RNI013.SG	2.805	0.32352941176470584	17	0.05103924963951495
RNI013.SG	2.815	0.23529411764705882	17	0.05097033725306027
RNI013.SG	2.825	-0.07017543859649122	19	0.05090231090521739
RNI013.SG	2.835	-0.019047619047619046	15	0.05083515920377571
RNI013.SG	2.845	-0.009523809523809523	21	0.05076887090299951
RNI013.SG	2.855	0.0	19	0.05070343490174479
RNI013.SG	2.865	0.0	22	0.05063884024160009
RNI013.SG	2.875	-0.014705882352941176	17	0.05057507610505136
RNI013.SG	2.8850000000000002	-0.011695906432748537	19	0.05051213181367034
RNI013.SG	2.895	0.0	12	0.050449996826326324
RNI013.SG	2.9050000000000002	0.0	14	0.05038866073742079
RNI013.SG	2.915	0.0	13	0.050328113275144866
RNI013.SG	2.9250000000000003	-0.16666666666666666	16	0.05026834429975908
RNI013.SG	2.935	-0.05714285714285714	21	0.05020934380189533
RNI013.SG	2.9450000000000003	-0.04329004329004329	22	0.0501511019008806
RNI013.SG	2.955	0.0	24	0.0500936088430823
RNI013.SG	2.965	-0.036923076923076927	26	0.05003685500027482
RNI013.SG	2.975	0.17316017316017315	22	0.049980830868027126
RNI013.SG	2.985	-0.021052631578947368	20	0.049925527064111075
RNI013.SG	2.995	-0.029411764705882353	17	0.0498709343269302
RNI013.SG	3.005	0.22058823529411764	17	0.049817043513968685
RNI013.SG	3.015	0.17391304347826086	23	0.0497638456002603
RNI013.SG	3.025	0.1476923076923077	26	0.049711331676877
RNI013.SG	3.035	-0.008658008658008658	22	0.04965949294943697
RNI013.SG	3.045	-0.029411764705882353	17	0.04960832073663185
RNI013.SG	3.055	-0.10389610389610389	22	0.04955780646877292
RNI013.SG	3.065	0.0	26	0.0495079416863559
RNI013.SG	3.075	0.15019762845849802	23	0.04945871803864433
RNI013.SG	3.085	0.0	19	0.049410127282271024
RNI013.SG	3.095	0.3111111111111111	10	0.04936216127985762
RNI013.SG	3.105	0.0	24	0.049314811998651814
RNI013.SG	3.115	-0.011695906432748537	19	0.04926807150918212
RNI013.SG	3.125	-0.009523809523809523	21	0.049221931983929976
RNI013.SG	3.1350000000000002	-0.07619047619047618	15	0.04917638569601885
RNI013.SG	3.145	0.08275862068965517	30	0.049131425017920276
RNI013.SG	3.1550000000000002	-0.042105263157894736	20	0.049087042420176454
RNI013.SG	3.165	0.0	18	0.04904323047013932
RNI013.SG	3.1750000000000003	-0.04411764705882353	17	0.04899998183072586
RNI013.SG	3.185	0.0	18	0.0489572892591893
RNI013.SG	3.1950000000000003	0.0	14	0.04891514560590626
RNI013.SG	3.205	-0.023391812865497075	19	0.048873543813179404
RNI013.SG	3.2150000000000003	0.0	11	0.04883247691405546
RNI013.SG	3.225	0.0	18	0.04879193803115854
RNI013.SG	3.235	-0.042105263157894736	20	0.04875192037553838
RNI013.SG	3.245	-0.04678362573099415	19	0.048712417245533386
RNI013.SG	3.255	0.0	28	0.048673422025648366
RNI013.SG	3.265	-0.014705882352941176	17	0.04863492818544662
RNI013.SG	3.275	0.0	20	0.048596929278456304
RNI013.SG	3.285	-0.031578947368421054	20	0.04855941894109087
RNI013.SG	3.295	0.0	10	0.04852239089158336
RNI013.SG	3.305	-0.021739130434782608	24	0.048485838928934426
RNI013.SG	3.315	0.38000000000000006	25	0.04844975693187384
RNI013.SG	3.325	0.31620553359683795	23	0.04841413885783538
RNI013.SG	3.335	-0.06315789473684211	20	0.048378978741944946
RNI013.SG	3.345	0.24175824175824176	14	0.048344270696021575
RNI013.SG	3.355	0.0	17	0.048310008907591385
RNI013.SG	3.365	0.0	17	0.04827618763891418
RNI013.SG	3.375	0.3333333333333333	16	0.048242801226022564
RNI013.SG	3.3850000000000002	-0.16666666666666666	16	0.0482098440777734
RNI013.SG	3.395	0.23076923076923075	13	0.048177310674911475
RNI013.SG	3.4050000000000002	-0.09090909090909091	12	0.04814519556914521
RNI013.SG	3.415	-0.19047619047619047	15	0.04811349338223425
RNI013.SG	3.4250000000000003	-0.05	16	0.04808219880508878
RNI013.SG	3.435	-0.08547008547008547	27	0.04805130659688042
RNI013.SG	3.4450000000000003	-0.025974025974025972	22	0.04802081158416455
RNI013.SG	3.455	-0.023391812865497075	19	0.04799070866001394
RNI013.SG	3.4650000000000003	0.2545454545454545	11	0.0479609927831635
RNI013.SG	3.475	0.15019762845849802	23	0.047931658977166045
RNI013.SG	3.485	-0.25	16	0.04790270232955886
RNI013.SG	3.495	0.0	18	0.047874117991041056
RNI013.SG	3.505	0.2	16	0.047845901174661476
RNI013.SG	3.515	-0.016666666666666666	16	0.047818047155017016
RNI013.SG	3.525	-0.0392156862745098	18	0.04779055126746126
RNI013.SG	3.535	0.1476923076923077	26	0.04776340890732335
RNI013.SG	3.545	-0.06666666666666665	21	0.04773661552913679
RNI013.SG	3.555	-0.04678362573099415	19	0.0477101666458783
RNI013.SG	3.565	-0.025974025974025972	22	0.04768405782821631
RNI013.SG	3.575	-0.010526315789473684	20	0.047658284703769246
RNI013.SG	3.585	0.0	25	0.04763284295637328
RNI013.SG	3.595	-0.010526315789473684	20	0.04760772832535949
RNI013.SG	3.605	0.0	18	0.047582936604840385
RNI013.SG	3.615	0.0	10	0.0475584636430055
RNI013.SG	3.625	0.08695652173913043	23	0.04753430534142615
RNI013.SG	3.6350000000000002	0.3508771929824561	19	0.04751045765436904
RNI013.SG	3.645	0.0	26	0.04748691658811875
RNI013.SG	3.6550000000000002	0.0	17	0.04746367820030893
RNI013.SG	3.665	0.11764705882352941	18	0.04744073859926205
RNI013.SG	3.6750000000000003	0.0	19	0.047418093943337715
RNI013.SG	3.685	0.24242424242424243	22	0.047395740440289255
RNI013.SG	3.6950000000000003	0.24242424242424246	12	0.04737367434662871
RNI013.SG	3.705	-0.019047619047619042	15	0.047351891966999855
RNI013.SG	3.7150000000000003	0.4666666666666667	16	0.04733038965355941
RNI013.SG	3.725	0.0	17	0.04730916380536609
RNI013.SG	3.735	0.0	17	0.047288210867777604
RNI013.SG	3.745	0.16666666666666666	16	0.04726752733185534
RNI013.SG	3.755	0.0	8	0.04724710973377675
RNI013.SG	3.765	0.07843137254901962	18	0.04722695465425525
RNI013.SG	3.775	-0.09090909090909091	12	0.047207058717967626
RNI013.SG	3.785	0.16374269005847955	19	0.04718741859298877
RNI013.SG	3.795	0.0	18	0.047168030990233666
RNI013.SG	3.805	-0.03333333333333333	25	0.047148892662906616
RNI013.SG	3.815	-0.03508771929824561	19	0.047130000405957474
RNI013.SG	3.825	-0.012903225806451613	31	0.047111351055544905
RNI013.SG	3.835	0.0	19	0.04709294148850658
RNI013.SG	3.845	-0.031578947368421054	20	0.04707476862183609
RNI013.SG	3.855	0.4415584415584416	22	0.0470568294121667
RNI013.SG	3.865	0.26373626373626374	14	0.047039120855261636
RNI013.SG	3.875	0.18333333333333332	16	0.04702163998551101
RNI013.SG	3.8850000000000002	0.17543859649122806	19	0.04700438387543515
RNI013.SG	3.895	0.0	18	0.04698734963519437
RNI013.SG	3.9050000000000002	0.0	22	0.046970534412104956
RNI013.SG	3.915	0.0	22	0.04695393539016153
RNI013.SG	3.9250000000000003	0.0	20	0.04693754978956536
RNI013.SG	3.935	0.0	17	0.0469213748662589
RNI013.SG	3.9450000000000003	0.0	21	0.04690540791146623
RNI013.SG	3.955	0.0	12	0.04688964625123942
RNI013.SG	3.9650000000000003	0.30303030303030304	12	0.04687408724601072
RNI013.SG	3.975	-0.014705882352941176	17	0.04685872829015055
RNI013.SG	3.9850000000000003	-0.04395604395604395	14	0.046843566811531116
RNI013.SG	3.995	-0.025974025974025972	22	0.04682860027109565
RNI013.SG	4.005	-0.015810276679841896	23	0.04681382616243324
RNI013.SG	4.015	-0.021052631578947368	20	0.04679924201135907
RNI013.SG	4.0249999999999995	0.0	27	0.04678484537550003
RNI013.SG	4.034999999999999	-0.06521739130434782	24	0.046770633843885794
RNI013.SG	4.045	-0.024615384615384615	26	0.04675660503654495
RNI013.SG	4.055	-0.036923076923076927	26	0.04674275660410651
RNI013.SG	4.0649999999999995	-0.02857142857142857	21	0.04672908622740645
RNI013.SG	4.074999999999999	-0.07619047619047618	15	0.04671559161709931
RNI013.SG	4.085	-0.0522875816993464	18	0.046702270513274795
RNI013.SG	4.095	0.04678362573099415	19	0.04668912068507935
RNI013.SG	4.1049999999999995	-0.07619047619047618	15	0.046676139930342524
RNI013.SG	4.114999999999999	-0.06926406926406926	22	0.04666332607520821
RNI013.SG	4.125	-0.05555555555555555	9	0.04665067697377057
RNI013.SG	4.135	0.17777777777777778	10	0.046638190507714686
RNI013.SG	4.145	-0.20512820512820515	13	0.04662586458596178
RNI013.SG	4.154999999999999	0.0	19	0.04661369714431908
RNI013.SG	4.165	-0.05161290322580645	31	0.04660168614513406
RNI013.SG	4.175	0.15019762845849802	23	0.04658982957695328
RNI013.SG	4.185	0.0	18	0.04657812545418547
RNI013.SG	4.194999999999999	0.0	17	0.046566571816769035
RNI013.SG	4.205	0.05714285714285713	15	0.046555166729843805
RNI013.SG	4.215	0.0	18	0.046543908283427
RNI013.SG	4.225	-0.0130718954248366	18	0.04653279459209339
RNI013.SG	4.234999999999999	-0.04395604395604395	14	0.04652182379465952
RNI013.SG	4.244999999999999	0.14285714285714285	21	0.04651099405387206
RNI013.SG	4.255	0.06521739130434782	24	0.04650030355610007
RNI013.SG	4.265	0.0	16	0.04648975051103133
RNI013.SG	4.2749999999999995	-0.06666666666666667	16	0.04647933315137249
RNI013.SG	4.284999999999999	-0.06593406593406594	14	0.0464690497325531
RNI013.SG	4.295	0.11666666666666667	16	0.046458898532433485
RNI013.SG	4.305	0.0	11	0.04644887785101632
RNI013.SG	4.3149999999999995	0.23333333333333334	16	0.046438986010161915
RNI013.SG	4.324999999999999	0.0	15	0.046429221353307217
RNI013.SG	4.335	0.0	8	0.04641958224518838
RNI013.SG	4.345	-0.03809523809523809	21	0.0464100670715669
RNI013.SG	4.3549999999999995	0.0	14	0.04640067423895928
RNI013.SG	4.364999999999999	-0.07272727272727272	11	0.04639140217437019
RNI013.SG	4.375	0.0	13	0.046382249325029046
RNI013.SG	4.385	0.20952380952380953	15	0.04637321415812993
RNI013.SG	4.395	-0.021052631578947368	20	0.04636429516057494
RNI013.SG	4.404999999999999	0.0	16	0.046355490838720786
RNI013.SG	4.415	0.23076923076923075	13	0.04634679971812862
RNI013.SG	4.425	0.0	14	0.04633822034331716
RNI013.SG	4.435	-0.0392156862745098	18	0.04632975127751891
RNI013.SG	4.444999999999999	0.0	12	0.04632139110243958
RNI013.SG	4.455	-0.03333333333333333	16	0.04631313841802053
RNI013.SG	4.465	0.0	21	0.046304991842204345
RNI013.SG	4.475	-0.1142857142857143	15	0.046296950010703344
RNI013.SG	4.484999999999999	-0.058823529411764705	17	0.04628901157677114
RNI013.SG	4.495	0.17142857142857143	21	0.04628117521097709
RNI013.SG	4.505	-0.042105263157894736	20	0.046273439600983665
RNI013.SG	4.515	0.0	14	0.04626580345132666
RNI013.SG	4.5249999999999995	0.0	15	0.046258265483198245
RNI013.SG	4.534999999999999	0.0	15	0.04625082443423285
RNI013.SG	4.545	-0.0606060606060606	12	0.04624347905829569
RNI013.SG	4.555	0.0	10	0.046236228125274156
RNI013.SG	4.5649999999999995	0.20588235294117646	17	0.04622907042087172
RNI013.SG	4.574999999999999	0.0	18	0.04622200474640468
RNI013.SG	4.585	-0.021052631578947368	20	0.04621502991860132
RNI013.SG	4.595	0.0	15	0.046208144769403825
RNI013.SG	4.6049999999999995	-0.03463203463203463	22	0.046201348145772654
RNI013.SG	4.614999999999999	-0.06926406926406926	22	0.04619463890949341
RNI013.SG	4.625	0.15204678362573099	19	0.04618801593698625
RNI013.SG	4.635	-0.014705882352941176	17	0.046181478119117735
RNI013.SG	4.645	0.0	16	0.046175024361015046
RNI013.SG	4.654999999999999	-0.03809523809523809	15	0.04616865358188268
RNI013.SG	4.665	-0.08823529411764706	17	0.04616236471482141
RNI013.SG	4.675	0.0	24	0.04615615670664963
RNI013.SG	4.685	-0.025974025974025972	22	0.04615002851772698
RNI013.SG	4.694999999999999	0.0	15	0.04614397912178024
RNI013.SG	4.705	0.0	17	0.046138007505731465
RNI013.SG	4.715	0.0	17	0.046132112669528325
RNI013.SG	4.725	-0.04411764705882353	17	0.04612629362597662
RNI013.SG	4.734999999999999	-0.17543859649122806	19	0.04612054940057497
RNI013.SG	4.745	0.0	31	0.04611487903135162
RNI013.SG	4.755	0.0	9	0.04610928156870332
RNI013.SG	4.765	-0.011695906432748537	19	0.04610375607523633
RNI013.SG	4.7749999999999995	-0.03162055335968379	23	0.046098301625609385
RNI013.SG	4.784999999999999	-0.014492753623188404	24	0.04609291730637879
RNI013.SG	4.795	-0.02279202279202279	27	0.046087602215845416
RNI013.SG	4.805	-0.03809523809523809	15	0.046082355463903706
RNI013.SG	4.8149999999999995	-0.010526315789473684	20	0.046077176171892574
RNI013.SG	4.824999999999999	-0.013333333333333334	25	0.04607206347244833
RNI013.SG	4.835	-0.0879120879120879	14	0.04606701650935934
RNI013.SG	4.845	0.07311827956989246	31	0.04606203443742272
RNI013.SG	4.8549999999999995	0.0	20	0.04605711642230273
RNI013.SG	4.864999999999999	-0.07692307692307693	13	0.04605226164039108
RNI013.SG	4.875	-0.02279202279202279	27	0.046047469278668984
RNI013.SG	4.885	-0.11764705882352941	18	0.04604273853457104
RNI013.SG	4.895	-0.03809523809523809	15	0.04603806861585078
RNI013.SG	4.904999999999999	-0.04678362573099415	19	0.04603345874044803
RNI013.SG	4.915	0.0	14	0.046028908136357925
RNI013.SG	4.925	-0.0606060606060606	12	0.04602441604150161
RNI013.SG	4.935	0.0	11	0.046019981703598674
RNI013.SG	4.944999999999999	-0.02	25	0.04601560438004107
RNI013.SG	4.955	0.0	20	0.046011283337768855
RNI013.SG	4.965	0.0	24	0.04600701785314735
RNI013.SG	4.975	-0.051948051948051945	22	0.046002807211846
RNI013.SG	4.984999999999999	-0.058823529411764705	17	0.04599865070871871
RNI013.SG	4.995	-0.17142857142857143	15	0.04599454764768581
RNI013.SG	5.005	-0.10256410256410257	13	0.04599049734161742
RNI013.SG	5.015	-0.0261437908496732	18	0.045986499112218415
RNI013.SG	5.0249999999999995	0.0	19	0.04598255228991484
RNI013.SG	5.034999999999999	-0.02898550724637681	24	0.045978656213741746
RNI013.SG	5.045	-0.06666666666666667	16	0.045974810231232524
RNI013.SG	5.055	-0.17543859649122806	19	0.04597101369830964
RNI013.SG	5.0649999999999995	-0.1212121212121212	12	0.045967265979176754
RNI013.SG	5.074999999999999	0.0	12	0.04596356644621226
RNI013.SG	5.085	-0.0606060606060606	12	0.04595991447986417
RNI013.SG	5.095	0.0	16	0.045956309468546376
RNI013.SG	5.1049999999999995	-0.018461538461538463	26	0.0459527508085362
RNI013.SG	5.114999999999999	0.0	19	0.04594923790387332
RNI013.SG	5.125	0.0	23	0.045945770166259954
RNI013.SG	5.135	-0.044444444444444446	10	0.04594234701496234
RNI013.SG	5.145	-0.04395604395604395	14	0.04593896787671345
RNI013.SG	5.154999999999999	0.0	15	0.04593563218561707
RNI013.SG	5.165	0.0	13	0.04593233938305292
RNI013.SG	5.175	-0.20512820512820515	13	0.04592908891758321
RNI013.SG	5.185	-0.019047619047619046	15	0.04592588024486021
RNI013.SG	5.194999999999999	-0.029411764705882353	17	0.04592271282753514
RNI013.SG	5.205	-0.021052631578947368	20	0.04591958613516815
RNI013.SG	5.215	-0.10526315789473684	19	0.04591649964413951
RNI013.SG	5.225	0.0	9	0.045913452837561916
RNI013.SG	5.234999999999999	0.0	12	0.04591044520519391
RNI013.SG	5.245	-0.0606060606060606	12	0.04590747624335446
RNI013.SG	5.255	0.0	21	0.04590454545483859
RNI013.SG	5.265	-0.014705882352941176	17	0.045901652348834115
RNI013.SG	5.2749999999999995	0.0	17	0.04589879644083946
RNI013.SG	5.284999999999999	0.0	16	0.045895977252582515
RNI013.SG	5.295	0.0	12	0.04589319431194051
RNI013.SG	5.305	-0.009523809523809523	21	0.045890447152861016
RNI013.SG	5.3149999999999995	0.0	24	0.04588773531528383
RNI013.SG	5.324999999999999	0.0	23	0.04588505834506396
RNI013.SG	5.335	-0.025974025974025972	22	0.045882415793895584
RNI013.SG	5.345	-0.02666666666666667	25	0.04587980721923693
RNI013.SG	5.3549999999999995	-0.025974025974025972	22	0.04587723218423622
RNI013.SG	5.364999999999999	0.0	18	0.04587469025765846
RNI013.SG	5.375	-0.03333333333333333	16	0.045872181013813254
RNI013.SG	5.385	0.0	12	0.045869704032483506
RNI013.SG	5.395	-0.011695906432748537	19	0.045867258898855054
RNI013.SG	5.404999999999999	0.0	12	0.04586484520344717
RNI013.SG	5.415	0.15584415584415584	22	0.04586246254204404
RNI013.SG	5.425	0.18947368421052632	20	0.04586011051562702
RNI013.SG	5.435	-0.07619047619047618	15	0.045857788730307845
RNI013.SG	5.444999999999999	0.0	16	0.045855496797262654
RNI013.SG	5.455	-0.010526315789473684	20	0.04585323433266687
RNI013.SG	5.465	0.0	21	0.04585100095763093
RNI013.SG	5.475	-0.007905138339920948	23	0.045848796298136825
RNI013.SG	5.484999999999999	-0.09090909090909091	12	0.04584661998497548
RNI013.SG	5.495	0.13999999999999999	25	0.04584447165368491
RNI013.SG	5.505	0.0	22	0.04584235094448918
RNI013.SG	5.515	-0.04395604395604395	14	0.04584025750223816
RNI013.SG	5.5249999999999995	0.0	14	0.04583819097634807
RNI013.SG	5.534999999999999	-0.03809523809523809	15	0.04583615102074274
RNI013.SG	5.545	-0.0261437908496732	18	0.04583413729379564
RNI013.SG	5.555	0.0	9	0.045832149458272714
RNI013.SG	5.5649999999999995	-0.03636363636363636	11	0.045830187181275885
RNI013.SG	5.574999999999999	-0.042105263157894736	20	0.04582825013418728
RNI013.SG	5.585	-0.07692307692307693	13	0.04582633799261425
RNI013.SG	5.595	-0.03463203463203463	22	0.04582445043633498
RNI013.SG	5.6049999999999995	0.0	13	0.045822587149244906
RNI013.SG	5.614999999999999	-0.06666666666666667	25	0.045820747819303786
RNI013.SG	5.625	0.0	10	0.04581893213848341
RNI013.SG	5.635	0.18947368421052632	20	0.045817139802716025
RNI013.SG	5.645	0.0	15	0.045815370511843416
RNI013.SG	5.654999999999999	0.19117647058823528	17	0.04581362396956667
RNI013.SG	5.665	0.18181818181818182	12	0.04581189988339649
RNI013.SG	5.675	0.1323529411764706	17	0.045810197964604275
RNI013.SG	5.685	0.0	24	0.04580851792817373
RNI013.SG	5.694999999999999	-0.07272727272727272	11	0.045806859492753156
RNI013.SG	5.705	0.0	13	0.04580522238060831
RNI013.SG	5.715	0.0	17	0.04580360631757593
RNI013.SG	5.725	-0.13333333333333333	10	0.045802011033017766
RNI013.SG	5.734999999999999	0.13043478260869565	24	0.04580043625977532
RNI013.SG	5.745	0.0	15	0.045798881734125066
RNI013.SG	5.755	0.0	14	0.045797347195734285
RNI013.SG	5.765	-0.05714285714285714	21	0.045795832387617495
RNI013.SG	5.7749999999999995	-0.07142857142857142	8	0.04579433705609337
RNI013.SG	5.784999999999999	-0.03333333333333333	25	0.0457928609507423
RNI013.SG	5.795	0.0	10	0.04579140382436444
RNI013.SG	5.805	-0.0923076923076923	26	0.0457899654329383
RNI013.SG	5.8149999999999995	0.1286549707602339	19	0.045788545535579886
RNI013.SG	5.824999999999999	0.0	16	0.04578714389450237
RNI013.SG	5.835	0.23076923076923075	13	0.04578576027497625
RNI013.SG	5.845	0.23529411764705882	17	0.04578439444529007
RNI013.SG	5.8549999999999995	0.18181818181818182	11	0.04578304617671156
RNI013.SG	5.864999999999999	-0.13333333333333333	21	0.04578171524344941
RNI013.SG	5.875	0.0	16	0.04578040142261538
RNI013.SG	5.885	-0.02666666666666667	25	0.04577910449418702
RNI013.SG	5.895	0.0	14	0.045777824240970814
RNI013.SG	5.904999999999999	-0.08888888888888889	10	0.04577656044856581
RNI013.SG	5.915	0.0	19	0.04577531290532769
RNI013.SG	5.925	-0.012307692307692308	26	0.04577408140233336
RNI013.SG	5.935	0.0	10	0.04577286573334595
RNI013.SG	5.944999999999999	-0.029411764705882353	17	0.04577166569478025
RNI013.SG	5.955	0.0	10	0.045770481085668675
RNI013.SG	5.965	0.0	20	0.04576931170762754
RNI013.SG	5.975	-0.017094017094017092	27	0.0457681573648239
RNI013.SG	5.984999999999999	-0.17316017316017315	22	0.0457670178639427
RNI013.SG	5.995	0.06896551724137931	29	0.04576589301415445
RNI013.SG	6.005	-0.08658008658008658	22	0.04576478262708322
RNI013.SG	6.015	0.0	18	0.045763686516775134
RNI013.SG	6.0249999999999995	0.0	11	0.045762604499667216
RNI013.SG	6.035	-0.07272727272727272	11	0.045761536394556615
RNI013.SG	6.045	-0.042105263157894736	20	0.04576048202257033
RNI013.SG	6.055	-0.04838709677419355	32	0.04575944120713518
RNI013.SG	6.0649999999999995	0.0	19	0.045758413773948285
RNI013.SG	6.074999999999999	0.0	15	0.045757399550947854
RNI013.SG	6.085	-0.0261437908496732	18	0.045756398368284365
RNI013.SG	6.095	0.0	20	0.04575541005829215
RNI013.SG	6.1049999999999995	-0.07272727272727272	11	0.04575443445546129
RNI013.SG	6.114999999999999	0.15217391304347827	24	0.04575347139640989
RNI013.SG	6.125	-0.02857142857142857	21	0.04575252071985674
RNI013.SG	6.135	-0.03162055335968379	23	0.04575158226659431
RNI013.SG	6.145	-0.011695906432748537	19	0.04575065587946205
RNI013.SG	6.154999999999999	-0.07619047619047618	15	0.045749741403320124
RNI013.SG	6.165	-0.0522875816993464	18	0.045748838685023385
RNI013.SG	6.175	-0.04678362573099415	19	0.04574794757339575
RNI013.SG	6.185	-0.012307692307692308	26	0.04574706791920487
RNI013.SG	6.194999999999999	0.0	13	0.04574619957513715
RNI013.SG	6.205	0.0	23	0.04574534239577307
RNI013.SG	6.215	-0.07017543859649122	19	0.045744496237562854
RNI013.SG	6.225	0.0	15	0.04574366095880239
RNI013.SG	6.234999999999999	-0.015810276679841896	23	0.04574283641960954
RNI013.SG	6.245	0.26666666666666666	15	0.04574202248190068
RNI013.SG	6.255	0.0	9	0.0457412190093676
RNI013.SG	6.265	0.0	9	0.04574042586745466
RNI013.SG	6.2749999999999995	-0.019047619047619046	21	0.04573964292333628
RNI013.SG	6.285	-0.026455026455026457	28	0.04573887004589467
RNI013.SG	6.295	0.0	11	0.04573810710569788
RNI013.SG	6.305	-0.09486166007905138	23	0.04573735397497814
RNI013.SG	6.3149999999999995	-0.05263157894736842	20	0.045736610527610425
RNI013.SG	6.324999999999999	-0.05714285714285714	21	0.04573587663909138
RNI013.SG	6.335	-0.06593406593406594	14	0.04573515218651845
RNI013.SG	6.345	0.18181818181818182	11	0.04573443704856926
RNI013.SG	6.3549999999999995	-0.03809523809523809	15	0.045733731105481394
RNI013.SG	6.364999999999999	-0.03463203463203463	22	0.045733034239032216
RNI013.SG	6.375	0.0	6	0.04573234633251917
RNI013.SG	6.385	-0.07692307692307693	13	0.04573166727074019
RNI013.SG	6.395	0.3238095238095238	21	0.045730996939974414
RNI013.SG	6.404999999999999	0.10052910052910054	28	0.04573033522796314
RNI013.SG	6.415	0.0	17	0.04572968202389103
RNI013.SG	6.425	-0.0879120879120879	14	0.04572903721836756
RNI013.SG	6.435	-0.15384615384615385	13	0.04572840070340868
RNI013.SG	6.444999999999999	0.0	17	0.04572777237241874
RNI013.SG	6.455	0.0	18	0.04572715212017265
RNI013.SG	6.465	0.0	18	0.045726539842798244
RNI013.SG	6.475	0.0	19	0.04572593543775887
RNI013.SG	6.484999999999999	-0.0522875816993464	18	0.04572533880383628
RNI013.SG	6.495	0.0	15	0.04572474984111359
RNI013.SG	6.505	-0.03508771929824561	19	0.04572416845095862
RNI013.SG	6.515	-0.15238095238095237	15	0.04572359453600735
RNI013.SG	6.5249999999999995	-0.0261437908496732	18	0.045723028000147596
RNI013.SG	6.535	-0.09846153846153846	26	0.045722468748502956
RNI013.SG	6.545	0.036363636363636376	11	0.04572191668741688
RNI013.SG	6.555	-0.10256410256410257	13	0.04572137172443702
RNI013.SG	6.5649999999999995	-0.009523809523809523	21	0.04572083376829972
RNI013.SG	6.574999999999999	0.0	17	0.04572030272891474
RNI013.SG	6.585	0.0	13	0.04571977851735018
RNI013.SG	6.595	0.0	10	0.045719261045817576
RNI013.SG	6.6049999999999995	0.0	18	0.04571875022765721
RNI013.SG	6.614999999999999	0.0	10	0.04571824597732356
RNI013.SG	6.625	0.0	8	0.04571774821037104
RNI013.SG	6.635	0.0	14	0.0457172568434398
RNI013.SG	6.645	0.0	17	0.045716771794241794
RNI013.SG	6.654999999999999	-0.1422924901185771	23	0.045716292981546974
RNI013.SG	6.665	-0.1568627450980392	18	0.04571582032516972
RNI013.SG	6.675	-0.015810276679841896	23	0.045715353745955395
RNI013.SG	6.685	-0.014705882352941176	17	0.045714893165767094
RNI013.SG	6.694999999999999	0.0	16	0.04571443850747254
RNI013.SG	6.705	0.0	22	0.04571398969493119
RNI013.SG	6.715	0.0	16	0.04571354665298149
RNI013.SG	6.725	-0.05	16	0.04571310930742824
RNI013.SG	6.734999999999999	-0.08658008658008658	22	0.045712677585030226
RNI013.SG	6.745	-0.0303030303030303	12	0.045712251413487934
RNI013.SG	6.755	-0.019047619047619046	21	0.045711830721431417
RNI013.SG	6.765	0.0	12	0.045711415438408384
RNI013.SG	6.7749999999999995	-0.021978021978021976	14	0.04571100549487238
RNI013.SG	6.785	-0.1323529411764706	17	0.04571060082217113
RNI013.SG	6.795	0.0	12	0.045710201352535056
RNI013.SG	6.805	-0.08888888888888889	10	0.045709807019065934
RNI013.SG	6.8149999999999995	0.0	19	0.04570941775572567
RNI013.SG	6.824999999999999	-0.014492753623188404	24	0.045709033497325274
RNI013.SG	6.835	-0.04	25	0.04570865417951389
RNI013.SG	6.845	0.0	11	0.04570827973876807
RNI013.SG	6.8549999999999995	0.0	8	0.045707910112381116
RNI013.SG	6.864999999999999	-0.13333333333333333	16	0.04570754523845258
RNI013.SG	6.875	-0.04411764705882353	17	0.04570718505587788
RNI013.SG	6.885	0.0	16	0.04570682950433811
RNI013.SG	6.895	0.17142857142857143	15	0.0457064785242899
RNI013.SG	6.904999999999999	-0.023715415019762844	23	0.045706132056955444
RNI013.SG	6.915	-0.0130718954248366	18	0.04570579004431269
RNI013.SG	6.925	-0.010582010582010581	28	0.0457054524290856
RNI013.SG	6.935	-0.019047619047619046	15	0.04570511915473454
RNI013.SG	6.944999999999999	-0.024615384615384615	26	0.04570479016544686
RNI013.SG	6.955	-0.021978021978021976	14	0.045704465406127506
RNI013.SG	6.965	-0.023391812865497075	19	0.045704144822389804
RNI013.SG	6.975	-0.021052631578947368	20	0.04570382836054636
RNI013.SG	6.984999999999999	-0.021978021978021976	14	0.04570351596760005
RNI013.SG	6.995	0.0	21	0.04570320759123519
RNI013.SG	7.005	0.0	8	0.04570290317980871
RNI013.SG	7.015	0.0	18	0.04570260268234156
RNI013.SG	7.0249999999999995	-0.021978021978021976	14	0.045702306048510145
RNI013.SG	7.035	0.0	21	0.04570201322863789
RNI013.SG	7.045	0.0	13	0.04570172417368697
RNI013.SG	7.055	0.0	20	0.04570143883525002
RNI013.SG	7.0649999999999995	-0.03508771929824561	19	0.04570115716554209
RNI013.SG	7.074999999999999	-0.03333333333333333	16	0.045700879117392644
RNI013.SG	7.085	0.0	21	0.04570060464423761
RNI013.SG	7.095	-0.017316017316017316	22	0.04570033370011161
RNI013.SG	7.1049999999999995	0.0	14	0.045700066239640284
RNI013.SG	7.114999999999999	0.0	23	0.04569980221803267
RNI013.SG	7.125	0.0	19	0.04569954159107369
RNI013.SG	7.135	0.0	13	0.04569928431511677
RNI013.SG	7.145	-0.17647058823529413	17	0.04569903034707652
RNI013.SG	7.154999999999999	-0.016666666666666666	16	0.04569877964442152
RNI013.SG	7.165	0.0	15	0.04569853216516718
RNI013.SG	7.175	-0.019047619047619046	15	0.04569828786786874
RNI013.SG	7.185	-0.06324110671936758	23	0.045698046711614315
RNI013.SG	7.194999999999999	-0.016666666666666666	16	0.04569780865601805
RNI013.SG	7.205	0.0	10	0.04569757366121333
RNI013.SG	7.215	-0.029411764705882353	17	0.045697341687846144
RNI013.SG	7.225	0.0	14	0.04569711269706845
RNI013.SG	7.234999999999999	-0.04411764705882353	17	0.04569688665053172
RNI013.SG	7.245	0.0	20	0.04569666351038047
RNI013.SG	7.255	-0.014778325123152709	29	0.04569644323924595
RNI013.SG	7.265	0.0	18	0.04569622580023989
RNI013.SG	7.2749999999999995	0.0	17	0.04569601115694828
RNI013.SG	7.285	0.0	18	0.045695799273425326
RNI013.SG	7.295	0.0	13	0.045695590114187404
RNI013.SG	7.305	0.0	18	0.0456953836442071
RNI013.SG	7.3149999999999995	0.0	21	0.04569517982890739
RNI013.SG	7.324999999999999	0.0	13	0.04569497863415581
RNI013.SG	7.335	-0.021052631578947368	20	0.04569478002625874
RNI013.SG	7.345	0.0	11	0.04569458397195581
RNI013.SG	7.3549999999999995	-0.07272727272727272	11	0.04569439043841426
RNI013.SG	7.364999999999999	0.0	15	0.04569419939322348
RNI013.SG	7.375	-0.19047619047619047	7	0.0456940108043896
RNI013.SG	7.385	-0.09999999999999999	25	0.04569382464033009
RNI013.SG	7.395	0.0	12	0.0456936408698685
RNI013.SG	7.404999999999999	0.0	17	0.045693459462229226
RNI013.SG	7.415	-0.10256410256410257	13	0.04569328038703237
RNI013.SG	7.425	0.0	23	0.04569310361428862
RNI013.SG	7.435	-0.025641025641025644	13	0.04569292911439428
RNI013.SG	7.444999999999999	-0.05714285714285715	15	0.04569275685812626
RNI013.SG	7.455	-0.007905138339920948	23	0.045692586816637216
RNI013.SG	7.465	0.17894736842105263	20	0.0456924189614507
RNI013.SG	7.475	0.0	17	0.04569225326445641
RNI013.SG	7.484999999999999	0.24175824175824176	14	0.045692089697905454
RNI013.SG	7.495	0.0	21	0.045691928234405745
RNI013.SG	7.505	-0.03636363636363636	11	0.04569176884691736
RNI013.SG	7.515	-0.05128205128205129	13	0.04569161150874807
RNI013.SG	7.5249999999999995	0.0	13	0.045691456193548814
RNI013.SG	7.535	0.0	15	0.045691302875309335
RNI013.SG	7.545	0.0	24	0.04569115152835378
RNI013.SG	7.555	-0.014492753623188404	24	0.04569100212733645
RNI013.SG	7.5649999999999995	-0.21818181818181817	11	0.045690854647237496
RNI013.SG	7.574999999999999	-0.04395604395604395	14	0.045690709063358786
RNI013.SG	7.585	0.0	16	0.04569056535131973
RNI013.SG	7.595	0.0	14	0.045690423487053225
RNI013.SG	7.6049999999999995	0.0	17	0.04569028344680159
RNI013.SG	7.614999999999999	0.0	15	0.04569014520711261
RNI013.SG	7.625	0.19607843137254902	18	0.045690008744835635
RNI013.SG	7.635	0.0	17	0.045689874037117634
RNI013.SG	7.645	0.0	6	0.04568974106139943
RNI013.SG	7.654999999999999	0.0	8	0.0456896097954119
RNI013.SG	7.665	-0.02898550724637681	24	0.045689480217172236
RNI013.SG	7.675	0.0	21	0.04568935230498029
RNI013.SG	7.685	-0.0522875816993464	18	0.04568922603741489
RNI013.SG	7.694999999999999	0.0	19	0.04568910139333033
RNI013.SG	7.705	0.0	9	0.045688978351852746
RNI013.SG	7.715	-0.06593406593406594	14	0.04568885689237668
RNI013.SG	7.725	0.1323529411764706	17	0.04568873699456161
RNI013.SG	7.734999999999999	-0.02898550724637681	24	0.045688618638328515
RNI013.SG	7.745	-0.13333333333333333	16	0.04568850180385658
RNI013.SG	7.755	-0.023391812865497075	19	0.0456883864715798
RNI013.SG	7.765	0.18095238095238095	21	0.04568827262218376
RNI013.SG	7.7749999999999995	-0.042105263157894736	20	0.04568816023660236
RNI013.SG	7.785	-0.12631578947368421	20	0.04568804929601467
RNI013.SG	7.795	0.0	17	0.045687939781841734
RNI013.SG	7.805	0.0	16	0.04568783167574346
RNI013.SG	7.8149999999999995	0.0	9	0.04568772495961558
RNI013.SG	7.825	0.0	20	0.04568761961558661
RNI013.SG	7.835	-0.019047619047619046	15	0.04568751562601483
RNI013.SG	7.845	0.10256410256410257	13	0.045687412973485345
RNI013.SG	7.8549999999999995	0.0	10	0.045687311640807186
RNI013.SG	7.864999999999999	0.0	14	0.04568721161101042
RNI013.SG	7.875	0.12121212121212123	12	0.04568711286734328
RNI013.SG	7.885	-0.05714285714285715	15	0.04568701539326941
RNI013.SG	7.895	0.19883040935672514	19	0.04568691917246505
RNI013.SG	7.904999999999999	0.0	20	0.04568682418881634
RNI013.SG	7.915	0.16993464052287582	18	0.045686730426416584
RNI013.SG	7.925	0.17894736842105263	20	0.045686637869563625
RNI013.SG	7.935	0.1645021645021645	22	0.045686546502757185
RNI013.SG	7.944999999999999	0.0	13	0.045686456310696275
RNI013.SG	7.955	0.0	9	0.04568636727827666
RNI013.SG	7.965	0.0	17	0.04568627939058827
RNI013.SG	7.975	-0.05714285714285715	15	0.045686192632912785
RNI013.SG	7.984999999999999	-0.0303030303030303	12	0.04568610699072109
RNI013.SG	7.995	0.17142857142857143	15	0.045686022449670904
RNI013.SG	8.005	-0.02857142857142857	21	0.045685938995604324
RNI013.SG	8.015	-0.07017543859649122	19	0.04568585661454551
RNI013.SG	8.025	-0.0522875816993464	18	0.04568577529269828
RNI013.SG	8.035	0.2564102564102564	13	0.045685695016443886
RNI013.SG	8.045	0.13105413105413105	27	0.04568561577233863
RNI013.SG	8.055	0.11764705882352941	18	0.04568553754711171
RNI013.SG	8.065	-0.042105263157894736	20	0.045685460327662915
RNI013.SG	8.075	-0.0261437908496732	18	0.0456853841010605
RNI013.SG	8.084999999999999	0.021739130434782608	24	0.04568530885453898
RNI013.SG	8.094999999999999	-0.0392156862745098	18	0.04568523457549699
RNI013.SG	8.105	0.0	18	0.045685161251495195
RNI013.SG	8.115	0.19117647058823528	17	0.04568508887025421
RNI013.SG	8.125	0.0	17	0.0456850174196525
RNI013.SG	8.135	-0.023391812865497075	19	0.045684946887724426
RNI013.SG	8.145	-0.06666666666666667	16	0.045684877262658165
RNI013.SG	8.155	-0.03333333333333333	16	0.04568480853279377
RNI013.SG	8.165	0.30409356725146197	19	0.04568474068662121
RNI013.SG	8.174999999999999	-0.03333333333333333	16	0.04568467371277846
RNI013.SG	8.185	-0.029411764705882353	17	0.04568460760004956
RNI013.SG	8.195	0.0	13	0.04568454233736278
RNI013.SG	8.205	-0.08695652173913043	24	0.04568447791378872
RNI013.SG	8.215	-0.024615384615384615	26	0.04568441431853852
RNI013.SG	8.225	-0.058823529411764705	17	0.04568435154096204
RNI013.SG	8.235	0.0	11	0.045684289570546065
RNI013.SG	8.245	-0.03809523809523809	15	0.04568422839691256
RNI013.SG	8.254999999999999	0.0	18	0.045684168009816915
RNI013.SG	8.265	0.0	12	0.04568410839914625
RNI013.SG	8.275	0.18300653594771243	18	0.04568404955491772
RNI013.SG	8.285	0.0	21	0.04568399146727681
RNI013.SG	8.295	0.15019762845849802	23	0.04568393412649571
RNI013.SG	8.305	-0.0784313725490196	18	0.04568387752297172
RNI013.SG	8.315	0.0	21	0.04568382164722557
RNI013.SG	8.325	0.12631578947368421	20	0.04568376648989988
RNI013.SG	8.334999999999999	0.0	14	0.045683712041757585
RNI013.SG	8.344999999999999	-0.04678362573099415	19	0.04568365829368039
RNI013.SG	8.355	0.12380952380952381	21	0.04568360523666722
RNI013.SG	8.365	0.0	17	0.04568355286183276
RNI013.SG	8.375	-0.14035087719298245	19	0.045683501160405905
RNI013.SG	8.385	0.0	18	0.045683450123728354
RNI013.SG	8.395	0.0	19	0.045683399743253104
RNI013.SG	8.405	0.2857142857142857	14	0.04568335001054307
RNI013.SG	8.415	0.0	15	0.04568330091726962
RNI013.SG	8.424999999999999	0.23076923076923075	13	0.04568325245521122
RNI013.SG	8.435	0.24175824175824176	14	0.04568320461625206
RNI013.SG	8.445	0.23333333333333334	16	0.04568315739238065
RNI013.SG	8.455	0.13438735177865613	23	0.045683110775688526
RNI013.SG	8.465	0.14492753623188406	24	0.0456830647583689
RNI013.SG	8.475	0.1142857142857143	15	0.045683019332715354
RNI013.SG	8.485	-0.09090909090909091	12	0.04568297449112057
RNI013.SG	8.495	0.0	17	0.04568293022607503
RNI013.SG	8.504999999999999	0.0	13	0.04568288653016578
RNI013.SG	8.515	-0.04411764705882353	17	0.04568284339607516
RNI013.SG	8.525	-0.005698005698005697	27	0.045682800816579605
RNI013.SG	8.535	0.0	20	0.045682758784548444
RNI013.SG	8.545	0.0	7	0.045682717292942654
RNI013.SG	8.555	0.17142857142857143	21	0.04568267633481374
RNI013.SG	8.565	-0.03636363636363636	11	0.04568263590330255
RNI013.SG	8.575	0.0	18	0.045682595991638104
RNI013.SG	8.584999999999999	0.42857142857142855	8	0.0456825565931365
RNI013.SG	8.595	0.0	7	0.04568251770119976
RNI013.SG	8.605	0.0	21	0.04568247930931474
RNI013.SG	8.615	0.0	20	0.045682441411052044
RNI013.SG	8.625	0.0	20	0.045682404000064944
RNI013.SG	8.635	0.0	16	0.04568236707008831
RNI013.SG	8.645	0.10526315789473684	20	0.045682330614937566
RNI013.SG	8.655	0.0	12	0.04568229462850766
RNI013.SG	8.665	-0.07619047619047618	15	0.04568225910477202
RNI013.SG	8.674999999999999	-0.019047619047619046	15	0.04568222403778158
RNI013.SG	8.685	0.02941176470588236	17	0.04568218942166374
RNI013.SG	8.695	0.1619047619047619	21	0.045682155250621435
RNI013.SG	8.705	0.4444444444444444	9	0.04568212151893212
RNI013.SG	8.715	0.0	19	0.045682088220946826
RNI013.SG	8.725	0.0	18	0.04568205535108922
RNI013.SG	8.735	-0.02666666666666667	25	0.04568202290385467
RNI013.SG	8.745	-0.03809523809523809	15	0.0456819908738093
RNI013.SG	8.754999999999999	-0.0392156862745098	18	0.04568195925558913
RNI013.SG	8.765	0.0	21	0.045681928043899124
RNI013.SG	8.775	-0.1045751633986928	18	0.04568189723351234
RNI013.SG	8.785	-0.2	16	0.04568186681926903
RNI013.SG	8.795	-0.14285714285714285	21	0.04568183679607579
RNI013.SG	8.805	0.20952380952380953	15	0.04568180715890472
RNI013.SG	8.815	0.0	18	0.04568177790279254
RNI013.SG	8.825	-0.04395604395604395	14	0.045681749022839814
RNI013.SG	8.834999999999999	-0.042328042328042326	28	0.04568172051421007
RNI013.SG	8.845	0.0	19	0.04568169237212904
RNI013.SG	8.855	0.10666666666666667	25	0.045681664591883844
RNI013.SG	8.865	0.0	15	0.045681637168822176
RNI013.SG	8.875	-0.05714285714285715	15	0.045681610098351574
RNI013.SG	8.885	0.0	11	0.045681583375938604
RNI013.SG	8.895	-0.07619047619047618	15	0.04568155699710813
RNI013.SG	8.905	-0.03508771929824561	19	0.045681530957442554
RNI013.SG	8.915	-0.04411764705882353	17	0.04568150525258107
RNI013.SG	8.924999999999999	0.0	17	0.04568147987821895
RNI013.SG	8.935	-0.0606060606060606	12	0.045681454830106806
RNI013.SG	8.945	-0.19780219780219782	14	0.045681430104049896
RNI013.SG	8.955	0.0	16	0.0456814056959074
RNI013.SG	8.965	0.0	16	0.04568138160159175
RNI013.SG	8.975	-0.18181818181818182	12	0.04568135781706792
RNI013.SG	8.985	-0.021739130434782608	24	0.04568133433835278
RNI013.SG	8.995	-0.08421052631578947	20	0.04568131116151441
RNI013.SG	9.004999999999999	0.0	14	0.04568128828267142
RNI013.SG	9.015	0.0	12	0.04568126569799237
RNI013.SG	9.025	-0.025641025641025644	13	0.04568124340369504
RNI013.SG	9.035	0.0	17	0.045681221396045864
RNI013.SG	9.045	0.0	19	0.04568119967135927
RNI013.SG	9.055	-0.015810276679841896	23	0.04568117822599708
RNI013.SG	9.065	-0.1568627450980392	18	0.04568115705636789
RNI013.SG	9.075	-0.0784313725490196	18	0.045681136158926466
RNI013.SG	9.084999999999999	-0.05714285714285715	15	0.04568111553017317
RNI013.SG	9.095	-0.0879120879120879	14	0.045681095166653356
RNI013.SG	9.105	-0.07142857142857142	8	0.045681075064956785
RNI013.SG	9.115	0.11666666666666667	16	0.04568105522171708
RNI013.SG	9.125	0.18947368421052632	20	0.04568103563361114
RNI013.SG	9.135	0.26143790849673204	18	0.04568101629735859
RNI013.SG	9.145	0.0	15	0.04568099720972123
RNI013.SG	9.155	-0.09473684210526316	20	0.04568097836750251
RNI013.SG	9.165	-0.019047619047619046	15	0.04568095976754696
RNI013.SG	9.174999999999999	-0.0522875816993464	18	0.045680941406739686
RNI013.SG	9.185	0.0	18	0.04568092328200586
RNI013.SG	9.195	0.0	12	0.04568090539031017
RNI013.SG	9.205	-0.023391812865497075	19	0.045680887728656326
RNI013.SG	9.215	-0.058823529411764705	17	0.045680870294086594
RNI013.SG	9.225	-0.15238095238095237	21	0.04568085308368123
RNI013.SG	9.235	-0.13333333333333333	10	0.04568083609455805
RNI013.SG	9.245	0.0	9	0.045680819323871934
RNI013.SG	9.254999999999999	0.0	11	0.04568080276881433
RNI013.SG	9.265	-0.019047619047619046	15	0.04568078642661281
RNI013.SG	9.275	-0.2222222222222222	9	0.04568077029453057
RNI013.SG	9.285	0.26373626373626374	14	0.04568075436986602
RNI013.SG	9.295	0.0	13	0.045680738649952285
RNI013.SG	9.305	0.0	11	0.0456807231321568
RNI013.SG	9.315	-0.0303030303030303	12	0.04568070781388083
RNI013.SG	9.325	0.0	12	0.04568069269255906
RNI013.SG	9.334999999999999	0.0	11	0.04568067776565916
RNI013.SG	9.345	-0.1758241758241758	14	0.04568066303068135
RNI013.SG	9.355	0.0	8	0.04568064848515801
RNI013.SG	9.365	0.0	8	0.04568063412665323
RNI013.SG	9.375	0.0	16	0.04568061995276242
RNI013.SG	9.385	-0.03809523809523809	15	0.045680605961111925
RNI013.SG	9.395	0.0	12	0.045680592149358594
RNI013.SG	9.405	0.0	15	0.04568057851518939
RNI013.SG	9.415	0.0	14	0.04568056505632105
RNI013.SG	9.424999999999999	0.0	17	0.045680551770499636
RNI013.SG	9.435	0.0	5	0.045680538655500216
RNI013.SG	9.445	0.0	16	0.04568052570912644
RNI013.SG	9.455	-0.03508771929824561	19	0.045680512929210215
RNI013.SG	9.465	0.0	14	0.045680500313611316
RNI013.SG	9.475	0.0	14	0.04568048786021704
RNI013.SG	9.485	0.0	23	0.04568047556694185
RNI013.SG	9.495	-0.016666666666666666	16	0.04568046343172702
RNI013.SG	9.504999999999999	-0.03508771929824561	19	0.045680451452540294
RNI013.SG	9.515	0.0	9	0.045680439627375544
RNI013.SG	9.525	0.0	12	0.04568042795425244
RNI013.SG	9.535	-0.1142857142857143	15	0.0456804164312161
RNI013.SG	9.545	-0.02857142857142857	21	0.04568040505633681
RNI013.SG	9.555	-0.1111111111111111	9	0.04568039382770963
RNI013.SG	9.565	-0.017316017316017316	22	0.04568038274345413
RNI013.SG	9.575	0.0	7	0.04568037180171407
RNI013.SG	9.584999999999999	-0.1212121212121212	12	0.04568036100065704
RNI013.SG	9.595	0.0	14	0.04568035033847423
RNI013.SG	9.605	-0.0303030303030303	12	0.045680339813380065
RNI013.SG	9.615	-0.07142857142857142	8	0.045680329423611936
RNI013.SG	9.625	0.0	12	0.045680319167429886
RNI013.SG	9.635	0.0	17	0.04568030904311634
RNI013.SG	9.645	0.0	7	0.0456802990489758
RNI013.SG	9.655	-0.04395604395604395	14	0.04568028918333458
RNI013.SG	9.665	-0.13186813186813187	14	0.0456802794445405
RNI013.SG	9.674999999999999	0.0	11	0.04568026983096262
RNI013.SG	9.685	-0.010695187165775402	34	0.045680260340990986
RNI013.SG	9.695	-0.03333333333333333	16	0.04568025097303633
RNI013.SG	9.705	-0.18181818181818182	12	0.04568024172552983
RNI013.SG	9.715	0.0	12	0.04568023259692282
RNI013.SG	9.725	0.0	17	0.045680223585686554
RNI013.SG	9.735	0.0	7	0.04568021469031195
RNI013.SG	9.745	0.0	18	0.04568020590930931
RNI013.SG	9.754999999999999	0.0	5	0.045680197241208115
RNI013.SG	9.765	0.0	11	0.04568018868455672
RNI013.SG	9.775	-0.05714285714285714	21	0.045680180237922176
RNI013.SG	9.785	-0.1142857142857143	15	0.045680171899889946
RNI013.SG	9.795	0.0	19	0.04568016366906367
RNI013.SG	9.805	0.0	15	0.04568015554406496
RNI013.SG	9.815	0.11594202898550726	24	0.04568014752353314
RNI013.SG	9.825	-0.028985507246376826	24	0.04568013960612502
RNI013.SG	9.834999999999999	-0.021052631578947368	20	0.04568013179051471
RNI013.SG	9.845	-0.07142857142857142	8	0.04568012407539333
RNI013.SG	9.855	0.0	11	0.04568011645946886
RNI013.SG	9.865	0.0	12	0.04568010894146587
RNI013.SG	9.875	0.0	12	0.045680101520125346
RNI013.SG	9.885	-0.0303030303030303	12	0.04568009419420445
RNI013.SG	9.895	0.0	15	0.04568008696247632
RNI013.SG	9.905	0.24761904761904763	15	0.04568007982372989
RNI013.SG	9.915	-0.04395604395604395	14	0.04568007277676964
RNI013.SG	9.924999999999999	-0.0606060606060606	12	0.045680065820415436
RNI013.SG	9.935	0.0	17	0.045680058953502314
RNI013.SG	9.945	0.0	9	0.04568005217488029
RNI013.SG	9.955	0.0	20	0.045680045483414165
RNI013.SG	9.965	0.0	22	0.04568003887798333
RNI013.SG	9.975	0.0	16	0.045680032357481595
RNI013.SG	9.985	0.0	8	0.045680025920816984
RNI013.SG	9.995	-0.0606060606060606	12	0.04568001956691156
ZKU002.SG	0.025	0.10611672059568827	227	0.12263198391310945
ZKU002.SG	0.035	0.05088371045817854	189	0.12140396858666
ZKU002.SG	0.045	0.0696594427244582	153	0.1201885839011375
ZKU002.SG	0.05500000000000001	0.06251149108291966	148	0.1189856999452234
ZKU002.SG	0.065	0.11129687126821114	159	0.11779518814379035
ZKU002.SG	0.075	0.15157232704402518	160	0.11661692124415886
ZKU002.SG	0.085	0.1250861814242096	143	0.1154507733024954
ZKU002.SG	0.095	0.10616559013505578	131	0.11429661967035039
ZKU002.SG	0.10500000000000001	0.13566289825282632	140	0.11315433698133463
ZKU002.SG	0.115	0.17414109624967217	124	0.11202380313793282
ZKU002.SG	0.125	0.06001796945193172	106	0.11090489729845263
ZKU002.SG	0.135	0.061132840793857744	118	0.10979749986410804
ZKU002.SG	0.145	0.09684684684684684	112	0.10870149246623562
ZKU002.SG	0.155	0.03628219484882419	95	0.10761675795364209
ZKU002.SG	0.16499999999999998	0.09141940657578188	87	0.10654318038008224
ZKU002.SG	0.175	0.009715475364330328	132	0.1054806449918655
ZKU002.SG	0.185	0.09314912405640222	119	0.10442903821559006
ZKU002.SG	0.195	0.06286411055412545	122	0.10338824764600309
ZKU002.SG	0.205	0.1288659793814433	97	0.10235816203398582
ZKU002.SG	0.215	0.18633818589025758	95	0.1013386712746623
ZKU002.SG	0.225	0.1696969696969697	100	0.10032966639563032
ZKU002.SG	0.235	0.18715596330275228	110	0.09933103954531353
ZKU002.SG	0.245	0.23605558728345707	103	0.09834268398143323
ZKU002.SG	0.255	0.06450071667462973	92	0.09736449405959877
ZKU002.SG	0.265	0.0345679012345679	81	0.0963963652220154
ZKU002.SG	0.275	0.07499062617172854	127	0.09543819398630814
ZKU002.SG	0.28500000000000003	0.03499830105334693	109	0.0944898779344606
ZKU002.SG	0.29500000000000004	0.0	84	0.09355131570186775
ZKU002.SG	0.30500000000000005	0.05070422535211268	71	0.09262240696650095
ZKU002.SG	0.315	0.08518518518518518	81	0.09170305243818486
ZKU002.SG	0.325	0.021557271557271558	112	0.09079315384798417
ZKU002.SG	0.335	0.10789473684210527	96	0.08989261393769997
ZKU002.SG	0.34500000000000003	0.13164556962025317	80	0.08900133644947367
ZKU002.SG	0.35500000000000004	-0.00404040404040404	100	0.0881192261154983
ZKU002.SG	0.36500000000000005	0.03196803196803197	78	0.08724618864783527
ZKU002.SG	0.375	0.0773109243697479	85	0.08638213072833612
ZKU002.SG	0.385	0.12165010538994278	82	0.08552695999866773
ZKU002.SG	0.395	0.030707070707070707	100	0.08468058505044036
ZKU002.SG	0.405	0.023296447291788	102	0.083842915415437
ZKU002.SG	0.41500000000000004	0.08069458631256383	89	0.0830138615559433
ZKU002.SG	0.42500000000000004	-0.013445378151260503	85	0.08219333485517703
ZKU002.SG	0.43500000000000005	0.127536231884058	70	0.08138124760781587
ZKU002.SG	0.445	0.26422466422466423	91	0.08057751301062273
ZKU002.SG	0.455	0.11466794075489728	92	0.07978204515316731
ZKU002.SG	0.465	0.0956140350877193	96	0.07899475900864333
ZKU002.SG	0.47500000000000003	0.07386629266012155	93	0.0782155704247801
ZKU002.SG	0.48500000000000004	0.12920412920412921	78	0.07744439611484748
ZKU002.SG	0.49500000000000005	-0.009876543209876543	81	0.07668115364875346
ZKU002.SG	0.505	0.17405063291139242	80	0.07592576144423338
ZKU002.SG	0.515	0.08098495212038304	86	0.07517813875812956
ZKU002.SG	0.525	0.2007168458781362	63	0.0744382056777608
ZKU002.SG	0.535	0.06722689075630252	85	0.07370588311238059
ZKU002.SG	0.545	0.024096385542168676	84	0.07298109278472313
ZKU002.SG	0.555	0.13557692307692307	65	0.07226375722263642
ZKU002.SG	0.5650000000000001	0.038201586835145455	83	0.07155379975080126
ZKU002.SG	0.5750000000000001	0.1362162162162162	75	0.07085114448253556
ZKU002.SG	0.5850000000000001	0.08888888888888889	100	0.07015571631168284
ZKU002.SG	0.5950000000000001	0.112848158131177	106	0.06946744090458422
ZKU002.SG	0.605	0.028972783143107993	68	0.06878624469213299
ZKU002.SG	0.615	0.028158295281582955	73	0.06811205486191083
ZKU002.SG	0.625	-0.004968944099378882	70	0.06744479935040497
ZKU002.SG	0.635	0.1400304414003044	73	0.06678440683530547
ZKU002.SG	0.645	0.019649122807017545	76	0.0661308067278815
ZKU002.SG	0.655	0.0684931506849315	73	0.0654839291654363
ZKU002.SG	0.665	0.08032128514056225	84	0.0648437050038396
ZKU002.SG	0.675	0.07859649122807018	76	0.06421006581013676
ZKU002.SG	0.685	0.08695652173913043	69	0.06358294385523423
ZKU002.SG	0.6950000000000001	0.05063291139240506	79	0.06296227210665988
ZKU002.SG	0.7050000000000001	0.07313131313131313	100	0.062347984221398055
ZKU002.SG	0.7150000000000001	0.02378378378378378	75	0.061740014538798196
ZKU002.SG	0.725	-0.013640238704177323	69	0.06113829807355646
ZKU002.SG	0.735	0.00992063492063492	64	0.06054277050876945
ZKU002.SG	0.745	0.037037037037037035	81	0.059953368189059525
ZKU002.SG	0.755	0.022719896137617657	79	0.05937002811377068
ZKU002.SG	0.765	0.030981067125645436	84	0.05879268793023446
ZKU002.SG	0.775	0.10316455696202532	80	0.05822128592710517
ZKU002.SG	0.785	0.04349237260629665	79	0.057655761027763604
ZKU002.SG	0.795	0.09117475160724722	59	0.05709605278378861
ZKU002.SG	0.805	0.03442879499217528	72	0.05654210136849583
ZKU002.SG	0.8150000000000001	0.050351721584598295	74	0.05599384757054285
ZKU002.SG	0.8250000000000001	0.13470319634703196	73	0.05545123278760021
ZKU002.SG	0.8350000000000001	0.026875699888017916	95	0.054914199020087415
ZKU002.SG	0.8450000000000001	-0.002531645569620253	80	0.05438268886497341
ZKU002.SG	0.855	0.06321334503950835	68	0.05385664550964089
ZKU002.SG	0.865	0.09996988858777477	82	0.05333601272581353
ZKU002.SG	0.875	0.09604519774011298	60	0.05282073486354592
ZKU002.SG	0.885	0.1373889268626111	77	0.052310756845275155
ZKU002.SG	0.895	0.14236999147485083	69	0.05180602415993359
ZKU002.SG	0.905	0.04608294930875576	63	0.05130648285712231
ZKU002.SG	0.915	0.1256140350877193	76	0.05081207954134433
ZKU002.SG	0.925	0.08391608391608392	66	0.050322761366297215
ZKU002.SG	0.935	0.17999064983637214	93	0.04983847602922447
ZKU002.SG	0.9450000000000001	0.21621621621621623	74	0.049359171765324825
ZKU002.SG	0.9550000000000001	-0.00822803408756979	83	0.048884797342219254
ZKU002.SG	0.9650000000000001	0.16057692307692306	65	0.04841530205447472
ZKU002.SG	0.9750000000000001	0.20746400235086687	83	0.04795063571818433
ZKU002.SG	0.985	0.07719298245614034	76	0.04749074866560328
ZKU002.SG	0.995	-0.027777777777777776	64	0.04703559173983986
ZKU002.SG	1.005	0.15719298245614036	76	0.046585116289601144
ZKU002.SG	1.015	0.09081081081081081	75	0.04613927416399268
ZKU002.SG	1.0250000000000001	0.16976483762597985	95	0.045698017707371696
ZKU002.SG	1.0350000000000001	0.04746835443037975	80	0.04526129975425327
ZKU002.SG	1.045	0.07997038134024435	74	0.04482907362426879
ZKU002.SG	1.055	0.0777928539122569	67	0.044401293117176374
ZKU002.SG	1.065	0.03312629399585921	70	0.043977912507922566
ZKU002.SG	1.075	-0.009324009324009324	66	0.043558886541754833
ZKU002.SG	1.085	0.047519217330538085	54	0.04314417042938431
ZKU002.SG	1.095	0.14244306418219463	70	0.042733719842198314
ZKU002.SG	1.105	0.01864801864801865	78	0.042327490907522136
ZKU002.SG	1.115	0.04102564102564103	66	0.04192544020392949
ZKU002.SG	1.125	-0.011188811188811189	66	0.041527524756601264
ZKU002.SG	1.135	0.037826961770623745	71	0.04113370203273197
ZKU002.SG	1.145	0.18888888888888888	81	0.04074392993698345
ZKU002.SG	1.155	0.13052631578947368	76	0.040358166806985354
ZKU002.SG	1.165	0.04970914859862507	62	0.039976371408881904
ZKU002.SG	1.175	-0.010656010656010656	78	0.0395985029329244
ZKU002.SG	1.185	-0.0074046649389115145	74	0.039224520989109155
ZKU002.SG	1.195	0.07055630936227951	67	0.038854385602860204
ZKU002.SG	1.205	-0.01228878648233487	63	0.038488057210756495
ZKU002.SG	1.215	0.08504504504504504	75	0.038125496656302986
ZKU002.SG	1.225	0.09044289044289044	66	0.037766665185745195
ZKU002.SG	1.235	-0.01790281329923274	69	0.03741152444392693
ZKU002.SG	1.245	0.0	59	0.03706003647019048
ZKU002.SG	1.2550000000000001	0.0213089802130898	73	0.03671216369431906
ZKU002.SG	1.2650000000000001	0.06349206349206349	64	0.03636786893252096
ZKU002.SG	1.2750000000000001	-0.049094097019286964	59	0.036027115383455
ZKU002.SG	1.2850000000000001	0.010520163646990066	59	0.03568986662429691
ZKU002.SG	1.2950000000000002	-0.007259528130671506	58	0.03535608660684604
ZKU002.SG	1.305	0.05928614640048397	58	0.035025739653672325
ZKU002.SG	1.315	-0.036284470246734396	53	0.03469879045430261
ZKU002.SG	1.325	0.0355434039644566	77	0.034375204061446514
ZKU002.SG	1.335	-0.026441036488630353	62	0.034054945887260796
ZKU002.SG	1.345	-0.014047410008779631	68	0.0337379816996524
ZKU002.SG	1.355	-0.005860805860805861	91	0.03342427761861933
ZKU002.SG	1.365	0.05565638233514822	58	0.033113800112629356
ZKU002.SG	1.375	0.05555555555555555	64	0.03280651599503574
ZKU002.SG	1.385	0.017559262510974536	68	0.03250239242053006
ZKU002.SG	1.395	0.07655502392344497	77	0.0322013968816313
ZKU002.SG	1.405	0.01935874168179068	58	0.03190349720521127
ZKU002.SG	1.415	0.11264720942140297	63	0.03160866154905553
ZKU002.SG	1.425	-0.013114754098360656	61	0.031316858398459914
ZKU002.SG	1.435	0.011759384893713252	67	0.031028056562861856
ZKU002.SG	1.445	0.08450704225352113	72	0.030742225172506563
ZKU002.SG	1.455	-0.008431195423065342	82	0.030459333675147273
ZKU002.SG	1.465	0.189873417721519	80	0.030179351832779644
ZKU002.SG	1.475	0.03896103896103896	77	0.029902249718409556
ZKU002.SG	1.485	-0.04704624431970062	87	0.02962799771285435
ZKU002.SG	1.495	-0.02622950819672131	61	0.029356566501576743
ZKU002.SG	1.5050000000000001	0.07936507936507936	64	0.029087927071551514
ZKU002.SG	1.5150000000000001	0.10218253968253968	64	0.028822050708164283
ZKU002.SG	1.5250000000000001	0.06456908344733242	86	0.028558908992142255
ZKU002.SG	1.5350000000000001	-0.0019980019980020023	78	0.028298473796516493
ZKU002.SG	1.5450000000000002	-0.005594405594405594	66	0.02804071728361549
ZKU002.SG	1.5550000000000002	0.1528846153846154	65	0.02778561190208956
ZKU002.SG	1.565	-0.036182722749886924	67	0.027533130383965983
ZKU002.SG	1.575	0.039938556067588324	63	0.02728324574173427
ZKU002.SG	1.585	0.0	30	0.02703593126546157
ZKU002.SG	1.595	-0.015345268542199489	69	0.026791160519937622
ZKU002.SG	1.605	0.028946178199909547	67	0.026548907341849153
ZKU002.SG	1.615	0.13210445468509985	63	0.026309145836983266
ZKU002.SG	1.625	-0.02185792349726776	61	0.02607185037745969
ZKU002.SG	1.635	0.04644412191582003	53	0.02583699559899136
ZKU002.SG	1.645	-0.004429678848283499	43	0.02560455639817335
ZKU002.SG	1.655	0.04964539007092198	48	0.0253745079297995
ZKU002.SG	1.665	0.06331976481230212	67	0.025146825604206807
ZKU002.SG	1.675	0.006345848757271287	62	0.02492148508464701
ZKU002.SG	1.685	-0.09574468085106383	48	0.02469846228468529
ZKU002.SG	1.695	0.011299435028248586	60	0.02447773336562567
ZKU002.SG	1.705	-0.010638297872340425	48	0.024259274733962954
ZKU002.SG	1.715	0.1617706237424547	71	0.02404306303886079
ZKU002.SG	1.725	0.057892356399819093	67	0.023829075169655763
ZKU002.SG	1.735	-0.0202020202020202	45	0.0236172882533871
ZKU002.SG	1.745	0.12786885245901639	61	0.0234076796523518
ZKU002.SG	1.7550000000000001	-0.03918367346938775	50	0.02320022696168493
ZKU002.SG	1.7650000000000001	0.038573933372296906	59	0.02299490800696475
ZKU002.SG	1.7750000000000001	0.045454545454545456	56	0.022791700841842562
ZKU002.SG	1.7850000000000001	-0.12549019607843137	51	0.022590583745696835
ZKU002.SG	1.7950000000000002	-0.04472396925227114	54	0.022391535221311553
ZKU002.SG	1.8050000000000002	0.07351351351351351	75	0.022194533992578373
ZKU002.SG	1.815	0.08864767073722297	67	0.021999559002222436
ZKU002.SG	1.825	0.03160667251975417	68	0.021806589409551585
ZKU002.SG	1.835	0.059506531204644414	53	0.021615604588228737
ZKU002.SG	1.845	-0.020338983050847456	60	0.021426584124067123
ZKU002.SG	1.855	0.07659850697825381	79	0.02123950781284828
ZKU002.SG	1.865	-0.01639344262295082	61	0.02105435565816236
ZKU002.SG	1.875	-0.028985507246376812	70	0.020871107869270853
ZKU002.SG	1.885	-0.02262443438914027	52	0.020689744858991048
ZKU002.SG	1.895	0.11131276467029644	58	0.020510247241602473
ZKU002.SG	1.905	0.053109713487071976	54	0.02033259583077471
ZKU002.SG	1.915	-0.03825136612021858	61	0.020156771637516637
ZKU002.SG	1.925	-0.009411764705882352	51	0.01998275586814666
ZKU002.SG	1.935	-0.01710772520716386	87	0.019810529922283934
ZKU002.SG	1.945	0.03135498320268757	95	0.019640075390860132
ZKU002.SG	1.955	-0.008928571428571428	64	0.019471374054151752
ZKU002.SG	1.965	-0.015458937198067632	46	0.019304407879832598
ZKU002.SG	1.975	0.02775208140610546	47	0.019139159021046365
ZKU002.SG	1.985	0.10259122157588577	62	0.018975609814498952
ZKU002.SG	1.995	-0.0035118525021949087	68	0.018813742778570508
ZKU002.SG	2.005	-0.005649717514124294	60	0.01865354061144678
ZKU002.SG	2.015	0.11756168359941944	53	0.01849498618926977
ZKU002.SG	2.025	-0.04891684136967156	54	0.018338062564307398
ZKU002.SG	2.035	0.021152829190904287	62	0.01818275296314192
ZKU002.SG	2.045	0.01619778346121057	69	0.018029040784877104
ZKU002.SG	2.055	-0.009518773135906928	62	0.01787690959936371
ZKU002.SG	2.065	-0.01228878648233487	63	0.017726343145443347
ZKU002.SG	2.075	-0.029733959311424096	72	0.01757732532921027
ZKU002.SG	2.085	0.08293224731580896	74	0.01742984022229117
ZKU002.SG	2.095	-0.0048076923076923045	65	0.01728387206014258
ZKU002.SG	2.105	-0.048265460030165915	52	0.017139405240365828
ZKU002.SG	2.115	0.017486338797814204	61	0.016996424321039306
ZKU002.SG	2.125	-0.05182443151771549	62	0.01685491401906789
ZKU002.SG	2.1350000000000002	0.29159104658197216	58	0.01671485920854936
ZKU002.SG	2.145	0.08672659968270757	62	0.016576244919157608
ZKU002.SG	2.1550000000000002	0.08653846153846154	65	0.01643905633454244
ZKU002.SG	2.165	-0.03132832080200501	57	0.01630327879074593
ZKU002.SG	2.1750000000000003	-0.06475485661424607	47	0.016168897774634945
ZKU002.SG	2.185	-0.0771478667445938	59	0.01603589892234988
ZKU002.SG	2.1950000000000003	-0.021548821548821546	55	0.01590426801776931
ZKU002.SG	2.205	-0.01397624039133473	54	0.015773990990990465
ZKU002.SG	2.215	-0.01809954751131222	52	0.015645053916825264
ZKU002.SG	2.225	-0.018702513150204558	59	0.015517443013311896
ZKU002.SG	2.235	0.09615384615384615	65	0.015391144640241699
ZKU002.SG	2.245	-0.029258098223615466	88	0.015266145297701122
ZKU002.SG	2.255	-0.010252904989747095	77	0.01514243162462878
ZKU002.SG	2.265	-0.01790281329923274	69	0.015019990397387262
ZKU002.SG	2.275	-0.02040816326530612	49	0.014898808528349695
ZKU002.SG	2.285	-0.019672131147540982	61	0.014778873064500805
ZKU002.SG	2.295	0.037405026300409115	59	0.014660171186052407
ZKU002.SG	2.305	0.0	68	0.014542690205073067
ZKU002.SG	2.315	-0.00496031746031746	64	0.01442641756413195
ZKU002.SG	2.325	-0.02331002331002331	66	0.014311340834956528
ZKU002.SG	2.335	-0.008461131676361713	62	0.014197447717104154
ZKU002.SG	2.345	0.10153358011634056	62	0.014084726036647267
ZKU002.SG	2.355	0.03726708074534161	70	0.013973163744872159
ZKU002.SG	2.365	-0.0068201193520886615	69	0.01386274891699107
ZKU002.SG	2.375	0.054237288135593226	60	0.013753469750867562
ZKU002.SG	2.3850000000000002	-0.010774410774410773	55	0.013645314565755011
ZKU002.SG	2.395	-0.009783368273934312	54	0.013538271801048074
ZKU002.SG	2.4050000000000002	-0.009411764705882352	51	0.013432330015046954
ZKU002.SG	2.415	0.0	61	0.013327477883734437
ZKU002.SG	2.4250000000000003	0.0	50	0.013223704199565459
ZKU002.SG	2.435	-0.008456659619450317	44	0.013120997870269156
ZKU002.SG	2.4450000000000003	-0.01639344262295082	61	0.013019347917663206
ZKU002.SG	2.455	-0.015151515151515152	33	0.012918743476480412
ZKU002.SG	2.465	0.027884615384615383	65	0.012819173793207286
ZKU002.SG	2.475	-0.016282225237449117	67	0.012720628224934626
ZKU002.SG	2.485	0.05837173579109063	63	0.012623096238219946
ZKU002.SG	2.495	-0.04421052631578948	76	0.012526567407961495
ZKU002.SG	2.505	-0.02285714285714286	50	0.012431031416283992
ZKU002.SG	2.515	-0.007168458781362007	63	0.012336478051435723
ZKU002.SG	2.525	-0.021709633649932156	67	0.012242897206697023
ZKU002.SG	2.535	0.04346076458752516	71	0.012150278879299975
ZKU002.SG	2.545	-0.03896103896103896	56	0.012058613169359257
ZKU002.SG	2.555	-0.034782608695652174	46	0.011967890278813897
ZKU002.SG	2.565	-0.04208065458796026	59	0.011878100510380006
ZKU002.SG	2.575	0.06886338393187709	74	0.01178923426651423
ZKU002.SG	2.585	-0.006734006734006735	55	0.011701282048387891
ZKU002.SG	2.595	0.041407867494824016	70	0.011614234454871647
ZKU002.SG	2.605	0.0	49	0.011528082181530631
ZKU002.SG	2.615	-0.0025575447570332466	69	0.011442816019629893
ZKU002.SG	2.625	-0.016771488469601675	54	0.011358426855150112
ZKU002.SG	2.6350000000000002	0.0	65	0.011274905667813374
ZKU002.SG	2.645	-0.020460358056265983	69	0.011192243530119033
ZKU002.SG	2.6550000000000002	-0.0289738430583501	71	0.011110431606389436
ZKU002.SG	2.665	-0.02867383512544803	63	0.011029461151825504
ZKU002.SG	2.6750000000000003	-0.056390977443609026	57	0.010949323511571999
ZKU002.SG	2.685	-0.06966618287373004	53	0.010870010119792411
ZKU002.SG	2.6950000000000003	0.0	41	0.010791512498753368
ZKU002.SG	2.705	-0.011278195488721804	57	0.010713822257918483
ZKU002.SG	2.715	-0.006493506493506494	56	0.010636931093051439
ZKU002.SG	2.725	-0.02127659574468085	48	0.010560830785328407
ZKU002.SG	2.735	-0.017533606078316773	59	0.01048551320045955
ZKU002.SG	2.745	-0.03580562659846548	69	0.01041097028781951
ZKU002.SG	2.755	-0.04223227752639517	52	0.01033719407958692
ZKU002.SG	2.765	-0.022614201718679332	67	0.010264176689892716
ZKU002.SG	2.775	-0.017391304347826087	70	0.01019191031397724
ZKU002.SG	2.785	-0.0404040404040404	45	0.010120387227355978
ZKU002.SG	2.795	-0.01741654571843251	53	0.010049599784993904
ZKU002.SG	2.805	0.0425531914893617	48	0.009979540420488313
ZKU002.SG	2.815	-0.07686274509803921	51	0.009910201645260058
ZKU002.SG	2.825	-0.03277009728622632	63	0.009841576047753087
ZKU002.SG	2.835	0.07665505226480836	42	0.00977365629264225
ZKU002.SG	2.845	-0.005012531328320802	57	0.009706435120049206
ZKU002.SG	2.855	-0.023076923076923078	65	0.009639905344766466
ZKU002.SG	2.865	0.05837173579109063	63	0.009574059855489321
ZKU002.SG	2.875	0.148489503328213	63	0.009508891614055754
ZKU002.SG	2.8850000000000002	0.12235294117647058	51	0.009444393654694124
ZKU002.SG	2.895	-0.02775208140610546	47	0.009380559083278618
ZKU002.SG	2.9050000000000002	-0.01451378809869376	53	0.009317381076592319
ZKU002.SG	2.915	-0.03546099290780142	48	0.0092548528815979
ZKU002.SG	2.9250000000000003	0.0	44	0.009192967814715786
ZKU002.SG	2.935	-0.015300546448087432	61	0.009131719261109766
ZKU002.SG	2.9450000000000003	-0.028985507246376812	46	0.009071100673979919
ZKU002.SG	2.955	0.13045045045045045	75	0.009011105573862851
ZKU002.SG	2.965	-0.02538339502908514	62	0.008951727547939105
ZKU002.SG	2.975	-0.011188811188811189	66	0.008892960249347694
ZKU002.SG	2.985	0.0	60	0.00883479739650771
ZKU002.SG	2.995	-0.008503401360544218	49	0.008777232772446863
ZKU002.SG	3.005	-0.05012531328320802	57	0.008720260224136986
ZKU002.SG	3.015	-0.013559322033898306	60	0.008663873661836312
ZKU002.SG	3.025	-0.02331002331002331	66	0.008608067058438591
ZKU002.SG	3.035	-0.006557377049180328	61	0.008552834448828792
ZKU002.SG	3.045	-0.024132730015082957	52	0.008498169929245576
ZKU002.SG	3.055	-0.05711263881544157	62	0.008444067656650183
ZKU002.SG	3.065	-0.02456140350877193	76	0.008390521848101917
ZKU002.SG	3.075	-0.017486338797814208	61	0.008337526780139978
ZKU002.SG	3.085	-0.044326241134751775	48	0.008285076788171728
ZKU002.SG	3.095	-0.03322259136212625	43	0.008233166265867172
ZKU002.SG	3.105	-0.008461131676361713	62	0.008181789664559722
ZKU002.SG	3.115	0.023268112109994712	62	0.008130941492653096
ZKU002.SG	3.125	0.03511852502194908	68	0.008080616315034338
ZKU002.SG	3.1350000000000002	-0.03483309143686502	53	0.008030808752492846
ZKU002.SG	3.145	-0.03132832080200501	57	0.007981513481145413
ZKU002.SG	3.1550000000000002	-0.04195804195804195	66	0.007932725231867142
ZKU002.SG	3.165	-0.020703933747412008	70	0.00788443878972826
ZKU002.SG	3.1750000000000003	-0.02727272727272727	56	0.007836648993436675
ZKU002.SG	3.185	-0.012066365007541479	52	0.007789350734786298
ZKU002.SG	3.1950000000000003	-0.01451378809869376	53	0.007742538958111033
ZKU002.SG	3.205	-0.007400555041628122	47	0.007696208659744389
ZKU002.SG	3.2150000000000003	-0.015458937198067632	46	0.007650354887484629
ZKU002.SG	3.225	-0.01451378809869376	53	0.007604972740065443
ZKU002.SG	3.235	-0.012987012987012988	56	0.007560057366632051
ZKU002.SG	3.245	-0.013061224489795919	50	0.007515603966222707
ZKU002.SG	3.255	0.0	55	0.007471607787255521
ZKU002.SG	3.265	-0.002795248078266946	54	0.007428064127020573
ZKU002.SG	3.275	-0.013289036544850499	43	0.007384968331177237
ZKU002.SG	3.285	-0.006988120195667365	54	0.0073423157932566915
ZKU002.SG	3.295	-0.006968641114982578	42	0.007300101954169535
ZKU002.SG	3.305	-0.02693602693602694	55	0.007258322301718469
ZKU002.SG	3.315	-0.03389830508474576	60	0.007216972370115992
ZKU002.SG	3.325	-0.01694915254237288	60	0.007176047739507054
ZKU002.SG	3.335	-0.046756282875511396	59	0.007135544035496639
ZKU002.SG	3.345	0.148664343786295	42	0.007095456928682155
ZKU002.SG	3.355	0.04480874316939891	61	0.007055782134190711
ZKU002.SG	3.365	0.014814814814814812	55	0.0070165154112210755
ZKU002.SG	3.375	0.0	61	0.006977652562590407
ZKU002.SG	3.3850000000000002	0.0202020202020202	45	0.006939189434285597
ZKU002.SG	3.395	-0.001932367149758454	46	0.006901121915019277
ZKU002.SG	3.4050000000000002	0.0	51	0.006863445935790344
ZKU002.SG	3.415	-0.015306122448979593	49	0.0068261574694490484
ZKU002.SG	3.4250000000000003	-0.002976190476190476	64	0.006789252530266515
ZKU002.SG	3.435	-0.023310023310023312	78	0.0067527271735087335
ZKU002.SG	3.4450000000000003	0.13602693602693602	55	0.006716577495014893
ZKU002.SG	3.455	-0.008708272859216255	53	0.006680799630780086
ZKU002.SG	3.4650000000000003	-0.05194805194805195	56	0.006645389756542263
ZKU002.SG	3.475	-0.01616161616161616	55	0.006610344087373494
ZKU002.SG	3.485	-0.026122448979591838	50	0.006575658877275374
ZKU002.SG	3.495	-0.007400555041628122	47	0.0065413304187786295
ZKU002.SG	3.505	-0.024291497975708502	39	0.006507355042546828
ZKU002.SG	3.515	-0.014693877551020407	50	0.006473729116984164
ZKU002.SG	3.525	-0.01451378809869376	53	0.0064404490478472895
ZKU002.SG	3.535	-0.01984126984126984	64	0.0064075112778611155
ZKU002.SG	3.545	0.011904761904761904	64	0.006374912286338589
ZKU002.SG	3.555	0.0	58	0.006342648588804364
ZKU002.SG	3.565	0.14879227053140096	46	0.006310716736622353
ZKU002.SG	3.575	-0.029602220166512486	47	0.006279113316627105
ZKU002.SG	3.585	-0.023222060957910014	53	0.006247834950758972
ZKU002.SG	3.595	-0.018501387604070305	47	0.006216878295703034
ZKU002.SG	3.605	0.0	48	0.0061862400425317385
ZKU002.SG	3.615	-0.01951219512195122	41	0.006155916916351208
ZKU002.SG	3.625	-0.0506558118498417	67	0.006125905675951186
ZKU002.SG	3.6350000000000002	-0.023529411764705882	51	0.006096203113458596
ZKU002.SG	3.645	-0.011594202898550725	46	0.0060668060539946535
ZKU002.SG	3.6550000000000002	-0.016913319238900635	44	0.0060377113553355
ZKU002.SG	3.665	0.04579124579124579	55	0.006008915907576335
ZKU002.SG	3.6750000000000003	-0.002048131080389145	63	0.0059804166327990065
ZKU002.SG	3.685	-0.016771488469601675	54	0.0059522104847430125
ZKU002.SG	3.6950000000000003	-0.005398110661268556	39	0.00592429444847989
ZKU002.SG	3.705	-0.01282051282051282	40	0.005896665540090945
ZKU002.SG	3.7150000000000003	-0.010796221322537112	39	0.005869320806348314
ZKU002.SG	3.725	-0.012684989429175475	44	0.005842257324399298
ZKU002.SG	3.735	-0.01616161616161616	45	0.005815472201453925
ZKU002.SG	3.745	-0.018501387604070305	47	0.0057889625744757586
ZKU002.SG	3.755	0.0	22	0.005762725609875868
ZKU002.SG	3.765	-0.015384615384615385	65	0.005736758503209945
ZKU002.SG	3.775	-0.007729468599033816	46	0.005711058478878536
ZKU002.SG	3.785	0.10218253968253968	64	0.005685622789830369
ZKU002.SG	3.795	0.0	66	0.005660448717268722
ZKU002.SG	3.805	0.0	51	0.005635533570360807
ZKU002.SG	3.815	-0.003700277520814061	47	0.005610874685950158
ZKU002.SG	3.825	-0.03807509254362771	62	0.00558646942827196
ZKU002.SG	3.835	-0.01346801346801347	55	0.005562315188671325
ZKU002.SG	3.845	0.0	67	0.005538409385324449
ZKU002.SG	3.855	-0.01036653091447612	74	0.005514749462962638
ZKU002.SG	3.865	-0.022556390977443608	57	0.005491332892599189
ZKU002.SG	3.875	-0.01020408163265306	49	0.005468157171259064
ZKU002.SG	3.8850000000000002	-0.024822695035460994	48	0.005445219821711346
ZKU002.SG	3.895	-0.006988120195667365	54	0.005422518392204456
ZKU002.SG	3.9050000000000002	-0.003700277520814061	47	0.0054000504562040814
ZKU002.SG	3.915	-0.03428571428571429	50	0.005377813612133816
ZKU002.SG	3.9250000000000003	-0.005550416281221091	47	0.0053558054831184445
ZKU002.SG	3.935	-0.018823529411764704	51	0.00533402371672989
ZKU002.SG	3.9450000000000003	-0.0026936026936026933	55	0.005312465984735762
ZKU002.SG	3.955	0.0	44	0.0052911299828504975
ZKU002.SG	3.9650000000000003	-0.023076923076923078	40	0.005270013430489048
ZKU002.SG	3.975	0.0	39	0.005249114070523123
ZKU002.SG	3.9850000000000003	0.06039488966318235	42	0.005228429669039919
ZKU002.SG	3.995	-0.04519774011299435	60	0.005207958015103343
ZKU002.SG	4.005	-0.01948051948051948	56	0.005187696920517685
ZKU002.SG	4.015	-0.027210884353741496	49	0.005167644219593722
ZKU002.SG	4.0249999999999995	-0.006144393241167435	63	0.005147797768917238
ZKU002.SG	4.034999999999999	-0.02177068214804064	53	0.005128155447119904
ZKU002.SG	4.045	0.0	74	0.005108715154652537
ZKU002.SG	4.055	0.033879781420765025	61	0.005089474813560681
ZKU002.SG	4.0649999999999995	-0.028282828282828285	45	0.0050704323672624875
ZKU002.SG	4.074999999999999	0.0	50	0.005051585780328899
ZKU002.SG	4.085	-0.013062409288824382	53	0.005032933038266076
ZKU002.SG	4.095	-0.04067796610169491	60	0.005014472147300081
ZKU002.SG	4.1049999999999995	-0.023529411764705882	51	0.004996201134163752
ZKU002.SG	4.114999999999999	-0.011100832562442183	47	0.00497811804588579
ZKU002.SG	4.125	-0.012096774193548387	32	0.004960220949582008
ZKU002.SG	4.135	-0.060060060060060066	37	0.004942507932248724
ZKU002.SG	4.145	0.0728744939271255	39	0.004924977100558282
ZKU002.SG	4.154999999999999	-0.002902757619738752	53	0.004907626580656677
ZKU002.SG	4.165	-0.012422360248447204	70	0.0048904545179632615
ZKU002.SG	4.175	0.06327683615819209	60	0.004873459076972512
ZKU002.SG	4.185	-0.018175916910094125	79	0.0048566384410578265
ZKU002.SG	4.194999999999999	-0.009324009324009324	78	0.004839990812277357
ZKU002.SG	4.205	-0.023529411764705882	51	0.0048235144111818205
ZKU002.SG	4.215	-0.022201665124884366	47	0.004807207476624302
ZKU002.SG	4.225	-0.006802721088435374	49	0.004791068265572003
ZKU002.SG	4.234999999999999	0.03318250377073907	52	0.004775095052919931
ZKU002.SG	4.244999999999999	0.08252853380158033	68	0.004759286131306507
ZKU002.SG	4.255	-0.006779661016949153	60	0.004743639810931063
ZKU002.SG	4.265	0.08668076109936576	44	0.004728154419373229
ZKU002.SG	4.2749999999999995	-0.004645760743321719	42	0.004712828301414158
ZKU002.SG	4.284999999999999	-0.006644518272425249	43	0.00469765981885961
ZKU002.SG	4.295	-0.026124818577648763	53	0.004682647350364841
ZKU002.SG	4.305	-0.009291521486643438	42	0.00466778929126131
ZKU002.SG	4.3149999999999995	0.0	41	0.00465308405338514
ZKU002.SG	4.324999999999999	-0.006060606060606061	45	0.004638530064907376
ZKU002.SG	4.335	-0.031746031746031744	28	0.004624125770165968
ZKU002.SG	4.345	-0.05128205128205128	40	0.0046098696294994855
ZKU002.SG	4.3549999999999995	0.05919661733615222	44	0.004595760119082548
ZKU002.SG	4.364999999999999	0.06292517006802721	49	0.004581795730762942
ZKU002.SG	4.375	-0.0017006802721088435	49	0.00456797497190042
ZKU002.SG	4.385	-0.018583042973286876	42	0.004554296365207152
ZKU002.SG	4.395	-0.010256410256410256	40	0.004540758448589815
ZKU002.SG	4.404999999999999	-0.009291521486643438	42	0.00452735977499332
ZKU002.SG	4.415	0.0	35	0.0045140989122461235
ZKU002.SG	4.425	-0.004228329809725159	44	0.004500974442907166
ZKU002.SG	4.435	-0.006060606060606061	45	0.004487984964114342
ZKU002.SG	4.444999999999999	-0.007692307692307692	40	0.004475129087434559
ZKU002.SG	4.455	0.09672830725462304	38	0.004462405438715326
ZKU002.SG	4.465	-0.05683060109289617	61	0.0044498126579378796
ZKU002.SG	4.475	-0.025604551920341393	38	0.004437349399071802
ZKU002.SG	4.484999999999999	-0.04439746300211417	44	0.004425014329931151
ZKU002.SG	4.495	-0.010256410256410256	40	0.004412806132032061
ZKU002.SG	4.505	-0.0024390243902439024	41	0.004400723500451818
ZKU002.SG	4.515	-0.01707317073170732	41	0.004388765143689368
ZKU002.SG	4.5249999999999995	-0.007729468599033816	46	0.004376929783527279
ZKU002.SG	4.534999999999999	-0.015082956259426848	52	0.0043652161548951044
ZKU002.SG	4.545	-0.006722689075630252	35	0.0043536230057341675
ZKU002.SG	4.555	0.0	34	0.004342149096863733
ZKU002.SG	4.5649999999999995	-0.022556390977443608	57	0.00433079320184854
ZKU002.SG	4.574999999999999	0.05515239477503629	53	0.004319554106867721
ZKU002.SG	4.585	-0.03294117647058823	51	0.0043084306105850515
ZKU002.SG	4.595	0.0983606557377049	61	0.004297421524020545
ZKU002.SG	4.6049999999999995	-0.006049606775559589	58	0.00428652567042336
ZKU002.SG	4.614999999999999	0.06599326599326599	55	0.00427574188514602
ZKU002.SG	4.625	0.051378446115288225	57	0.004265069015519924
ZKU002.SG	4.635	-0.0016326530612244899	50	0.004254505920732142
ZKU002.SG	4.645	-0.029268292682926828	41	0.00424405147170347
ZKU002.SG	4.654999999999999	-0.014801110083256243	47	0.0042337045509677484
ZKU002.SG	4.665	-0.017069701280227594	38	0.0042234640525524135
ZKU002.SG	4.675	-0.005952380952380952	64	0.004213328881860287
ZKU002.SG	4.685	-0.025225225225225224	75	0.004203297955552563
ZKU002.SG	4.694999999999999	-0.0025974025974025974	56	0.004193370201433028
ZKU002.SG	4.705	-0.010774410774410773	55	0.004183544558333439
ZKU002.SG	4.715	0.0	44	0.0041738199760001085
ZKU002.SG	4.725	-0.020905923344947733	42	0.004164195414981636
ZKU002.SG	4.734999999999999	0.046536224219989424	62	0.0041546698465178035
ZKU002.SG	4.745	-0.0273224043715847	61	0.0041452422524296175
ZKU002.SG	4.755	-0.03413940256045519	38	0.004135911625010468
ZKU002.SG	4.765	-0.022148394241417495	43	0.004126676966918424
ZKU002.SG	4.7749999999999995	-0.03116883116883117	56	0.004117537291069623
ZKU002.SG	4.784999999999999	-0.03918722786647315	53	0.004108491620532767
ZKU002.SG	4.795	0.0900900900900901	75	0.0040995389884246934
ZKU002.SG	4.805	-0.03171247357293869	44	0.0040906784378070314
ZKU002.SG	4.8149999999999995	-0.007259528130671506	58	0.004081909021583914
ZKU002.SG	4.824999999999999	0.0	63	0.004073229802400742
ZKU002.SG	4.835	-0.03171247357293869	44	0.004064639852543992
ZKU002.SG	4.845	0.02130325814536341	57	0.004056138253842056
ZKU002.SG	4.8549999999999995	-0.008456659619450317	44	0.004047724097567097
ZKU002.SG	4.864999999999999	-0.036036036036036036	37	0.004039396484337914
ZKU002.SG	4.875	-0.01622849724115547	79	0.004031154524023814
ZKU002.SG	4.885	-0.01269169751454257	62	0.004022997335649461
ZKU002.SG	4.895	-0.0058445353594389245	59	0.00401492404730071
ZKU002.SG	4.904999999999999	-0.02538339502908514	62	0.004006933796031413
ZKU002.SG	4.915	0.06382978723404255	48	0.003999025727771175
ZKU002.SG	4.925	-0.022201665124884366	47	0.003991198997234067
ZKU002.SG	4.935	-0.007317073170731707	41	0.003983452767828268
ZKU002.SG	4.944999999999999	-0.00483968542044767	58	0.0039757862115666525
ZKU002.SG	4.955	-0.0021141649048625794	44	0.003968198508978277
ZKU002.SG	4.965	0.08743169398907105	61	0.003960688849020797
ZKU002.SG	4.975	-0.0043541364296081275	53	0.003953256428993766
ZKU002.SG	4.984999999999999	-0.029038112522686024	58	0.003945900454452844
ZKU002.SG	4.995	-0.009795918367346938	50	0.003938620139124875
ZKU002.SG	5.005	0.0	41	0.003931414704823846
ZKU002.SG	5.015	-0.012121212121212121	45	0.003924283381367705
ZKU002.SG	5.0249999999999995	0.0	56	0.003917225406496041
ZKU002.SG	5.034999999999999	-0.008503401360544218	49	0.003910240025788596
ZKU002.SG	5.045	-0.022201665124884366	47	0.0039033264925846427
ZKU002.SG	5.055	-0.006802721088435374	49	0.003896484067903161
ZKU002.SG	5.0649999999999995	0.07179487179487179	40	0.0038897120203638526
ZKU002.SG	5.074999999999999	0.09388335704125178	38	0.0038830096261089683
ZKU002.SG	5.085	0.07396870554765292	38	0.0038763761687259286
ZKU002.SG	5.095	-0.00725689404934688	53	0.003869810939170755
ZKU002.SG	5.1049999999999995	0.12390572390572391	55	0.003863313235692275
ZKU002.SG	5.114999999999999	-0.006349206349206349	36	0.0038568823637571137
ZKU002.SG	5.125	-0.0016326530612244899	50	0.0038505176359754584
ZKU002.SG	5.135	0.0	32	0.003844218372027582
ZKU002.SG	5.145	0.0	54	0.003837983898591122
ZKU002.SG	5.154999999999999	-0.02536997885835095	44	0.0038318135492691175
ZKU002.SG	5.165	0.06475485661424607	47	0.003825706664518768
ZKU002.SG	5.175	0.1282051282051282	40	0.0038196625915809437
ZKU002.SG	5.185	-0.0101010101010101	45	0.003813680684410412
ZKU002.SG	5.194999999999999	-0.03232323232323232	45	0.0038077603036067754
ZKU002.SG	5.205	-0.028368794326241134	48	0.0038019008163461356
ZKU002.SG	5.215	-0.031746031746031744	36	0.003796101596313446
ZKU002.SG	5.225	0.148664343786295	42	0.0037903620236355664
ZKU002.SG	5.234999999999999	0.06956521739130435	46	0.0037846814848150065
ZKU002.SG	5.245	0.055299539170506916	63	0.00377905937266435
ZKU002.SG	5.255	0.06802721088435375	49	0.00377349508624135
ZKU002.SG	5.265	-0.010576414595452142	62	0.003767988030784699
ZKU002.SG	5.2749999999999995	0.07092198581560284	48	0.0037625376176504514
ZKU002.SG	5.284999999999999	-0.027874564459930314	42	0.003757143264249108
ZKU002.SG	5.295	-0.004878048780487805	41	0.0037518043939833382
ZKU002.SG	5.305	-0.04472396925227114	54	0.0037465204361863554
ZKU002.SG	5.3149999999999995	0.06533575317604355	58	0.0037412908260609115
ZKU002.SG	5.324999999999999	0.17514124293785313	60	0.0037361150046189306
ZKU002.SG	5.335	-0.007936507936507936	64	0.003730992418621758
ZKU002.SG	5.345	0.056390977443609026	57	0.0037259225205210278
ZKU002.SG	5.3549999999999995	-0.01402688486265342	59	0.003720904768400128
ZKU002.SG	5.364999999999999	-0.009795918367346938	50	0.003715938625916287
ZKU002.SG	5.375	-0.009795918367346938	50	0.003711023562243234
ZKU002.SG	5.385	-0.002564102564102564	40	0.0037061590520144666
ZKU002.SG	5.395	-0.015037593984962405	57	0.003701344575267092
ZKU002.SG	5.404999999999999	0.060606060606060615	45	0.003696579617386247
ZKU002.SG	5.415	-0.05711263881544157	62	0.0036918636690500936
ZKU002.SG	5.425	-0.06968641114982578	42	0.0036871962261753803
ZKU002.SG	5.435	-0.07909604519774012	60	0.003682576789863556
ZKU002.SG	5.444999999999999	0.02775208140610546	47	0.0036780048663474455
ZKU002.SG	5.455	-0.0021152829190904266	62	0.0036734799669384728
ZKU002.SG	5.465	0.0	47	0.0036690016079744224
ZKU002.SG	5.475	-0.01568627450980392	51	0.0036645693107677456
ZKU002.SG	5.484999999999999	0.05365402405180388	47	0.0036601826015543884
ZKU002.SG	5.495	-0.034972677595628415	61	0.003655841011443155
ZKU002.SG	5.505	-0.03322259136212625	43	0.0036515440763655906
ZKU002.SG	5.515	0.041463414634146344	41	0.00364729133702637
ZKU002.SG	5.5249999999999995	-0.04181184668989547	42	0.0036430823388542127
ZKU002.SG	5.534999999999999	-0.011594202898550725	46	0.0036389166319532877
ZKU002.SG	5.545	0.05319148936170213	48	0.0036347937710551263
ZKU002.SG	5.555	-0.01680672268907563	35	0.0036307133154710324
ZKU002.SG	5.5649999999999995	-0.00404040404040404	45	0.00362667482904497
ZKU002.SG	5.574999999999999	-0.024242424242424242	45	0.0036226778801069478
ZKU002.SG	5.585	-0.010796221322537112	39	0.0036187220414268776
ZKU002.SG	5.595	-0.036297640653357534	58	0.0036148068901689077
ZKU002.SG	5.6049999999999995	0.062040816326530614	50	0.0036109320078462266
ZKU002.SG	5.614999999999999	-0.02107111501316945	68	0.0036070969802763303
ZKU002.SG	5.625	0.06262626262626263	45	0.003603301397536752
ZKU002.SG	5.635	0.04862745098039216	51	0.0035995448539212467
ZKU002.SG	5.645	-0.015306122448979593	49	0.0035958269478964236
ZKU002.SG	5.654999999999999	-0.0676328502415459	46	0.003592147282058825
ZKU002.SG	5.665	-0.02040816326530612	49	0.0035885054630924542
ZKU002.SG	5.675	0.18099547511312217	52	0.00358490110172673
ZKU002.SG	5.685	0.0	60	0.0035813338126948766
ZKU002.SG	5.694999999999999	0.03231292517006803	49	0.0035778032146927476
ZKU002.SG	5.705	-0.029350104821802937	54	0.0035743089303380635
ZKU002.SG	5.715	-0.01809954751131222	52	0.003570850586130078
ZKU002.SG	5.725	0.0	47	0.0035674278124096523
ZKU002.SG	5.734999999999999	-0.048484848484848485	55	0.003564040243319744
ZKU002.SG	5.745	-0.003864734299516908	46	0.003560687516766299
ZKU002.SG	5.755	0.01282051282051282	40	0.0035573692743795507
ZKU002.SG	5.765	0.21138211382113825	42	0.00355408516147571
ZKU002.SG	5.7749999999999995	0.11295681063122923	43	0.0035508348270190597
ZKU002.SG	5.784999999999999	-0.0006491398896462222	79	0.0035476179235844245
ZKU002.SG	5.795	-0.02902757619738752	53	0.003544434107320042
ZKU002.SG	5.805	-0.002048131080389152	63	0.0035412830379108065
ZKU002.SG	5.8149999999999995	-0.02823529411764706	51	0.003538164378541891
ZKU002.SG	5.824999999999999	-0.03389830508474576	60	0.003535077795862748
ZKU002.SG	5.835	-0.006349206349206349	36	0.003532022959951476
ZKU002.SG	5.845	-0.015458937198067632	46	0.0035289995442795573
ZKU002.SG	5.8549999999999995	-0.014224751066856329	38	0.0035260072256769522
ZKU002.SG	5.864999999999999	-0.026595744680851064	48	0.0035230456842975577
ZKU002.SG	5.875	-0.005128205128205128	40	0.0035201146035850196
ZKU002.SG	5.885	-0.007518796992481203	57	0.0035172136702388956
ZKU002.SG	5.895	-0.008859357696566999	43	0.003514342574181165
ZKU002.SG	5.904999999999999	0.0	49	0.0035115010085230896
ZKU002.SG	5.915	-0.00808080808080808	45	0.003508688669532405
ZKU002.SG	5.925	-0.03428571428571429	50	0.0035059052566008596
ZKU002.SG	5.935	-0.018018018018018018	37	0.003503150472212079
ZKU002.SG	5.944999999999999	0.060331825037707384	52	0.0035004240219097685
ZKU002.SG	5.955	-0.012012012012012012	37	0.0034977256142662357
ZKU002.SG	5.965	0.0	41	0.0034950549608512424
ZKU002.SG	5.975	-0.01397624039133473	54	0.0034924117762011727
ZKU002.SG	5.984999999999999	-0.021778584392014518	58	0.003489795777788522
ZKU002.SG	5.995	0.11366120218579236	61	0.0034872066859916954
ZKU002.SG	6.005	-0.047619047619047616	64	0.003484644224065122
ZKU002.SG	6.015	-0.024132730015082957	52	0.0034821081181096733
ZKU002.SG	6.0249999999999995	-0.04713804713804714	55	0.0034795980970433833
ZKU002.SG	6.035	-0.015458937198067632	46	0.0034771138925724764
ZKU002.SG	6.045	-0.05387205387205388	55	0.0034746552391626885
ZKU002.SG	6.055	-0.016922263352723427	62	0.0034722218740108842
ZKU002.SG	6.0649999999999995	-0.027149321266968326	52	0.0034698135370169656
ZKU002.SG	6.074999999999999	0.04078014184397163	48	0.003467429970756071
ZKU002.SG	6.085	-0.012121212121212121	45	0.0034650709204510598
ZKU002.SG	6.095	-0.01616161616161616	55	0.0034627361339452773
ZKU002.SG	6.1049999999999995	-0.061538461538461535	40	0.0034604253616756044
ZKU002.SG	6.114999999999999	-0.05454545454545454	56	0.0034581383566457814
ZKU002.SG	6.125	-0.13574660633484165	52	0.003455874874400004
ZKU002.SG	6.135	-0.02902757619738752	53	0.0034536346729967986
ZKU002.SG	6.145	-0.015306122448979593	49	0.003451417512983158
ZKU002.SG	6.154999999999999	-0.012066365007541479	52	0.0034492231573689473
ZKU002.SG	6.165	-0.010638297872340425	48	0.0034470513716015707
ZKU002.SG	6.175	-0.05076679005817028	62	0.0034449019235409046
ZKU002.SG	6.185	-0.017486338797814208	61	0.003442774583434481
ZKU002.SG	6.194999999999999	-0.009523809523809523	36	0.0034406691238929284
ZKU002.SG	6.205	-0.06885245901639345	61	0.00343858531986567
ZKU002.SG	6.215	0.12406015037593986	57	0.003436522948616866
ZKU002.SG	6.225	0.023228803716608598	42	0.0034344817897016067
ZKU002.SG	6.234999999999999	0.11857229280096794	58	0.0034324616249423465
ZKU002.SG	6.245	0.08048780487804878	41	0.0034304622384055865
ZKU002.SG	6.255	0.0	37	0.0034284834163787943
ZKU002.SG	6.265	-0.02898550724637681	24	0.0034265249473475552
ZKU002.SG	6.2749999999999995	0.059506531204644414	53	0.0034245866219729682
ZKU002.SG	6.285	-0.04603580562659847	69	0.0034226682330692694
ZKU002.SG	6.295	-0.0101010101010101	45	0.0034207695755816853
ZKU002.SG	6.305	-0.1509433962264151	53	0.0034188904465645136
ZKU002.SG	6.3149999999999995	-0.013937282229965157	42	0.003417030645159433
ZKU002.SG	6.324999999999999	-0.07259528130671507	58	0.0034151899725740316
ZKU002.SG	6.335	-0.02318840579710145	46	0.003413368232060559
ZKU002.SG	6.345	-0.008708272859216255	53	0.0034115652288948966
ZKU002.SG	6.3549999999999995	-0.023529411764705882	51	0.0034097807703557426
ZKU002.SG	6.364999999999999	-0.030030030030030033	37	0.0034080146657040128
ZKU002.SG	6.375	-0.019047619047619046	36	0.0034062667261624533
ZKU002.SG	6.385	-0.09898989898989898	45	0.0034045367648954604
ZKU002.SG	6.395	-0.03918367346938775	50	0.0034028245969891127
ZKU002.SG	6.404999999999999	-0.014423076923076924	65	0.003401130039431403
ZKU002.SG	6.415	-0.05079825834542816	53	0.003399452911092678
ZKU002.SG	6.425	-0.005319148936170213	48	0.003397793032706278
ZKU002.SG	6.435	-0.028368794326241134	48	0.0033961502268493723
ZKU002.SG	6.444999999999999	-0.017006802721088437	49	0.0033945243179239987
ZKU002.SG	6.455	-0.026122448979591838	50	0.003392915132138291
ZKU002.SG	6.465	-0.05180388529139685	47	0.003391322497487904
ZKU002.SG	6.475	-0.021116138763197585	52	0.003389746243737628
ZKU002.SG	6.484999999999999	-0.019591836734693877	50	0.003388186202403191
ZKU002.SG	6.495	-0.021141649048625793	44	0.0033866422067332516
ZKU002.SG	6.505	-0.007400555041628122	47	0.003385114091691575
ZKU002.SG	6.515	-0.014634146341463414	41	0.0033836016939393903
ZKU002.SG	6.5249999999999995	-0.021390374331550804	34	0.003382104851817934
ZKU002.SG	6.535	-0.03546099290780142	48	0.0033806234053311676
ZKU002.SG	6.545	-0.021390374331550804	34	0.0033791571961286795
ZKU002.SG	6.555	-0.008859357696566999	43	0.0033777060674887558
ZKU002.SG	6.5649999999999995	0.0	58	0.0033762698643016293
ZKU002.SG	6.574999999999999	-0.012012012012012012	37	0.0033748484330529014
ZKU002.SG	6.585	-0.023228803716608595	42	0.003373441621807132
ZKU002.SG	6.595	-0.04429678848283499	43	0.003372049280191597
ZKU002.SG	6.6049999999999995	-0.04761904761904762	36	0.0033706712593802213
ZKU002.SG	6.614999999999999	-0.021390374331550804	34	0.003369307412077663
ZKU002.SG	6.625	0.0	33	0.003367957592503576
ZKU002.SG	6.635	-0.010796221322537112	39	0.003366621656377024
ZKU002.SG	6.645	-0.02177068214804064	53	0.0033652994609010586
ZKU002.SG	6.654999999999999	0.05952380952380953	49	0.003363990864747457
ZKU002.SG	6.665	-0.005194805194805195	56	0.003362695728041615
ZKU002.SG	6.675	0.040100250626566414	57	0.0033614139123475965
ZKU002.SG	6.685	0.0	41	0.003360145280653335
ZKU002.SG	6.694999999999999	-0.024132730015082957	52	0.0033588896973559892
ZKU002.SG	6.705	-0.03007518796992481	57	0.0033576470282474504
ZKU002.SG	6.715	-0.014693877551020407	50	0.0033564171404999927
ZKU002.SG	6.725	-0.08249603384452671	62	0.0033551999026520795
ZKU002.SG	6.734999999999999	-0.024582967515364353	68	0.0033539951845943093
ZKU002.SG	6.745	0.06382978723404255	48	0.0033528028575555095
ZKU002.SG	6.755	-0.01038961038961039	56	0.0033516227940889715
ZKU002.SG	6.765	-0.008456659619450317	44	0.0033504548680588285
ZKU002.SG	6.7749999999999995	0.013976240391334735	54	0.003349298954626573
ZKU002.SG	6.785	-0.0653061224489796	50	0.0033481549302377114
ZKU002.SG	6.795	-0.04524886877828054	52	0.003347022672608561
ZKU002.SG	6.805	-0.003864734299516908	46	0.003345902060713175
ZKU002.SG	6.8149999999999995	-0.03171247357293869	44	0.003344792974770409
ZKU002.SG	6.824999999999999	0.08743169398907105	61	0.0033436952962311163
ZKU002.SG	6.835	0.05870020964360587	54	0.0033426089077654765
ZKU002.SG	6.845	-0.012950971322849213	47	0.0033415336932504556
ZKU002.SG	6.8549999999999995	-0.028282828282828285	45	0.0033404695377573916
ZKU002.SG	6.864999999999999	-0.04385964912280702	57	0.0033394163275397115
ZKU002.SG	6.875	-0.024024024024024024	37	0.0033383739500207716
ZKU002.SG	6.885	-0.0326530612244898	50	0.0033373422937818258
ZKU002.SG	6.895	-0.012987012987012988	56	0.0033363212485501156
ZKU002.SG	6.904999999999999	-0.03232323232323232	55	0.0033353107051870825
ZKU002.SG	6.915	-0.03225806451612903	32	0.003334310555676703
ZKU002.SG	6.925	-0.02372881355932203	60	0.003333320693113943
ZKU002.SG	6.935	0.07897793263646923	42	0.00333234101169333
ZKU002.SG	6.944999999999999	0.052631578947368425	57	0.003331371406697644
ZKU002.SG	6.955	0.004705882352941178	51	0.0033304117744867253
ZKU002.SG	6.965	0.0030165912518853675	52	0.0033294620124863948
ZKU002.SG	6.975	-0.046536224219989424	62	0.0033285220191774925
ZKU002.SG	6.984999999999999	-0.0326530612244898	50	0.003327591694085022
ZKU002.SG	6.995	-0.04625346901017576	47	0.0033266709377674157
ZKU002.SG	7.005	-0.03361344537815126	35	0.003325759651805902
ZKU002.SG	7.015	-0.024363233665559248	43	0.003324857738793988
ZKU002.SG	7.0249999999999995	-0.025396825396825397	36	0.0033239651023270443
ZKU002.SG	7.035	-0.013559322033898306	60	0.0033230816469920045
ZKU002.SG	7.045	0.0	34	0.0033222072783571648
ZKU002.SG	7.055	-0.04439746300211417	44	0.0033213419029620886
ZKU002.SG	7.0649999999999995	-0.030612244897959186	49	0.003320485428307619
ZKU002.SG	7.074999999999999	0.01282051282051282	40	0.0033196377628459924
ZKU002.SG	7.085	0.03484320557491289	42	0.003318798815971048
ZKU002.SG	7.095	-0.06334841628959276	52	0.0033179684980085503
ZKU002.SG	7.1049999999999995	-0.08879492600422834	44	0.0033171467202065975
ZKU002.SG	7.114999999999999	-0.06122448979591837	49	0.003316333394726138
ZKU002.SG	7.125	-0.032388663967611336	39	0.003315528434631581
ZKU002.SG	7.135	0.07965860597439546	38	0.003314731753881505
ZKU002.SG	7.145	-0.025157232704402514	54	0.003313943267319458
ZKU002.SG	7.154999999999999	-0.0404040404040404	55	0.003313162890664858
ZKU002.SG	7.165	-0.04964539007092199	48	0.003312390540503983
ZKU002.SG	7.175	-0.047058823529411764	51	0.0033116261342810553
ZKU002.SG	7.185	-0.0027952480782669417	54	0.0033108695902894177
ZKU002.SG	7.194999999999999	-0.019047619047619046	36	0.0033101208276627987
ZKU002.SG	7.205	-0.013937282229965157	42	0.0033093797663666705
ZKU002.SG	7.215	0.047895500725689405	53	0.003308646327189692
ZKU002.SG	7.225	-0.09649122807017543	57	0.0033079204317352446
ZKU002.SG	7.234999999999999	0.042352941176470586	51	0.0033072020024130493
ZKU002.SG	7.245	0.08385744234800839	54	0.003306490962430877
ZKU002.SG	7.255	-0.04024144869215292	71	0.0033057872357863363
ZKU002.SG	7.265	-0.07770582793709528	47	0.003305090747258753
ZKU002.SG	7.2749999999999995	-0.03759398496240601	57	0.0033044014224011273
ZKU002.SG	7.285	-0.00701344243132671	59	0.003303719187532178
ZKU002.SG	7.295	-0.04761904761904762	36	0.003303043969728465
ZKU002.SG	7.305	-0.030612244897959186	49	0.0033023756968165972
ZKU002.SG	7.3149999999999995	-0.02285714285714286	50	0.0033017142973655153
ZKU002.SG	7.324999999999999	0.05110336817653891	42	0.0033010597006788585
ZKU002.SG	7.335	-0.009216589861751149	63	0.0033004118367874063
ZKU002.SG	7.345	0.10256410256410256	40	0.0032997706364416004
ZKU002.SG	7.3549999999999995	-0.04995374653098983	47	0.0032991360311041434
ZKU002.SG	7.364999999999999	0.05110336817653891	42	0.003298507952942671
ZKU002.SG	7.375	-0.02150537634408602	31	0.003297886334822503
ZKU002.SG	7.385	-0.01397624039133473	54	0.0032972711102994675
ZKU002.SG	7.395	-0.024024024024024024	37	0.0032966622136127973
ZKU002.SG	7.404999999999999	-0.009291521486643438	42	0.003296059579678102
ZKU002.SG	7.415	0.23481781376518218	39	0.0032954631440804106
ZKU002.SG	7.425	-0.04223227752639517	52	0.0032948728430672873
ZKU002.SG	7.435	0.2196078431372549	51	0.0032942886135420148
ZKU002.SG	7.444999999999999	0.03773584905660377	53	0.0032937103930568527
ZKU002.SG	7.455	-0.025408348457350273	58	0.0032931381198063603
ZKU002.SG	7.465	-0.02538339502908514	62	0.0032925717326207924
ZKU002.SG	7.475	-0.007936507936507936	64	0.0032920111709595578
ZKU002.SG	7.484999999999999	-0.013937282229965157	42	0.0032914563749047517
ZKU002.SG	7.495	-0.011594202898550725	46	0.0032909072851547492
ZKU002.SG	7.505	-0.010084033613445379	35	0.003290363843017866
ZKU002.SG	7.515	-0.008859357696566999	43	0.0032898259904060876
ZKU002.SG	7.5249999999999995	-0.042328042328042326	28	0.003289293669828857
ZKU002.SG	7.535	-0.02195121951219512	41	0.003288766824386931
ZKU002.SG	7.545	-0.03723404255319149	48	0.0032882453977662995
ZKU002.SG	7.555	-0.018855218855218854	55	0.003287729334232165
ZKU002.SG	7.5649999999999995	-0.028449502133712657	38	0.003287218578622984
ZKU002.SG	7.574999999999999	0.0	38	0.0032867130763445736
ZKU002.SG	7.585	-0.07058823529411765	35	0.003286212773364274
ZKU002.SG	7.595	-0.12012012012012013	37	0.0032857176162051725
ZKU002.SG	7.6049999999999995	-0.021141649048625793	44	0.003285227551940389
ZKU002.SG	7.614999999999999	-0.0202020202020202	45	0.0032847425281874194
ZKU002.SG	7.625	0.1142857142857143	35	0.0032842624931025324
ZKU002.SG	7.635	0.09075630252100841	35	0.0032837873953752332
ZKU002.SG	7.645	0.0529100529100529	28	0.003283317184222775
ZKU002.SG	7.654999999999999	0.3586206896551724	30	0.003282851809384733
ZKU002.SG	7.665	0.048484848484848485	45	0.003282391221117631
ZKU002.SG	7.675	0.10815602836879434	48	0.0032819353701896256
ZKU002.SG	7.685	-0.029268292682926828	41	0.0032814842078752425
ZKU002.SG	7.694999999999999	0.04078014184397163	48	0.0032810376859501687
ZKU002.SG	7.705	-0.024193548387096774	32	0.003280595756686098
ZKU002.SG	7.715	0.0	39	0.003280158372845631
ZKU002.SG	7.725	-0.046511627906976744	43	0.0032797254876772222
ZKU002.SG	7.734999999999999	-0.030165912518853696	52	0.0032792970549101854
ZKU002.SG	7.745	0.03361344537815126	35	0.003278873028749748
ZKU002.SG	7.755	-0.01038961038961039	56	0.0032784533638721557
ZKU002.SG	7.765	0.059800664451827246	43	0.003278038015419826
ZKU002.SG	7.7749999999999995	-0.012698412698412698	36	0.0032776269389965564
ZKU002.SG	7.785	0.06342494714587739	44	0.0032772200906627776
ZKU002.SG	7.795	0.15686274509803919	34	0.0032768174269308557
ZKU002.SG	7.805	-0.022759601706970126	38	0.003276418904760446
ZKU002.SG	7.8149999999999995	-0.05797101449275362	24	0.0032760244815538907
ZKU002.SG	7.825	-0.021141649048625793	44	0.0032756341151516668
ZKU002.SG	7.835	-0.04878048780487805	41	0.0032752477638278788
ZKU002.SG	7.845	-0.0023228803716608595	42	0.0032748653862858
ZKU002.SG	7.8549999999999995	-0.029556650246305417	29	0.003274486941653456
ZKU002.SG	7.864999999999999	0.0	31	0.003274112389479259
ZKU002.SG	7.875	0.08367071524966263	39	0.003273741689727682
ZKU002.SG	7.885	-0.03870967741935484	31	0.0032733748027749783
ZKU002.SG	7.895	0.06765327695560254	44	0.0032730116894049495
ZKU002.SG	7.904999999999999	0.04964539007092198	48	0.0032726523108047513
ZKU002.SG	7.915	0.0761904761904762	36	0.0032722966285607456
ZKU002.SG	7.925	-0.06944444444444445	64	0.003271944604654393
ZKU002.SG	7.935	0.026554856743535988	54	0.0032715962014581925
ZKU002.SG	7.944999999999999	0.03986710963455149	43	0.0032712513817316556
ZKU002.SG	7.955	0.0	36	0.0032709101086173284
ZKU002.SG	7.965	-0.04181184668989547	42	0.003270572345636851
ZKU002.SG	7.975	-0.021592442645074223	39	0.0032702380566870574
ZKU002.SG	7.984999999999999	-0.011363636363636364	33	0.003269907206036119
ZKU002.SG	7.995	-0.007400555041628122	47	0.003269579758319722
ZKU002.SG	8.005	0.040169133192389	44	0.003269255678537291
ZKU002.SG	8.015	0.03478260869565217	46	0.0032689349320482444
ZKU002.SG	8.025	0.054901960784313725	51	0.0032686174845682936
ZKU002.SG	8.035	-0.037786774628879895	39	0.003268303302165778
ZKU002.SG	8.045	-0.017533606078316773	59	0.003267992351258038
ZKU002.SG	8.055	-0.013445378151260503	35	0.003267684598607825
ZKU002.SG	8.065	-0.024242424242424242	45	0.00326738001131975
ZKU002.SG	8.075	0.04878048780487805	41	0.0032670785568367664
ZKU002.SG	8.084999999999999	0.12131147540983607	61	0.003266780202936689
ZKU002.SG	8.094999999999999	-0.006968641114982578	42	0.003266484917728753
ZKU002.SG	8.105	-0.018018018018018018	37	0.003266192669650201
ZKU002.SG	8.115	-0.06342494714587738	44	0.0032659034274629133
ZKU002.SG	8.125	-0.029602220166512486	47	0.0032656171602500656
ZKU002.SG	8.135	-0.035650623885918005	34	0.003265333837412827
ZKU002.SG	8.145	-0.0463768115942029	46	0.0032650534286670875
ZKU002.SG	8.155	-0.020905923344947733	42	0.0032647759040402217
ZKU002.SG	8.165	0.047895500725689405	53	0.003264501233867885
ZKU002.SG	8.174999999999999	0.1492063492063492	36	0.0032642293887908424
ZKU002.SG	8.185	-0.03483309143686502	53	0.0032639603397518315
ZKU002.SG	8.195	-0.012684989429175475	44	0.0032636940579924547
ZKU002.SG	8.205	0.08050655811849843	67	0.003263430515050107
ZKU002.SG	8.215	-0.003629764065335753	58	0.003263169682754933
ZKU002.SG	8.225	-0.0070921985815602835	48	0.003262911533226815
ZKU002.SG	8.235	0.12946859903381644	46	0.003262656038872395
ZKU002.SG	8.245	-0.008859357696566999	43	0.003262403172382123
ZKU002.SG	8.254999999999999	-0.03330249768732655	47	0.003262152906727339
ZKU002.SG	8.265	-0.13495276653171392	39	0.003261905215157384
ZKU002.SG	8.275	-0.03805496828752643	44	0.003261660071196741
ZKU002.SG	8.285	-0.018181818181818184	45	0.0032614174486422045
ZKU002.SG	8.295	0.13737373737373737	55	0.003261177321560078
ZKU002.SG	8.305	0.014184397163120564	48	0.003260939664283406
ZKU002.SG	8.315	0.10048309178743962	46	0.003260704451409227
ZKU002.SG	8.325	-0.029222676797194622	59	0.0032604716577958595
ZKU002.SG	8.334999999999999	0.05858585858585858	45	0.0032602412585602146
ZKU002.SG	8.344999999999999	-0.024242424242424242	45	0.0032600132290751356
ZKU002.SG	8.355	-0.030165912518853696	52	0.0032597875449667676
ZKU002.SG	8.365	-0.004878048780487805	41	0.0032595641821119487
ZKU002.SG	8.375	0.0853302162478083	59	0.003259343116635636
ZKU002.SG	8.385	0.06722689075630252	35	0.0032591243249083493
ZKU002.SG	8.395	-0.03918367346938775	50	0.0032589077835436485
ZKU002.SG	8.405	0.148664343786295	42	0.0032586934693956313
ZKU002.SG	8.415	-0.02285714285714286	50	0.003258481359556462
ZKU002.SG	8.424999999999999	-0.0404040404040404	55	0.0032582714313539205
ZKU002.SG	8.435	-0.02195121951219512	41	0.0032580636623489798
ZKU002.SG	8.445	-0.017718715393133997	43	0.003257858030333408
ZKU002.SG	8.455	0.050505050505050504	45	0.0032576545133273928
ZKU002.SG	8.465	0.0787878787878788	45	0.003257453089577195
ZKU002.SG	8.475	0.09725158562367864	44	0.0032572537375528204
ZKU002.SG	8.485	-0.06827880512091038	38	0.003257056435945719
ZKU002.SG	8.495	0.0	40	0.0032568611636665102
ZKU002.SG	8.504999999999999	-0.007575757575757576	33	0.0032566678998427238
ZKU002.SG	8.515	0.0	34	0.0032564766238165734
ZKU002.SG	8.525	0.03478260869565217	46	0.003256287315142745
ZKU002.SG	8.535	0.11294117647058823	51	0.0032560999535862136
ZKU002.SG	8.545	-0.03225806451612903	32	0.0032559145191200806
ZKU002.SG	8.555	-0.03918367346938775	50	0.0032557309919234306
ZKU002.SG	8.565	0.05919661733615222	44	0.0032555493523792156
ZKU002.SG	8.575	0.0	47	0.0032553695810721567
ZKU002.SG	8.584999999999999	-0.012096774193548387	32	0.0032551916587866695
ZKU002.SG	8.595	0.048364153627311515	38	0.0032550155665048083
ZKU002.SG	8.605	-0.01639344262295082	61	0.0032548412854042368
ZKU002.SG	8.615	0.07474747474747474	45	0.003254668796856212
ZKU002.SG	8.625	-0.03171247357293869	44	0.0032544980824235977
ZKU002.SG	8.635	-0.027874564459930314	42	0.003254329123858889
ZKU002.SG	8.645	-0.06765327695560254	44	0.0032541619031022646
ZKU002.SG	8.655	-0.05668016194331984	39	0.003253996402279657
ZKU002.SG	8.665	-0.10774410774410775	55	0.003253832603700839
ZKU002.SG	8.674999999999999	-0.029350104821802937	54	0.003253670489857536
ZKU002.SG	8.685	-0.011594202898550725	46	0.0032535100434215526
ZKU002.SG	8.695	-0.034013605442176874	49	0.0032533512472429213
ZKU002.SG	8.705	-0.022727272727272728	33	0.003253194084348069
ZKU002.SG	8.715	-0.02775208140610546	47	0.0032530385379380025
ZKU002.SG	8.725	-0.013937282229965157	42	0.0032528845913865133
ZKU002.SG	8.735	-0.03805496828752643	44	0.0032527322282384
ZKU002.SG	8.745	-0.040336134453781515	35	0.00325258143220771
ZKU002.SG	8.754999999999999	0.08362369337979095	42	0.0032524321871759986
ZKU002.SG	8.765	-0.0303030303030303	45	0.003252284477190606
ZKU002.SG	8.775	0.041928721174004195	54	0.0032521382864629505
ZKU002.SG	8.785	-0.0030721966205837174	63	0.0032519935993668447
ZKU002.SG	8.795	-0.005689900426742531	38	0.003251850400436821
ZKU002.SG	8.805	-0.030478955007256895	53	0.003251708674366482
ZKU002.SG	8.815	-0.02040816326530612	49	0.003251568406006862
ZKU002.SG	8.825	0.14879227053140096	46	0.003251429580364809
ZKU002.SG	8.834999999999999	0.09725490196078432	51	0.0032512921826013813
ZKU002.SG	8.845	0.07897793263646923	42	0.0032511561980302617
ZKU002.SG	8.855	-0.007729468599033816	46	0.0032510216121161887
ZKU002.SG	8.865	-0.02536997885835095	44	0.0032508884104734013
ZKU002.SG	8.875	0.05128205128205129	39	0.0032507565788641017
ZKU002.SG	8.885	-0.027874564459930314	42	0.003250626103196934
ZKU002.SG	8.895	-0.03413940256045519	38	0.003250496969525478
ZKU002.SG	8.905	-0.009250693802035153	47	0.0032503691640467574
ZKU002.SG	8.915	0.08205128205128205	40	0.0032502426730997656
ZKU002.SG	8.924999999999999	0.05454545454545454	45	0.003250117483164005
ZKU002.SG	8.935	-0.029268292682926828	41	0.0032499935808580427
ZKU002.SG	8.945	0.17435897435897435	40	0.003249870952938077
ZKU002.SG	8.955	0.0728744939271255	39	0.003249749586296527
ZKU002.SG	8.965	0.1702127659574468	48	0.003249629467960627
ZKU002.SG	8.975	-0.04267425320056899	38	0.0032495105850910404
ZKU002.SG	8.985	0.04862579281183932	44	0.0032493929249804918
ZKU002.SG	8.995	0.06504065040650407	42	0.003249276475052402
ZKU002.SG	9.004999999999999	-0.043184885290148446	39	0.003249161222859549
ZKU002.SG	9.015	-0.009523809523809523	36	0.003249047156082735
ZKU002.SG	9.025	-0.05102040816326531	49	0.00324893426252947
ZKU002.SG	9.035	0.14358974358974358	40	0.0032488225301326693
ZKU002.SG	9.045	-0.030769230769230767	40	0.003248711946949362
ZKU002.SG	9.055	0.032520325203252036	42	0.003248602501159417
ZKU002.SG	9.065	0.06097560975609756	41	0.0032484941810642775
ZKU002.SG	9.075	0.0	30	0.0032483869750857108
ZKU002.SG	9.084999999999999	-0.018583042973286876	42	0.003248280871764571
ZKU002.SG	9.095	0.06306306306306306	37	0.0032481758597595754
ZKU002.SG	9.105	0.11954022988505747	30	0.0032480719278460894
ZKU002.SG	9.115	-0.03636363636363637	45	0.0032479690649149296
ZKU002.SG	9.125	0.04995374653098983	47	0.003247867259971174
ZKU002.SG	9.135	-0.02727272727272727	56	0.0032477665021329897
ZKU002.SG	9.145	0.09427609427609428	55	0.003247666780630466
ZKU002.SG	9.155	-0.06334841628959276	52	0.0032475680848044657
ZKU002.SG	9.165	-0.060060060060060066	37	0.0032474704041054858
ZKU002.SG	9.174999999999999	-0.010638297872340425	48	0.0032473737280925286
ZKU002.SG	9.185	-0.008163265306122457	50	0.003247278046431987
ZKU002.SG	9.195	0.03698435277382645	38	0.0032471833488965387
ZKU002.SG	9.205	-0.02040816326530612	49	0.0032470896253640534
ZKU002.SG	9.215	-0.01932367149758454	46	0.0032469968658165116
ZKU002.SG	9.225	-0.0808080808080808	45	0.0032469050603389335
ZKU002.SG	9.235	-0.012012012012012012	37	0.003246814199118318
ZKU002.SG	9.245	0.0	26	0.0032467242724425953
ZKU002.SG	9.254999999999999	-0.015384615384615384	40	0.0032466352706995885
ZKU002.SG	9.265	0.07843137254901959	34	0.003246547184375985
ZKU002.SG	9.275	0.11594202898550725	46	0.003246460004056322
ZKU002.SG	9.285	-0.008456659619450317	44	0.0032463737204219767
ZKU002.SG	9.295	-0.0070921985815602835	48	0.0032462883242501735
ZKU002.SG	9.305	0.0	35	0.0032462038064129963
ZKU002.SG	9.315	-0.06140350877192983	57	0.0032461201578764137
ZKU002.SG	9.325	-0.03354297693920335	54	0.0032460373696993126
ZKU002.SG	9.334999999999999	-0.030769230769230767	40	0.0032459554330325434
ZKU002.SG	9.345	-0.021592442645074223	39	0.003245874339117973
ZKU002.SG	9.355	-0.04	25	0.00324579407928755
ZKU002.SG	9.365	-0.016129032258064516	32	0.0032457146449623763
ZKU002.SG	9.375	0.09747899159663864	35	0.0032456360276517933
ZKU002.SG	9.385	0.17813765182186234	39	0.00324555821895247
ZKU002.SG	9.395	0.08739495798319329	35	0.003245481210547509
ZKU002.SG	9.405	0.16913319238900634	44	0.003245404994205554
ZKU002.SG	9.415	0.27419354838709675	32	0.0032453295617799133
ZKU002.SG	9.424999999999999	0.07897793263646923	42	0.0032452549052076857
ZKU002.SG	9.435	-0.011379800853485075	38	0.0032451810165089008
ZKU002.SG	9.445	-0.025604551920341393	38	0.003245107887785666
ZKU002.SG	9.455	-0.017069701280227594	38	0.0032450355112213203
ZKU002.SG	9.465	-0.034782608695652174	46	0.003244963879079603
ZKU002.SG	9.475	0.3717948717948718	40	0.0032448929837038203
ZKU002.SG	9.485	0.1423728813559322	60	0.003244822817516034
ZKU002.SG	9.495	0.0	43	0.0032447533730162463
ZKU002.SG	9.504999999999999	-0.02564102564102564	40	0.0032446846427816004
ZKU002.SG	9.515	0.13675213675213674	27	0.0032446166194655865
ZKU002.SG	9.525	0.0	43	0.0032445492957972567
ZKU002.SG	9.535	0.0	42	0.0032444826645804475
ZKU002.SG	9.545	-0.00808080808080808	45	0.0032444167186930118
ZKU002.SG	9.555	-0.009411764705882352	51	0.003244351451086056
ZKU002.SG	9.565	0.050263004091174755	59	0.0032442868547831872
ZKU002.SG	9.575	-0.013937282229965157	42	0.003244222922879768
ZKU002.SG	9.584999999999999	-0.016194331983805668	39	0.003244159648542177
ZKU002.SG	9.595	-0.006006006006006006	37	0.003244097025007081
ZKU002.SG	9.605	-0.016129032258064516	32	0.0032440350455807095
ZKU002.SG	9.615	-0.019704433497536946	29	0.00324397370363814
ZKU002.SG	9.625	-0.008064516129032258	32	0.0032439129926225903
ZKU002.SG	9.635	-0.01020408163265306	49	0.0032438529060447177
ZKU002.SG	9.645	-0.02666666666666667	25	0.003243793437481925
ZKU002.SG	9.655	0.0	30	0.0032437345805776726
ZKU002.SG	9.665	-0.009523809523809523	36	0.0032436763290408033
ZKU002.SG	9.674999999999999	0.0641025641025641	40	0.0032436186766448645
ZKU002.SG	9.685	-0.021152829190904283	62	0.003243561617227446
ZKU002.SG	9.695	0.0	36	0.0032435051446895215
ZKU002.SG	9.705	-0.017069701280227594	38	0.0032434492529947946
ZKU002.SG	9.715	-0.009195402298850575	30	0.0032433939361690544
ZKU002.SG	9.725	-0.005398110661268556	39	0.0032433391882995388
ZKU002.SG	9.735	-0.0142602495543672	34	0.0032432850035342986
ZKU002.SG	9.745	0.08717948717948718	40	0.0032432313760815765
ZKU002.SG	9.754999999999999	-0.005398110661268556	39	0.0032431783002091845
ZKU002.SG	9.765	0.34975369458128075	29	0.003243125770243893
ZKU002.SG	9.775	0.06765327695560254	44	0.0032430737805708232
ZKU002.SG	9.785	0.18893387314439947	39	0.003243022325632849
ZKU002.SG	9.795	0.09446693657219973	39	0.00324297139993
ZKU002.SG	9.805	0.061538461538461535	40	0.0032429209980188766
ZKU002.SG	9.815	-0.018823529411764704	51	0.003242871114512066
ZKU002.SG	9.825	-0.004897959183673469	50	0.0032428217440775673
ZKU002.SG	9.834999999999999	-0.008097165991902829	39	0.0032427728814382216
ZKU002.SG	9.845	0.0	24	0.003242724521371148
ZKU002.SG	9.855	0.3386243386243386	28	0.0032426766587071837
ZKU002.SG	9.865	0.05120910384068279	38	0.0032426292883303348
ZKU002.SG	9.875	0.06349206349206349	36	0.0032425824051772263
ZKU002.SG	9.885	0.0	36	0.003242536004236562
ZKU002.SG	9.895	0.06341463414634146	41	0.0032424900805485897
ZKU002.SG	9.905	-0.056899004267425314	38	0.00324244462920457
ZKU002.SG	9.915	0.0989247311827957	31	0.0032423996453462512
ZKU002.SG	9.924999999999999	0.05094130675526025	43	0.0032423551241653518
ZKU002.SG	9.935	0.36341463414634145	41	0.0032423110609030442
ZKU002.SG	9.945	0.08275862068965517	30	0.003242267450849449
ZKU002.SG	9.955	0.13877551020408163	50	0.003242224289343128
ZKU002.SG	9.965	0.05493863237872589	59	0.0032421815717705894
ZKU002.SG	9.975	0.0787878787878788	45	0.0032421392935657917
ZKU002.SG	9.985	-0.022727272727272728	33	0.0032420974502096575
ZKU002.SG	9.995	-0.015873015873015872	36	0.0032420560372295906
