chrom,start,end,mid,n_snp,mean,wsum,z,emp_p,desert,peak,published_desert
1,3000000,4000000,3500000,22,0.1083748236324419,184983.0,0.17220598972405005,0.8701215611004478,False,False,False
1,4000000,5000000,4500000,49,0.11950197530923932,413353.0,0.375875055952857,0.7332053742802304,False,False,False
1,7000000,8000000,7500000,10,0.053231204165710214,82771.0,-0.8371313332033553,0.3198976327575176,False,False,False
1,9000000,10000000,9500000,12,0.11981433268086886,105242.0,0.3815923802113308,0.7306461932181701,False,False,False
1,10000000,11000000,10500000,13,0.07491084857026646,105719.0,-0.4403116384331484,0.6244401791426744,False,False,False
1,11000000,12000000,11500000,13,0.1458882796045766,105406.0,0.8588444728492431,0.4696097248880358,False,False,False
1,12000000,13000000,12500000,22,0.0594432409551555,200805.0,-0.7234275059315892,0.4056301983365323,False,False,False
1,14000000,15000000,14500000,19,0.10591672995014362,151435.0,0.12721355504550055,0.8995521433141395,False,False,False
1,15000000,16000000,15500000,18,0.09570183740739534,153205.0,-0.05975771004000737,0.9392194497760716,False,False,False
1,18000000,19000000,18500000,22,0.039070910367423356,213650.0,-1.0963184009447304,0.18682021753039027,False,False,False
1,19000000,20000000,19500000,26,0.09752329248878588,234303.0,-0.026418175684769705,0.9750479846449136,False,False,False
1,20000000,21000000,20500000,25,0.14188585867221415,210546.0,0.7855849939074132,0.510556621880998,False,False,False
1,21000000,22000000,21500000,10,0.08977900552486189,78554.0,-0.16816799094425644,0.8522072936660269,False,False,False
1,22000000,23000000,22500000,30,0.10404694578734532,263112.0,0.0929894152523287,0.9289827255278311,False,False,False
1,27000000,28000000,27500000,10,0.058333025864295465,81309.0,-0.7437486516691902,0.3877159309021113,False,False,False
1,33000000,34000000,33500000,29,0.22167514455893222,230010.0,2.246031460679077,0.12156110044785669,False,False,False
1,34000000,35000000,34500000,39,0.1979177361096852,321429.0,1.8111808056849361,0.17018554062699937,False,False,False
1,36000000,37000000,36500000,23,0.07931636987016412,181999.0,-0.3596738943398169,0.689699296225208,False,False,False
1,37000000,38000000,37500000,32,0.04916505952242644,258222.0,-0.9115571976746506,0.290467050543826,False,False,False
1,38000000,39000000,38500000,14,0.09652799640206881,111175.0,-0.04463586791103357,0.9571337172104927,False,False,False
1,39000000,40000000,39500000,28,0.18586137984885984,226677.0,1.5905037723265787,0.22392834293026231,False,False,False
1,40000000,41000000,40500000,19,0.1353913849918112,152037.0,0.6667115006222084,0.5706973768394114,False,False,False
1,41000000,42000000,41500000,38,0.25911056809652083,307747.0,2.9312416543784416,0.05502239283429303,False,False,False
1,43000000,44000000,43500000,12,0.09219865841632441,92279.0,-0.12387916849298893,0.8829174664107485,False,False,False
1,46000000,47000000,46500000,27,0.025924470073639797,239137.0,-1.3369481053506558,0.08573256557901472,False,False,False
1,47000000,48000000,47500000,13,0.03125658199587178,94956.0,-1.2393502395380598,0.13051823416506717,False,False,False
1,50000000,51000000,50500000,10,0.0040380075967264535,83457.0,-1.7375533550319227,0.008957133717210493,True,False,False
1,53000000,54000000,53500000,15,0.08465251264860167,128868.0,-0.2620022485749621,0.7703134996801023,False,False,False
1,54000000,55000000,54500000,22,0.06672382439564349,202364.0,-0.5901652233640627,0.4964811260396673,False,False,False
1,55000000,56000000,55500000,17,0.1384851578805123,133202.0,0.7233392750669178,0.54510556621881,False,False,False
1,56000000,57000000,56500000,22,0.08669880109569478,179247.0,-0.224547411132304,0.8099808061420346,False,False,False
1,57000000,58000000,57500000,19,0.11318334899749373,153216.0,0.26022023627016266,0.8061420345489443,False,False,False
1,58000000,59000000,58500000,14,0.10376038400906887,112914.0,0.08774424816072413,0.9353806781829814,False,False,False
1,59000000,60000000,59500000,12,0.033063061104710585,92006.0,-1.2062848222645404,0.14587332053742802,False,False,False
1,60000000,61000000,60500000,18,0.026938821924039118,131910.0,-1.318381620395743,0.09724888035828536,False,False,False
1,61000000,62000000,61500000,19,0.09677263431864659,134475.0,-0.040158066450175146,0.9609724888035829,False,False,False
1,63000000,64000000,63500000,13,0.11665174002047082,93792.0,0.3237049430023563,0.7626359564939219,False,False,False
1,64000000,65000000,64500000,13,0.08054595682012877,103891.0,-0.3371677909613011,0.7050543825975688,False,False,False
1,65000000,66000000,65500000,12,0.13460286105020947,92134.0,0.6522785226643395,0.580934101087652,False,False,False
1,66000000,67000000,66500000,20,0.16802125967450973,154659.0,1.2639619291973798,0.3122200895713372,False,False,False
1,68000000,69000000,68500000,10,0.06451920555065449,83882.0,-0.6305181074256354,0.46065259117082535,False,False,False
1,77000000,78000000,77500000,11,0.06443666461866618,86263.0,-0.6320289194494142,0.45937300063979525,False,False,False
1,79000000,80000000,79500000,15,0.08628430185633576,99120.0,-0.23213431885899902,0.7971849008317339,False,False,False
1,81000000,82000000,81500000,13,0.07512036330939344,87859.0,-0.43647672429531537,0.6282789507357646,False,False,False
1,82000000,83000000,82500000,16,0.13366154900393207,122582.0,0.6350489430680609,0.5886116442738324,False,False,False
1,84000000,85000000,84500000,20,0.06568907363591252,139049.0,-0.6091050857057804,0.48240563019833654,False,False,False
1,85000000,86000000,85500000,13,0.06707113267362834,98731.0,-0.583808164996807,0.5015994881637876,False,False,False
1,86000000,87000000,86500000,18,0.06748983401588933,138206.0,-0.5761443428539972,0.5079974408189379,False,False,False
1,88000000,89000000,88500000,16,0.2285706445467161,127547.0,2.372245255950798,0.10236724248240563,False,False,False
1,89000000,90000000,89500000,12,0.062034323984930945,83615.0,-0.6760008619418165,0.4325015994881638,False,False,False
1,90000000,91000000,90500000,11,0.023858932257961013,93487.0,-1.3747552792257822,0.07421625079974409,False,False,False
1,93000000,94000000,93500000,14,0.06490413297476894,108953.0,-0.6234724760446302,0.4696097248880358,False,False,False
1,94000000,95000000,94500000,11,0.011332383985738045,91993.0,-1.6040386092080354,0.017914267434420986,True,False,False
1,95000000,96000000,95500000,11,0.04491495284696419,81543.0,-0.98935026485906,0.24056301983365322,False,False,False
1,107000000,108000000,107500000,18,0.07661433544078994,140770.0,-0.40913136963390023,0.653870761356366,False,False,True
1,108000000,109000000,108500000,14,0.05679604810569327,120651.0,-0.7718811723718334,0.36980166346769033,False,False,True
1,111000000,112000000,111500000,12,0.135468772330999,83964.0,0.6681279823569886,0.5694177863083814,False,False,True
1,113000000,114000000,113500000,12,0.032541368515205726,89440.0,-1.2158337747412558,0.13947536788227768,False,False,True
1,114000000,115000000,114500000,10,0.025269861343209424,88564.0,-1.3489299271811235,0.08317338451695458,False,False,False
1,115000000,116000000,115500000,16,0.12479955937922668,143434.0,0.4728409311509803,0.6692258477287268,False,False,False
1,116000000,117000000,116500000,14,0.13903641537820152,110338.0,0.7334293774639318,0.5387076135636596,False,False,False
1,117000000,118000000,117500000,10,0.11865824728681282,87259.0,0.3604316339999585,0.7408829174664108,False,False,False
1,118000000,119000000,118500000,29,0.04255853704626274,232844.0,-1.0324816087749005,0.22392834293026231,False,False,False
1,119000000,120000000,119500000,18,0.10799274469157936,142792.0,0.16521249638707766,0.8765195137555982,False,False,False
1,147000000,148000000,147500000,11,0.10484355048184488,91627.0,0.10757030162781721,0.9136276391554703,False,False,False
1,154000000,155000000,154500000,12,0.1859556772121914,94985.0,1.592229771620506,0.22136916186820219,False,False,False
1,157000000,158000000,157500000,13,0.04462284546879028,100834.0,-0.9946969374559009,0.236724248240563,False,False,False
1,158000000,159000000,158500000,13,0.13770057625259935,96659.0,0.7089784563975258,0.5515035188739603,False,False,False
1,159000000,160000000,159500000,20,0.28236156593743744,154821.0,3.356823075095666,0.03326935380678183,False,False,False
1,160000000,161000000,160500000,20,0.03816833275672656,164757.0,-1.1128389935014908,0.18170185540626999,False,False,False
1,161000000,162000000,161500000,22,0.16494359781545873,167724.0,1.2076290476830567,0.3314139475367882,False,False,False
1,162000000,163000000,162500000,29,0.048371054185704705,225207.0,-0.9260905059468848,0.2827895073576456,False,False,False
1,163000000,164000000,163500000,31,0.14192962643105472,225795.0,0.7863861098473149,0.5079974408189379,False,False,False
1,164000000,165000000,164500000,31,0.06246198735098048,251561.0,-0.6681730007825943,0.4401791426743442,False,False,False
1,165000000,166000000,165500000,21,0.11194875570946995,173834.0,0.23762249792275786,0.8163787587971849,False,False,False
1,166000000,167000000,166500000,11,0.08279665408246355,81054.0,-0.29597149714791526,0.7370441458733206,False,False,False
1,167000000,168000000,167500000,25,0.11357518644001315,203953.0,0.2673923471885233,0.7971849008317339,False,False,False
1,168000000,169000000,168500000,12,0.09922372000736392,97774.0,0.00470609537380841,0.999360204734485,False,False,False
1,169000000,170000000,169500000,26,0.11792867465571442,201359.0,0.34707768854851384,0.7485604606525912,False,False,False
1,170000000,171000000,170500000,20,0.18933378856449634,137659.0,1.6540620180682244,0.19961612284069097,False,False,False
1,175000000,176000000,175500000,31,0.10118909070478606,249182.0,0.040679831183675186,0.9660908509277031,False,False,False
1,177000000,178000000,177500000,10,0.12814303442127203,83001.0,0.5340392017913145,0.6449136276391555,False,False,False
1,178000000,179000000,178500000,11,0.21968883190685748,86577.0,2.2096744076939805,0.12284069097888675,False,False,False
1,180000000,181000000,180500000,28,0.08804553755824472,234356.0,-0.1998970274805932,0.8317338451695457,False,False,False
1,182000000,183000000,182500000,13,0.03936444977400609,108410.0,-1.0909455167982216,0.19193857965451055,False,False,False
1,185000000,186000000,185500000,10,0.06884090018827632,79139.0,-0.5514147090954156,0.5335892514395394,False,False,False
1,186000000,187000000,186500000,23,0.17821873946747557,178020.0,1.4506144749383802,0.2635956493921945,False,False,False
1,189000000,190000000,189500000,10,0.01871851234930299,73243.0,-1.4688444543561494,0.05758157389635317,False,False,False
1,193000000,194000000,193500000,10,0.07843055497644166,71949.0,-0.37588766561717113,0.6781829814459372,False,False,False
1,196000000,197000000,196500000,10,0.06871451448536905,68690.0,-0.5537280466721353,0.5284708893154191,False,False,False
1,199000000,200000000,199500000,12,0.1231870137354721,93699.0,0.4433252316211836,0.6884197056941779,False,False,False
1,201000000,202000000,201500000,11,0.27079414364390453,88246.0,3.1450953872174856,0.04350607805502239,False,False,False
1,203000000,204000000,203500000,22,0.14879327833024855,191262.0,0.9120169643402346,0.4491362763915547,False,False,False
1,204000000,205000000,204500000,13,0.14798881576581435,111228.0,0.8972922491504528,0.45169545745361483,False,False,False
1,205000000,206000000,205500000,23,0.29825888761739033,211474.0,3.647804339316813,0.030710172744721688,False,False,False
1,208000000,209000000,208500000,49,0.07530332396158211,370973.0,-0.4331278506329222,0.6333973128598849,False,False,False
1,209000000,210000000,209500000,47,0.0706690835259479,395003.0,-0.5179520221388735,0.5617402431222009,False,False,False
1,210000000,211000000,210500000,28,0.19936647196650334,210409.0,1.8376981650003137,0.16634676903390916,False,False,False
1,211000000,212000000,211500000,18,0.12173318313485677,124280.0,0.41671461917670477,0.7037747920665387,False,False,False
1,212000000,213000000,212500000,41,0.1897528244366071,334580.0,1.6617319633757135,0.19321817018554063,False,False,False
1,213000000,214000000,213500000,26,0.16816957167207347,200057.0,1.2666766011036974,0.31094049904030713,False,False,False
1,214000000,215000000,214500000,32,0.17707365748195983,246533.0,1.429655132824645,0.26999360204734485,False,False,False
1,215000000,216000000,215500000,34,0.09594190956844165,242725.0,-0.05536347921723617,0.946896992962252,False,False,False
1,216000000,217000000,216500000,29,0.18647451140191157,193871.0,1.6017264045430386,0.21880998080614203,False,False,False
1,217000000,218000000,217500000,31,0.16692696696324677,226021.0,1.2439322233788945,0.31733845169545744,False,False,False
1,219000000,220000000,219500000,17,0.2523515554515989,119708.0,2.807526094996747,0.06269993602047345,False,False,False
1,220000000,221000000,220500000,32,0.08839434756186682,259994.0,-0.19351248184012024,0.838131797824696,False,False,False
1,221000000,222000000,221500000,19,0.03500567966679287,158460.0,-1.170727536800097,0.15738963531669867,False,False,False
1,222000000,223000000,222500000,22,0.03748690506526233,176595.0,-1.1253117040076637,0.17786308381317978,False,False,False
1,223000000,224000000,223500000,21,0.12234766933948137,176967.0,0.42796204665334675,0.6960972488803583,False,False,False
1,224000000,225000000,224500000,20,0.09958658085974785,170771.0,0.011347824822875774,0.9955214331413947,False,False,False
1,225000000,226000000,225500000,32,0.07905152176598987,242810.0,-0.36452161886415485,0.6884197056941779,False,False,False
1,226000000,227000000,226500000,23,0.041621905336531616,203859.0,-1.0496255204660667,0.21113243761996162,False,False,False
1,227000000,228000000,227500000,10,0.030938303341902302,77800.0,-1.2451759457149332,0.12923864363403711,False,False,False
1,229000000,230000000,229500000,11,0.01286786895536081,82842.0,-1.5759334122038868,0.02431222008957134,True,False,False
1,230000000,231000000,230500000,12,0.2565202637192166,103140.0,2.8838292626812896,0.060140754958413305,False,False,False
1,232000000,233000000,232500000,29,0.08483809075985876,238189.0,-0.25860546548706265,0.7754318618042226,False,False,False
1,233000000,234000000,233500000,29,0.07648215514698653,203420.0,-0.41155077019522496,0.6513115802943058,False,False,False
1,234000000,235000000,234500000,28,0.2147140929915717,224601.0,2.118617822950815,0.13563659628918745,False,False,False
1,236000000,237000000,236500000,11,0.16596571579561595,90829.0,1.2263376822591794,0.32117722328854764,False,False,False
1,237000000,238000000,237500000,10,0.2190226171243942,61900.0,2.1974801511049322,0.12412028150991683,False,False,False
1,238000000,239000000,238500000,16,0.14879813765474428,110828.0,0.9121059084034859,0.44785668586052463,False,False,False
1,239000000,240000000,239500000,11,0.14943855742932147,72759.0,0.9238280185419305,0.43889955214331416,False,False,False
1,241000000,242000000,241500000,32,0.1006231851598631,254499.0,0.03032161398164849,0.9776071657069738,False,False,False
1,242000000,243000000,242500000,16,0.12149781909643732,125636.0,0.4124065648496762,0.7076135636596289,False,False,False
1,244000000,245000000,244500000,14,0.06279755767351367,111533.0,-0.6620307915066168,0.44273832373640437,False,False,False
1,245000000,246000000,245500000,12,0.039280565794947694,103359.0,-1.092480911675781,0.19065898912348048,False,False,False
1,246000000,247000000,246500000,15,0.025955894683883953,119260.0,-1.3363729158312767,0.08701215611004479,False,False,False
1,247000000,248000000,247500000,12,0.4360190260738421,68958.0,6.169337214750041,0.003838771593090211,False,True,False
2,2000000,3000000,2500000,10,0.13632353126536167,79337.0,0.6837733118239526,0.5604606525911708,False,False,False
2,3000000,4000000,3500000,15,0.19310611984823473,138108.0,1.7231099840150539,0.1855406269993602,False,False,False
2,5000000,6000000,5500000,12,0.04132606721162579,89181.0,-1.055040479873881,0.20857325655790146,False,False,False
2,8000000,9000000,8500000,15,0.10093296183721716,118440.0,0.035991701749727024,0.9699296225207934,False,False,False
2,9000000,10000000,9500000,17,0.04228240072614717,153137.0,-1.0375359504522113,0.2200895713371721,False,False,False
2,10000000,11000000,10500000,14,0.2476429117472182,117730.0,2.7213400615597174,0.07037747920665387,False,False,False
2,11000000,12000000,11500000,21,0.08140264923678885,178391.0,-0.3214870714371582,0.7140115163147792,False,False,False
2,12000000,13000000,12500000,23,0.10944070358664285,181925.0,0.19171563435635827,0.8509277031349968,False,False,False
2,13000000,14000000,13500000,13,0.07293928948574391,100378.0,-0.4763986451913057,0.6014075495841331,False,False,False
2,17000000,18000000,17500000,19,0.13203771488798052,140422.0,0.6053266216948414,0.6090850927703135,False,False,False
2,18000000,19000000,18500000,18,0.030532837277191194,126061.0,-1.2525975120947084,0.12284069097888675,False,False,False
2,21000000,22000000,21500000,10,0.19632665101902086,77967.0,1.7820579156481349,0.18042226487523993,False,False,False
2,24000000,25000000,24500000,23,0.10214318568889,160882.0,0.05814338701092586,0.9584133077415227,False,False,False
2,25000000,26000000,25500000,12,0.18871864218030682,100573.0,1.642802506802358,0.2034548944337812,False,False,False
2,26000000,27000000,26500000,18,0.12380233874009808,145805.0,0.454588012318308,0.6807421625079975,False,False,False
2,29000000,30000000,29500000,30,0.0840556857851156,237188.0,-0.2729264431502859,0.7536788227767115,False,False,False
2,30000000,31000000,30500000,11,0.10871164668217702,100578.0,0.1783711286577574,0.8675623800383877,False,False,False
2,31000000,32000000,31500000,12,0.07862200794741897,106198.0,-0.3723833503208327,0.6833013435700576,False,False,False
2,33000000,34000000,33500000,31,0.1370827924296256,234176.0,0.6976706700015969,0.5566218809980806,False,False,False
2,34000000,35000000,34500000,18,0.07628668793745719,119726.0,-0.4151285612777538,0.6487523992322457,False,False,False
2,35000000,36000000,35500000,18,0.13621915741838164,129934.0,0.6818628746725063,0.5630198336532309,False,False,False
2,36000000,37000000,36500000,17,0.11275328844988289,122094.0,0.252348497599035,0.8099808061420346,False,False,False
2,37000000,38000000,37500000,11,0.03260669659760913,92435.0,-1.2146380231304132,0.14075495841330773,False,False,False
2,38000000,39000000,38500000,17,0.11337627415421174,143919.0,0.2637514981476059,0.8035828534868842,False,False,False
2,39000000,40000000,39500000,11,0.05332852431986809,87336.0,-0.8353500053758655,0.32117722328854764,False,False,False
2,40000000,41000000,40500000,14,0.08998377901516805,105419.0,-0.16441985963711914,0.8560460652591171,False,False,False
2,42000000,43000000,42500000,12,0.13618537814163853,104802.0,0.6812445858280665,0.564299424184261,False,False,False
2,43000000,44000000,43500000,12,0.08898460921218335,89729.0,-0.18270845555895399,0.8406909788867563,False,False,False
2,45000000,46000000,45500000,11,0.15779202830449443,90445.0,1.0767282092047117,0.37492002559181065,False,False,False
2,46000000,47000000,46500000,24,0.1494058498464375,186569.0,0.9232293457586281,0.4401791426743442,False,False,False
2,48000000,49000000,48500000,16,0.16357137971133456,116952.0,1.182512253372433,0.34420985284708894,False,False,False
2,49000000,50000000,49500000,11,0.10247715420314818,83604.0,0.0642562771219343,0.9558541266794626,False,False,False
2,51000000,52000000,51500000,11,0.12158489798290996,68812.0,0.41400043864696684,0.7063339731285988,False,False,False
2,54000000,55000000,54500000,19,0.1736568297960499,152047.0,1.3671142306721993,0.28150991682661547,False,False,False
2,55000000,56000000,55500000,14,0.1078798759929437,95801.0,0.1631465712406162,0.8777991042866283,False,False,False
2,58000000,59000000,58500000,16,0.08666881989583755,123845.0,-0.22509618076865878,0.8087012156110045,False,False,False
2,60000000,61000000,60500000,21,0.06819349811839989,180963.0,-0.5632646217124313,0.5156749840051184,False,False,False
2,63000000,64000000,63500000,33,0.1560360940227011,242367.0,1.0445879539156846,0.38515674984005116,False,False,False
2,64000000,65000000,64500000,12,0.15307214395545027,96252.0,0.9903364293494684,0.4107485604606526,False,False,False
2,65000000,66000000,65500000,20,0.17119484318573075,154514.0,1.3220505406501497,0.2943058221369162,False,False,False
2,66000000,67000000,66500000,11,0.10319533527696793,85750.0,0.0774017138820963,0.945617402431222,False,False,False
2,67000000,68000000,67500000,26,0.1047039716077417,199491.0,0.10501547899399427,0.9187460012795905,False,False,False
2,68000000,69000000,68500000,31,0.16518244018388453,242326.0,1.2120007686378986,0.33013435700575816,False,False,False
2,69000000,70000000,69500000,27,0.06459035815182723,219460.0,-0.6292157450366315,0.46449136276391556,False,False,False
2,71000000,72000000,71500000,15,0.07125095932463549,130300.0,-0.5073014887389414,0.5706973768394114,False,False,False
2,72000000,73000000,72500000,14,0.34194672350530914,102747.0,4.447457386143144,0.014075495841330775,False,False,False
2,75000000,76000000,75500000,13,0.18855721923992275,93701.0,1.6398478549299935,0.20473448496481125,False,False,False
2,76000000,77000000,76500000,12,0.04058491185561757,88321.0,-1.0686064331091045,0.20217530390275112,False,False,False
2,78000000,79000000,78500000,10,0.035228787816309975,72753.0,-1.1666438117103295,0.1599488163787588,False,False,False
2,79000000,80000000,79500000,15,0.03555154025825217,113455.0,-1.160736218250405,0.16506717850287908,False,False,False
2,80000000,81000000,80500000,14,0.07246164513325327,102399.0,-0.4851413479140594,0.5873320537428023,False,False,False
2,82000000,83000000,82500000,20,0.23019318068855826,120716.0,2.4019438194763194,0.10108765195137556,False,False,False
2,84000000,85000000,84500000,14,0.012323429128105213,112915.0,-1.5858987253815744,0.019193857965451054,True,False,False
2,85000000,86000000,85500000,13,0.24752884903927472,109969.0,2.7192522815156273,0.07165706973768395,False,False,False
2,98000000,99000000,98500000,10,0.04551740181190792,77377.0,-0.9783231645098791,0.24696097248880358,False,False,False
2,103000000,104000000,103500000,16,0.0926849829482316,130485.0,-0.11497758557449239,0.8969929622520794,False,False,False
2,105000000,106000000,105500000,23,0.10649729346565279,186216.0,0.13784006868751628,0.8944337811900192,False,False,False
2,106000000,107000000,106500000,27,0.0777290016496026,220053.0,-0.3887287515605731,0.6653870761356366,False,False,False
2,107000000,108000000,107500000,13,0.06060744069306129,98808.0,-0.7021182364608114,0.42226487523992323,False,False,False
2,108000000,109000000,108500000,11,0.029588736303172405,83596.0,-1.269878139643362,0.11388355726167626,False,False,False
2,109000000,110000000,109500000,12,0.10899936207053677,109730.0,0.18363741118800106,0.8586052463211772,False,False,False
2,117000000,118000000,117500000,10,0.17727569621756428,67364.0,1.4333532077514397,0.2687140115163148,False,False,False
2,118000000,119000000,118500000,16,0.08041480765030733,128204.0,-0.3395683180440689,0.7024952015355086,False,False,False
2,119000000,120000000,119500000,25,0.12060295647387546,214377.0,0.39602718582851315,0.7191298784388995,False,False,False
2,121000000,122000000,121500000,19,0.0656491050038857,155699.0,-0.6098366632199361,0.4798464491362764,False,False,False
2,122000000,123000000,122500000,10,0.10877076493661392,81327.0,0.1794532168711631,0.8650031989763276,False,False,False
2,123000000,124000000,123500000,10,0.0977057857789855,70656.0,-0.023077856518861028,0.9801663467690339,False,False,False
2,124000000,125000000,124500000,11,0.10379593183585924,84854.0,0.08839490817679588,0.9341010876519513,False,False,False
2,125000000,126000000,125500000,13,0.09140311522542732,94953.0,-0.1384406253276754,0.872680742162508,False,False,False
2,126000000,127000000,126500000,30,0.10183015088437875,223151.0,0.05241366316211122,0.9609724888035829,False,False,False
2,127000000,128000000,127500000,26,0.13892030236295458,201612.0,0.7313040690220896,0.5412667946257198,False,False,False
2,130000000,131000000,130500000,11,0.04361446082080294,80604.0,-1.0131541999809819,0.2328854766474728,False,False,False
2,133000000,134000000,133500000,12,0.16023784199687705,88378.0,1.1214958735060732,0.3659628918746001,False,False,False
2,135000000,136000000,135500000,10,0.09336820474500278,80295.0,-0.10247203613853802,0.9123480486244402,False,False,False
2,137000000,138000000,137500000,16,0.14722527018292775,133058.0,0.8833164698668902,0.4580934101087652,False,False,False
2,139000000,140000000,139500000,11,0.02679658952496955,87847.0,-1.3209850125977551,0.09468969929622521,False,False,False
2,140000000,141000000,140500000,11,0.18680895008605852,72625.0,1.6078479005457431,0.21753039027511195,False,False,False
2,141000000,142000000,141500000,16,0.06657289366854213,112328.0,-0.5929278279502902,0.4926423544465771,False,False,False
2,142000000,143000000,142500000,10,0.17067487608207532,70813.0,1.3125331711069606,0.2981445937300064,False,False,False
2,148000000,149000000,148500000,10,0.05620104029579495,79785.0,-0.7827720713692412,0.3570057581573896,False,False,False
2,149000000,150000000,149500000,13,0.12600402176753275,88021.0,0.49488715978697034,0.6602687140115163,False,False,False
2,151000000,152000000,151500000,22,0.10183240223463688,156625.0,0.05245487140822373,0.9596928982725528,False,False,False
2,152000000,153000000,152500000,12,0.021139831174959375,95365.0,-1.4245251389924527,0.06269993602047345,False,False,False
2,154000000,155000000,154500000,15,0.22831612203517707,106035.0,2.3675865289229754,0.10492642354446577,False,False,False
2,156000000,157000000,156500000,15,0.024275254250334347,103933.0,-1.3671350082076381,0.0780550223928343,False,False,False
2,157000000,158000000,157500000,20,0.14008518108707882,161773.0,0.7526257665151602,0.525911708253359,False,False,False
2,158000000,159000000,158500000,12,0.03127542717656631,98320.0,-1.2390053012765483,0.13179782469609724,False,False,False
2,159000000,160000000,159500000,36,0.24655601754546286,262632.0,2.7014457765179656,0.07677543186180422,False,False,False
2,160000000,161000000,160500000,45,0.42012139958856703,334927.0,5.8783503714357765,0.007677543186180422,False,True,False
2,161000000,162000000,161500000,46,0.218523586188706,363963.0,2.188345992818689,0.1253998720409469,False,False,False
2,162000000,163000000,162500000,39,0.08380523145069121,309742.0,-0.2775107071117037,0.7498400511836213,False,False,False
2,163000000,164000000,163500000,24,0.03546688136332377,178857.0,-1.1622857970266145,0.163787587971849,False,False,False
2,164000000,165000000,164500000,26,0.04250195540602801,186662.0,-1.0335172673303896,0.22264875239923224,False,False,False
2,166000000,167000000,166500000,10,0.018717004215481597,75199.0,-1.468872058923434,0.0563019833653231,False,False,False
2,168000000,169000000,168500000,13,0.034938599914684294,110179.0,-1.1719553506083062,0.1561100447856686,False,False,False
2,169000000,170000000,169500000,24,0.09371974149384134,177636.0,-0.09603758072167189,0.9149072296865003,False,False,False
2,170000000,171000000,170500000,11,0.05701817234416729,76765.0,-0.7678154565848253,0.37364043506078054,False,False,False
2,171000000,172000000,171500000,16,0.10711821221933227,131873.0,0.14920523620199844,0.8880358285348688,False,False,False
2,173000000,174000000,173500000,30,0.06317721816898093,212450.0,-0.6550815648903369,0.4465770953294946,False,False,False
2,174000000,175000000,174500000,15,0.14416405343341812,121497.0,0.8272845962116858,0.4836852207293666,False,False,False
2,175000000,176000000,175500000,10,0.0672730204332913,68222.0,-0.5801128535021933,0.5054382597568778,False,False,False
2,176000000,177000000,176500000,12,0.07011335330458351,91131.0,-0.5281239923382579,0.5502239283429302,False,False,False
2,178000000,179000000,178500000,15,0.05275555900701509,115893.0,-0.8458374430993579,0.31477927063339733,False,False,False
2,179000000,180000000,179500000,27,0.11009827587948327,198014.0,0.2037517006157958,0.835572616762636,False,False,False
2,180000000,181000000,180500000,11,0.1428563391691795,88876.0,0.8033484667485681,0.49392194497760716,False,False,False
2,181000000,182000000,181500000,15,0.1882785205322346,94169.0,1.6347466118443632,0.20857325655790146,False,False,False
2,182000000,183000000,182500000,23,0.08088642180258698,173484.0,-0.3309359908497358,0.710172744721689,False,False,False
2,183000000,184000000,183500000,22,0.16313761409936514,158305.0,1.1745726979751432,0.345489443378119,False,False,False
2,191000000,192000000,191500000,10,0.08175704356130949,75388.0,-0.31500031155031155,0.7242482405630198,False,False,False
2,192000000,193000000,192500000,21,0.21704118558285093,159449.0,2.161212440950147,0.13051823416506717,False,False,False
2,194000000,195000000,194500000,17,0.25513807818708,122322.0,2.85853002664479,0.061420345489443376,False,False,False
2,195000000,196000000,195500000,14,0.14262897062335803,100488.0,0.7991867602523922,0.49776071657069737,False,False,False
2,199000000,200000000,199500000,14,0.012324990795200278,105923.0,-1.5858701409524008,0.020473448496481125,True,False,False
2,200000000,201000000,200500000,10,0.10901529485966573,76104.0,0.18392904164101995,0.8573256557901472,False,False,False
2,201000000,202000000,201500000,15,0.11649785971889852,118676.0,0.3208883500194827,0.7664747280870121,False,False,False
2,202000000,203000000,202500000,11,0.08464483925742744,87749.0,-0.26214270072845647,0.7690339091490723,False,False,False
2,203000000,204000000,203500000,14,0.10010075957215936,103216.0,0.020759244858602564,0.982725527831094,False,False,False
2,204000000,205000000,204500000,11,0.08364704019102616,82083.0,-0.280406206973427,0.7472808701215611,False,False,False
2,205000000,206000000,205500000,11,0.029170103589754588,93349.0,-1.2775407056181234,0.11004478566858605,False,False,False
2,206000000,207000000,206500000,15,0.07550183783078916,122699.0,-0.4294942941263478,0.6410748560460653,False,False,False
2,208000000,209000000,208500000,20,0.101792396038669,169438.0,0.051722606331516416,0.9622520793346129,False,False,False
2,210000000,211000000,210500000,12,0.03695936311787071,84160.0,-1.1349677219125713,0.17402431222008957,False,False,False
2,213000000,214000000,213500000,12,0.08996779728745034,85086.0,-0.1647123858518714,0.854766474728087,False,False,False
2,215000000,216000000,215500000,11,0.07815701746337585,65394.0,-0.3808944392716397,0.673064619321817,False,False,False
2,217000000,218000000,217500000,10,0.02949412663199622,82491.0,-1.271609855355016,0.1126039667306462,False,False,False
2,220000000,221000000,220500000,11,0.21439199889464006,94087.0,2.112722279700814,0.13691618682021753,False,False,False
2,223000000,224000000,223500000,20,0.08460896918116327,152277.0,-0.262799259131764,0.7677543186180422,False,False,False
2,227000000,228000000,227500000,20,0.13046564779758058,173264.0,0.5765518331729554,0.6206014075495841,False,False,False
2,228000000,229000000,228500000,18,0.08963544859831973,148429.0,-0.17079562702119475,0.8496481126039668,False,False,False
2,230000000,231000000,230500000,15,0.12030723568105246,124660.0,0.39061437404269966,0.7229686500319897,False,False,False
2,231000000,232000000,231500000,10,0.18039996992707316,79806.0,1.4905392628661327,0.24696097248880358,False,False,False
2,232000000,233000000,232500000,17,0.1147472455286495,133964.0,0.2888454725777745,0.7869481765834933,False,False,False
2,234000000,235000000,234500000,14,0.16706973361214655,109990.0,1.2465453943785016,0.3160588611644274,False,False,False
2,235000000,236000000,235500000,27,0.115059303296399,238351.0,0.2945573129492433,0.783109404990403,False,False,False
2,236000000,237000000,236500000,39,0.14098163284816329,334728.0,0.7690342327967838,0.5182341650671785,False,False,False
2,238000000,239000000,238500000,37,0.0901359340722966,310886.0,-0.16163484516913246,0.8586052463211772,False,False,False
2,239000000,240000000,239500000,43,0.15413831597615815,348463.0,1.009851419906275,0.4017914267434421,False,False,False
2,240000000,241000000,240500000,24,0.10326248073046365,202392.0,0.07863073027480881,0.944337811900192,False,False,False
2,241000000,242000000,241500000,15,0.11114790809165602,126822.0,0.22296394996282987,0.8278950735764555,False,False,False
2,242000000,243000000,242500000,16,0.0814679256573866,143713.0,-0.3202922654332438,0.7165706973768394,False,False,False
3,1000000,2000000,1500000,51,0.14751798767104987,366779.0,0.8886743097891221,0.45681381957773515,False,False,False
3,2000000,3000000,2500000,48,0.17339943452496223,335647.0,1.362402921252067,0.2827895073576456,False,False,False
3,3000000,4000000,3500000,42,0.09645658333064759,341309.0,-0.04594299789320325,0.9558541266794626,False,False,False
3,4000000,5000000,4500000,27,0.08696391712293186,217527.0,-0.219694782600039,0.818937939859245,False,False,False
3,5000000,6000000,5500000,21,0.07435001063377285,150464.0,-0.4505770991861936,0.6142034548944337,False,False,False
3,6000000,7000000,6500000,22,0.09542778277969957,168824.0,-0.06477394885293464,0.9341010876519513,False,False,False
3,7000000,8000000,7500000,15,0.17909682007518032,98430.0,1.4666866794557112,0.2571976967370441,False,False,False
3,8000000,9000000,8500000,24,0.095730706985612,180428.0,-0.05922928729458308,0.9417786308381318,False,False,False
3,10000000,11000000,10500000,26,0.10395642882583403,235844.0,0.09133261164576742,0.9315419065898912,False,False,False
3,11000000,12000000,11500000,12,0.16466586044499504,101709.0,1.2025454007137124,0.33397312859884837,False,False,False
3,12000000,13000000,12500000,12,0.09827857945054219,105959.0,-0.012593560481899198,0.9891234804862444,False,False,False
3,13000000,14000000,13500000,15,0.051922052341820187,123878.0,-0.8610937754588529,0.31094049904030713,False,False,False
3,14000000,15000000,14500000,14,0.04689042058472883,126657.0,-0.9531917149262294,0.26103646833013433,False,False,False
3,16000000,17000000,16500000,36,0.12142004241592558,280555.0,0.41098295669241214,0.708893154190659,False,False,False
3,18000000,19000000,18500000,23,0.12904519925113667,175733.0,0.5505522388937156,0.635956493921945,False,False,False
3,19000000,20000000,19500000,18,0.10837335088942246,154932.0,0.17217903294263134,0.8714011516314779,False,False,False
3,20000000,21000000,20500000,20,0.17338082901554405,146680.0,1.3620623698836685,0.2840690978886756,False,False,False
3,21000000,22000000,21500000,17,0.08227374719521319,105623.0,-0.3055426758775958,0.7306461932181701,False,False,False
3,22000000,23000000,22500000,20,0.08525448197353108,157241.0,-0.2509839274566824,0.7856685860524633,False,False,False
3,23000000,24000000,23500000,19,0.23170837969355337,149194.0,2.4296777064099957,0.09852847088931542,False,False,False
3,24000000,25000000,24500000,12,0.21412174800204048,94096.0,2.1077756636626743,0.1381957773512476,False,False,False
3,25000000,26000000,25500000,19,0.14048889601416914,130989.0,0.7600152804367303,0.5220729366602687,False,False,False
3,28000000,29000000,28500000,20,0.08358867430358663,157306.0,-0.2814745240180497,0.746001279590531,False,False,False
3,29000000,30000000,29500000,17,0.09482522837919148,109686.0,-0.07580297907272064,0.927703134996801,False,False,False
3,30000000,31000000,30500000,13,0.0641025641025641,97617.0,-0.6381442256946741,0.4580934101087652,False,False,False
3,31000000,32000000,31500000,17,0.09595301280049953,128120.0,-0.055160247970728875,0.9481765834932822,False,False,False
3,32000000,33000000,32500000,27,0.07469405672716847,223244.0,-0.44427975116606455,0.6206014075495841,False,False,False
3,36000000,37000000,36500000,26,0.08236726950320804,209786.0,-0.30383086303508805,0.7332053742802304,False,False,False
3,38000000,39000000,38500000,11,0.08303958716388497,98441.0,-0.291524900634599,0.7408829174664108,False,False,False
3,43000000,44000000,43500000,26,0.06460021029871303,202569.0,-0.6290354133924818,0.4657709532949456,False,False,False
3,44000000,45000000,44500000,42,0.0577615057497295,357669.0,-0.7542096367843076,0.38131797824696095,False,False,False
3,45000000,46000000,45500000,15,0.08809082790328449,120932.0,-0.19906804244009413,0.8342930262316058,False,False,False
3,46000000,47000000,46500000,47,0.10781348909080354,361759.0,0.16193143921389072,0.8790786948176583,False,False,False
3,48000000,49000000,48500000,12,0.01560183697376193,96463.0,-1.5258914311488176,0.04094689699296225,True,False,False
3,52000000,53000000,52500000,10,0.04361403882323716,84537.0,-1.0131619241365133,0.23160588611644273,False,False,False
3,53000000,54000000,53500000,11,0.11152402198160945,91895.0,0.22984826025063088,0.8240563019833653,False,False,False
3,54000000,55000000,54500000,18,0.0821834995493482,136469.0,-0.30719454998667245,0.7268074216250799,False,False,False
3,55000000,56000000,55500000,10,0.10761309216606454,83317.0,0.158263415651147,0.8841970569417786,False,False,False
3,56000000,57000000,56500000,14,0.056069408674373024,116873.0,-0.7851814291455975,0.35188739603326935,False,False,False
3,59000000,60000000,59500000,21,0.1396296738028505,167690.0,0.7442882560781761,0.5297504798464492,False,False,False
3,60000000,61000000,60500000,19,0.07175214112132627,127153.0,-0.49812796154098493,0.5770953294945618,False,False,False
3,62000000,63000000,62500000,29,0.07847767419038275,228256.0,-0.3750252053413013,0.6807421625079975,False,False,False
3,63000000,64000000,63500000,24,0.01707699467053727,180506.0,-1.4988904519791921,0.04734484964811261,True,False,False
3,64000000,65000000,64500000,29,0.08623789031861445,235865.0,-0.23298382597676867,0.7959053103007038,False,False,False
3,65000000,66000000,65500000,13,0.06943153693395811,102223.0,-0.5406038171468255,0.5412667946257198,False,False,False
3,66000000,67000000,66500000,16,0.0948990956845535,120312.0,-0.0744509273037768,0.9289827255278311,False,False,False
3,68000000,69000000,68500000,13,0.11091848358280541,100078.0,0.2187646115476772,0.8304542546385156,False,False,False
3,69000000,70000000,69500000,14,0.0737205916786285,98229.0,-0.4620978526174847,0.6078055022392834,False,False,False
3,71000000,72000000,71500000,15,0.1836845226329314,126475.0,1.5506590313398905,0.23416506717850288,False,False,False
3,72000000,73000000,72500000,19,0.1437193107758236,168015.0,0.8191441192580664,0.48624440179142675,False,False,False
3,73000000,74000000,73500000,17,0.12425188741699712,149543.0,0.4628164576480634,0.674344209852847,False,False,False
3,74000000,75000000,74500000,16,0.02510603032223468,123078.0,-1.3519286560589563,0.0818937939859245,False,False,False
3,76000000,77000000,76500000,25,0.09365410792976953,173372.0,-0.09723892380533353,0.9136276391554703,False,False,True
3,77000000,78000000,77500000,11,0.1716115107913669,69500.0,1.329677137701457,0.29174664107485604,False,False,True
3,99000000,100000000,99500000,14,0.10338821746682929,108228.0,0.08093218930314637,0.9404990403071017,False,False,False
3,100000000,101000000,100500000,26,0.09522562945355735,190999.0,-0.06847412122106072,0.9302623160588611,False,False,False
3,103000000,104000000,103500000,12,0.1419933358206075,77729.0,0.7875522332414336,0.5054382597568778,False,False,False
3,104000000,105000000,104500000,19,0.11281624856952323,121463.0,0.25350090651276813,0.8087012156110045,False,False,False
3,107000000,108000000,107500000,36,0.09234005460583664,277626.0,-0.12129108209651093,0.8905950095969289,False,False,False
3,108000000,109000000,108500000,10,0.1426127094027297,75393.0,0.798889118257629,0.4990403071017274,False,False,False
3,112000000,113000000,112500000,11,0.05381780985923681,86031.0,-0.826394224793645,0.327575175943698,False,False,False
3,114000000,115000000,114500000,10,0.06582916467660441,79562.0,-0.6065408884814149,0.4849648112603967,False,False,False
3,122000000,123000000,122500000,17,0.09207980249549609,149870.0,-0.12605468250717694,0.8803582853486884,False,False,False
3,123000000,124000000,123500000,23,0.07096388949998429,190914.0,-0.5125559550055506,0.5668586052463211,False,False,False
3,124000000,125000000,124500000,18,0.06929145343048658,157689.0,-0.5431678764114798,0.5374280230326296,False,False,False
3,126000000,127000000,126500000,17,0.05618922772330751,147991.0,-0.7829882862351978,0.35572616762635956,False,False,False
3,128000000,129000000,128500000,10,0.03695327746527381,87110.0,-1.1350791124299118,0.1727447216890595,False,False,False
3,130000000,131000000,130500000,14,0.10595802928146648,108123.0,0.12796948940235325,0.8982725527831094,False,False,False
3,131000000,132000000,131500000,37,0.15561689957280428,276220.0,1.036915106033435,0.3889955214331414,False,False,False
3,132000000,133000000,132500000,18,0.17245947249582316,143051.0,1.3451980520882463,0.2866282789507358,False,False,False
3,133000000,134000000,133500000,15,0.10845257272813418,126636.0,0.17362909297452517,0.8688419705694178,False,False,False
3,134000000,135000000,134500000,12,0.08782164910298615,102674.0,-0.20399503512409534,0.8240563019833653,False,False,False
3,139000000,140000000,139500000,12,0.08173171770031874,96309.0,-0.3154638708338775,0.7229686500319897,False,False,False
3,140000000,141000000,140500000,15,0.11346045231447231,125709.0,0.2652922776566046,0.8010236724248241,False,False,False
3,141000000,142000000,141500000,21,0.08490791922066551,146176.0,-0.2573273398874664,0.7792706333973128,False,False,False
3,143000000,144000000,143500000,12,0.16217782260660557,93194.0,1.1570048744401846,0.35188739603326935,False,False,False
3,145000000,146000000,145500000,20,0.06650841574572758,139441.0,-0.5941080184171279,0.491362763915547,False,False,False
3,146000000,147000000,146500000,23,0.14891672878543777,166348.0,0.9142765757542084,0.4465770953294946,False,False,False
3,147000000,148000000,147500000,11,0.14327657942105107,67778.0,0.8110404567722966,0.49008317338451696,False,False,False
3,148000000,149000000,148500000,18,0.15180924634133522,133177.0,0.9672206145137863,0.4197056941778631,False,False,False
3,149000000,150000000,149500000,28,0.10998833097438582,225383.0,0.20173929197715862,0.838131797824696,False,False,False
3,153000000,154000000,153500000,11,0.14453192844323512,69092.0,0.8340181037538339,0.47856685860524634,False,False,False
3,154000000,155000000,154500000,15,0.08916974968513854,101632.0,-0.17931968291136158,0.8445297504798465,False,False,False
3,157000000,158000000,157500000,16,0.1009858843651808,104069.0,0.03696038467649065,0.9686500319897633,False,False,False
3,160000000,161000000,160500000,10,0.014127954475026065,70994.0,-1.5528690693591842,0.02815099168266155,True,False,False
3,161000000,162000000,161500000,28,0.09114241894984348,206693.0,-0.14321235564642396,0.8714011516314779,False,False,False
3,162000000,163000000,162500000,16,0.22404927280402165,104236.0,2.289487009487051,0.1126039667306462,False,False,False
3,163000000,164000000,163500000,11,0.16569602464665026,74006.0,1.221401311651906,0.32629558541266795,False,False,False
3,166000000,167000000,166500000,13,0.05576983669965992,92039.0,-0.7906647321624302,0.3493282149712092,False,False,False
3,168000000,169000000,168500000,11,0.04394747920672666,87889.0,-1.007058700821072,0.23416506717850288,False,False,False
3,169000000,170000000,169500000,27,0.07821645021645021,202125.0,-0.3798065945406917,0.674344209852847,False,False,False
3,173000000,174000000,173500000,11,0.05383327497154863,91384.0,-0.8261111545996582,0.3288547664747281,False,False,False
3,178000000,179000000,178500000,10,0.15017073609078538,77898.0,0.9372296642302845,0.42994241842610365,False,False,False
3,183000000,184000000,183500000,12,0.055427946678435654,99697.0,-0.7969226158866983,0.34420985284708894,False,False,False
3,185000000,186000000,185500000,17,0.07794821288706563,128951.0,-0.3847163547372194,0.6692258477287268,False,False,False
3,186000000,187000000,186500000,13,0.07192241912594156,109924.0,-0.4950112284176631,0.580934101087652,False,False,False
3,187000000,188000000,187500000,12,0.10877735563088203,97649.0,0.17957385156604067,0.8637236084452975,False,False,False
3,188000000,189000000,188500000,19,0.1180751867009831,142206.0,0.3497594145029976,0.744721689059501,False,False,False
3,189000000,190000000,189500000,19,0.11659201495182547,155165.0,0.32261174778809365,0.7651951375559821,False,False,False
3,190000000,191000000,190500000,17,0.0918019266033007,124883.0,-0.13114086494944074,0.8765195137555982,False,False,False
3,191000000,192000000,191500000,29,0.2274200461351017,207651.0,2.351184942322962,0.10748560460652591,False,False,False
3,193000000,194000000,193500000,17,0.10698419900905319,136637.0,0.1467522863193453,0.889315419065899,False,False,False
3,194000000,195000000,194500000,17,0.09397062267875665,149435.0,-0.09144550377779176,0.9161868202175304,False,False,False
4,1000000,2000000,1500000,10,0.029924521877305477,88105.0,-1.2637319904469426,0.12028150991682661,False,False,False
4,2000000,3000000,2500000,18,0.049147896073029766,148104.0,-0.9118713538768326,0.2891874600127959,False,False,False
4,3000000,4000000,3500000,11,0.24707913562216888,80798.0,2.7110208208154467,0.07421625079974409,False,False,False
4,4000000,5000000,4500000,12,0.11609340603200849,107659.0,0.3134853139924408,0.7741522712731925,False,False,False
4,5000000,6000000,5500000,27,0.05994875501561443,215826.0,-0.7141746818801391,0.41202815099168266,False,False,False
4,6000000,7000000,6500000,24,0.040194958015747725,206506.0,-1.075744066956969,0.19961612284069097,False,False,False
4,7000000,8000000,7500000,31,0.138972145179088,268248.0,0.7322529891284439,0.5399872040946897,False,False,False
4,10000000,11000000,10500000,10,0.11153399120308122,87758.0,0.23003073480361264,0.8227767114523352,False,False,False
4,11000000,12000000,11500000,18,0.10301143974613362,139601.0,0.07403572839573196,0.9481765834932822,False,False,False
4,13000000,14000000,13500000,15,0.15355782336700102,114452.0,0.9992262041193554,0.4056301983365323,False,False,False
4,15000000,16000000,15500000,10,0.10005584995843722,76992.0,0.019937228644825482,0.9878438899552143,False,False,False
4,16000000,17000000,16500000,13,0.059207714101098485,100595.0,-0.7277385404021292,0.4017914267434421,False,False,False
4,18000000,19000000,18500000,14,0.18957527016838402,99475.0,1.658482047039142,0.19577735124760076,False,False,False
4,19000000,20000000,19500000,18,0.09682208551589719,131344.0,-0.039252922037618314,0.9622520793346129,False,False,False
4,20000000,21000000,20500000,10,0.07744647476470912,72676.0,-0.39390006480426487,0.6641074856046065,False,False,False
4,21000000,22000000,21500000,11,0.026114368275878548,83747.0,-1.3334722482174104,0.08957133717210493,False,False,False
4,22000000,23000000,22500000,10,0.029771485869593904,75794.0,-1.266533129650877,0.1164427383237364,False,False,False
4,24000000,25000000,24500000,20,0.11500548945135161,168505.0,0.29357231554026225,0.7843889955214332,False,False,False
4,25000000,26000000,25500000,10,0.047355802802476595,85924.0,-0.9446734557633006,0.2674344209852847,False,False,False
4,27000000,28000000,27500000,14,0.10478818478320957,108538.0,0.10655689941405289,0.9161868202175304,False,False,False
4,28000000,29000000,28500000,25,0.2749583681594579,156731.0,3.2213164852383196,0.037108125399872044,False,False,False
4,31000000,32000000,31500000,12,0.11239825024239554,88698.0,0.24584995221250264,0.8125399872040947,False,False,False
4,35000000,36000000,35500000,12,0.04705307378753847,96168.0,-0.9502145445867218,0.2635956493921945,False,False,False
4,36000000,37000000,36500000,18,0.1581871691219999,118246.0,1.0839607844106416,0.3723608445297505,False,False,False
4,37000000,38000000,37500000,42,0.14052577387081222,336038.0,0.7606902850421476,0.5207933461292387,False,False,False
4,38000000,39000000,38500000,32,0.1647813888618598,246648.0,1.2046600087885537,0.3326935380678183,False,False,False
4,41000000,42000000,41500000,19,0.4215786336884452,134230.0,5.9050232808217284,0.006397952655150352,False,True,False
4,42000000,43000000,42500000,13,0.12951211734693877,94080.0,0.5590986104485892,0.6295585412667947,False,False,False
4,43000000,44000000,43500000,16,0.055339813830006496,121287.0,-0.7985357811840745,0.3416506717850288,False,False,False
4,44000000,45000000,44500000,11,0.07697817711448324,71897.0,-0.40247168743591577,0.6577095329494562,False,False,False
4,46000000,47000000,46500000,10,0.027989907259525715,74509.0,-1.2991427733822938,0.1036468330134357,False,False,False
4,56000000,57000000,56500000,16,0.14661080847530858,118037.0,0.8720694907783322,0.46321177223288545,False,False,False
4,57000000,58000000,57500000,10,0.09671543744401313,83725.0,-0.04120498612793004,0.9596928982725528,False,False,False
4,58000000,59000000,58500000,13,0.085347258945884,113460.0,-0.24928575708249245,0.7907869481765835,False,False,False
4,63000000,64000000,63500000,15,0.07882050535913479,103095.0,-0.3687500950487493,0.6858605246321178,False,False,False
4,66000000,67000000,66500000,15,0.08513499693188793,97780.0,-0.2531709567672036,0.783109404990403,False,False,False
4,72000000,73000000,72500000,13,0.11472788831299113,95696.0,0.28849116213495474,0.7882277671145234,False,False,False
4,78000000,79000000,78500000,12,0.02763225114946559,99829.0,-1.305689236312144,0.10108765195137556,False,False,False
4,80000000,81000000,80500000,11,0.1829747468801507,67952.0,1.5376674438249893,0.23544465770953296,False,False,False
4,82000000,83000000,82500000,16,0.02002165731464442,132057.0,-1.4449919603881467,0.061420345489443376,False,False,False
4,83000000,84000000,83500000,10,0.06400581714913887,87328.0,-0.6399150617753653,0.45553422904670504,False,False,False
4,84000000,85000000,84500000,15,0.31233968302469384,124363.0,3.9055362850711273,0.025591810620601407,False,False,False
4,86000000,87000000,86500000,11,0.14362700652559796,78307.0,0.8174546014912145,0.4875239923224568,False,False,False
4,87000000,88000000,87500000,15,0.15706566734933983,91796.0,1.06343304960067,0.3800383877159309,False,False,False
4,89000000,90000000,89500000,13,0.08666063571692915,97276.0,-0.22524598227442943,0.8074216250799744,False,False,False
4,93000000,94000000,93500000,10,0.028642936596218017,62930.0,-1.2871898604457805,0.10748560460652591,False,False,False
4,94000000,95000000,94500000,10,0.14939261348916202,69478.0,0.922987070232521,0.44145873320537427,False,False,False
4,100000000,101000000,100500000,10,0.1507717642753519,76513.0,0.948230758911425,0.42610364683301344,False,False,False
4,106000000,107000000,106500000,30,0.08911478031497148,217607.0,-0.1803258308114081,0.8419705694177864,False,False,False
4,108000000,109000000,108500000,11,0.05608832650417845,80293.0,-0.7848351611298949,0.3531669865642994,False,False,False
4,109000000,110000000,109500000,12,0.07030813368605388,107356.0,-0.5245587728134372,0.5540626999360204,False,False,False
4,111000000,112000000,111500000,17,0.0683817866394903,128543.0,-0.559818227847589,0.5207933461292387,False,False,False
4,112000000,113000000,112500000,11,0.04102506462852647,80073.0,-1.0605499684485837,0.20601407549584133,False,False,False
4,114000000,115000000,114500000,26,0.07984797943313644,188264.0,-0.34994342364670594,0.6973768394113884,False,False,False
4,118000000,119000000,118500000,14,0.26541423479941345,102973.0,3.0466226564971506,0.04862444017914268,False,False,False
4,119000000,120000000,119500000,32,0.06962282555682003,246040.0,-0.5371025100441531,0.5438259756877799,False,False,False
4,120000000,121000000,120500000,12,0.0608080055357428,93935.0,-0.6984471393630293,0.4248240563019834,False,False,False
4,121000000,122000000,121500000,29,0.17728876992680673,211085.0,1.4335925062018338,0.2674344209852847,False,False,False
4,122000000,123000000,122500000,20,0.11671757229420168,162392.0,0.324909923226221,0.7613563659628919,False,False,False
4,124000000,125000000,124500000,14,0.1068758338052231,104191.0,0.14476879220361477,0.891874600127959,False,False,False
4,125000000,126000000,125500000,14,0.08378332090830327,99262.0,-0.27791175311506,0.7485604606525912,False,False,False
4,126000000,127000000,126500000,10,0.12689397642182643,51149.0,0.5111767043794048,0.6564299424184261,False,False,False
4,127000000,128000000,127500000,20,0.08381633393292029,135093.0,-0.27730748958990675,0.7511196417146513,False,False,False
4,128000000,129000000,128500000,11,0.04177176006603688,87224.0,-1.046882610715681,0.2124120281509917,False,False,False
4,129000000,130000000,129500000,17,0.04323270099673397,118186.0,-1.020141852270645,0.22776711452335252,False,False,False
4,131000000,132000000,131500000,17,0.056149357992814335,99921.0,-0.7837180534762854,0.3544465770953295,False,False,False
4,134000000,135000000,134500000,12,0.10415928248909713,64891.0,0.09504560283865637,0.927703134996801,False,False,False
4,137000000,138000000,137500000,11,0.23800462732717798,92494.0,2.5449229114304006,0.08573256557901472,False,False,False
4,139000000,140000000,139500000,10,0.14117381669563833,75361.0,0.7725519259042771,0.5143953934740882,False,False,False
4,140000000,141000000,140500000,11,0.22808259458517566,91822.0,2.363312091127744,0.10620601407549585,False,False,False
4,141000000,142000000,141500000,10,0.10897243483916154,79956.0,0.18314454075452283,0.8598848368522073,False,False,False
4,145000000,146000000,145500000,12,0.007508879795608924,96286.0,-1.674023233372848,0.012795905310300703,True,False,False
4,147000000,148000000,147500000,11,0.02224326272204402,70763.0,-1.404328157826935,0.07037747920665387,False,False,False
4,148000000,149000000,148500000,16,0.28149967315514235,110144.0,3.3410471691623056,0.0345489443378119,False,False,False
4,152000000,153000000,152500000,15,0.27872838133220845,130385.0,3.290322020964548,0.03582853486884197,False,False,False
4,153000000,154000000,153500000,22,0.07126175727038656,171277.0,-0.5071038453893953,0.5719769673704415,False,False,False
4,155000000,156000000,155500000,10,0.08015086292010584,75963.0,-0.3443995073994047,0.7012156110044786,False,False,False
4,156000000,157000000,156500000,16,0.20073712580450437,117619.0,1.8627863273096952,0.16122840690978887,False,False,False
4,157000000,158000000,157500000,15,0.11659280067570774,105371.0,0.3226261295143487,0.763915547024952,False,False,False
4,158000000,159000000,158500000,13,0.12904451339200912,78965.0,0.5505396850711265,0.6372360844529751,False,False,False
4,161000000,162000000,161500000,16,0.14194028462468605,107510.0,0.7865811952031752,0.5067178502879078,False,False,False
4,162000000,163000000,162500000,26,0.18612430783619766,188178.0,1.5953163514323507,0.2200895713371721,False,False,False
4,163000000,164000000,163500000,20,0.04736426073274224,134099.0,-0.9445186435697162,0.26999360204734485,False,False,False
4,165000000,166000000,165500000,13,0.1814176991336751,94999.0,1.5091675662453903,0.24056301983365322,False,False,False
4,166000000,167000000,166500000,13,0.08481184027035556,98241.0,-0.2590859489782975,0.7741522712731925,False,False,False
4,168000000,169000000,168500000,24,0.04680631137324051,164465.0,-0.9547312324112646,0.2597568777991043,False,False,False
4,169000000,170000000,169500000,33,0.11532943222625865,239761.0,0.29950169660679893,0.7792706333973128,False,False,False
4,171000000,172000000,171500000,13,0.10446092811082537,77383.0,0.10056686145846168,0.9225847728726807,False,False,False
4,176000000,177000000,176500000,15,0.0530365737760201,97857.0,-0.8406938073098773,0.31861804222648754,False,False,False
4,177000000,178000000,177500000,14,0.13519630326298882,116427.0,0.6631407652982346,0.5732565579014716,False,False,False
4,180000000,181000000,180500000,15,0.08145405745281868,106557.0,-0.320546106160562,0.7152911068458093,False,False,False
4,181000000,182000000,181500000,16,0.2360277197344407,113421.0,2.508738006692109,0.08957133717210493,False,False,False
4,182000000,183000000,182500000,19,0.16760915090537942,151373.0,1.2564187761397565,0.31477927063339733,False,False,False
4,183000000,184000000,183500000,28,0.11346068773278409,210227.0,0.2652965867043398,0.799744081893794,False,False,False
4,184000000,185000000,184500000,24,0.10767972268118055,185202.0,0.15948300671903173,0.8803582853486884,False,False,False
4,185000000,186000000,185500000,22,0.16107141700754427,185306.0,1.1367534568468554,0.35956493921944976,False,False,False
4,186000000,187000000,186500000,15,0.20077278581710736,105592.0,1.8634390407515102,0.1599488163787588,False,False,False
4,189000000,190000000,189500000,39,0.16459199623008433,301333.0,1.2011934055117457,0.3352527191298784,False,False,False
5,0,1000000,500000,18,0.16274556502484616,155356.0,1.1673967133887508,0.34804862444017914,False,False,False
5,1000000,2000000,1500000,10,0.11171108689190529,80744.0,0.23327225739839824,0.818937939859245,False,False,False
5,2000000,3000000,2500000,30,0.12339911986157967,253142.0,0.4472075779664589,0.6845809341010877,False,False,False
5,3000000,4000000,3500000,28,0.06050821526552796,230729.0,-0.7039344380152494,0.418426103646833,False,False,False
5,5000000,6000000,5500000,30,0.09017518602529442,238946.0,-0.16091638559862137,0.8598848368522073,False,False,False
5,6000000,7000000,6500000,19,0.07514913127699024,168811.0,-0.43595016140950876,0.6295585412667947,False,False,False
5,9000000,10000000,9500000,12,0.06806734471564009,92717.0,-0.5655737073156456,0.5131158029430583,False,False,False
5,10000000,11000000,10500000,14,0.1966652378911273,116650.0,1.7882553392190788,0.17786308381317978,False,False,False
5,11000000,12000000,11500000,20,0.10084806757380697,147276.0,0.03443781483786001,0.9724888035828535,False,False,False
5,16000000,17000000,16500000,13,0.05439840915147912,97558.0,-0.8157670563017589,0.33397312859884837,False,False,False
5,24000000,25000000,24500000,11,0.31416279299772526,70777.0,3.938906110218204,0.02431222008957134,False,False,False
5,30000000,31000000,30500000,11,0.02695728436983483,88937.0,-1.3180436876340862,0.09852847088931542,False,False,False
5,31000000,32000000,31500000,31,0.055077585193770484,246761.0,-0.8033355595129715,0.3378119001919386,False,False,False
5,34000000,35000000,34500000,20,0.1039904912836767,157750.0,0.09195608377805985,0.9302623160588611,False,False,False
5,35000000,36000000,35500000,14,0.10834553440702782,113378.0,0.17166988584374712,0.872680742162508,False,False,False
5,36000000,37000000,36500000,26,0.07293933591743333,214130.0,-0.4763977953153354,0.6026871401151631,False,False,False
5,37000000,38000000,37500000,11,0.08958122356585455,83935.0,-0.1717881507190105,0.8483685220729367,False,False,False
5,38000000,39000000,38500000,11,0.02733050847457628,92040.0,-1.3112122713727907,0.09980806142034548,False,False,False
5,40000000,41000000,40500000,14,0.11771000535045478,104664.0,0.343075211139313,0.7536788227767115,False,False,False
5,41000000,42000000,41500000,10,0.02270190815798784,73474.0,-1.395933207314706,0.07293666026871401,False,False,False
5,42000000,43000000,42500000,10,0.018606435524864517,83412.0,-1.4708958852022724,0.05502239283429303,False,False,False
5,45000000,46000000,45500000,14,0.03387257818882311,99151.0,-1.191467590199549,0.1509916826615483,False,False,False
5,52000000,53000000,52500000,18,0.23839836818878055,131878.0,2.5521298621351294,0.08445297504798464,False,False,False
5,53000000,54000000,53500000,13,0.10042791580368793,109601.0,0.026747444365696614,0.9801663467690339,False,False,False
5,55000000,56000000,55500000,27,0.06523716244578144,228704.0,-0.6173767739855645,0.47728726807421623,False,False,False
5,56000000,57000000,56500000,23,0.11417682268032327,185112.0,0.27840457159532134,0.7933461292386437,False,False,False
5,57000000,58000000,57500000,45,0.1545965734368136,341450.0,1.0182392689996507,0.39539347408829173,False,False,False
5,58000000,59000000,58500000,22,0.13032250100700354,153922.0,0.5739317041392812,0.6218809980806143,False,False,False
5,66000000,67000000,66500000,13,0.038612394317092305,103257.0,-1.1047109832096578,0.1855406269993602,False,False,False
5,71000000,72000000,71500000,11,0.06089501613873844,91395.0,-0.6968545154122765,0.42610364683301344,False,False,False
5,75000000,76000000,75500000,13,0.0977315344157329,109325.0,-0.022606558835920082,0.981445937300064,False,False,False
5,78000000,79000000,78500000,12,0.231691593604951,81438.0,2.4293704573411796,0.09980806142034548,False,False,False
5,79000000,80000000,79500000,14,0.11840543697962058,107854.0,0.3558042468038059,0.7434420985284709,False,False,False
5,81000000,82000000,81500000,11,0.057454943875497516,89444.0,-0.7598208814657634,0.37875879718490085,False,False,False
5,86000000,87000000,86500000,11,0.04121741036566153,72991.0,-1.057029312146479,0.2072936660268714,False,False,False
5,93000000,94000000,93500000,10,0.08431180481266191,77587.0,-0.2682384938260613,0.7587971849008317,False,False,False
5,94000000,95000000,94500000,10,0.16420217424905972,77636.0,1.194058185180715,0.3378119001919386,False,False,False
5,95000000,96000000,95500000,11,0.049652769793271545,86974.0,-0.9026302504793186,0.29558541266794625,False,False,False
5,96000000,97000000,96500000,12,0.10767181828825663,68328.0,0.15933832635763456,0.8829174664107485,False,False,False
5,103000000,104000000,103500000,10,0.15018689563639318,73838.0,0.9375254451866532,0.4286628278950736,False,False,False
5,104000000,105000000,104500000,13,0.09252983814457862,87053.0,-0.11781732374002353,0.8957133717210493,False,False,False
5,108000000,109000000,108500000,13,0.1432509757853651,105556.0,0.8105718131585768,0.491362763915547,False,False,False
5,109000000,110000000,109500000,20,0.06628874007163993,160525.0,-0.5981289161917048,0.4875239923224568,False,False,False
5,115000000,116000000,115500000,10,0.04268826897926532,78757.0,-1.0301070224996194,0.2252079334612924,False,False,False
5,116000000,117000000,116500000,14,0.09570908082848203,101004.0,-0.059625127969421786,0.9404990403071017,False,False,False
5,117000000,118000000,117500000,23,0.0694497438559839,159871.0,-0.5402705614390214,0.5425463851567498,False,False,False
5,118000000,119000000,118500000,11,0.06326601796947354,83141.0,-0.6534561918413341,0.44785668586052463,False,False,False
5,119000000,120000000,119500000,12,0.0904578106572317,93270.0,-0.1557432832134032,0.8637236084452975,False,False,False
5,122000000,123000000,122500000,10,0.16841059184789467,95092.0,1.271088184191413,0.309660908509277,False,False,False
5,123000000,124000000,123500000,11,0.0708730363121298,77660.0,-0.5142189128290537,0.5655790147152912,False,False,False
5,125000000,126000000,125500000,12,0.04080850007895508,88658.0,-1.0645139208481398,0.20473448496481125,False,False,False
5,126000000,127000000,126500000,20,0.05031728136575937,155225.0,-0.89046716909084,0.3019833653230966,False,False,False
5,128000000,129000000,128500000,12,0.17998756788588627,91698.0,1.4829907418178814,0.2507997440818938,False,False,False
5,133000000,134000000,133500000,13,0.08643974882886477,100330.0,-0.22928904985731055,0.8023032629558541,False,False,False
5,135000000,136000000,135500000,17,0.05547449040056886,135008.0,-0.7960706892929906,0.3467690339091491,False,False,False
5,137000000,138000000,137500000,10,0.014610953008953993,86442.0,-1.5440283648148116,0.03198976327575176,True,False,False
5,142000000,143000000,142500000,16,0.040521630795897746,110768.0,-1.0697647164431927,0.20089571337172105,False,False,False
5,143000000,144000000,143500000,11,0.15416028586013275,82278.0,1.010253552085671,0.40051183621241204,False,False,False
5,144000000,145000000,144500000,14,0.03851399992422234,105572.0,-1.1065119736787428,0.18426103646833014,False,False,False
5,145000000,146000000,145500000,37,0.18804801709699664,263906.0,1.630527524985384,0.20985284708893154,False,False,False
5,146000000,147000000,146500000,25,0.030540515101826482,201863.0,-1.2524569787920665,0.12412028150991683,False,False,False
5,147000000,148000000,147500000,27,0.15103530378095123,192359.0,0.9530545311200612,0.4248240563019834,False,False,False
5,148000000,149000000,148500000,26,0.10936540293219629,224678.0,0.19033734686437348,0.8522072936660269,False,False,False
5,149000000,150000000,149500000,47,0.11789609425074524,393164.0,0.346481343603269,0.7511196417146513,False,False,False
5,150000000,151000000,150500000,21,0.12201080819042685,181529.0,0.42179621035763426,0.7012156110044786,False,False,False
5,151000000,152000000,151500000,40,0.1631265616818193,284549.0,1.1743703968268784,0.3467690339091491,False,False,False
5,152000000,153000000,152500000,12,0.13352424507939223,93586.0,0.6325357606371167,0.5937300063979527,False,False,False
5,153000000,154000000,153500000,25,0.1503549200383295,214978.0,0.940600928836021,0.4273832373640435,False,False,False
5,154000000,155000000,154500000,10,0.04857188962401162,80561.0,-0.9224144559231473,0.2853486884197057,False,False,False
5,156000000,157000000,156500000,11,0.06774983705136563,95122.0,-0.5713853014577578,0.510556621880998,False,False,False
5,158000000,159000000,158500000,13,0.14910211766611328,98788.0,0.9176698952049641,0.4440179142674344,False,False,False
5,159000000,160000000,159500000,26,0.15486658110809481,209603.0,1.0231814331654479,0.3941138835572617,False,False,False
5,163000000,164000000,163500000,22,0.08061358454061773,130251.0,-0.33592994725401254,0.7063339731285988,False,False,False
5,165000000,166000000,165500000,16,0.07055242367501427,99869.0,-0.5200873397472053,0.5591810620601407,False,False,False
5,166000000,167000000,166500000,23,0.27150670205633165,180467.0,3.1581379079548575,0.04094689699296225,False,False,False
5,167000000,168000000,167500000,22,0.16386094751654767,172683.0,1.1878124421548557,0.3416506717850288,False,False,False
5,168000000,169000000,168500000,25,0.10996886786241665,212642.0,0.20138304323032674,0.8406909788867563,False,False,False
5,169000000,170000000,169500000,19,0.0770577879358804,161885.0,-0.4010145075459823,0.6628278950735764,False,False,False
5,172000000,173000000,172500000,10,0.0708310324164914,85111.0,-0.5149877433843596,0.564299424184261,False,False,False
5,173000000,174000000,173500000,18,0.0932182988164718,153693.0,-0.10521588302522432,0.9046705054382598,False,False,False
5,175000000,176000000,175500000,10,0.07482568903712071,76157.0,-0.4418703807869929,0.6218809980806143,False,False,False
5,176000000,177000000,176500000,11,0.02672356300279272,95964.0,-1.3223216748464335,0.09341010876519514,False,False,False
5,179000000,180000000,179500000,12,0.15506922036015405,96070.0,1.0268904998203285,0.3915547024952015,False,False,False
6,0,1000000,500000,15,0.09403167680668492,120151.0,-0.09032798173929073,0.9174664107485605,False,False,False
6,1000000,2000000,1500000,49,0.18079747865082207,421679.0,1.4978151797346486,0.2456813819577735,False,False,False
6,2000000,3000000,2500000,17,0.08489659371859114,136307.0,-0.2575346395180511,0.7779910428662828,False,False,False
6,3000000,4000000,3500000,17,0.09568741087664674,152878.0,-0.0600217702534234,0.9379398592450416,False,False,False
6,5000000,6000000,5500000,11,0.15341267650074938,101416.0,0.9965694661171988,0.40818937939859246,False,False,False
6,6000000,7000000,6500000,22,0.09061075988341065,194872.0,-0.15294373244056325,0.8650031989763276,False,False,False
6,7000000,8000000,7500000,13,0.13168195304873923,103469.0,0.5988148311034354,0.6116442738323736,False,False,False
6,8000000,9000000,8500000,20,0.1721655179340389,159306.0,1.3398175690274157,0.2891874600127959,False,False,False
6,9000000,10000000,9500000,13,0.07188431965267494,98582.0,-0.49570859323926453,0.5796545105566219,False,False,False
6,11000000,12000000,11500000,20,0.1377350827866292,160050.0,0.7096100568078361,0.5502239283429302,False,False,False
6,12000000,13000000,12500000,13,0.09758016145367303,101701.0,-0.025377257998699568,0.9763275751759437,False,False,False
6,13000000,14000000,13500000,11,0.21277809147374366,88550.0,2.0831816544859056,0.1420345489443378,False,False,False
6,14000000,15000000,14500000,14,0.052873563218390804,117885.0,-0.843677518597558,0.31733845169545744,False,False,False
6,15000000,16000000,15500000,10,0.12855598872891497,77721.0,0.5415978314097262,0.6436340371081254,False,False,False
6,16000000,17000000,16500000,15,0.07984852603600338,132432.0,-0.3499334187417005,0.6986564299424184,False,False,False
6,21000000,22000000,21500000,12,0.16408583977052263,84017.0,1.1919288231209464,0.34037108125399873,False,False,False
6,23000000,24000000,23500000,10,0.2177254033130881,78537.0,2.1737362197447854,0.12923864363403711,False,False,False
6,27000000,28000000,27500000,13,0.10662760541734703,104110.0,0.1402252715040972,0.8931541906589892,False,False,False
6,28000000,29000000,28500000,17,0.20298784044178989,135449.0,1.9039829391505598,0.1561100447856686,False,False,False
6,29000000,30000000,29500000,17,0.14565189019880803,114935.0,0.8545176504118661,0.473448496481126,False,False,False
6,30000000,31000000,30500000,11,0.16091107813933472,88291.0,1.1338186476057341,0.36084452975047987,False,False,False
6,33000000,34000000,33500000,37,0.196342289528347,311479.0,1.782344159664949,0.17914267434420986,False,False,False
6,34000000,35000000,34500000,13,0.05545511673998163,103435.0,-0.7964253007403624,0.345489443378119,False,False,False
6,36000000,37000000,36500000,12,0.09747305794922827,94462.0,-0.02733765823172449,0.9724888035828535,False,False,False
6,38000000,39000000,38500000,10,0.13085529370791735,68912.0,0.5836838307427958,0.6180422264875239,False,False,False
6,39000000,40000000,39500000,26,0.0726468145794595,221572.0,-0.4817520449461159,0.5950095969289827,False,False,False
6,40000000,41000000,40500000,33,0.08087495691686537,284334.0,-0.3311458417295624,0.708893154190659,False,False,False
6,41000000,42000000,41500000,13,0.07516090628371591,107516.0,-0.4357346341394298,0.6308381317978247,False,False,False
6,42000000,43000000,42500000,10,0.06937116872676109,79608.0,-0.541708784235156,0.5399872040946897,False,False,False
6,43000000,44000000,43500000,21,0.1090564681482878,169724.0,0.18468266893853522,0.8560460652591171,False,False,False
6,44000000,45000000,44500000,38,0.169983731191168,315942.0,1.2998825990065164,0.29942418426103645,False,False,False
6,45000000,46000000,45500000,15,0.0564331812569507,114197.0,-0.778523011577,0.3621241202815099,False,False,False
6,46000000,47000000,46500000,14,0.02928558506560074,116081.0,-1.275426956741908,0.11132437619961612,False,False,False
6,51000000,52000000,51500000,19,0.1273092781992399,136298.0,0.5187783015954599,0.6513115802943058,False,False,False
6,52000000,53000000,52500000,17,0.21776608755644758,127552.0,2.1744808956596944,0.12795905310300704,False,False,False
6,53000000,54000000,53500000,11,0.043489843489843506,90090.0,-1.0154351696459645,0.2290467050543826,False,False,False
6,55000000,56000000,55500000,10,0.17113443507975934,69647.0,1.3209448432629647,0.29558541266794625,False,False,False
6,56000000,57000000,56500000,25,0.16238569604086844,195750.0,1.16080974647571,0.3506078055022393,False,False,False
6,65000000,66000000,65500000,21,0.12381711635226637,144879.0,0.4548584986528912,0.6794625719769674,False,False,False
6,66000000,67000000,66500000,28,0.2470436820046861,181814.0,2.7103718851869143,0.07549584133077415,False,False,False
6,67000000,68000000,67500000,24,0.22679760319573902,165220.0,2.33979187643126,0.11004478566858605,False,False,False
6,68000000,69000000,68500000,12,0.056934380286313035,79214.0,-0.7693491689558135,0.3723608445297505,False,False,False
6,71000000,72000000,71500000,18,0.06037446171129002,133525.0,-0.7063826352078184,0.41586692258477287,False,False,False
6,72000000,73000000,72500000,15,0.10488470472701177,105902.0,0.10832358035789595,0.9110684580934101,False,False,False
6,73000000,74000000,73500000,14,0.08793255261072466,113570.0,-0.20196508042241706,0.8291746641074856,False,False,False
6,74000000,75000000,74500000,10,0.1277310693859637,72911.0,0.5264986796076254,0.6474728087012156,False,False,False
6,75000000,76000000,75500000,17,0.0607589922357788,126220.0,-0.6993442685948773,0.4235444657709533,False,False,False
6,76000000,77000000,76500000,10,0.062116826151259665,79109.0,-0.6744907594765952,0.43378119001919385,False,False,False
6,77000000,78000000,77500000,19,0.209427148667655,131535.0,2.0218466954482444,0.14843250159948818,False,False,False
6,78000000,79000000,78500000,23,0.17960880697601392,165596.0,1.4760579810289247,0.254638515674984,False,False,False
6,79000000,80000000,79500000,23,0.029787920040123237,167484.0,-1.2662323220171556,0.11900191938579655,False,False,False
6,80000000,81000000,80500000,29,0.10989500690337338,194108.0,0.20003110762307919,0.8419705694177864,False,False,False
6,82000000,83000000,82500000,21,0.04554458886494752,172644.0,-0.9778255383547837,0.24824056301983366,False,False,False
6,86000000,87000000,86500000,14,0.07950050801944988,110232.0,-0.3563034680158606,0.6922584772872681,False,False,False
6,87000000,88000000,87500000,14,0.05341098022568891,113076.0,-0.8338407496533435,0.32245681381957775,False,False,False
6,88000000,89000000,88500000,12,0.10875324935012998,100020.0,0.17913261522509472,0.8662827895073576,False,False,False
6,89000000,90000000,89500000,13,0.15516747159584449,115124.0,1.0286888699702228,0.3902751119641715,False,False,False
6,97000000,98000000,97500000,10,0.07542734754906583,74237.0,-0.4308577487248277,0.635956493921945,False,False,False
6,99000000,100000000,99500000,23,0.15629509835301517,178083.0,1.0493287152206894,0.3838771593090211,False,False,False
6,100000000,101000000,100500000,29,0.12123593874373595,199751.0,0.40761316143004106,0.7114523352527191,False,False,False
6,101000000,102000000,101500000,13,0.0670684292379471,84876.0,-0.5838576481203233,0.5003198976327575,False,False,False
6,102000000,103000000,102500000,10,0.05870045333023364,60221.0,-0.7370233358769657,0.3915547024952015,False,False,False
6,104000000,105000000,104500000,13,0.10314006953011103,89170.0,0.07639014116486127,0.946896992962252,False,False,False
6,106000000,107000000,106500000,30,0.10499263883672033,231621.0,0.11029918381663377,0.9097888675623801,False,False,False
6,107000000,108000000,107500000,15,0.07193367180733996,125859.0,-0.494805261681561,0.582213691618682,False,False,False
6,108000000,109000000,108500000,13,0.04209187475779287,100637.0,-1.041023298085656,0.21753039027511195,False,False,False
6,109000000,110000000,109500000,23,0.10948956153610294,185899.0,0.19260992008494604,0.8483685220729367,False,False,False
6,111000000,112000000,111500000,19,0.19963826529921014,147622.0,1.8426730135408471,0.16506717850287908,False,False,False
6,112000000,113000000,112500000,27,0.014973878376208066,211702.0,-1.5373854544990015,0.03582853486884197,True,False,False
6,115000000,116000000,115500000,11,0.06811907334053534,83310.0,-0.5646268773419261,0.5143953934740882,False,False,False
6,116000000,117000000,116500000,13,0.037743788173237106,115264.0,-1.1206097691144536,0.17914267434420986,False,False,False
6,117000000,118000000,117500000,28,0.07991022255404849,216981.0,-0.34880413852832676,0.6999360204734485,False,False,False
6,120000000,121000000,120500000,12,0.11868968372774469,94191.0,0.36100704006578055,0.7383237364043506,False,False,False
6,121000000,122000000,121500000,20,0.13949497610356376,132865.0,0.741822777451323,0.5335892514395394,False,False,False
6,122000000,123000000,122500000,11,0.039413473867472855,85009.0,-1.0900481900043477,0.19321817018554063,False,False,False
6,123000000,124000000,123500000,11,0.12427731197597297,79910.0,0.4632818234789874,0.673064619321817,False,False,False
6,125000000,126000000,125500000,18,0.02234091031968549,129471.0,-1.4025408365421363,0.07165706973768395,False,False,False
6,126000000,127000000,126500000,10,0.0010047221943132512,79624.0,-1.7930739791286707,0.0012795905310300703,True,False,False
6,127000000,128000000,127500000,18,0.017904498939223766,128208.0,-1.4837439862349382,0.05118362124120281,False,False,False
6,130000000,131000000,130500000,13,0.21498347285800287,88037.0,2.1235484959074244,0.1343570057581574,False,False,False
6,133000000,134000000,133500000,20,0.13436658702672183,145237.0,0.6479538121601954,0.5834932821497121,False,False,False
6,134000000,135000000,134500000,16,0.15156316916488222,116750.0,0.9627164691400054,0.42226487523992323,False,False,False
6,136000000,137000000,136500000,24,0.017410621001203986,200998.0,-1.4927838251253565,0.04862444017914268,True,False,False
6,137000000,138000000,137500000,18,0.10249299660591178,141717.0,0.06454625316175154,0.9545745361484325,False,False,False
6,138000000,139000000,138500000,25,0.08131692120808394,204158.0,-0.3230562194152857,0.7127319257837492,False,False,False
6,139000000,140000000,139500000,13,0.15964536964660386,97228.0,1.1106513830334444,0.3710812539987204,False,False,False
6,140000000,141000000,140500000,27,0.13951369201532757,192594.0,0.7421653496012564,0.5323096609085093,False,False,False
6,143000000,144000000,143500000,16,0.04752017491250579,131723.0,-0.9416648229041374,0.2751119641714651,False,False,False
6,144000000,145000000,144500000,27,0.041997144468551045,196811.0,-1.0427572215652559,0.21497120921305182,False,False,False
6,145000000,146000000,145500000,15,0.044012522391308,119466.0,-1.0058681639206133,0.23544465770953296,False,False,False
6,146000000,147000000,146500000,13,0.018121319951637162,101731.0,-1.4797753395929492,0.053742802303262956,False,False,False
6,148000000,149000000,148500000,26,0.1036239211838443,199756.0,0.0852464610364245,0.9392194497760716,False,False,False
6,149000000,150000000,149500000,21,0.05899689551334695,171687.0,-0.731597319913562,0.39667306461932184,False,False,False
6,150000000,151000000,150500000,12,0.0789164926481669,92902.0,-0.36699316370685253,0.6871401151631478,False,False,False
6,151000000,152000000,151500000,15,0.0972170947383225,113766.0,-0.032022755520621005,0.9673704414587332,False,False,False
6,155000000,156000000,155500000,10,0.030846860570286093,63021.0,-1.2468496951567856,0.12795905310300704,False,False,False
6,158000000,159000000,158500000,11,0.04906910206704953,96466.0,-0.9133135829475376,0.28790786948176583,False,False,False
6,159000000,160000000,159500000,15,0.08700845782073814,109248.0,-0.21887951894633137,0.8202175303902751,False,False,False
6,162000000,163000000,162500000,17,0.22664254397961817,127957.0,2.3369537048420868,0.11132437619961612,False,False,False
6,164000000,165000000,164500000,26,0.15000689972401104,217400.0,0.9342308375040497,0.4312220089571337,False,False,False
6,166000000,167000000,166500000,20,0.11901706967569417,166787.0,0.3669994442543873,0.7370441458733206,False,False,False
6,167000000,168000000,167500000,28,0.12229703981773515,246674.0,0.42703533443469655,0.6973768394113884,False,False,False
6,168000000,169000000,168500000,12,0.048418044498877315,97980.0,-0.9252304050438279,0.2840690978886756,False,False,False
6,169000000,170000000,169500000,15,0.23494965682465682,123552.0,2.489005367778824,0.09341010876519514,False,False,False
6,170000000,171000000,170500000,28,0.15448324980446818,228863.0,1.0161650168413399,0.3979526551503519,False,False,False
7,2000000,3000000,2500000,13,0.20116834838024428,112980.0,1.8706793355016178,0.15866922584772872,False,False,False
7,3000000,4000000,3500000,10,0.05712060802392225,80260.0,-0.7659404952424982,0.3761996161228407,False,False,False
7,4000000,5000000,4500000,11,0.13693140683790314,98071.0,0.6948997396681047,0.5591810620601407,False,False,False
7,7000000,8000000,7500000,21,0.169848167902988,129551.0,1.2974012768208847,0.30326295585412666,False,False,False
7,8000000,9000000,8500000,23,0.18165894352046585,170699.0,1.5135832532439844,0.23928342930262317,False,False,False
7,9000000,10000000,9500000,17,0.10417820266440833,122804.0,0.09539191378600807,0.9251439539347409,False,False,False
7,10000000,11000000,10500000,10,0.05121955209475046,61129.0,-0.8739521936328898,0.30710172744721687,False,False,False
7,13000000,14000000,13500000,10,0.16151974931969984,72762.0,1.1449596380897453,0.3570057581573896,False,False,False
7,14000000,15000000,14500000,17,0.1463409373274434,115904.0,0.8671298255087009,0.4657709532949456,False,False,False
7,15000000,16000000,15500000,15,0.0756577353553951,103195.0,-0.42664077831330427,0.6461932181701855,False,False,False
7,17000000,18000000,17500000,12,0.10454471901800781,86518.0,0.1021005527677927,0.9200255918106206,False,False,False
7,18000000,19000000,18500000,14,0.03545412395033744,97055.0,-1.162519306056229,0.16250799744081892,False,False,False
7,19000000,20000000,19500000,10,0.059756322972182016,64922.0,-0.7176969179147307,0.4107485604606526,False,False,False
7,21000000,22000000,21500000,18,0.04284605504461128,145591.0,-1.0272189392303008,0.22648752399232247,False,False,False
7,22000000,23000000,22500000,16,0.12004366714606139,134197.0,0.3857900704861244,0.72552783109405,False,False,False
7,24000000,25000000,24500000,11,0.18719046095809572,90659.0,1.6148309960692793,0.21497120921305182,False,False,False
7,25000000,26000000,25500000,10,0.12007880721756016,88063.0,0.3864332670342843,0.7242482405630198,False,False,False
7,26000000,27000000,26500000,18,0.0906562200629533,146140.0,-0.15211163878470402,0.8662827895073576,False,False,False
7,27000000,28000000,27500000,15,0.08495519230950829,105897.0,-0.2564620631174519,0.780550223928343,False,False,False
7,28000000,29000000,28500000,12,0.13217711595658768,101538.0,0.6078781898139065,0.6052463211772233,False,False,False
7,29000000,30000000,29500000,29,0.1125411304094298,240090.0,0.24846520102439437,0.8112603966730646,False,False,False
7,30000000,31000000,30500000,10,0.09618799644836937,83342.0,-0.0508591562330756,0.9532949456174025,False,False,False
7,31000000,32000000,31500000,15,0.07814063295360797,113942.0,-0.38119433792512875,0.6717850287907869,False,False,False
7,35000000,36000000,35500000,11,0.16380644110581816,98244.0,1.186814768167908,0.3429302623160589,False,False,False
7,36000000,37000000,36500000,19,0.13385995006501317,163813.0,0.6386804347581987,0.5873320537428023,False,False,False
7,37000000,38000000,37500000,16,0.05557436391572698,115197.0,-0.7942426252776812,0.34804862444017914,False,False,False
7,38000000,39000000,38500000,39,0.13719166986756626,299395.0,0.6996635399437763,0.5553422904670505,False,False,False
7,39000000,40000000,39500000,13,0.0770171260686685,109599.0,-0.40175877389254744,0.6615483045425464,False,False,False
7,40000000,41000000,40500000,19,0.11187027420971121,153678.0,0.23618598890082823,0.817658349328215,False,False,False
7,41000000,42000000,41500000,19,0.04599644513807605,161469.0,-0.9695548552643737,0.2533589251439539,False,False,False
7,42000000,43000000,42500000,23,0.0841252565289668,184677.0,-0.2716530347481552,0.7549584133077415,False,False,False
7,43000000,44000000,43500000,29,0.21050325141415108,198529.0,2.04154345594106,0.14587332053742802,False,False,False
7,44000000,45000000,44500000,11,0.17896308418166748,94106.0,1.464238805521375,0.25847728726807423,False,False,False
7,45000000,46000000,45500000,51,0.17772520141956166,428583.0,1.441580857325652,0.26615483045425464,False,False,False
7,46000000,47000000,46500000,23,0.1384679036136549,180067.0,0.7230234565608542,0.54638515674984,False,False,False
7,48000000,49000000,48500000,27,0.028498010314245432,224156.0,-1.2898425609192465,0.10620601407549585,False,False,False
7,49000000,50000000,49500000,12,0.23215410088384134,85762.0,2.437836094222183,0.09724888035828536,False,False,False
7,50000000,51000000,50500000,16,0.13352769245643653,134459.0,0.6325988607083609,0.5924504158669226,False,False,False
7,51000000,52000000,51500000,12,0.14964380603571467,94471.0,0.9275848462749465,0.436340371081254,False,False,False
7,52000000,53000000,52500000,12,0.09045387572424031,90267.0,-0.15581530740713287,0.8624440179142674,False,False,False
7,53000000,54000000,53500000,20,0.06714070603981934,149425.0,-0.5825347085959148,0.5028790786948176,False,False,False
7,54000000,55000000,54500000,28,0.16843214982758098,197774.0,1.2714827769605261,0.30710172744721687,False,False,False
7,55000000,56000000,55500000,42,0.06970491372114032,349796.0,-0.5355999853854472,0.54510556621881,False,False,False
7,63000000,64000000,63500000,14,0.14281199244984855,113905.0,0.8025367536364623,0.4952015355086372,False,False,False
7,66000000,67000000,66500000,25,0.12689987998103902,198302.0,0.5112847618973734,0.655150351887396,False,False,False
7,67000000,68000000,67500000,20,0.09272569693336287,153458.0,-0.11423236527238853,0.9008317338451696,False,False,False
7,68000000,69000000,68500000,12,0.0972937794891263,92195.0,-0.030619133817254937,0.9686500319897633,False,False,False
7,70000000,71000000,70500000,17,0.10640219503829884,131205.0,0.1360994068846046,0.8957133717210493,False,False,False
7,73000000,74000000,73500000,12,0.13991375956425886,92532.0,0.7494881026728435,0.5284708893154191,False,False,False
7,76000000,77000000,76500000,10,0.11759570359004207,75598.0,0.3409830555286269,0.7562380038387716,False,False,False
7,77000000,78000000,77500000,16,0.13239335123021245,126279.0,0.6118361152151323,0.6026871401151631,False,False,False
7,78000000,79000000,78500000,25,0.11331579716498612,171075.0,0.26264453993568576,0.8048624440179143,False,False,False
7,80000000,81000000,80500000,17,0.07040626726259229,119478.0,-0.5227625562721503,0.5553422904670505,False,False,False
7,81000000,82000000,81500000,13,0.08671403741948676,97810.0,-0.22426852863572194,0.8125399872040947,False,False,False
7,82000000,83000000,82500000,12,0.1435772297605403,81141.0,0.8165434979533411,0.4888035828534869,False,False,False
7,84000000,85000000,84500000,17,0.034398345121631764,110703.0,-1.1818440617917882,0.15355086372360843,False,False,False
7,90000000,91000000,90500000,13,0.09523378691372322,82896.0,-0.06832480876958706,0.9315419065898912,False,False,False
7,91000000,92000000,91500000,10,0.03657986216990911,81985.0,-1.1419140282045452,0.1689059500959693,False,False,False
7,92000000,93000000,92500000,10,0.047416383635931626,71547.0,-0.9435645968082388,0.272552783109405,False,False,False
7,93000000,94000000,93500000,14,0.1797373810384291,107913.0,1.4784113738821874,0.2533589251439539,False,False,False
7,95000000,96000000,95500000,10,0.15189232028478997,76969.0,0.968741182668407,0.418426103646833,False,False,False
7,99000000,100000000,99500000,13,0.1494534771907228,113353.0,0.9241011067464621,0.43761996161228406,False,False,False
7,104000000,105000000,104500000,30,0.02185021189915154,231714.0,-1.411522478206867,0.0690978886756238,False,False,False
7,106000000,107000000,106500000,16,0.08545990228404127,108273.0,-0.2472239568872795,0.7920665387076136,False,False,True
7,107000000,108000000,107500000,13,0.12712407236258155,109283.0,0.5153883325442618,0.6525911708253359,False,False,True
7,108000000,109000000,108500000,15,0.05391730141458108,119470.0,-0.8245731520911965,0.33013435700575816,False,False,True
7,110000000,111000000,110500000,10,0.3801356452547656,63843.0,5.146459454140063,0.010236724248240563,False,False,True
7,113000000,114000000,113500000,11,0.21186950929144202,73078.0,2.0665511555013922,0.14459373000639794,False,False,True
7,116000000,117000000,116500000,10,0.10888641170754015,69972.0,0.18156999127408943,0.8611644273832374,False,False,True
7,117000000,118000000,117500000,11,0.04736560453239335,85959.0,-0.9444940469408493,0.2712731925783749,False,False,True
7,118000000,119000000,118500000,35,0.06057618912612044,229265.0,-0.7026902586316155,0.4209852847088932,False,False,True
7,122000000,123000000,122500000,16,0.013621295580867878,120363.0,-1.5621428482081678,0.026871401151631478,True,False,True
7,127000000,128000000,127500000,10,0.08052679199758722,69629.0,-0.33751857988059103,0.7037747920665387,False,False,False
7,128000000,129000000,128500000,13,0.08521599791315365,107339.0,-0.25168833168064103,0.7843889955214332,False,False,False
7,129000000,130000000,129500000,45,0.11080190297227566,335265.0,0.21663074433919016,0.8317338451695457,False,False,False
7,131000000,132000000,131500000,11,0.44484193011647255,84140.0,6.330829812315325,0.0025591810620601407,False,True,False
7,133000000,134000000,133500000,20,0.07275283339747012,161114.0,-0.47981149858761435,0.5975687779910429,False,False,False
7,135000000,136000000,135500000,18,0.09246186814572041,134861.0,-0.11906143243927765,0.8931541906589892,False,False,False
7,136000000,137000000,136500000,11,0.24032621306217156,87918.0,2.587416733079496,0.0818937939859245,False,False,False
7,138000000,139000000,138500000,16,0.12039674545969595,127084.0,0.39225274238387003,0.7216890595009597,False,False,False
7,139000000,140000000,139500000,14,0.03135307332246406,133097.0,-1.2375840823976654,0.1343570057581574,False,False,False
7,140000000,141000000,140500000,13,0.03286571499027317,109491.0,-1.2098970044310837,0.1433141394753679,False,False,False
7,141000000,142000000,141500000,15,0.07962540531564366,114417.0,-0.35401737392555244,0.6948176583493282,False,False,False
7,147000000,148000000,147500000,16,0.09618327349773409,101946.0,-0.05094560413759528,0.9520153550863724,False,False,False
7,150000000,151000000,150500000,16,0.13849701870516198,137021.0,0.7235563731303999,0.5438259756877799,False,False,False
7,151000000,152000000,151500000,11,0.07666988313498443,93270.0,-0.40811463621133465,0.655150351887396,False,False,False
7,152000000,153000000,152500000,13,0.0652042160737813,113850.0,-0.6179798175151039,0.47472808701215613,False,False,False
7,153000000,154000000,153500000,12,0.06360695176075325,96436.0,-0.6472158107507646,0.45169545745361483,False,False,False
7,154000000,155000000,154500000,18,0.14525180221710818,137747.0,0.8471945233431399,0.47472808701215613,False,False,False
7,156000000,157000000,156500000,15,0.07953302838485116,129858.0,-0.35570822202235913,0.6935380678182982,False,False,False
7,157000000,158000000,157500000,27,0.04948512456225395,220733.0,-0.9056987938631805,0.29174664107485604,False,False,False
7,158000000,159000000,158500000,27,0.052140139641535195,232882.0,-0.8571019509578947,0.3122200895713372,False,False,False
8,0,1000000,500000,10,0.10614836957195838,80623.0,0.13145343842688575,0.8969929622520794,False,False,False
8,1000000,2000000,1500000,22,0.08434707083920845,186521.0,-0.26759299182294666,0.7600767754318618,False,False,False
8,2000000,3000000,2500000,34,0.12226872353885834,246588.0,0.42651703916512274,0.6986564299424184,False,False,False
8,3000000,4000000,3500000,31,0.13582499215453,213499.0,0.674648155797424,0.5668586052463211,False,False,False
8,4000000,5000000,4500000,20,0.1610717340423416,150821.0,1.1367592597857394,0.3582853486884197,False,False,False
8,5000000,6000000,5500000,15,0.14288569702040627,107565.0,0.8038858267414499,0.4926423544465771,False,False,False
8,6000000,7000000,6500000,13,0.09231040894124001,96273.0,-0.12183371016535598,0.8880358285348688,False,False,False
8,9000000,10000000,9500000,12,0.187788775140424,88304.0,1.6257824142188453,0.2124120281509917,False,False,False
8,11000000,12000000,11500000,11,0.5221318021067042,78891.0,7.7455275278159705,0.0012795905310300703,False,True,False
8,13000000,14000000,13500000,21,0.2659886855156843,157674.0,3.0571372827353565,0.04734484964811261,False,False,False
8,14000000,15000000,14500000,37,0.25102683975456025,239570.0,2.7832787748494807,0.06653870761356366,False,False,False
8,15000000,16000000,15500000,22,0.06506723624439698,166205.0,-0.6204870677758387,0.4708893154190659,False,False,False
8,17000000,18000000,17500000,21,0.10963606261105821,164891.0,0.1952914452410985,0.8470889315419066,False,False,False
8,18000000,19000000,18500000,29,0.09234147606823083,223594.0,-0.12126506394497368,0.891874600127959,False,False,False
8,19000000,20000000,19500000,14,0.1115410372795595,107512.0,0.2301597047195975,0.8214971209213052,False,False,False
8,20000000,21000000,20500000,53,0.08480159338133905,430782.0,-0.259273505900173,0.7728726807421625,False,False,False
8,21000000,22000000,21500000,17,0.09451760242688197,146031.0,-0.08143370041763352,0.9225847728726807,False,False,False
8,22000000,23000000,22500000,11,0.13441547794720446,91485.0,0.648848701383511,0.582213691618682,False,False,False
8,23000000,24000000,23500000,18,0.03658481009361858,153602.0,-1.141823462439743,0.17018554062699937,False,False,False
8,24000000,25000000,24500000,26,0.056643677903335146,178493.0,-0.774670124813282,0.3646833013435701,False,False,False
8,25000000,26000000,25500000,21,0.14438800600073454,160647.0,0.8313837773489385,0.48112603966730644,False,False,False
8,27000000,28000000,27500000,21,0.24749507179433344,171462.0,2.7186340298608656,0.07293666026871401,False,False,False
8,28000000,29000000,28500000,13,0.05676314575645755,104064.0,-0.7724834101178638,0.3685220729366603,False,False,False
8,29000000,30000000,29500000,10,0.03135282832393465,86005.0,-1.2375885667997084,0.13307741522712732,False,False,False
8,32000000,33000000,32500000,15,0.09104254160833722,102864.0,-0.14504048969841268,0.8675623800383877,False,False,False
8,33000000,34000000,33500000,13,0.035434792358059033,89192.0,-1.1628731474940401,0.16122840690978887,False,False,False
8,35000000,36000000,35500000,10,0.0035267484808769152,83930.0,-1.7469113353804038,0.007677543186180422,True,False,False
8,38000000,39000000,38500000,12,0.22831851617419993,104271.0,2.367630350744891,0.1036468330134357,False,False,False
8,41000000,42000000,41500000,17,0.039701542402138204,143672.0,-1.0847754435576955,0.19577735124760076,False,False,False
8,42000000,43000000,42500000,12,0.03969376847135761,95418.0,-1.0849177359671998,0.1944977607165707,False,False,False
8,48000000,49000000,48500000,19,0.004805549176674007,148058.0,-1.7235044338506225,0.010236724248240563,True,False,False
8,49000000,50000000,49500000,11,0.015248292602649554,97224.0,-1.5323626336655458,0.03838771593090211,True,False,True
8,52000000,53000000,52500000,28,0.4178467037210922,198087.0,5.836714812153415,0.008957133717210493,False,True,True
8,53000000,54000000,53500000,19,0.05127380767610474,135303.0,-0.8729591107745722,0.30838131797824697,False,False,True
8,58000000,59000000,58500000,20,0.24097773582810506,144088.0,2.5993420700586967,0.08061420345489444,False,False,True
8,62000000,63000000,62500000,15,0.21616683467741934,119040.0,2.1452085041262343,0.13179782469609724,False,False,True
8,63000000,64000000,63500000,12,0.09824880728966469,88454.0,-0.013138503912317152,0.9878438899552143,False,False,True
8,66000000,67000000,66500000,20,0.1374916249242255,156715.0,0.7051538548127456,0.5540626999360204,False,False,False
8,68000000,69000000,68500000,16,0.0648888375012388,121084.0,-0.623752441205697,0.46833013435700577,False,False,False
8,69000000,70000000,69500000,18,0.12268842625534618,130701.0,0.43419919025316955,0.6922584772872681,False,False,False
8,70000000,71000000,70500000,14,0.18407509157509158,109200.0,1.557807923891936,0.23160588611644273,False,False,False
8,72000000,73000000,72500000,10,0.10964054555318639,79259.0,0.19537350007990406,0.8458093410108766,False,False,False
8,82000000,83000000,82500000,12,0.04989734975737215,107160.0,-0.8981535097685293,0.2981445937300064,False,False,False
8,85000000,86000000,85500000,10,0.023918132164936077,66644.0,-1.3736716964613283,0.07677543186180422,False,False,False
8,88000000,89000000,88500000,17,0.026040121770353596,128110.0,-1.3348312407871399,0.08829174664107485,False,False,False
8,89000000,90000000,89500000,11,0.07518932145797819,86229.0,-0.4352145287093228,0.6321177223288548,False,False,False
8,91000000,92000000,91500000,13,0.2452945850834374,88090.0,2.6783567795209033,0.0780550223928343,False,False,False
8,93000000,94000000,93500000,13,0.03343928871690333,86829.0,-1.1993984304285619,0.14971209213051823,False,False,False
8,94000000,95000000,94500000,21,0.05633260077671072,166085.0,-0.7803640157338894,0.36084452975047987,False,False,False
8,96000000,97000000,96500000,21,0.08161841430961775,161961.0,-0.31753775249334554,0.7204094689699296,False,False,False
8,98000000,99000000,98500000,14,0.06452925273629229,114297.0,-0.6303342058328006,0.4619321817018554,False,False,False
8,99000000,100000000,99500000,12,0.05706444176089585,91090.0,-0.7669685508200997,0.37492002559181065,False,False,False
8,101000000,102000000,101500000,17,0.06736463928001162,137780.0,-0.578435881218316,0.5067178502879078,False,False,False
8,102000000,103000000,102500000,10,0.015100995457620593,82776.0,-1.5350587299224858,0.037108125399872044,True,False,False
8,103000000,104000000,103500000,30,0.1299628591571092,232628.0,0.5673488946411848,0.6244401791426744,False,False,False
8,104000000,105000000,104500000,25,0.13218074272961453,174303.0,0.6079445735118426,0.6039667306461932,False,False,False
8,105000000,106000000,105500000,14,0.11782544518668508,105686.0,0.34518819785267457,0.7523992322456814,False,False,False
8,116000000,117000000,116500000,13,0.3230809952355744,85005.0,4.102143026095778,0.019193857965451054,False,False,False
8,118000000,119000000,118500000,18,0.04562986254472254,136117.0,-0.9762647066848167,0.2507997440818938,False,False,False
8,119000000,120000000,119500000,10,0.08439942450519111,77151.0,-0.26663472122737475,0.7626359564939219,False,False,False
8,123000000,124000000,123500000,10,0.019762201089911655,82759.0,-1.4497409930744507,0.05886116442738324,False,False,False
8,125000000,126000000,125500000,15,0.09832427608408104,125498.0,-0.011757138821352993,0.9904030710172744,False,False,False
8,128000000,129000000,128500000,12,0.10416010405340867,98411.0,0.09506064058066245,0.9264235444657709,False,False,False
8,129000000,130000000,129500000,16,0.009663284317253171,125061.0,-1.634589461824881,0.015355086372360844,True,False,False
8,130000000,131000000,130500000,24,0.03402581067940641,189224.0,-1.188662854614063,0.15227127319257838,False,False,False
8,131000000,132000000,131500000,20,0.10517218732835001,167492.0,0.11358560200299332,0.9046705054382598,False,False,False
8,133000000,134000000,133500000,29,0.21848708860759494,246875.0,2.1876779486973894,0.12667946257197696,False,False,False
8,134000000,135000000,134500000,34,0.18368802184604827,279776.0,1.5507230802078082,0.2328854766474728,False,False,False
8,136000000,137000000,136500000,15,0.18960926938101832,120569.0,1.6591043615443162,0.1944977607165707,False,False,False
8,138000000,139000000,138500000,12,0.0969436950845603,92301.0,-0.03702700582711578,0.963531669865643,False,False,False
8,139000000,140000000,139500000,17,0.07257467950917812,131127.0,-0.48307239024501153,0.5911708253358925,False,False,False
8,141000000,142000000,141500000,26,0.2514677234572744,224327.0,2.7913486182968863,0.06397952655150352,False,False,False
9,0,1000000,500000,14,0.19297983929172882,103915.0,1.7207985710161602,0.18682021753039027,False,False,False
9,2000000,3000000,2500000,16,0.06834202444503987,97034.0,-0.5605460267713525,0.5195137555982086,False,False,False
9,3000000,4000000,3500000,19,0.08665308978062246,144363.0,-0.22538410152058042,0.8061420345489443,False,False,False
9,4000000,5000000,4500000,16,0.2602204315293312,128566.0,2.951556363440361,0.053742802303262956,False,False,False
9,6000000,7000000,6500000,14,0.16159118593531263,110006.0,1.1462671990198927,0.35572616762635956,False,False,False
9,8000000,9000000,8500000,17,0.07544123553826405,126973.0,-0.43060354586375793,0.6372360844529751,False,False,False
9,9000000,10000000,9500000,25,0.2651514202302941,159622.0,3.0418121533748215,0.04990403071017274,False,False,False
9,14000000,15000000,14500000,12,0.2514138935922688,86817.0,2.790363327661927,0.06525911708253358,False,False,False
9,15000000,16000000,15500000,11,0.2510087109876015,74848.0,2.7829469496757424,0.06781829814459372,False,False,False
9,16000000,17000000,16500000,33,0.31173401788671745,253596.0,3.8944503165607656,0.026871401151631478,False,False,False
9,17000000,18000000,17500000,17,0.1321082544406801,126332.0,0.6066177629723061,0.6065259117082533,False,False,False
9,18000000,19000000,18500000,24,0.10006516201646821,168810.0,0.020107674615090797,0.9852847088931542,False,False,False
9,20000000,21000000,20500000,13,0.054843439103571055,95490.0,-0.8076213207695099,0.3352527191298784,False,False,False
9,21000000,22000000,21500000,29,0.18032829158969646,213286.0,1.4892272775111755,0.24824056301983366,False,False,False
9,22000000,23000000,22500000,12,0.1751930719898835,88568.0,1.3952332877505542,0.27767114523352526,False,False,False
9,23000000,24000000,23500000,15,0.04992762602963689,96029.0,-0.8975993391882984,0.29942418426103645,False,False,False
9,24000000,25000000,24500000,19,0.06157234154942676,134411.0,-0.6844568921988184,0.42994241842610365,False,False,False
9,25000000,26000000,25500000,14,0.07097541633624108,84487.0,-0.512344970196034,0.5681381957773513,False,False,False
9,27000000,28000000,27500000,18,0.11001082508969846,146881.0,0.20215101957775589,0.836852207293666,False,False,False
9,28000000,29000000,28500000,21,0.04719239951414968,143254.0,-0.947664355511855,0.2648752399232246,False,False,False
9,29000000,30000000,29500000,16,0.02787827197276016,98679.0,-1.3011861224148353,0.10236724248240563,False,False,False
9,30000000,31000000,30500000,12,0.1642143372595066,81759.0,1.1942808143900763,0.3365323096609085,False,False,False
9,32000000,33000000,32500000,10,0.0630337825014234,84304.0,-0.657706981468082,0.44529750479846447,False,False,False
9,33000000,34000000,33500000,29,0.09269165407431654,223019.0,-0.11485547867239575,0.8982725527831094,False,False,False
9,34000000,35000000,34500000,18,0.12112047333527035,151436.0,0.4054997066478119,0.7140115163147792,False,False,False
9,36000000,37000000,36500000,11,0.05935432006710785,85832.0,-0.725055095341974,0.40307101727447214,False,False,False
9,37000000,38000000,37500000,14,0.07175237111542843,121989.0,-0.49812375177685264,0.5783749200255918,False,False,False
9,38000000,39000000,38500000,12,0.054907530814954635,102791.0,-0.8064481994362472,0.3365323096609085,False,False,False
9,73000000,74000000,73500000,12,0.11868067243931618,98626.0,0.3608420993196613,0.7396033269353807,False,False,False
9,74000000,75000000,74500000,11,0.06977221176584143,82884.0,-0.5343681759950997,0.54638515674984,False,False,False
9,76000000,77000000,76500000,12,0.02152088491153157,88054.0,-1.4175504107812351,0.06653870761356366,False,False,False
9,78000000,79000000,78500000,17,0.1477918061048575,118332.0,0.8936862253583261,0.454254638515675,False,False,False
9,81000000,82000000,81500000,16,0.06879520197565708,119049.0,-0.5522511596591204,0.5323096609085093,False,False,False
9,83000000,84000000,83500000,11,0.20543383101057663,84526.0,1.9487538409607748,0.1548304542546385,False,False,False
9,84000000,85000000,84500000,10,0.06719519133252529,80854.0,-0.581537421148871,0.5041586692258477,False,False,False
9,85000000,86000000,85500000,25,0.059466608425548434,206040.0,-0.7229997926215439,0.4069097888675624,False,False,False
9,86000000,87000000,86500000,11,0.10692457365228339,87370.0,0.14566091621048022,0.8905950095969289,False,False,False
9,87000000,88000000,87500000,15,0.06263052596479528,113962.0,-0.6650881051061261,0.44145873320537427,False,False,False
9,89000000,90000000,89500000,10,0.090199503667041,72129.0,-0.16047128055006338,0.8611644273832374,False,False,False
9,90000000,91000000,90500000,27,0.15784694963131443,218072.0,1.0777334777293426,0.37364043506078054,False,False,False
9,92000000,93000000,92500000,31,0.14583843422905063,261392.0,0.8579321134796513,0.4708893154190659,False,False,False
9,93000000,94000000,93500000,43,0.07461135316392171,350704.0,-0.4457935399585177,0.619321817018554,False,False,False
9,94000000,95000000,94500000,32,0.145727945290157,255603.0,0.8559097469597448,0.472168905950096,False,False,False
9,95000000,96000000,95500000,29,0.08527925961849338,247440.0,-0.2505304026050942,0.7869481765834933,False,False,False
9,96000000,97000000,96500000,28,0.17220976468879368,220304.0,1.3406274524087443,0.28790786948176583,False,False,False
9,97000000,98000000,97500000,21,0.07644132843161608,161032.0,-0.41229805388814234,0.6500319897632757,False,False,False
9,98000000,99000000,98500000,29,0.08506302955156024,241950.0,-0.2544882327041209,0.781829814459373,False,False,False
9,99000000,100000000,99500000,26,0.15233312064856344,213148.0,0.9768095006972038,0.4145873320537428,False,False,False
9,100000000,101000000,100500000,31,0.07070263821768336,263208.0,-0.5173378440516272,0.5630198336532309,False,False,False
9,101000000,102000000,101500000,30,0.08325611052072264,235250.0,-0.2875617022182594,0.7421625079974408,False,False,False
9,102000000,103000000,102500000,17,0.06375255401469374,138018.0,-0.6445507374272198,0.454254638515675,False,False,False
9,103000000,104000000,103500000,19,0.07700113539596934,140920.0,-0.40205146383437695,0.6589891234804862,False,False,False
9,104000000,105000000,104500000,32,0.18499772772060213,248649.0,1.5746956636912341,0.2252079334612924,False,False,False
9,105000000,106000000,105500000,35,0.12266053825323052,233013.0,0.4336887340722111,0.6935380678182982,False,False,False
9,106000000,107000000,106500000,11,0.0364474265281992,70197.0,-1.1443381026007553,0.1676263595649392,False,False,False
9,109000000,110000000,109500000,10,0.11841658171933402,70632.0,0.3560082377977932,0.7421625079974408,False,False,False
9,110000000,111000000,110500000,47,0.15240801146082575,395783.0,0.9781802865232286,0.4133077415227127,False,False,False
9,111000000,112000000,111500000,13,0.0933466607146323,103046.0,-0.10286637358228032,0.90850927703135,False,False,False
9,112000000,113000000,112500000,53,0.200169470031473,433705.0,1.8523960742969885,0.163787587971849,False,False,False
9,113000000,114000000,113500000,53,0.21398908863773886,409848.0,2.1053474942947528,0.13947536788227768,False,False,False
9,114000000,115000000,114500000,23,0.13797403643574171,193656.0,0.7139838146211853,0.5489443378119002,False,False,False
9,115000000,116000000,115500000,55,0.12883048626649132,409837.0,0.5466221771528386,0.6410748560460653,False,False,False
9,116000000,117000000,116500000,37,0.1094659231880907,312764.0,0.19217724868738767,0.8496481126039668,False,False,False
9,117000000,118000000,117500000,29,0.16204258695483437,231902.0,1.1545295492431247,0.3544465770953295,False,False,False
9,118000000,119000000,118500000,21,0.11469979439394673,144451.0,0.28797693689343024,0.7895073576455535,False,False,False
9,119000000,120000000,119500000,14,0.10420433795038525,112265.0,0.09587028861589751,0.9238643634037108,False,False,False
9,120000000,121000000,120500000,12,0.030128469118193592,99557.0,-1.2599989826370246,0.12156110044785669,False,False,False
9,122000000,123000000,122500000,18,0.1325015489924173,135572.0,0.6138165445142368,0.6014075495841331,False,False,False
9,123000000,124000000,123500000,10,0.11964636279864849,74879.0,0.3785178944794861,0.7319257837492003,False,False,False
9,124000000,125000000,124500000,11,0.301481912454225,87657.0,3.706797914493754,0.02943058221369162,False,False,False
9,125000000,126000000,125500000,10,0.09223300970873786,84872.0,-0.12325040959288422,0.8854766474728087,False,False,False
9,126000000,127000000,126500000,11,0.026811495290794747,95239.0,-1.3207121805653335,0.09596928982725528,False,False,False
9,127000000,128000000,127500000,12,0.05363812097667173,106566.0,-0.8296832126664392,0.32501599488163785,False,False,False
9,128000000,129000000,128500000,15,0.025827251470275644,127017.0,-1.3387275744135725,0.08445297504798464,False,False,False
9,129000000,130000000,129500000,18,0.10291835593457291,143060.0,0.07233194170060482,0.9494561740243123,False,False,False
9,131000000,132000000,131500000,13,0.014574666209567565,107927.0,-1.5446925508313354,0.030710172744721688,True,False,False
9,132000000,133000000,132500000,22,0.1392896683830378,170709.0,0.738064867705536,0.5348688419705694,False,False,False
9,135000000,136000000,135500000,14,0.05718185131477935,128957.0,-0.7648195108051553,0.37747920665387075,False,False,False
9,136000000,137000000,136500000,15,0.12393641260094275,133863.0,0.4570420723362788,0.6769033909149073,False,False,False
9,137000000,138000000,137500000,11,0.07245294293397074,90369.0,-0.4853006311568417,0.5860524632117722,False,False,False
9,139000000,140000000,139500000,11,0.12748151467622676,89260.0,0.5219308821890722,0.6500319897632757,False,False,False
10,0,1000000,500000,15,0.07874054627899896,121513.0,-0.37021364939408435,0.6845809341010877,False,False,False
10,1000000,2000000,1500000,25,0.08173097542495246,209847.0,-0.31547745728754745,0.7216890595009597,False,False,False
10,2000000,3000000,2500000,19,0.16773275771018167,151488.0,1.2586812493444757,0.31349968010236723,False,False,False
10,3000000,4000000,3500000,33,0.11745876186077599,266319.0,0.33847650264451923,0.7575175943698017,False,False,False
10,4000000,5000000,4500000,34,0.05771105092987208,278049.0,-0.7551331512959801,0.3800383877159309,False,False,False
10,5000000,6000000,5500000,47,0.0911073176029608,359093.0,-0.14385484338727836,0.8688419705694178,False,False,False
10,6000000,7000000,6500000,49,0.14679899206317124,371055.0,0.875513963967234,0.46065259117082535,False,False,False
10,7000000,8000000,7500000,30,0.15667342292314526,216096.0,1.0562534893379043,0.38259756877799106,False,False,False
10,8000000,9000000,8500000,20,0.11628922126953475,172961.0,0.31706947530692237,0.7715930902111324,False,False,False
10,11000000,12000000,11500000,22,0.10478491488239051,180045.0,0.10649704783066276,0.9174664107485605,False,False,False
10,12000000,13000000,12500000,22,0.07420035250946286,173045.0,-0.45331641031604275,0.6116442738323736,False,False,False
10,13000000,14000000,13500000,18,0.045960109968542655,151316.0,-0.9702199266379906,0.25207933461292387,False,False,False
10,14000000,15000000,14500000,17,0.19232545216908112,127773.0,1.7088208054483798,0.18809980806142035,False,False,False
10,15000000,16000000,15500000,17,0.2103856272598095,142158.0,2.0393904879240377,0.1471529110684581,False,False,False
10,16000000,17000000,16500000,18,0.0541272788102626,152437.0,-0.820729769584172,0.3314139475367882,False,False,False
10,17000000,18000000,17500000,20,0.12237683262378339,146102.0,0.42849584533377133,0.6948176583493282,False,False,False
10,18000000,19000000,18500000,16,0.10559409337820075,120949.0,0.12130808244590531,0.9008317338451696,False,False,False
10,20000000,21000000,20500000,17,0.0843931606167915,125099.0,-0.266749374135717,0.7613563659628919,False,False,False
10,23000000,24000000,23500000,10,0.056742291479183464,84452.0,-0.7728651224646225,0.3672424824056302,False,False,False
10,24000000,25000000,24500000,29,0.06288118157101918,244962.0,-0.6605001571076199,0.4440179142674344,False,False,False
10,25000000,26000000,25500000,10,0.14252589271912197,71159.0,0.7973000437669545,0.5003198976327575,False,False,False
10,26000000,27000000,26500000,12,0.08655701331275323,82928.0,-0.22714266517333362,0.8035828534868842,False,False,False
10,27000000,28000000,27500000,24,0.092477011768069,188901.0,-0.1187842467306035,0.8944337811900192,False,False,False
10,30000000,31000000,30500000,15,0.08109240112621872,128927.0,-0.3271657882206122,0.7114523352527191,False,False,False
10,33000000,34000000,33500000,13,0.22719764992794592,90210.0,2.34711424847786,0.10876519513755598,False,False,False
10,34000000,35000000,34500000,21,0.06477938098130206,169591.0,-0.6257559105440953,0.46705054382597566,False,False,False
10,35000000,36000000,35500000,23,0.012430576874773244,179155.0,-1.5839375153481117,0.021753039027511197,True,False,False
10,36000000,37000000,36500000,19,0.1008567898400524,148111.0,0.03459746538215072,0.9712092130518234,False,False,False
10,37000000,38000000,37500000,15,0.11642242070920468,112182.0,0.3195075301018744,0.7690339091490723,False,False,False
10,38000000,39000000,38500000,19,0.07572710030575673,148157.0,-0.4253711367123348,0.6474728087012156,False,False,False
10,43000000,44000000,43500000,21,0.07562293494959699,190068.0,-0.4272777576912403,0.6449136276391555,False,False,False
10,44000000,45000000,44500000,44,0.07828741931427613,381728.0,-0.3785075909587197,0.6769033909149073,False,False,False
10,53000000,54000000,53500000,13,0.19191901832055822,87279.0,1.7013815249553268,0.18937939859245043,False,False,False
10,55000000,56000000,55500000,21,0.09816414838050161,142822.0,-0.01468808294907532,0.9865642994241842,False,False,False
10,56000000,57000000,56500000,10,0.1516892571965376,59612.0,0.9650243582041432,0.4209852847088932,False,False,False
10,57000000,58000000,57500000,10,0.06754745845212433,71905.0,-0.5750895971777594,0.509277031349968,False,False,False
10,58000000,59000000,58500000,11,0.0684622556143574,72938.0,-0.5583453404953165,0.5233525271912988,False,False,False
10,60000000,61000000,60500000,12,0.014643037406763502,89155.0,-1.543441098681287,0.0345489443378119,True,False,False
10,61000000,62000000,61500000,13,0.08657002057317832,104505.0,-0.22690458298824956,0.8048624440179143,False,False,False
10,62000000,63000000,62500000,17,0.11521757368078007,154959.0,0.2974542610932848,0.781829814459373,False,False,False
10,63000000,64000000,63500000,15,0.09214604249267701,129387.0,-0.1248422393982214,0.8816378758797185,False,False,False
10,64000000,65000000,64500000,34,0.1426973958530761,263810.0,0.8004392014024692,0.4964811260396673,False,False,False
10,66000000,67000000,66500000,24,0.0969655642686669,161315.0,-0.036626716837125234,0.9648112603966731,False,False,False
10,67000000,68000000,67500000,43,0.1898748226047087,274810.0,1.6639649924293833,0.19193857965451055,False,False,False
10,68000000,69000000,68500000,28,0.09965365727578186,193450.0,0.012575577568271455,0.9942418426103646,False,False,False
10,70000000,71000000,70500000,34,0.17848271297305715,256840.0,1.4554461909922787,0.26231605886116444,False,False,False
10,71000000,72000000,71500000,62,0.15710091030639778,499612.0,1.0640781293446715,0.37875879718490085,False,False,False
10,72000000,73000000,72500000,59,0.1658517332184139,482657.0,1.2242513689114876,0.32501599488163785,False,False,False
10,73000000,74000000,73500000,14,0.0622285955019768,123432.0,-0.6724449565654129,0.4350607805502239,False,False,False
10,75000000,76000000,75500000,12,0.01633716475095786,97875.0,-1.5124321447021443,0.046065259117082535,True,False,False
10,77000000,78000000,77500000,13,0.05153680314419812,104828.0,-0.8681452965151082,0.309660908509277,False,False,False
10,79000000,80000000,79500000,16,0.10480095828097327,136077.0,0.10679070285608137,0.9149072296865003,False,False,False
10,80000000,81000000,80500000,21,0.13818664032131914,170049.0,0.717875271852101,0.5476647472808701,False,False,False
10,81000000,82000000,81500000,16,0.11691864403872705,116611.0,0.32859029854975264,0.7600767754318618,False,False,False
10,83000000,84000000,83500000,10,0.13910878112712974,57225.0,0.734753945056723,0.5361484325015995,False,False,False
10,84000000,85000000,84500000,11,0.1340861475089663,84483.0,0.6428207056497461,0.5847728726807422,False,False,False
10,85000000,86000000,85500000,15,0.09769705884678956,126447.0,-0.02323759246773793,0.9788867562380038,False,False,False
10,86000000,87000000,86500000,18,0.05943540761048841,136417.0,-0.7235708858404944,0.40435060780550225,False,False,False
10,87000000,88000000,87500000,14,0.06409173759636126,119602.0,-0.6383423918087794,0.45681381957773515,False,False,False
10,89000000,90000000,89500000,13,0.017527043680679165,94939.0,-1.4906528486539914,0.04990403071017274,True,False,False
10,90000000,91000000,90500000,19,0.06105171180096874,145344.0,-0.6939863906544288,0.4273832373640435,False,False,False
10,91000000,92000000,91500000,24,0.0868248067876344,190464.0,-0.22224102919717023,0.8138195777351248,False,False,False
10,92000000,93000000,92500000,27,0.15371033647782878,218053.0,1.0020177723276609,0.40435060780550225,False,False,False
10,93000000,94000000,93500000,14,0.10731894582019,108103.0,0.15287942221428147,0.8867562380038387,False,False,False
10,94000000,95000000,94500000,19,0.06057147515591244,147198.0,-0.7027765421602652,0.4197056941778631,False,False,False
10,95000000,96000000,95500000,25,0.04817367667402858,206015.0,-0.9297032628019447,0.2802303262955854,False,False,False
10,97000000,98000000,97500000,14,0.11546325605269912,116890.0,0.30195118004712374,0.7779910428662828,False,False,False
10,98000000,99000000,98500000,13,0.08385890738831914,114478.0,-0.27652823393139914,0.7523992322456814,False,False,False
10,99000000,100000000,99500000,15,0.03786330284941815,122797.0,-1.1184221973795245,0.18042226487523993,False,False,False
10,102000000,103000000,102500000,14,0.08351187287984291,112020.0,-0.28288028127860215,0.7434420985284709,False,False,False
10,103000000,104000000,103500000,10,0.14678183532589084,85903.0,0.8751999306222301,0.4619321817018554,False,False,False
10,106000000,107000000,106500000,17,0.033235578021265456,135713.0,-1.2031271085634976,0.14843250159948818,False,False,False
10,107000000,108000000,107500000,11,0.034780059432591985,75043.0,-1.1748572425645865,0.1548304542546385,False,False,False
10,108000000,109000000,108500000,17,0.036380057517251214,126223.0,-1.1455712109425014,0.16634676903390916,False,False,False
10,111000000,112000000,111500000,10,0.14707978819695872,88384.0,0.8806535979032402,0.45937300063979525,False,False,False
10,112000000,113000000,112500000,12,0.026485637247616815,94202.0,-1.3266766183033027,0.09213051823416507,False,False,False
10,113000000,114000000,113500000,10,0.08803381063521099,79265.0,-0.20011167463679208,0.8304542546385156,False,False,False
10,115000000,116000000,115500000,16,0.06922783698228283,120674.0,-0.544332298626508,0.5348688419705694,False,False,False
10,118000000,119000000,118500000,19,0.08414601684251283,165296.0,-0.2712730422938999,0.7562380038387716,False,False,False
10,119000000,120000000,119500000,26,0.04489131343738778,203291.0,-0.9897829556872678,0.23928342930262317,False,False,False
10,120000000,121000000,120500000,23,0.07043159485621349,191221.0,-0.5222989652748775,0.5566218809980806,False,False,False
10,121000000,122000000,121500000,46,0.07229327943459585,375519.0,-0.4882230785875096,0.5847728726807422,False,False,False
10,122000000,123000000,122500000,10,0.029778434268833087,84625.0,-1.2664059475987277,0.11772232885476648,False,False,False
10,123000000,124000000,123500000,44,0.15288137443539254,366405.0,0.9868446237963822,0.41202815099168266,False,False,False
10,124000000,125000000,124500000,23,0.05047181392171306,187362.0,-0.8876386373796504,0.30326295585412666,False,False,False
10,125000000,126000000,125500000,30,0.1232881241224266,257101.0,0.4451759350801826,0.6871401151631478,False,False,False
10,126000000,127000000,126500000,27,0.1192695985722277,225246.0,0.37162168056846784,0.7344849648112604,False,False,False
10,127000000,128000000,127500000,20,0.06519658057120559,164004.0,-0.618119576163584,0.473448496481126,False,False,False
10,128000000,129000000,128500000,21,0.09610978240872373,179373.0,-0.05229076972081369,0.9507357645553423,False,False,False
10,129000000,130000000,129500000,23,0.1262972771239558,195602.0,0.500254844738531,0.6577095329494562,False,False,False
10,130000000,131000000,130500000,17,0.07202647992121677,146224.0,-0.4931065212994054,0.5834932821497121,False,False,False
10,131000000,132000000,131500000,34,0.08985164959517569,273946.0,-0.16683832901480466,0.853486884197057,False,False,False
10,132000000,133000000,132500000,40,0.12170694047480386,334833.0,0.4162342789940971,0.7050543825975688,False,False,False
10,133000000,134000000,133500000,14,0.149794304733103,118379.0,0.9303395430793094,0.4325015994881638,False,False,False
10,134000000,135000000,134500000,15,0.1971280171096853,130920.0,1.7967259536271079,0.1765834932821497,False,False,False
11,0,1000000,500000,26,0.23511683048617998,234913.0,2.4920652796528997,0.09213051823416507,False,False,False
11,1000000,2000000,1500000,22,0.1620718232044199,181000.0,1.155064683464898,0.3531669865642994,False,False,False
11,2000000,3000000,2500000,12,0.26489985700806395,102803.0,3.0372075925620163,0.05118362124120281,False,False,False
11,3000000,4000000,3500000,13,0.20942012550086944,119043.0,2.0217181448665023,0.14971209213051823,False,False,False
11,4000000,5000000,4500000,30,0.12080155546122985,219099.0,0.3996623003199241,0.7165706973768394,False,False,False
11,6000000,7000000,6500000,13,0.09862156097377006,106062.0,-0.006315698132344219,0.9942418426103646,False,False,False
11,7000000,8000000,7500000,16,0.08528345009191633,120762.0,-0.25045370105254056,0.7882277671145234,False,False,False
11,8000000,9000000,8500000,14,0.20651748593788213,122670.0,1.9685888349978182,0.15227127319257838,False,False,False
11,9000000,10000000,9500000,16,0.09435969419284214,113274.0,-0.08432401983727389,0.9200255918106206,False,False,False
11,11000000,12000000,11500000,39,0.18441970608490013,307844.0,1.564115676087672,0.2290467050543826,False,False,False
11,12000000,13000000,12500000,12,0.045581744764766625,106490.0,-0.9771454445049957,0.2495201535508637,False,False,False
11,13000000,14000000,13500000,11,0.17421233949264014,79825.0,1.3772821644320585,0.2802303262955854,False,False,False
11,14000000,15000000,14500000,20,0.09858040323366124,164272.0,-0.007069040833112023,0.9929622520793346,False,False,False
11,19000000,20000000,19500000,15,0.1521415681508489,135765.0,0.9733033636842009,0.41586692258477287,False,False,False
11,20000000,21000000,20500000,28,0.08670180817398632,223098.0,-0.2244923701977051,0.8112603966730646,False,False,False
11,21000000,22000000,21500000,25,0.13001290611537714,169687.0,0.568264943739291,0.6231605886116443,False,False,False
11,22000000,23000000,22500000,28,0.08915055258316833,213633.0,-0.179671062666589,0.8432501599488164,False,False,False
11,25000000,26000000,25500000,10,0.243930208710339,66312.0,2.653383518621347,0.07933461292386436,False,False,False
11,26000000,27000000,26500000,28,0.04646776011593936,217355.0,-0.9609280040962318,0.2571976967370441,False,False,False
11,27000000,28000000,27500000,12,0.0989450111456953,97347.0,-0.00039533356816481906,0.999360204734485,False,False,False
11,29000000,30000000,29500000,14,0.015643065154083535,115035.0,-1.5251367991250695,0.04222648752399232,True,False,False
11,32000000,33000000,32500000,12,0.06784750419412093,82258.0,-0.5695976224232672,0.5118362124120281,False,False,False
11,33000000,34000000,33500000,10,0.050821791086386264,78913.0,-0.8812327282664467,0.30454254638515676,False,False,False
11,34000000,35000000,34500000,10,0.09813219725111441,86144.0,-0.015272909765161222,0.9852847088931542,False,False,False
11,35000000,36000000,35500000,14,0.10262183103377966,117704.0,0.06690441169001964,0.9532949456174025,False,False,False
11,36000000,37000000,36500000,25,0.08640481972725575,214120.0,-0.22992838485655873,0.8010236724248241,False,False,False
11,37000000,38000000,37500000,12,0.31562319297692265,95115.0,3.9656369671996834,0.023032629558541268,False,False,False
11,43000000,44000000,43500000,19,0.09768737720230616,155235.0,-0.0234148032714339,0.9776071657069738,False,False,False
11,44000000,45000000,44500000,14,0.26077321283263216,115518.0,2.9616743572578454,0.052463211772232884,False,False,False
11,45000000,46000000,45500000,14,0.09584216616133037,118403.0,-0.05718916176196085,0.945617402431222,False,False,False
11,46000000,47000000,46500000,12,0.0015788718243146304,97538.0,-1.7825648639108171,0.0025591810620601407,True,False,False
11,47000000,48000000,47500000,15,0.09937561386277537,114032.0,0.0074863288599800815,0.9980806142034548,False,False,False
11,55000000,56000000,55500000,50,0.07700326186283231,330486.0,-0.40201254142791326,0.6602687140115163,False,False,False
11,56000000,57000000,56500000,26,0.1138249337463239,178858.0,0.27196366985464066,0.7946257197696737,False,False,False
11,60000000,61000000,60500000,21,0.05907607152994608,169104.0,-0.730148098600071,0.39923224568138194,False,False,False
11,61000000,62000000,61500000,16,0.21232203467924007,130222.0,2.07483408592732,0.1433141394753679,False,False,False
11,62000000,63000000,62500000,11,0.0368243664960679,88121.0,-1.1374386719548857,0.17146513115802944,False,False,False
11,64000000,65000000,64500000,12,0.08826741370305304,105305.0,-0.19583585274835813,0.836852207293666,False,False,False
11,66000000,67000000,66500000,20,0.035162165118809756,173681.0,-1.1678632596862037,0.15866922584772872,False,False,False
11,70000000,71000000,70500000,10,0.053556038197676424,87021.0,-0.8311856387532786,0.3237364043506078,False,False,False
11,72000000,73000000,72500000,12,0.0180527083679613,108294.0,-1.4810311917270478,0.052463211772232884,False,False,False
11,75000000,76000000,75500000,18,0.10367427305650295,142205.0,0.08616809122401732,0.9366602687140115,False,False,False
11,79000000,80000000,79500000,14,0.0945483133477314,110663.0,-0.08087157412025658,0.9238643634037108,False,False,False
11,83000000,84000000,83500000,13,0.1418539719298901,107089.0,0.7850013456187178,0.5118362124120281,False,False,False
11,90000000,91000000,90500000,11,0.07940452522957495,84504.0,-0.35806031700612173,0.690978886756238,False,False,False
11,91000000,92000000,91500000,14,0.02137927339934463,112001.0,-1.4201424383990942,0.06525911708253358,False,False,False
11,93000000,94000000,93500000,16,0.003490600474539145,131496.0,-1.747572980957879,0.006397952655150352,True,False,False
11,94000000,95000000,94500000,14,0.060488530986215,108161.0,-0.7042947349630674,0.4171465131158029,False,False,False
11,95000000,96000000,95500000,11,0.0973188913141963,97124.0,-0.030159492202593438,0.9699296225207934,False,False,False
11,96000000,97000000,96500000,12,0.04220786516853934,89000.0,-1.038900233771049,0.21880998080614203,False,False,False
11,99000000,100000000,99500000,19,0.13161555676525735,115731.0,0.5975995273625855,0.6129238643634037,False,False,False
11,100000000,101000000,100500000,34,0.09223162070208997,255124.0,-0.12327583368120255,0.8841970569417786,False,False,False
11,101000000,102000000,101500000,16,0.10006909370468767,102759.0,0.02017963941719091,0.9840051183621241,False,False,False
11,102000000,103000000,102500000,26,0.10740206174976501,194689.0,0.15440075887410074,0.8854766474728087,False,False,False
11,108000000,109000000,108500000,14,0.08459427793188394,99859.0,-0.26306816469801914,0.7664747280870121,False,False,False
11,110000000,111000000,110500000,27,0.1882902035874187,213078.0,1.634960456052581,0.2072936660268714,False,False,False
11,111000000,112000000,111500000,12,0.06641012668080717,102778.0,-0.5959070809853666,0.49008317338451696,False,False,False
11,112000000,113000000,112500000,13,0.06689241878798885,93613.0,-0.5870793067289913,0.4990403071017274,False,False,False
11,113000000,114000000,113500000,17,0.20055782925139456,140007.0,1.8595045205535183,0.16250799744081892,False,False,False
11,114000000,115000000,114500000,17,0.04744028262594905,142379.0,-0.9431271546737157,0.27383237364043506,False,False,False
11,115000000,116000000,115500000,12,0.05896092950454518,83055.0,-0.7322556342460527,0.39539347408829173,False,False,False
11,116000000,117000000,116500000,20,0.09445024398533661,164764.0,-0.08266661529923595,0.9213051823416507,False,False,False
11,117000000,118000000,117500000,21,0.07538810798341136,190733.0,-0.4315759815599865,0.6346769033909149,False,False,False
11,119000000,120000000,119500000,16,0.0666758172995406,123853.0,-0.5910439352500543,0.4952015355086372,False,False,False
11,120000000,121000000,120500000,23,0.07296036237519228,176171.0,-0.4760129314128513,0.6039667306461932,False,False,False
11,121000000,122000000,121500000,10,0.12347564671370037,82494.0,0.44860830952522374,0.6833013435700576,False,False,False
11,122000000,123000000,122500000,13,0.06458805545305993,94855.0,-0.6292578931551587,0.46321177223288545,False,False,False
11,126000000,127000000,126500000,24,0.23346143356556665,201665.0,2.4617652392784706,0.09468969929622521,False,False,False
11,127000000,128000000,127500000,10,0.10379728240910761,68075.0,0.08841962878817607,0.9328214971209213,False,False,False
11,128000000,129000000,128500000,16,0.1412657053900678,135861.0,0.7742338374244067,0.5131158029430583,False,False,False
11,129000000,130000000,129500000,12,0.0900740692400561,91941.0,-0.1627672061704745,0.8573256557901472,False,False,False
11,130000000,131000000,130500000,11,0.06512978668722692,97275.0,-0.6193421575010971,0.472168905950096,False,False,False
11,131000000,132000000,131500000,21,0.205589278270453,175121.0,1.9515991152220096,0.15355086372360843,False,False,False
11,132000000,133000000,132500000,21,0.1218886871060784,159137.0,0.4195609314705888,0.7024952015355086,False,False,False
11,133000000,134000000,133500000,20,0.12760346543347187,170830.0,0.5241630434443015,0.6487523992322457,False,False,False
11,134000000,135000000,134500000,18,0.13753695701614738,149498.0,0.7059836039794778,0.5527831094049904,False,False,False
12,0,1000000,500000,15,0.09870574069012387,135367.0,-0.004774890140939042,0.9955214331413947,False,False,False
12,2000000,3000000,2500000,30,0.07130573593680488,267489.0,-0.5062988690411278,0.5732565579014716,False,False,False
12,3000000,4000000,3500000,23,0.21392661958699694,194139.0,2.1042040738038343,0.14075495841330773,False,False,False
12,4000000,5000000,4500000,17,0.0914332784184514,128077.0,-0.1378885245263082,0.8739603326935381,False,False,False
12,5000000,6000000,5500000,13,0.1294967269233079,99906.0,0.5588169073406593,0.6308381317978247,False,False,False
12,6000000,7000000,6500000,11,0.006094740126305803,92949.0,-1.6999073512791993,0.011516314779270634,True,False,False
12,11000000,12000000,11500000,24,0.23904142918668583,178787.0,2.563900316675139,0.08317338451695458,False,False,False
12,12000000,13000000,12500000,19,0.1003889108416696,144249.0,0.026033505666619938,0.981445937300064,False,False,False
12,13000000,14000000,13500000,25,0.12497688181986313,194652.0,0.4760866041637017,0.6666666666666666,False,False,False
12,15000000,16000000,15500000,26,0.03908355795148249,179193.0,-1.0960869022009194,0.18809980806142035,False,False,False
12,16000000,17000000,16500000,11,0.033095729381604454,79965.0,-1.2056868689298923,0.1471529110684581,False,False,False
12,19000000,20000000,19500000,13,0.114462183894651,85810.0,0.2836277638145161,0.7920665387076136,False,False,False
12,20000000,21000000,20500000,19,0.07790983638352508,128899.0,-0.3854187902632425,0.6679462571976967,False,False,False
12,21000000,22000000,21500000,23,0.17673340843916427,156224.0,1.423427285227679,0.2712731925783749,False,False,False
12,22000000,23000000,22500000,14,0.1659164432484839,101081.0,1.2254358078211751,0.32245681381957775,False,False,False
12,23000000,24000000,23500000,17,0.11640968898082889,124719.0,0.31927449119802054,0.7703134996801023,False,False,False
12,24000000,25000000,24500000,19,0.1340426025079387,129429.0,0.6420236670224471,0.5860524632117722,False,False,False
12,25000000,26000000,25500000,18,0.06870590259852007,139464.0,-0.5538856768549483,0.527191298784389,False,False,False
12,26000000,27000000,26500000,35,0.189269788574885,284356.0,1.652890575591173,0.20089571337172105,False,False,False
12,27000000,28000000,27500000,39,0.15987795197459814,282184.0,1.1149085215123502,0.3672424824056302,False,False,False
12,28000000,29000000,28500000,49,0.16998100653351206,332746.0,1.2998327274403962,0.30070377479206656,False,False,False
12,29000000,30000000,29500000,39,0.10538564173639627,290049.0,0.11749262701999347,0.9021113243761996,False,False,False
12,30000000,31000000,30500000,44,0.1808583763446047,331696.0,1.4989298384351368,0.24440179142674345,False,False,False
12,31000000,32000000,31500000,12,0.10767566593049985,88748.0,0.15940875279969455,0.8816378758797185,False,False,False
12,32000000,33000000,32500000,17,0.22288717648044226,119390.0,2.26821624047391,0.11772232885476648,False,False,False
12,41000000,42000000,41500000,19,0.07546609805437746,128031.0,-0.4301484675483006,0.6385156749840051,False,False,False
12,42000000,43000000,42500000,11,0.07497264277700053,72193.0,-0.43918057014636297,0.6257197696737045,False,False,False
12,43000000,44000000,43500000,38,0.09598366352055925,292107.0,-0.05459922357606554,0.9494561740243123,False,False,False
12,45000000,46000000,45500000,20,0.08691999855788299,138685.0,-0.22049865886536077,0.8163787587971849,False,False,False
12,47000000,48000000,47500000,28,0.07549784416183361,229841.0,-0.4295673934109293,0.6397952655150352,False,False,False
12,48000000,49000000,48500000,30,0.09335021950768371,264911.0,-0.10280123417565255,0.9097888675623801,False,False,False
12,52000000,53000000,52500000,25,0.19905406545604545,213334.0,1.8319799413149627,0.1689059500959693,False,False,False
12,53000000,54000000,53500000,37,0.18121897211767515,309802.0,1.5055301083443229,0.2418426103646833,False,False,False
12,54000000,55000000,54500000,36,0.15458110529736874,278459.0,1.0179561433976512,0.39667306461932184,False,False,False
12,56000000,57000000,56500000,16,0.08236383159921502,135035.0,-0.303893789713575,0.7319257837492003,False,False,False
12,59000000,60000000,59500000,36,0.056211664414180275,240475.0,-0.7825776097195852,0.3582853486884197,False,False,False
12,66000000,67000000,66500000,10,0.02844663180559828,81275.0,-1.290782982438099,0.10492642354446577,False,False,False
12,67000000,68000000,67500000,19,0.13959036262408225,143151.0,0.7435687124515016,0.5310300703774792,False,False,False
12,68000000,69000000,68500000,11,0.06554477336936493,81410.0,-0.6117463277233219,0.47856685860524634,False,False,False
12,69000000,70000000,69500000,10,0.1356701414166447,64561.0,0.6718138001504436,0.5681381957773513,False,False,False
12,70000000,71000000,70500000,24,0.1993390807593274,191854.0,1.8371968020504372,0.1676263595649392,False,False,False
12,71000000,72000000,71500000,13,0.1801895096567079,77252.0,1.486687041921492,0.2495201535508637,False,False,False
12,77000000,78000000,77500000,16,0.09788840439276489,123840.0,-0.019735243456256383,0.9840051183621241,False,False,False
12,78000000,79000000,78500000,22,0.06631997572517803,154893.0,-0.5975571852965093,0.4888035828534869,False,False,False
12,79000000,80000000,79500000,14,0.11200414332847386,104264.0,0.23863630136238254,0.8138195777351248,False,False,False
12,80000000,81000000,80500000,10,0.062374696633955895,75816.0,-0.6697707518821783,0.436340371081254,False,False,False
12,86000000,87000000,86500000,11,0.13463981467643102,80292.0,0.6529549141403366,0.5783749200255918,False,False,False
12,88000000,89000000,88500000,13,0.06849107002566383,95465.0,-0.5578179275135242,0.5246321177223289,False,False,False
12,90000000,91000000,90500000,12,0.08429795984381137,86562.0,-0.2684919092516492,0.7575175943698017,False,False,False
12,94000000,95000000,94500000,12,0.09577855952601372,81015.0,-0.0583534043639479,0.944337811900192,False,False,False
12,96000000,97000000,96500000,26,0.18188926796285879,193747.0,1.517799063855217,0.2380038387715931,False,False,False
12,97000000,98000000,97500000,35,0.10171367599258788,263352.0,0.05028173100739692,0.963531669865643,False,False,False
12,98000000,99000000,98500000,24,0.12073618419684269,192316.0,0.3984657583150468,0.7178502879078695,False,False,False
12,99000000,100000000,99500000,17,0.1152598584428716,123625.0,0.2982282325696371,0.780550223928343,False,False,False
12,102000000,103000000,102500000,25,0.041511911991074825,212433.0,-1.0516388157469498,0.20985284708893154,False,False,False
12,103000000,104000000,103500000,19,0.059673931762949925,156777.0,-0.7192049894443705,0.4094689699296225,False,False,False
12,104000000,105000000,104500000,38,0.1559942552216816,323076.0,1.0438221452178893,0.38643634037108127,False,False,False
12,105000000,106000000,105500000,22,0.06857517798650506,193554.0,-0.556278432920073,0.525911708253359,False,False,False
12,106000000,107000000,106500000,12,0.052404706679799636,94419.0,-0.8522593710054168,0.31349968010236723,False,False,False
12,108000000,109000000,108500000,12,0.062418725617685314,93049.0,-0.6689648545363307,0.43889955214331416,False,False,False
12,110000000,111000000,110500000,12,0.032947419710194055,94408.0,-1.2084014982587834,0.14459373000639794,False,False,False
12,112000000,113000000,112500000,24,0.014616085780374011,204056.0,-1.543934415636024,0.03326935380678183,True,False,False
12,113000000,114000000,113500000,40,0.14906712435710381,342007.0,0.9170293849668341,0.44529750479846447,False,False,False
12,114000000,115000000,114500000,33,0.12897615796881198,284917.0,0.5492885216450661,0.6385156749840051,False,False,False
12,115000000,116000000,115500000,18,0.06876643548351051,134237.0,-0.5527776955385932,0.5297504798464492,False,False,False
12,116000000,117000000,116500000,15,0.11572025514937073,121811.0,0.3066552379732775,0.7767114523352527,False,False,False
12,117000000,118000000,117500000,10,0.1660401854714065,80875.0,1.2277007596909584,0.3198976327575176,False,False,False
12,118000000,119000000,118500000,22,0.12546976472560334,184933.0,0.48510823019056476,0.6628278950735764,False,False,False
12,119000000,120000000,119500000,35,0.11381099863504403,288654.0,0.2717086044808053,0.7959053103007038,False,False,False
12,120000000,121000000,120500000,10,0.0881816982964286,83413.0,-0.19740476969455406,0.835572616762636,False,False,False
12,121000000,122000000,121500000,30,0.2372898037743277,274327.0,2.5318389300346085,0.08701215611004479,False,False,False
12,122000000,123000000,122500000,12,0.07843997388394679,98024.0,-0.37571526389639076,0.6794625719769674,False,False,False
12,123000000,124000000,123500000,17,0.42453347058042235,120464.0,5.959107999726236,0.005118362124120281,False,True,False
12,125000000,126000000,125500000,36,0.0943363153804177,302365.0,-0.08475194074950092,0.9187460012795905,False,False,False
12,128000000,129000000,128500000,11,0.0683828036073899,91368.0,-0.5597996134790144,0.5220729366602687,False,False,False
12,129000000,130000000,129500000,46,0.1332504039600913,389890.0,0.6275234298373694,0.5950095969289827,False,False,False
12,130000000,131000000,130500000,40,0.10511242313745517,334851.0,0.11249169070322602,0.9072296865003199,False,False,False
12,131000000,132000000,131500000,30,0.11910911319983654,244700.0,0.36868418974532685,0.7357645553422905,False,False,False
12,132000000,133000000,132500000,14,0.053724444900086286,117051.0,-0.828103157555686,0.32629558541266795,False,False,False
12,133000000,134000000,133500000,15,0.19719676308847855,111835.0,1.797984265701437,0.17402431222008957,False,False,False
13,20000000,21000000,20500000,17,0.18833693304535637,150475.0,1.6358157823157604,0.20601407549584133,False,False,False
13,21000000,22000000,21500000,14,0.1558245610974961,114661.0,1.0407160993203175,0.3877159309021113,False,False,False
13,22000000,23000000,22500000,42,0.10337155809642913,358232.0,0.08062725965790436,0.9417786308381318,False,False,False
13,23000000,24000000,23500000,26,0.13460320969541056,199022.0,0.6522849041934689,0.5796545105566219,False,False,False
13,24000000,25000000,24500000,29,0.15343192528984878,207522.0,0.9969217919428711,0.4069097888675624,False,False,False
13,26000000,27000000,26500000,13,0.20271423238948436,93765.0,1.8989748743605426,0.15738963531669867,False,False,False
13,27000000,28000000,27500000,24,0.10979746241520205,204604.0,0.1982456736325416,0.8432501599488164,False,False,False
13,28000000,29000000,28500000,24,0.11130336326087996,188121.0,0.22580936899511483,0.8266154830454254,False,False,False
13,30000000,31000000,30500000,24,0.09537582816896996,191537.0,-0.0657249152242879,0.9328214971209213,False,False,False
13,34000000,35000000,34500000,10,0.2567482884491861,63831.0,2.8880029798354117,0.05758157389635317,False,False,False
13,40000000,41000000,40500000,11,0.0727428207335204,89459.0,-0.47999476830266224,0.5962891874600128,False,False,False
13,42000000,43000000,42500000,13,0.07800432190163673,99956.0,-0.3836893470234176,0.6705054382597568,False,False,False
13,47000000,48000000,47500000,13,0.11196285899373785,101882.0,0.23788064149993157,0.8150991682661548,False,False,False
13,51000000,52000000,51500000,13,0.0766828788251547,105682.0,-0.4078767658057845,0.6564299424184261,False,False,False
13,52000000,53000000,52500000,16,0.013076367666319642,119108.0,-1.5721170952339794,0.025591810620601407,True,False,False
13,53000000,54000000,53500000,12,0.12002695837005548,96445.0,0.38548423653096703,0.7268074216250799,False,False,False
13,59000000,60000000,59500000,17,0.17950488841866025,102078.0,1.4741558774039512,0.2559181062060141,False,False,False
13,61000000,62000000,61500000,14,0.13285987785704353,93497.0,0.6203753214035131,0.5975687779910429,False,False,False
13,63000000,64000000,63500000,13,0.1271103309411947,96845.0,0.5151368124298776,0.653870761356366,False,False,False
13,67000000,68000000,67500000,13,0.06662009834134583,73011.0,-0.5920638034532023,0.49392194497760716,False,False,False
13,69000000,70000000,69500000,18,0.08220885298521512,111533.0,-0.3067304859783176,0.7293666026871402,False,False,False
13,71000000,72000000,71500000,11,0.1799745983893704,71649.0,1.4827533508555248,0.25207933461292387,False,False,False
13,72000000,73000000,72500000,10,0.10336756452047743,81602.0,0.08055416207564602,0.9430582213691618,False,False,False
13,73000000,74000000,73500000,20,0.1550304031338615,136828.0,1.0261799973968662,0.39283429302623163,False,False,False
13,74000000,75000000,74500000,12,0.14480141828638143,92506.0,0.8389507897013265,0.47728726807421623,False,False,False
13,76000000,77000000,76500000,11,0.18998265201725903,89924.0,1.6659386795331477,0.19065898912348048,False,False,False
13,78000000,79000000,78500000,10,0.08792269288177466,77716.0,-0.20214555084709032,0.8266154830454254,False,False,False
13,81000000,82000000,81500000,20,0.18422346417184213,138313.0,1.5605237049931444,0.23032629558541268,False,False,False
13,82000000,83000000,82500000,10,0.14415714503998234,58901.0,0.8271581464174279,0.4849648112603967,False,False,False
13,86000000,87000000,86500000,12,0.12785690884413173,64099.0,0.5288020188344343,0.6461932181701855,False,False,False
13,89000000,90000000,89500000,12,0.03909958230491741,84272.0,-1.095793595773919,0.18937939859245043,False,False,False
13,92000000,93000000,92500000,12,0.12551025991792067,91375.0,0.48584944575458233,0.6615483045425464,False,False,False
13,94000000,95000000,94500000,10,0.07106501678961423,75642.0,-0.5107049421635016,0.5694177863083814,False,False,False
13,95000000,96000000,95500000,27,0.18228714056736767,207132.0,1.525081641121358,0.236724248240563,False,False,False
13,96000000,97000000,96500000,13,0.04349512929342034,106966.0,-1.015338419398459,0.23032629558541268,False,False,False
13,97000000,98000000,97500000,17,0.01273912518038801,140669.0,-1.5782899114404485,0.023032629558541268,True,False,False
13,98000000,99000000,98500000,15,0.04632461207384756,123606.0,-0.9635481560373717,0.254638515674984,False,False,False
13,99000000,100000000,99500000,12,0.10500728732006309,100174.0,0.11056730660409513,0.90850927703135,False,False,False
13,100000000,101000000,100500000,11,0.08619849357554275,90280.0,-0.23370493575462858,0.7946257197696737,False,False,False
13,101000000,102000000,101500000,22,0.08533325249140136,181424.0,-0.24954212830744885,0.7895073576455535,False,False,False
13,102000000,103000000,102500000,10,0.1695785597381342,73320.0,1.2924664251375078,0.30454254638515676,False,False,False
13,103000000,104000000,103500000,14,0.07314141593269097,101502.0,-0.47269896481436824,0.6065259117082533,False,False,False
13,105000000,106000000,105500000,16,0.08298613116404169,121207.0,-0.2925033481195121,0.7396033269353807,False,False,False
13,106000000,107000000,106500000,17,0.07424325381306218,127850.0,-0.4525311537923725,0.6129238643634037,False,False,False
13,107000000,108000000,107500000,11,0.17531625791368155,86401.0,1.3974880572370527,0.2763915547024952,False,False,False
13,108000000,109000000,108500000,44,0.09742074669274912,323078.0,-0.028295152572578943,0.9712092130518234,False,False,False
13,109000000,110000000,109500000,15,0.1243109033256126,117001.0,0.46389667254487515,0.6717850287907869,False,False,False
13,110000000,111000000,110500000,23,0.1179093473147097,170894.0,0.3467239249251307,0.7498400511836213,False,False,False
13,112000000,113000000,112500000,18,0.09776026360317036,157206.0,-0.0220807057740713,0.982725527831094,False,False,False
13,113000000,114000000,113500000,18,0.05839330358992776,144794.0,-0.7426453407365708,0.3889955214331414,False,False,False
14,20000000,21000000,20500000,15,0.12289658882065534,111545.0,0.43800935448313283,0.689699296225208,False,False,False
14,21000000,22000000,21500000,11,0.10925547370180379,77781.0,0.18832522513227024,0.853486884197057,False,False,False
14,22000000,23000000,22500000,10,0.1464501552450654,72144.0,0.869128927520037,0.46449136276391556,False,False,False
14,23000000,24000000,23500000,11,0.23709444444444444,90000.0,2.5282631135586477,0.08829174664107485,False,False,False
14,27000000,28000000,27500000,11,0.08807995842548616,82743.0,-0.19926699509733128,0.8330134357005758,False,False,False
14,32000000,33000000,32500000,11,0.33225879170423805,88720.0,4.270131500694227,0.016634676903390915,False,False,False
14,34000000,35000000,34500000,15,0.07550560244658885,115753.0,-0.4294253873830136,0.6423544465770953,False,False,False
14,35000000,36000000,35500000,20,0.11094551854824027,148289.0,0.219259453922939,0.8291746641074856,False,False,False
14,37000000,38000000,37500000,14,0.13106477963525837,105280.0,0.5875182175157009,0.6154830454254638,False,False,False
14,38000000,39000000,38500000,17,0.08274754413439636,112384.0,-0.29687039540650967,0.7357645553422905,False,False,False
14,40000000,41000000,40500000,22,0.13143332112366515,177455.0,0.5942639241431124,0.6142034548944337,False,False,False
14,43000000,44000000,43500000,10,0.0818273092369478,66732.0,-0.3137141832615212,0.72552783109405,False,False,False
14,44000000,45000000,44500000,20,0.18939558912976548,133171.0,1.6551932027403113,0.19705694177863084,False,False,False
14,45000000,46000000,45500000,11,0.05659155290466769,70249.0,-0.7756242099299535,0.36340371081253997,False,False,False
14,48000000,49000000,48500000,10,0.15741846203939872,73708.0,1.0698905301115724,0.3761996161228407,False,False,False
14,51000000,52000000,51500000,16,0.13505008839127872,127275.0,0.6604644787466585,0.5745361484325016,False,False,False
14,52000000,53000000,52500000,14,0.10005745239658569,121840.0,0.019966559338867148,0.9865642994241842,False,False,False
14,56000000,57000000,56500000,31,0.12090487665703062,212051.0,0.4015534699634787,0.7152911068458093,False,False,False
14,58000000,59000000,58500000,16,0.1406604352504869,112441.0,0.7631550988823882,0.5195137555982086,False,False,False
14,59000000,60000000,59500000,46,0.16056768680889089,358120.0,1.1275332842302712,0.36340371081253997,False,False,False
14,61000000,62000000,61500000,16,0.08489320034613107,131742.0,-0.25759675110063607,0.7767114523352527,False,False,False
14,62000000,63000000,62500000,17,0.06352454331374746,131217.0,-0.6487241977970231,0.4504158669225848,False,False,False
14,63000000,64000000,63500000,16,0.0495301487862177,114930.0,-0.9048746798474172,0.2930262316058861,False,False,False
14,64000000,65000000,64500000,10,0.17855081472272788,67569.0,1.4566927112309582,0.26103646833013433,False,False,False
14,65000000,66000000,65500000,18,0.12115496933709724,164368.0,0.40613111427887355,0.7127319257837492,False,False,False
14,66000000,67000000,66500000,20,0.05845311389653587,167459.0,-0.741550585344395,0.3902751119641715,False,False,False
14,67000000,68000000,67500000,25,0.026244622673914593,183409.0,-1.3310880988509994,0.09085092770313499,False,False,False
14,68000000,69000000,68500000,10,0.2663673291942342,73607.0,3.06406789774661,0.046065259117082535,False,False,False
14,69000000,70000000,69500000,25,0.17172362163114321,204372.0,1.3317291911572375,0.290467050543826,False,False,False
14,70000000,71000000,70500000,27,0.12404005980183677,215378.0,0.45893920910914526,0.6756238003838771,False,False,False
14,71000000,72000000,71500000,11,0.13053258278590374,89357.0,0.5777769972549948,0.619321817018554,False,False,False
14,72000000,73000000,72500000,40,0.08444507572394937,281615.0,-0.2657991308295114,0.7651951375559821,False,False,False
14,73000000,74000000,73500000,13,0.14101654404899727,107108.0,0.769673240143975,0.5156749840051184,False,False,False
14,74000000,75000000,74500000,17,0.13906952193133582,136403.0,0.7340353529155809,0.5374280230326296,False,False,False
14,75000000,76000000,75500000,13,0.19563161708821605,113154.0,1.769336159371591,0.18426103646833014,False,False,False
14,76000000,77000000,76500000,17,0.14038407343290793,149034.0,0.7580966297464838,0.5233525271912988,False,False,False
14,77000000,78000000,77500000,19,0.1179497933017794,166910.0,0.3474642398465464,0.7472808701215611,False,False,False
14,78000000,79000000,78500000,26,0.06829466829466829,196560.0,-0.5614128238822862,0.5169545745361485,False,False,False
14,79000000,80000000,79500000,27,0.037225149211656976,205748.0,-1.1301028286217816,0.1765834932821497,False,False,False
14,80000000,81000000,80500000,19,0.04987647294692864,154622.0,-0.8985356345577269,0.29686500319897635,False,False,False
14,82000000,83000000,82500000,15,0.06240691542889347,99372.0,-0.6691810257716196,0.43761996161228406,False,False,False
14,83000000,84000000,83500000,26,0.0717246708801369,181165.0,-0.4986307711129787,0.5758157389635317,False,False,False
14,84000000,85000000,84500000,12,0.10069121584531104,89263.0,0.031566833475598674,0.9737683941138836,False,False,False
14,86000000,87000000,86500000,29,0.05118454410350555,183024.0,-0.8745929726115986,0.3058221369161868,False,False,False
14,87000000,88000000,87500000,13,0.010966485051540874,93421.0,-1.6107359470737044,0.016634676903390915,True,False,False
14,88000000,89000000,88500000,23,0.13357106964208218,175124.0,0.633392827677869,0.5911708253358925,False,False,False
14,89000000,90000000,89500000,12,0.062016058860459744,90791.0,-0.6763351829750563,0.4312220089571337,False,False,False
14,91000000,92000000,91500000,13,0.15124405794914358,106024.0,0.9568755239259529,0.4235444657709533,False,False,False
14,92000000,93000000,92500000,12,0.13698504196890715,108771.0,0.6958814659324661,0.5579014715291107,False,False,False
14,93000000,94000000,93500000,12,0.1973011595231473,104267.0,1.799895116293232,0.1727447216890595,False,False,False
14,94000000,95000000,94500000,18,0.07551523781673936,157306.0,-0.42924902357506683,0.6436340371081254,False,False,False
14,95000000,96000000,95500000,31,0.07788127632927246,281056.0,-0.3859415475465108,0.6666666666666666,False,False,False
14,96000000,97000000,96500000,19,0.07299292812860214,160495.0,-0.4754168546466961,0.6052463211772233,False,False,False
14,97000000,98000000,97500000,27,0.05522291776174319,209270.0,-0.8006754224651987,0.34037108125399873,False,False,False
14,98000000,99000000,98500000,14,0.07026044821320412,117221.0,-0.5254315977744054,0.5527831094049904,False,False,False
14,99000000,100000000,99500000,23,0.0652202181321688,184567.0,-0.617686919172007,0.4760076775431862,False,False,False
14,101000000,102000000,101500000,17,0.13095940057239008,139066.0,0.5855893811020476,0.6167626359564939,False,False,False
14,102000000,103000000,102500000,10,0.08863547263796324,86726.0,-0.18909897867962008,0.8394113883557262,False,False,False
14,104000000,105000000,104500000,13,0.07260819228229982,104513.0,-0.48245897942733856,0.5924504158669226,False,False,False
15,24000000,25000000,24500000,12,0.1684155532335875,89962.0,1.2711789963615543,0.30838131797824697,False,False,False
15,26000000,27000000,26500000,15,0.17617867925989006,129170.0,1.4132736378941713,0.272552783109405,False,False,False
15,27000000,28000000,27500000,10,0.1975033868782659,72338.0,1.8035966436723196,0.17146513115802944,False,False,False
15,28000000,29000000,28500000,22,0.34044491154317746,171270.0,4.4199685328531855,0.015355086372360844,False,False,False
15,29000000,30000000,29500000,15,0.2732899731618269,124077.0,3.1907785307699825,0.03966730646193218,False,False,False
15,33000000,34000000,33500000,20,0.09551778747261949,164807.0,-0.06312652170395137,0.9353806781829814,False,False,False
15,34000000,35000000,34500000,12,0.2088563735001782,101012.0,2.0113993456894557,0.1509916826615483,False,False,False
15,35000000,36000000,35500000,13,0.09974760506291108,106579.0,0.01429517829221684,0.9929622520793346,False,False,False
15,39000000,40000000,39500000,28,0.11162348756930159,229432.0,0.2316688576465844,0.8202175303902751,False,False,False
15,42000000,43000000,42500000,20,0.07417551557120863,151337.0,-0.4537710204596942,0.6103646833013435,False,False,False
15,46000000,47000000,46500000,15,0.04764717635101679,115117.0,-0.9393402150312002,0.2763915547024952,False,False,False
15,47000000,48000000,47500000,16,0.3243225177332851,127162.0,4.124867595253765,0.017914267434420986,False,False,False
15,48000000,49000000,48500000,23,0.10486606779385027,184235.0,0.10798245381584608,0.9123480486244402,False,False,False
15,50000000,51000000,50500000,10,0.1845711819138317,74134.0,1.5668882581042414,0.22648752399232247,False,False,False
15,51000000,52000000,51500000,13,0.04696417729204613,98820.0,-0.9518416875208557,0.26231605886116444,False,False,False
15,52000000,53000000,52500000,33,0.08638493965797261,280153.0,-0.2302922655032028,0.799744081893794,False,False,False
15,53000000,54000000,53500000,22,0.030612599062879626,172870.0,-1.2511375689858373,0.1253998720409469,False,False,False
15,54000000,55000000,54500000,19,0.08963955598097063,139994.0,-0.17072044634482295,0.8509277031349968,False,False,False
15,55000000,56000000,55500000,16,0.05665623913799095,120834.0,-0.7744402065909608,0.3659628918746001,False,False,False
15,56000000,57000000,56500000,13,0.15398927324131048,96208.0,1.007123372736943,0.40307101727447214,False,False,False
15,57000000,58000000,57500000,22,0.12519710963627856,173127.0,0.48011760823642124,0.6641074856046065,False,False,False
15,58000000,59000000,58500000,26,0.1296609816683088,216183.0,0.5618233919747945,0.6282789507357646,False,False,False
15,60000000,61000000,60500000,11,0.07826162424873613,92178.0,-0.37897973846460814,0.6756238003838771,False,False,False
15,61000000,62000000,61500000,17,0.10535009152948933,142577.0,0.116841923438764,0.9033909149072297,False,False,False
15,62000000,63000000,62500000,11,0.03250911185704633,90267.0,-1.2164241938923388,0.1381957773512476,False,False,False
15,63000000,64000000,63500000,17,0.09700877436177945,133457.0,-0.03583580829453356,0.9660908509277031,False,False,False
15,66000000,67000000,66500000,12,0.07048203687763331,88292.0,-0.5213756850231406,0.5579014715291107,False,False,False
15,67000000,68000000,67500000,17,0.13882267889225308,139707.0,0.7295171893517738,0.5425463851567498,False,False,False
15,68000000,69000000,68500000,14,0.046325475223723815,99006.0,-0.9635323571218524,0.2559181062060141,False,False,False
15,70000000,71000000,70500000,34,0.187471162557296,296923.0,1.6199688996638955,0.21369161868202174,False,False,False
15,71000000,72000000,71500000,12,0.04995545511831554,92042.0,-0.8970899613466178,0.30070377479206656,False,False,False
15,79000000,80000000,79500000,30,0.12949289439531828,248114.0,0.5587467575467482,0.6321177223288548,False,False,False
15,80000000,81000000,80500000,14,0.04207925579236451,103412.0,-1.0412542730000114,0.2162507997440819,False,False,False
15,81000000,82000000,81500000,10,0.1444611289331786,73255.0,0.8327222042710638,0.4798464491362764,False,False,False
15,84000000,85000000,84500000,11,0.26830678401871827,73511.0,3.099567274817141,0.044785668586052464,False,False,False
15,85000000,86000000,85500000,29,0.28282702617114164,221045.0,3.3653427622464087,0.03198976327575176,False,False,False
15,86000000,87000000,86500000,35,0.2233000260665566,287725.0,2.2757729532912783,0.1164427383237364,False,False,False
15,87000000,88000000,87500000,20,0.07454762162747862,138435.0,-0.4469600687247031,0.6167626359564939,False,False,False
15,88000000,89000000,88500000,23,0.03270076178796728,192442.0,-1.2129162734822236,0.1420345489443378,False,False,False
15,91000000,92000000,91500000,17,0.09285266845569072,129307.0,-0.11190830497903531,0.9033909149072297,False,False,False
15,92000000,93000000,92500000,21,0.05899702483121639,174780.0,-0.7315949529062199,0.3979526551503519,False,False,False
15,93000000,94000000,93500000,18,0.04527084441558262,144751.0,-0.9828360997281607,0.24440179142674345,False,False,False
15,95000000,96000000,95500000,20,0.14972793507331922,151802.0,0.9291247266530828,0.4350607805502239,False,False,False
15,97000000,98000000,97500000,17,0.11693686939680754,128052.0,0.32892389170726116,0.7587971849008317,False,False,False
15,98000000,99000000,98500000,20,0.12223822166224182,155561.0,0.42595873916983584,0.6999360204734485,False,False,False
15,99000000,100000000,99500000,12,0.08694243120617523,84855.0,-0.22008805634429987,0.817658349328215,False,False,False
15,100000000,101000000,100500000,10,0.1603203172995053,92783.0,1.1230054842637176,0.3646833013435701,False,False,False
15,101000000,102000000,101500000,23,0.11050552795596928,186597.0,0.21120595778302811,0.8330134357005758,False,False,False
16,1000000,2000000,1500000,16,0.07285276642460296,134813.0,-0.4779823452775173,0.5988483685220729,False,False,False
16,2000000,3000000,2500000,23,0.187947992207233,190433.0,1.62869669024083,0.21113243761996162,False,False,False
16,3000000,4000000,3500000,13,0.11800412273340874,109636.0,0.34845867444491374,0.746001279590531,False,False,False
16,5000000,6000000,5500000,13,0.13485322896281798,102200.0,0.6568612047788435,0.5770953294945618,False,False,False
16,6000000,7000000,6500000,24,0.13997715591090806,201365.0,0.7506484961948698,0.527191298784389,False,False,False
16,7000000,8000000,7500000,20,0.13608201348116494,163339.0,0.6793526206161954,0.5655790147152912,False,False,False
16,8000000,9000000,8500000,33,0.2236987077581729,254132.0,2.28307033991928,0.11516314779270634,False,False,False
16,9000000,10000000,9500000,18,0.1027302414021164,145152.0,0.06888873248747097,0.9507357645553423,False,False,False
16,10000000,11000000,10500000,17,0.05537082654065195,139243.0,-0.7979681309891414,0.3429302623160589,False,False,False
16,12000000,13000000,12500000,18,0.1419241807163543,152969.0,0.7862864326199165,0.509277031349968,False,False,False
16,13000000,14000000,13500000,19,0.14215536993532296,137916.0,0.7905180719214371,0.5041586692258477,False,False,False
16,14000000,15000000,14500000,17,0.18874892740689891,145675.0,1.6433568412807313,0.20217530390275112,False,False,False
16,21000000,22000000,21500000,13,0.03717606921419014,97899.0,-1.1310011786708267,0.17530390275111965,False,False,False
16,23000000,24000000,23500000,13,0.16271411147054143,94285.0,1.1668209940833172,0.3493282149712092,False,False,False
16,24000000,25000000,24500000,20,0.06598921163806477,167588.0,-0.6036114222406191,0.48624440179142675,False,False,False
16,25000000,26000000,25500000,10,0.1316886816886817,77220.0,0.5989379907271988,0.6103646833013435,False,False,False
16,27000000,28000000,27500000,11,0.01580235236058562,97264.0,-1.5222212392807541,0.044785668586052464,True,False,False
16,51000000,52000000,51500000,13,0.16411977530229457,105030.0,1.192549972024882,0.3390914907229686,False,False,False
16,54000000,55000000,54500000,30,0.12466079833008409,253905.0,0.4703010778148626,0.6705054382597568,False,False,False
16,55000000,56000000,55500000,17,0.14438649012212174,151652.0,0.8313560310226051,0.48240563019833654,False,False,False
16,56000000,57000000,56500000,11,0.11997549019607844,89760.0,0.38454217379659594,0.72808701215611,False,False,False
16,57000000,58000000,57500000,37,0.05997566988279063,310726.0,-0.7136820377583843,0.4133077415227127,False,False,False
16,58000000,59000000,58500000,14,0.14521760875806944,107969.0,0.8465686533922454,0.4760076775431862,False,False,False
16,59000000,60000000,59500000,10,0.2158515894749375,67192.0,2.1394383216134467,0.13307741522712732,False,False,False
16,61000000,62000000,61500000,12,0.0581194026132556,80283.0,-0.7476587671531714,0.38643634037108127,False,False,False
16,62000000,63000000,62500000,10,0.06363935093182281,63907.0,-0.6466227830730629,0.45297504798464494,False,False,False
16,64000000,65000000,64500000,15,0.11448759337972861,117397.0,0.28409285373594695,0.7907869481765835,False,False,False
16,65000000,66000000,65500000,19,0.09944345503116654,157220.0,0.00872807947320428,0.9968010236724248,False,False,False
16,66000000,67000000,66500000,22,0.055929840216391066,179305.0,-0.7877360611249076,0.3506078055022393,False,False,False
16,72000000,73000000,72500000,16,0.0726209835913957,129749.0,-0.4822248499703965,0.5937300063979527,False,False,False
16,74000000,75000000,74500000,19,0.05885236526049184,146876.0,-0.7342427715525645,0.3941138835572617,False,False,False
16,75000000,76000000,75500000,28,0.024572667217175895,242200.0,-1.3616912232211114,0.08061420345489444,False,False,False
16,76000000,77000000,76500000,18,0.13205091894457244,130639.0,0.6055683059959655,0.6078055022392834,False,False,False
16,77000000,78000000,77500000,60,0.13489782749897442,468032.0,0.657677527093663,0.5758157389635317,False,False,False
16,78000000,79000000,78500000,23,0.2477247023174427,187448.0,2.7228371391180906,0.0690978886756238,False,False,False
16,79000000,80000000,79500000,37,0.11612570926776547,296080.0,0.31407658569016667,0.7728726807421625,False,False,False
16,80000000,81000000,80500000,18,0.12332160823026592,132195.0,0.44578882121449853,0.6858605246321178,False,False,False
16,81000000,82000000,81500000,11,0.10053089024446177,87212.0,0.02863226707747597,0.9788867562380038,False,False,False
16,82000000,83000000,82500000,13,0.1971905658034256,104683.0,1.7978708318868766,0.17530390275111965,False,False,False
16,83000000,84000000,83500000,32,0.10805115337035462,256249.0,0.16628159667539494,0.8752399232245681,False,False,False
16,84000000,85000000,84500000,21,0.06878818302217286,187256.0,-0.5523796331214724,0.5310300703774792,False,False,False
16,85000000,86000000,85500000,14,0.17778616393932106,120569.0,1.4426967025873143,0.2648752399232246,False,False,False
16,86000000,87000000,86500000,27,0.10882202368173335,242212.0,0.18039144626335388,0.8624440179142674,False,False,False
16,87000000,88000000,87500000,10,0.1410077510289755,85279.0,0.769512294537302,0.5169545745361485,False,False,False
16,89000000,90000000,89500000,19,0.05287062524577271,178010.0,-0.8437312946363066,0.3160588611644274,False,False,False
17,0,1000000,500000,20,0.10998201083861071,177329.0,0.20162360952857306,0.8394113883557262,False,False,False
17,3000000,4000000,3500000,14,0.2220646109933832,115615.0,2.253160173159693,0.11900191938579655,False,False,False
17,4000000,5000000,4500000,15,0.09233673569758556,132163.0,-0.12135183070172718,0.889315419065899,False,False,False
17,5000000,6000000,5500000,15,0.1149328332444054,127444.0,0.2922424314644193,0.7856685860524633,False,False,False
17,6000000,7000000,6500000,20,0.08632572885795023,174108.0,-0.23137604765172573,0.7984644913627639,False,False,False
17,7000000,8000000,7500000,12,0.19631843102475208,99224.0,1.781907458585469,0.18170185540626999,False,False,False
17,8000000,9000000,8500000,16,0.047358691096341526,133608.0,-0.9446205890341006,0.2687140115163148,False,False,False
17,9000000,10000000,9500000,41,0.14933614644671192,355952.0,0.921953509251008,0.44273832373640437,False,False,False
17,10000000,11000000,10500000,27,0.07857107576805294,242952.0,-0.37331560232150485,0.6820217530390275,False,False,False
17,11000000,12000000,11500000,22,0.09276978900685391,186025.0,-0.1134253131446874,0.9021113243761996,False,False,False
17,12000000,13000000,12500000,21,0.059154266660617884,176344.0,-0.7287168312182508,0.40051183621241204,False,False,False
17,13000000,14000000,13500000,29,0.09751291081383878,224037.0,-0.026608199700239567,0.9737683941138836,False,False,False
17,14000000,15000000,14500000,17,0.16568885509980133,139427.0,1.2212700817599786,0.327575175943698,False,False,False
17,17000000,18000000,17500000,12,0.16590989120966695,107914.0,1.225315880667623,0.3237364043506078,False,False,False
17,19000000,20000000,19500000,14,0.04018778244635084,119713.0,-1.0758754070843592,0.19833653230966092,False,False,False
17,26000000,27000000,26500000,12,0.03181227687932817,97761.0,-1.2291789161563813,0.13691618682021753,False,False,False
17,31000000,32000000,31500000,12,0.0702415856695317,99592.0,-0.525776853844247,0.5515035188739603,False,False,False
17,32000000,33000000,32500000,24,0.14626687927658802,198172.0,0.8657742823739834,0.46833013435700577,False,False,False
17,33000000,34000000,33500000,14,0.04238894907908993,118144.0,-1.0355857115966272,0.22136916186820219,False,False,False
17,36000000,37000000,36500000,10,0.07249934770748832,84318.0,-0.4844512478496479,0.5886116442738324,False,False,False
17,38000000,39000000,38500000,11,0.16997939340588988,99968.0,1.2998032010884546,0.3019833653230966,False,False,False
17,39000000,40000000,39500000,16,0.10808758653454595,117872.0,0.16694846172281602,0.8739603326935381,False,False,False
17,45000000,46000000,45500000,25,0.047815982926250895,210850.0,-0.9362504146447361,0.27895073576455537,False,False,False
17,47000000,48000000,47500000,15,0.05780017631043119,128183.0,-0.7535018188972664,0.38259756877799106,False,False,False
17,50000000,51000000,50500000,14,0.09976124534428421,104710.0,0.014544847160859676,0.9916826615483045,False,False,False
17,54000000,55000000,54500000,12,0.04543075849614185,97456.0,-0.979909065711697,0.2456813819577735,False,False,False
17,59000000,60000000,59500000,14,0.22199764773322528,101179.0,2.25193449159588,0.12028150991682661,False,False,False
17,61000000,62000000,61500000,10,0.09553319257451533,72938.0,-0.06284454992811707,0.9366602687140115,False,False,False
17,62000000,63000000,62500000,25,0.0034040906419756673,209307.0,-1.7491564389109644,0.005118362124120281,True,False,False
17,64000000,65000000,64500000,15,0.1227848101265823,122450.0,0.43596338055311046,0.690978886756238,False,False,False
17,66000000,67000000,66500000,11,0.10160593383607638,72668.0,0.04830964101998971,0.9648112603966731,False,False,False
17,70000000,71000000,70500000,19,0.13257932317017174,174224.0,0.6152401068615523,0.600127959053103,False,False,False
17,71000000,72000000,71500000,13,0.0947399721287757,112661.0,-0.0773634917193271,0.9251439539347409,False,False,False
17,75000000,76000000,75500000,14,0.1101150202976996,121196.0,0.20405818695854733,0.8342930262316058,False,False,False
17,76000000,77000000,76500000,14,0.11573432593527863,121969.0,0.3069127867072399,0.7754318618042226,False,False,False
17,77000000,78000000,77500000,13,0.11642704305717182,106556.0,0.31959213659611446,0.7677543186180422,False,False,False
17,78000000,79000000,78500000,15,0.22401055007866955,131563.0,2.288778236789116,0.11388355726167626,False,False,False
17,79000000,80000000,79500000,13,0.0989666095978184,97543.0,0.0,1.0,False,False,False
17,80000000,81000000,80500000,10,0.09475414644878205,81817.0,-0.07710404791879541,0.9264235444657709,False,False,False
18,0,1000000,500000,10,0.129476140142824,77578.0,0.5584400911994216,0.6333973128598849,False,False,False
18,1000000,2000000,1500000,14,0.08940718695700396,108196.0,-0.1749736805512441,0.8470889315419066,False,False,False
18,2000000,3000000,2500000,11,0.0856735071748187,77772.0,-0.24331417746571715,0.7933461292386437,False,False,False
18,3000000,4000000,3500000,10,0.1520371138989677,74689.0,0.9713914548181942,0.4171465131158029,False,False,False
18,6000000,7000000,6500000,13,0.10451089656364068,92598.0,0.10148147360911779,0.9213051823416507,False,False,False
18,7000000,8000000,7500000,12,0.04655784797301058,89813.0,-0.9592790547279483,0.25847728726807423,False,False,False
18,8000000,9000000,8500000,25,0.09189108740267268,191493.0,-0.1295088842521547,0.8790786948176583,False,False,False
18,9000000,10000000,9500000,15,0.09334278982545557,124782.0,-0.10293722553136823,0.9072296865003199,False,False,False
18,10000000,11000000,10500000,10,0.09989994997498751,79960.0,0.01708366782561789,0.9904030710172744,False,False,False
18,11000000,12000000,11500000,11,0.14784175099385616,88544.0,0.894600406201791,0.45297504798464494,False,False,False
18,22000000,23000000,22500000,17,0.058104198930543784,136892.0,-0.747937052194222,0.38515674984005116,False,False,False
18,23000000,24000000,23500000,13,0.3212357925612091,98188.0,4.068368820745947,0.020473448496481125,False,False,False
18,24000000,25000000,24500000,16,0.08244234628417278,121588.0,-0.30245667327667586,0.7344849648112604,False,False,False
18,34000000,35000000,34500000,32,0.08293709514407434,234497.0,-0.2934008932135682,0.7383237364043506,False,False,False
18,36000000,37000000,36500000,11,0.021291918828189437,86089.0,-1.4217413582713823,0.06397952655150352,False,False,False
18,39000000,40000000,39500000,11,0.07487437185929649,84575.0,-0.44097930055173384,0.6231605886116443,False,False,False
18,41000000,42000000,41500000,13,0.17086076770891123,95531.0,1.3159356927187016,0.29686500319897635,False,False,False
18,42000000,43000000,42500000,19,0.13277499161774042,140177.0,0.6188215813632304,0.5988483685220729,False,False,False
18,43000000,44000000,43500000,22,0.14235288055240647,174654.0,0.7941332651101446,0.5028790786948176,False,False,False
18,44000000,45000000,44500000,21,0.10101475197903202,169401.0,0.03748877146657926,0.9673704414587332,False,False,False
18,45000000,46000000,45500000,25,0.1135428280409079,217953.0,0.2668000657923627,0.7984644913627639,False,False,False
18,46000000,47000000,46500000,18,0.12139080254389274,151107.0,0.4104477561661179,0.710172744721689,False,False,False
18,48000000,49000000,48500000,29,0.047301742532005676,224960.0,-0.9456629636918973,0.26615483045425464,False,False,False
18,49000000,50000000,49500000,31,0.0822059878379181,218877.0,-0.30678292903756044,0.72808701215611,False,False,False
18,50000000,51000000,50500000,19,0.07056219927195084,134881.0,-0.519908409257379,0.5604606525911708,False,False,False
18,53000000,54000000,53500000,25,0.09330355884922088,212934.0,-0.10365530114757696,0.9059500959692899,False,False,False
18,54000000,55000000,54500000,23,0.06981423128863319,182162.0,-0.5335990594036342,0.5489443378119002,False,False,False
18,55000000,56000000,55500000,26,0.09175378816014261,215408.0,-0.13202198098456763,0.8752399232245681,False,False,False
18,56000000,57000000,56500000,10,0.13625052615940772,80774.0,0.6824370415733563,0.5617402431222009,False,False,False
18,57000000,58000000,57500000,26,0.09878969887631893,210113.0,-0.003238136991409529,0.9968010236724248,False,False,False
18,58000000,59000000,58500000,14,0.03168044077134986,89298.0,-1.2315920168120662,0.13563659628918745,False,False,False
18,59000000,60000000,59500000,32,0.12897399325504205,225057.0,0.5492488991751852,0.6397952655150352,False,False,False
18,60000000,61000000,60500000,37,0.1485020402381257,289427.0,0.9066862029741781,0.4504158669225848,False,False,False
18,61000000,62000000,61500000,11,0.06931459390395223,81397.0,-0.5427443180059025,0.5387076135636596,False,False,False
18,62000000,63000000,62500000,17,0.16886830713712248,120819.0,1.279466109491925,0.3058221369161868,False,False,False
18,66000000,67000000,66500000,22,0.06335298178535394,169479.0,-0.6518644242721916,0.4491362763915547,False,False,False
18,67000000,68000000,67500000,12,0.10069013489000123,73319.0,0.031547047894797724,0.9750479846449136,False,False,False
18,68000000,69000000,68500000,23,0.028851373984960668,173146.0,-1.2833746659049432,0.10876519513755598,False,False,False
18,70000000,71000000,70500000,14,0.17535186131985375,103663.0,1.3981397345665512,0.2751119641714651,False,False,False
18,71000000,72000000,71500000,33,0.18452036358988624,266014.0,1.5659580900894683,0.22776711452335252,False,False,False
18,72000000,73000000,72500000,38,0.08690816297346168,314677.0,-0.22071529493696082,0.8150991682661548,False,False,False
18,73000000,74000000,73500000,20,0.09269677972458877,149304.0,-0.11476165983761362,0.8995521433141395,False,False,False
18,74000000,75000000,74500000,19,0.12870804983294332,147854.0,0.5443811261797394,0.6423544465770953,False,False,False
18,75000000,76000000,75500000,29,0.12051271723125534,223437.0,0.39437546553067987,0.7204094689699296,False,False,False
18,76000000,77000000,76500000,18,0.09855640590848426,155099.0,-0.0075082828739099555,0.9916826615483045,False,False,False
18,77000000,78000000,77500000,19,0.17889190983125272,156684.0,1.462936045038776,0.2597568777991043,False,False,False
19,1000000,2000000,1500000,12,0.1260646136768168,104498.0,0.495996221471699,0.6589891234804862,False,False,False
19,5000000,6000000,5500000,13,0.12511168822492966,119753.0,0.478554072518502,0.6653870761356366,False,False,False
19,6000000,7000000,6500000,18,0.030744669893912852,155344.0,-1.248720172008254,0.12667946257197696,False,False,False
19,10000000,11000000,10500000,16,0.07454994452596543,139705.0,-0.44691755087471824,0.6180422264875239,False,False,False
19,13000000,14000000,13500000,11,0.04864876659720479,91657.0,-0.921007315821211,0.2866282789507358,False,False,False
19,15000000,16000000,15500000,10,0.08793021893864313,88792.0,-0.2020077954700354,0.8278950735764555,False,False,False
19,17000000,18000000,17500000,12,0.258303389595573,93787.0,2.916467227252511,0.0563019833653231,False,False,False
19,28000000,29000000,28500000,21,0.10969552315830215,170522.0,0.19637979871073621,0.8445297504798465,False,False,False
19,29000000,30000000,29500000,31,0.02440107496420616,261218.0,-1.364832012072522,0.07933461292386436,False,False,False
19,30000000,31000000,30500000,17,0.049566590512027955,148820.0,-0.9042076580899069,0.2943058221369162,False,False,False
19,31000000,32000000,31500000,13,0.15720041654095826,102751.0,1.0658994707324356,0.37747920665387075,False,False,False
19,32000000,33000000,32500000,11,0.08762497449500102,98020.0,-0.20759492617642766,0.8227767114523352,False,False,False
19,33000000,34000000,33500000,28,0.3208564977093761,245348.0,4.061426286794576,0.021753039027511197,False,False,False
19,34000000,35000000,34500000,17,0.07502973247933055,139578.0,-0.4381356121281235,0.6269993602047345,False,False,False
19,35000000,36000000,35500000,17,0.1664867703258555,137116.0,1.2358749558320261,0.31861804222648754,False,False,False
19,36000000,37000000,36500000,11,0.05435514766244973,95014.0,-0.8165589055845055,0.3326935380678183,False,False,False
19,37000000,38000000,37500000,21,0.007729014258753129,158429.0,-1.669993938018957,0.014075495841330775,True,False,False
19,38000000,39000000,38500000,14,0.1463071399940747,114762.0,0.8665112061595475,0.46705054382597566,False,False,False
19,42000000,43000000,42500000,14,0.014153921073515622,110888.0,-1.5523937821499214,0.02943058221369162,True,False,False
19,46000000,47000000,46500000,17,0.04486250675522207,127679.0,-0.9903102271964784,0.2380038387715931,False,False,False
19,47000000,48000000,47500000,10,0.03826334354269787,68891.0,-1.111099935868189,0.18298144593730006,False,False,False
19,49000000,50000000,49500000,11,0.05682026704661982,92643.0,-0.7714378739225235,0.3710812539987204,False,False,False
19,50000000,51000000,50500000,13,0.06674880417451805,117283.0,-0.589707998695454,0.49776071657069737,False,False,False
19,52000000,53000000,52500000,13,0.12356185131605775,102997.0,0.4501861806082039,0.6820217530390275,False,False,False
19,56000000,57000000,56500000,19,0.05510991384482469,166676.0,-0.8027438226189398,0.3390914907229686,False,False,False
19,57000000,58000000,57500000,13,0.1757142575856026,101574.0,1.404772960318635,0.27383237364043506,False,False,False
20,0,1000000,500000,21,0.10363223609534619,189415.0,0.08539865544435171,0.9379398592450416,False,False,False
20,1000000,2000000,1500000,15,0.08357659700009316,128804.0,-0.28169558446519044,0.744721689059501,False,False,False
20,2000000,3000000,2500000,12,0.05879778101355154,111943.0,-0.7352418702372993,0.39283429302623163,False,False,False
20,3000000,4000000,3500000,27,0.14976518034847586,229112.0,0.9298064564104299,0.43378119001919385,False,False,False
20,4000000,5000000,4500000,16,0.16058036027195627,142670.0,1.1277652566580214,0.3621241202815099,False,False,False
20,5000000,6000000,5500000,12,0.11990636188377857,90775.0,0.3832768635694112,0.7293666026871402,False,False,False
20,6000000,7000000,6500000,10,0.0891743119266055,79025.0,-0.17923617659397884,0.8458093410108766,False,False,False
20,9000000,10000000,9500000,15,0.16538677052809495,108863.0,1.2157407886912177,0.3288547664747281,False,False,False
20,10000000,11000000,10500000,17,0.1026976841957748,142715.0,0.06829281216507266,0.9520153550863724,False,False,False
20,11000000,12000000,11500000,15,0.06575607640283378,124498.0,-0.6078786810184016,0.4836852207293666,False,False,False
20,12000000,13000000,12500000,11,0.04525842638743995,77643.0,-0.983063396728299,0.24312220089571338,False,False,False
20,13000000,14000000,13500000,20,0.09662067732171126,150977.0,-0.04293945566564605,0.9584133077415227,False,False,False
20,14000000,15000000,14500000,18,0.0808726534753932,128115.0,-0.33118800344240473,0.7076135636596289,False,False,False
20,15000000,16000000,15500000,42,0.17455947136563876,305088.0,1.3836359939191958,0.27895073576455537,False,False,False
20,16000000,17000000,16500000,42,0.15987475845235155,344135.0,1.114850067946439,0.3685220729366603,False,False,False
20,17000000,18000000,17500000,15,0.05949921042905621,119052.0,-0.7224030523411483,0.40818937939859246,False,False,False
20,18000000,19000000,18500000,12,0.08146821844225603,106115.0,-0.32028690635998813,0.7178502879078695,False,False,False
20,19000000,20000000,19500000,25,0.13320013956667415,209219.0,0.6266034008515889,0.5962891874600128,False,False,False
20,20000000,21000000,20500000,10,0.07291917682779893,82996.0,-0.47676678309236215,0.600127959053103,False,False,False
20,21000000,22000000,21500000,10,0.08468986539274324,78079.0,-0.26131855172770324,0.7715930902111324,False,False,False
20,23000000,24000000,23500000,11,0.019840052585451365,91280.0,-1.4483160155185006,0.060140754958413305,False,False,False
20,24000000,25000000,24500000,10,0.1336148413030522,78861.0,0.6341940150415354,0.5898912348048625,False,False,False
20,33000000,34000000,33500000,14,0.0018556250909620127,109936.0,-1.7774992297727132,0.003838771593090211,True,False,False
20,35000000,36000000,35500000,16,0.015676740416753907,128949.0,-1.5245204141325484,0.04350607805502239,True,False,False
20,36000000,37000000,36500000,29,0.021595404071694406,230813.0,-1.4161864275978149,0.06781829814459372,False,False,False
20,37000000,38000000,37500000,14,0.015502066659311,117823.0,-1.5277176061998818,0.03966730646193218,True,False,False
20,38000000,39000000,38500000,10,0.057990255633070725,79841.0,-0.7500226465739374,0.3838771593090211,False,False,False
20,39000000,40000000,39500000,21,0.03983398614216251,171311.0,-1.082351220931626,0.19705694177863084,False,False,False
20,40000000,41000000,40500000,24,0.09224187727414107,202549.0,-0.12308809952307903,0.8867562380038387,False,False,False
20,43000000,44000000,43500000,15,0.09574174710033255,123290.0,-0.05902721133466934,0.9430582213691618,False,False,False
20,44000000,45000000,44500000,16,0.06925203367947469,126249.0,-0.5438894073218838,0.5361484325015995,False,False,False
20,45000000,46000000,45500000,14,0.10909508128084767,124199.0,0.1853894356728323,0.854766474728087,False,False,False
20,46000000,47000000,46500000,31,0.11132201524797611,254460.0,0.2261507710812485,0.8253358925143954,False,False,False
20,47000000,48000000,47500000,15,0.19603212640301784,129364.0,1.776666998433641,0.18298144593730006,False,False,False
20,48000000,49000000,48500000,22,0.02388531828651319,198846.0,-1.3742723148560312,0.07549584133077415,False,False,False
20,49000000,50000000,49500000,13,0.08724547370102959,100137.0,-0.2145412296497977,0.8214971209213052,False,False,False
20,50000000,51000000,50500000,14,0.06833846902367824,123320.0,-0.5606111044632728,0.5182341650671785,False,False,False
20,51000000,52000000,51500000,16,0.04520413697300692,105101.0,-0.9840570988602418,0.2418426103646833,False,False,False
20,52000000,53000000,52500000,18,0.09111373557180981,153259.0,-0.1437373702224891,0.8701215611004478,False,False,False
20,53000000,54000000,53500000,15,0.3536761471223916,104566.0,4.662150312498658,0.012795905310300703,False,False,False
20,54000000,55000000,54500000,11,0.07984581497797356,90800.0,-0.34998304138309727,0.6960972488803583,False,False,False
20,55000000,56000000,55500000,12,0.14774766316140875,95856.0,0.8928782421175164,0.45553422904670504,False,False,False
20,56000000,57000000,56500000,15,0.1532035621404366,126890.0,0.9927418804297716,0.4094689699296225,False,False,False
20,57000000,58000000,57500000,10,0.0697971239986872,82267.0,-0.5339121876749302,0.5476647472808701,False,False,False
20,58000000,59000000,58500000,21,0.15980766511101682,176775.0,1.113622005403865,0.36980166346769033,False,False,False
20,59000000,60000000,59500000,74,0.12934072460898832,631375.0,0.5559614734785275,0.6346769033909149,False,False,False
20,61000000,62000000,61500000,19,0.10513391989426354,154346.0,0.11288516286153578,0.9059500959692899,False,False,False
20,62000000,63000000,62500000,46,0.3570142837478691,377772.0,4.72325086987426,0.011516314779270634,False,False,False
21,15000000,16000000,15500000,18,0.12991373613616475,111982.0,0.5664497570993683,0.6257197696737045,False,False,False
21,16000000,17000000,16500000,25,0.08791313744324133,183232.0,-0.20232045160336815,0.8253358925143954,False,False,False
21,17000000,18000000,17500000,12,0.0743718197555474,76252.0,-0.45017790956461645,0.6154830454254638,False,False,False
21,18000000,19000000,18500000,12,0.1176099467577632,97479.0,0.3412437595033875,0.7549584133077415,False,False,False
21,19000000,20000000,19500000,14,0.23512835629990106,100073.0,2.4922762457461354,0.09085092770313499,False,False,False
21,25000000,26000000,25500000,17,0.18590515367379018,119604.0,1.5913049992989239,0.22264875239923224,False,False,False
21,27000000,28000000,27500000,11,0.10240093189809522,92714.0,0.06286111992925271,0.9571337172104927,False,False,False
21,30000000,31000000,30500000,12,0.1712091643788796,90699.0,1.3223126727860843,0.2930262316058861,False,False,False
21,31000000,32000000,31500000,29,0.04778202207139728,207599.0,-0.9368720270570835,0.27767114523352526,False,False,False
21,32000000,33000000,32500000,16,0.04188453740262512,121823.0,-1.0448183578411028,0.21369161868202174,False,False,False
21,33000000,34000000,33500000,12,0.05628759522432872,98583.0,-0.7811877879889102,0.35956493921944976,False,False,False
21,35000000,36000000,35500000,18,0.060033641608145616,156354.0,-0.7126209353744434,0.4145873320537428,False,False,False
21,36000000,37000000,36500000,27,0.09891403838812203,217411.0,-0.0009622524703878846,0.9980806142034548,False,False,False
21,37000000,38000000,37500000,17,0.06152483764864638,142284.0,-0.6853263937024549,0.4286628278950736,False,False,False
21,38000000,39000000,38500000,11,0.04062608439626071,95099.0,-1.06785281950244,0.2034548944337812,False,False,False
21,39000000,40000000,39500000,24,0.18112749636936032,205198.0,1.5038557553038485,0.24312220089571338,False,False,False
21,40000000,41000000,40500000,20,0.07655963503695312,159797.0,-0.4101325944302705,0.6525911708253359,False,False,False
21,42000000,43000000,42500000,13,0.07251241533045866,116187.0,-0.4842120608011108,0.5898912348048625,False,False,False
21,43000000,44000000,43500000,32,0.08441281332076364,257763.0,-0.2663896551363595,0.763915547024952,False,False,False
21,44000000,45000000,44500000,18,0.1298053412085993,157455.0,0.5644657189265779,0.6269993602047345,False,False,False
21,45000000,46000000,45500000,10,0.27146585269240625,85834.0,3.1573902097075086,0.04222648752399232,False,False,False
21,46000000,47000000,46500000,13,0.11338967207798402,104842.0,0.26399673095321197,0.8023032629558541,False,False,False
21,47000000,48000000,47500000,10,0.11299086646478462,81896.0,0.2566970760903688,0.8074216250799744,False,False,False
22,17000000,18000000,17500000,38,0.1893370140051556,301032.0,1.6541210558621118,0.19833653230966092,False,False,False
22,18000000,19000000,18500000,16,0.14240448098452116,135863.0,0.7950777486699145,0.5015994881637876,False,False,False
22,19000000,20000000,19500000,37,0.0740789847227985,320543.0,-0.45553790099920927,0.6090850927703135,False,False,False
22,20000000,21000000,20500000,18,0.09336721065418421,157234.0,-0.10249023176978711,0.9110684580934101,False,False,False
22,21000000,22000000,21500000,12,0.15685516370052496,91814.0,1.0595800346659245,0.38131797824696095,False,False,False
22,22000000,23000000,22500000,15,0.0814688335733388,121525.0,-0.32027564712879636,0.7191298784388995,False,False,False
22,24000000,25000000,24500000,15,0.02959346966409701,129978.0,-1.2697915011910752,0.11516314779270634,False,False,False
22,26000000,27000000,26500000,19,0.06568351366039227,161928.0,-0.6092068543394215,0.48112603966730644,False,False,False
22,27000000,28000000,27500000,26,0.1248058035126524,227862.0,0.47295522246839583,0.6679462571976967,False,False,False
22,28000000,29000000,28500000,11,0.17325131730703996,88438.0,1.3596918145517296,0.2853486884197057,False,False,False
22,29000000,30000000,29500000,15,0.1238507909661502,128893.0,0.4554748717701586,0.6781829814459372,False,False,False
22,32000000,33000000,32500000,19,0.14038136361774703,170913.0,0.7580470298543008,0.5246321177223289,False,False,False
22,33000000,34000000,33500000,13,0.048352745127743554,112217.0,-0.9264256311295722,0.28150991682661547,False,False,False
22,34000000,35000000,34500000,18,0.0713260228409578,153934.0,-0.5059275417737809,0.5745361484325016,False,False,False
22,35000000,36000000,35500000,11,0.30217954027749017,96580.0,3.7195671488375193,0.02815099168266155,False,False,False
22,36000000,37000000,36500000,13,0.10067681895093063,111699.0,0.0313033157200918,0.9763275751759437,False,False,False
22,37000000,38000000,37500000,13,0.0918174978231281,118289.0,-0.13085585258559335,0.8777991042866283,False,False,False
22,39000000,40000000,39500000,23,0.25668781497200593,160927.0,2.8868960859072392,0.05886116442738324,False,False,False
22,40000000,41000000,40500000,33,0.2326039668802919,256524.0,2.446070347702904,0.09596928982725528,False,False,False
22,44000000,45000000,44500000,19,0.1870627726241285,170106.0,1.6124938154050088,0.2162507997440819,False,False,False
22,45000000,46000000,45500000,12,0.27370485594481264,96109.0,3.1983724587993194,0.03838771593090211,False,False,False
22,46000000,47000000,46500000,13,0.09991962477998555,98289.0,0.017443791357549247,0.9891234804862444,False,False,False
22,48000000,49000000,48500000,17,0.1352143148622949,129879.0,0.6634704458596679,0.5719769673704415,False,False,False
22,49000000,50000000,49500000,55,0.15421099662400495,489041.0,1.0111817513432706,0.39923224568138194,False,False,False
22,50000000,51000000,50500000,16,0.09636650868878358,147489.0,-0.04759170537308712,0.9545745361484325,False,False,False
