genetic_id	distance_cm	covariance	n_pairs	fitted_covariance
RNI013.SG	0.055	0.10195001373249109	331	0.1521529946508521
RNI013.SG	0.065	0.1041085854988706	314	0.15129388282613873
RNI013.SG	0.07500000000000001	0.16055342656646593	284	0.15043954778170576
RNI013.SG	0.085	0.09950248756218905	268	0.14958996295799581
RNI013.SG	0.095	0.0772408301398497	284	0.14874510194312623
RNI013.SG	0.10500000000000001	0.20898210688470198	291	0.1479049384720681
RNI013.SG	0.115	0.1479680250433227	268	0.14706944642582973
RNI013.SG	0.125	0.1987290289781393	281	0.14623859983064452
RNI013.SG	0.135	0.26361373817819816	246	0.1454123728571637
RNI013.SG	0.14500000000000002	0.17502375761641234	268	0.14459073981965326
RNI013.SG	0.155	0.2294671352967317	223	0.14377367517519526
RNI013.SG	0.165	0.13959013959013958	260	0.1429611535228941
RNI013.SG	0.175	0.16391332332117572	237	0.1421531496030865
RNI013.SG	0.185	0.14575866188769415	217	0.1413496382965565
RNI013.SG	0.195	0.1633074935400517	216	0.14055059462375444
RNI013.SG	0.20500000000000002	0.10335917312661498	216	0.1397559937440203
RNI013.SG	0.21500000000000002	0.08218497827436376	180	0.13896581095481172
RNI013.SG	0.22500000000000003	0.07701863354037268	231	0.13818002169093577
RNI013.SG	0.235	0.15992348158775704	205	0.13739860152378536
RNI013.SG	0.245	0.0638428483732351	181	0.13662152616057993
RNI013.SG	0.255	0.165374677002584	216	0.13584877144361004
RNI013.SG	0.265	0.18776161052421764	174	0.13508031334948653
RNI013.SG	0.275	0.21764681012979328	218	0.1343161279883935
RNI013.SG	0.28500000000000003	0.2488598765984083	212	0.1335561916033458
RNI013.SG	0.295	0.11344991364421415	193	0.1328004805694504
RNI013.SG	0.305	0.05790960451977401	177	0.13204897139317184
RNI013.SG	0.315	0.12301900997553171	231	0.13130164071160205
RNI013.SG	0.325	0.21321070234113712	208	0.13055846529173395
RNI013.SG	0.335	0.12988480765051078	215	0.12981942202973915
RNI013.SG	0.345	0.1836582140187453	187	0.1290844879502497
RNI013.SG	0.355	0.16169212690951823	185	0.12835364020564397
RNI013.SG	0.365	0.1287406999173326	191	0.1276268560753362
RNI013.SG	0.375	0.09883364027010436	181	0.12690411296507018
RNI013.SG	0.385	0.1841109709962169	183	0.12618538840621693
RNI013.SG	0.395	0.03568812140240712	196	0.12547066005507615
RNI013.SG	0.40499999999999997	0.008487186552769359	191	0.1247599056921816
RNI013.SG	0.415	0.10833189580817663	187	0.12405310322161028
RNI013.SG	0.425	0.12576039726877716	180	0.12335023067029569
RNI013.SG	0.435	0.1664367816091954	175	0.12265126618734445
RNI013.SG	0.445	0.0664935064935065	176	0.12195618804335732
RNI013.SG	0.455	0.15434001027221367	177	0.12126497462975339
RNI013.SG	0.465	0.12070779531324725	205	0.12057760445809855
RNI013.SG	0.475	0.06687365655600669	159	0.11989405615943725
RNI013.SG	0.485	0.22342342342342345	186	0.11921430848362835
RNI013.SG	0.495	0.13130881094952954	168	0.1185383402986844
RNI013.SG	0.505	0.04067541271734355	179	0.11786613059011472
RNI013.SG	0.515	0.08410067526089625	181	0.11719765846027208
RNI013.SG	0.525	0.21884498480243159	189	0.1165329031277031
RNI013.SG	0.535	0.09439116535890729	186	0.11587184392650211
RNI013.SG	0.545	0.1266098313078179	149	0.11521446030566873
RNI013.SG	0.555	0.25943528096169977	147	0.11456073182846896
RNI013.SG	0.5650000000000001	0.15939898742446515	157	0.11391063817179993
RNI013.SG	0.5750000000000001	0.115570419918246	208	0.11326415912555791
RNI013.SG	0.5850000000000001	0.1677896109541404	215	0.11262127459201028
RNI013.SG	0.5950000000000001	0.08311688311688313	176	0.11198196458517047
RNI013.SG	0.6050000000000001	0.10949720670391062	180	0.11134620923017678
RNI013.SG	0.6150000000000001	0.04498692240627725	186	0.11071398876267452
RNI013.SG	0.6250000000000001	0.06432748538011697	153	0.11008528352820152
RNI013.SG	0.635	0.0459140292867265	146	0.10946007398157712
RNI013.SG	0.645	0.02614160033514872	155	0.10883834068629454
RNI013.SG	0.655	0.03422772617819057	153	0.10822006431391673
RNI013.SG	0.665	0.03747072599531616	183	0.10760522564347534
RNI013.SG	0.675	0.09849305623953512	143	0.10699380556087333
RNI013.SG	0.685	0.15141498024671451	158	0.10638578505829059
RNI013.SG	0.6950000000000001	0.03824232395660967	148	0.1057811452335932
RNI013.SG	0.7050000000000001	0.18196856906534326	156	0.10517986728974565
RNI013.SG	0.7150000000000001	0.11387473778843274	142	0.10458193253422657
RNI013.SG	0.7250000000000001	0.0944275582573455	141	0.10398732237844756
RNI013.SG	0.7350000000000001	0.11011523687580026	143	0.1033960183371754
RNI013.SG	0.7450000000000001	0.10583941605839416	137	0.10280800202795723
RNI013.SG	0.755	0.15833666533386645	123	0.10222325517054925
RNI013.SG	0.765	0.05869565217391304	161	0.10164175958634826
RNI013.SG	0.775	0.15822086410321706	154	0.10106349719782667
RNI013.SG	0.785	0.11597633136094676	170	0.10048845002797038
RNI013.SG	0.795	0.18314176245210728	145	0.09991660019972
RNI013.SG	0.805	0.22019271051529113	155	0.09934792993541505
RNI013.SG	0.8150000000000001	0.13877995642701524	136	0.09878242155624131
RNI013.SG	0.8250000000000001	0.21377318050507876	147	0.09822005748168118
RNI013.SG	0.8350000000000001	0.2772539288668321	156	0.09766082022896719
RNI013.SG	0.8450000000000001	0.11177454024361116	159	0.09710469241253841
RNI013.SG	0.8550000000000001	0.05547045069741192	158	0.09655165674350015
RNI013.SG	0.8650000000000001	0.10675381263616558	136	0.09600169602908623
RNI013.SG	0.8750000000000001	0.055708769994484285	148	0.0954547931721247
RNI013.SG	0.885	0.031365139348134154	146	0.0949109311705062
RNI013.SG	0.895	0.027347781217750253	153	0.09437009311665545
RNI013.SG	0.905	0.03243978243978244	144	0.0938322621970057
RNI013.SG	0.915	0.11640866873065016	171	0.09329742169147581
RNI013.SG	0.925	0.1829192546583851	161	0.09276555497295072
RNI013.SG	0.935	0.14560859070981724	202	0.09223664550676436
RNI013.SG	0.9450000000000001	0.04597701149425287	174	0.09171067685018572
RNI013.SG	0.9550000000000001	0.19245419916560857	149	0.0911876326519076
RNI013.SG	0.9650000000000001	0.13694902956647922	149	0.09066749665153835
RNI013.SG	0.9750000000000001	0.028095174082537977	173	0.09015025267909639
RNI013.SG	0.9850000000000001	0.04481132075471698	160	0.08963588465450738
RNI013.SG	0.9950000000000001	0.10045844129958142	174	0.08912437658710444
RNI013.SG	1.0050000000000001	0.033506493506493505	176	0.08861571257513105
RNI013.SG	1.015	0.07760141093474426	162	0.08810987680524661
RNI013.SG	1.025	0.04574780058651026	155	0.08760685355203486
RNI013.SG	1.035	0.08529801324503311	151	0.08710662717751504
RNI013.SG	1.045	0.0815850815850816	144	0.08660918213065578
RNI013.SG	1.0550000000000002	0.038994891043686794	139	0.08611450294689146
RNI013.SG	1.0650000000000002	-0.03357314148681055	139	0.08562257424764172
RNI013.SG	1.075	0.04627173592690834	117	0.08513338073983315
RNI013.SG	1.085	0.0713366427652142	148	0.08464690721542392
RNI013.SG	1.095	0.017077555213148434	177	0.08416313855093108
RNI013.SG	1.105	0.09081059785285138	143	0.08368205970696027
RNI013.SG	1.115	0.16393110435663627	141	0.08320365572773827
RNI013.SG	1.125	0.05636092670369869	122	0.08272791174064803
RNI013.SG	1.135	0.015805471124620066	141	0.08225481295576627
RNI013.SG	1.145	0.006372045220966087	140	0.08178434466540374
RNI013.SG	1.155	0.056276707248246384	158	0.08131649224364798
RNI013.SG	1.165	0.10149488591660111	124	0.08085124114590862
RNI013.SG	1.175	0.06778139378296488	134	0.08038857690846521
RNI013.SG	1.185	0.02449793476712719	119	0.0799284851480176
RNI013.SG	1.195	-0.017673752089801768	159	0.07947095156123873
RNI013.SG	1.205	0.06346749226006192	153	0.07901596192433005
RNI013.SG	1.215	0.08982035928143713	168	0.07856350209257928
RNI013.SG	1.225	0.11277754503560955	155	0.07811355799992069
RNI013.SG	1.235	0.05028949545078578	156	0.07766611565849788
RNI013.SG	1.245	0.08375474083438686	113	0.07722116115822872
RNI013.SG	1.2550000000000001	-0.02135774218154081	115	0.07677868066637318
RNI013.SG	1.2650000000000001	0.0033562166285278413	115	0.07633866042710312
RNI013.SG	1.2750000000000001	-0.035378662244333885	135	0.07590108676107471
RNI013.SG	1.2850000000000001	0.07145346810735449	152	0.0754659460650032
RNI013.SG	1.2950000000000002	0.09794480328831474	131	0.0750332248112399
RNI013.SG	1.3050000000000002	0.05395417590539541	165	0.07460290954735177
RNI013.SG	1.3150000000000002	0.026446630699248918	138	0.07417498689570315
RNI013.SG	1.3250000000000002	0.031735956839098696	138	0.07374944355303986
RNI013.SG	1.335	-0.012642225031605562	113	0.07332626629007567
RNI013.SG	1.345	-0.020168067226890754	120	0.07290544195108098
RNI013.SG	1.355	0.07548209366391184	121	0.07248695745347387
RNI013.SG	1.365	0.16199376947040497	108	0.07207079978741342
RNI013.SG	1.375	-0.02193548387096774	125	0.07165695601539517
RNI013.SG	1.385	-0.032	126	0.07124541327184898
RNI013.SG	1.395	0.0264828586976238	149	0.07083615876273908
RNI013.SG	1.405	0.01051953628166595	137	0.07042917976516627
RNI013.SG	1.415	0.03146853146853147	144	0.07002446362697246
RNI013.SG	1.425	0.12097407698350354	134	0.06962199776634728
RNI013.SG	1.435	0.027355623100303955	141	0.06922176967143698
RNI013.SG	1.445	0.017181100789131945	142	0.06882376689995541
RNI013.SG	1.455	0.09847494553376906	136	0.06842797707879728
RNI013.SG	1.465	-0.006523157208088716	147	0.06803438790365346
RNI013.SG	1.475	0.0015540015540015547	144	0.06764298713862847
RNI013.SG	1.485	0.06520669291338582	128	0.06725376261586014
RNI013.SG	1.495	0.056559308719560095	134	0.06686670223514123
RNI013.SG	1.5050000000000001	-0.03426791277258567	108	0.06648179396354335
RNI013.SG	1.5150000000000001	0.0285012285012285	111	0.06609902583504286
RNI013.SG	1.5250000000000001	0.06721763085399449	121	0.06571838595014885
RNI013.SG	1.5350000000000001	0.08142493638676845	132	0.06533986247553324
RNI013.SG	1.5450000000000002	0.08685714285714285	126	0.06496344364366284
RNI013.SG	1.5550000000000002	0.1124452923353159	134	0.06458911775243364
RNI013.SG	1.5650000000000002	0.08199233716475095	145	0.06421687316480688
RNI013.SG	1.5750000000000002	0.05399792315680167	108	0.06384669830844736
RNI013.SG	1.5850000000000002	-0.062244062244062245	111	0.06347858167536369
RNI013.SG	1.595	0.08634466308884914	130	0.06311251182155045
RNI013.SG	1.605	0.10108880231745081	142	0.06274847736663251
RNI013.SG	1.615	0.02952755905511811	128	0.062386466993511185
RNI013.SG	1.625	0.033217371787678154	134	0.0620264694480124
RNI013.SG	1.635	0.01870503597122302	140	0.06166847353853685
RNI013.SG	1.645	0.0556346878927524	155	0.06131246813571208
RNI013.SG	1.655	0.04280790857972066	149	0.0609584421720465
RNI013.SG	1.665	-0.017029702970297027	101	0.060606384641585236
RNI013.SG	1.675	-0.02402001668056714	110	0.06025628459956809
RNI013.SG	1.685	0.12168141592920355	113	0.059908131162089234
RNI013.SG	1.695	0.10329595650696569	109	0.05956191350575885
RNI013.SG	1.705	0.07553729456384324	113	0.0592176208673667
RNI013.SG	1.715	0.003397893306150187	109	0.05887524254354739
RNI013.SG	1.725	0.010099823840281855	131	0.0585347678904478
RNI013.SG	1.735	0.04769001490312966	122	0.058196186323396064
RNI013.SG	1.745	0.022408963585434174	154	0.057859487316572575
RNI013.SG	1.7550000000000001	0.008961911874533232	104	0.057524660402682705
RNI013.SG	1.7650000000000001	-0.007722007722007719	112	0.05719169517263143
RNI013.SG	1.7750000000000001	0.07406171809841534	110	0.056860581275199766
RNI013.SG	1.7850000000000001	-0.011076497057805468	108	0.0565313084167229
RNI013.SG	1.7950000000000002	0.027275111460792024	124	0.056203866360770245
RNI013.SG	1.8050000000000002	0.04790419161676647	168	0.05587824492782714
RNI013.SG	1.8150000000000002	0.18595041322314051	121	0.055554433994978475
RNI013.SG	1.8250000000000002	0.1062992125984252	128	0.055232423495593895
RNI013.SG	1.8350000000000002	0.15069078478849168	119	0.05491220341901497
RNI013.SG	1.845	0.010395841663334664	123	0.05459376381024384
RNI013.SG	1.855	0.02788605697151425	116	0.05427709476963381
RNI013.SG	1.865	0.056559308719560095	134	0.05396218645258167
RNI013.SG	1.875	0.00489751496462906	149	0.053649029069221456
RNI013.SG	1.885	0.12303149606299213	128	0.053337612884120304
RNI013.SG	1.895	0.023622047244094488	128	0.053027928215975594
RNI013.SG	1.905	-0.051036682615629984	133	0.05271996543731419
RNI013.SG	1.915	-0.019107652910469813	143	0.05241371497419296
RNI013.SG	1.925	0.02312992125984252	128	0.05210916730590129
RNI013.SG	1.935	0.050237312887915296	166	0.051806312964664945
RNI013.SG	1.945	0.030438378825475596	156	0.05150514253535187
RNI013.SG	1.955	0.018410852713178293	129	0.051205646655179446
RNI013.SG	1.965	0.049331963001027754	140	0.0509078160134234
RNI013.SG	1.975	0.1973517141302376	149	0.05061164135112838
RNI013.SG	1.985	0.13443526170798897	121	0.050317113460820094
RNI013.SG	1.995	0.17544666820029137	162	0.0500242231862191
RNI013.SG	2.005	0.12861438815637288	132	0.0497329614219561
RNI013.SG	2.015	0.07102858826996758	117	0.049443319113288926
RNI013.SG	2.025	0.17330282227307398	115	0.049155287255821044
RNI013.SG	2.035	0.006664001066240174	123	0.04886885689522156
RNI013.SG	2.045	0.0542483660130719	136	0.048584019126946924
RNI013.SG	2.0549999999999997	0.11119186046511628	129	0.048300765095964086
RNI013.SG	2.065	0.0639083139083139	144	0.04801908599647517
RNI013.SG	2.0749999999999997	0.04693486590038314	145	0.047738973071643785
RNI013.SG	2.085	0.06008674494869353	138	0.04746041761332275
RNI013.SG	2.0949999999999998	0.12717086834733893	120	0.04718341096178336
RNI013.SG	2.105	0.14335664335664336	144	0.04690794450544623
RNI013.SG	2.1149999999999998	0.18072740907386578	127	0.04663400968061352
RNI013.SG	2.125	0.1071262226362366	114	0.04636159797120274
RNI013.SG	2.135	0.06202686202686202	91	0.046090700908481996
RNI013.SG	2.145	0.00038073481819912415	103	0.0458213100708067
RNI013.SG	2.155	0.041830708661417325	128	0.045553417083357806
RNI013.SG	2.165	0.041403286978508216	113	0.045287013617881365
RNI013.SG	2.175	0.09070294784580499	99	0.04502209139242971
RNI013.SG	2.185	0.058896138247222715	107	0.04475864217110391
RNI013.SG	2.195	0.048501487073896135	94	0.04449665776379781
RNI013.SG	2.205	0.21487346685297315	114	0.04423613002594335
RNI013.SG	2.215	0.010533469249065583	109	0.0439770508582574
RNI013.SG	2.225	0.06216006216006216	144	0.04371941220648994
RNI013.SG	2.235	-0.01409048467871997	154	0.04346320606117373
RNI013.SG	2.2449999999999997	0.08963585434173671	120	0.04320842445737525
RNI013.SG	2.255	0.01360415682569674	146	0.04295505947444709
RNI013.SG	2.2649999999999997	0.07194244604316546	140	0.042703103235781796
RNI013.SG	2.275	0.031492063492063495	126	0.04245254790856684
RNI013.SG	2.2849999999999997	0.06945126945126945	111	0.04220338570354132
RNI013.SG	2.295	0.07509677419354839	125	0.041955608874753615
RNI013.SG	2.3049999999999997	0.0	126	0.04170920971932073
RNI013.SG	2.315	0.10108932461873638	136	0.041464180577188696
RNI013.SG	2.3249999999999997	0.06657718120805368	150	0.04122051383089455
RNI013.SG	2.335	0.19741935483870968	125	0.04097820190532945
RNI013.SG	2.3449999999999998	0.010678871090770405	115	0.040737237267503223
RNI013.SG	2.355	0.07822685788787484	118	0.04049761242631014
RNI013.SG	2.3649999999999998	-0.002796923384277291	142	0.040259319932296075
RNI013.SG	2.375	0.11861421021726365	131	0.040022352377426886
RNI013.SG	2.385	0.1509205426356589	129	0.03978670239485812
RNI013.SG	2.395	0.13305785123966943	121	0.03955236265870596
RNI013.SG	2.405	0.09814323607427056	117	0.039319325883819596
RNI013.SG	2.415	-0.009965906110674008	124	0.039087584825554585
RNI013.SG	2.425	0.04036697247706422	110	0.03885713227954777
RNI013.SG	2.435	0.05226722049151956	108	0.03862796108149317
RNI013.SG	2.445	-0.11049504950495048	101	0.038400064106919415
RNI013.SG	2.455	-0.018070818070818076	91	0.03817343427096813
RNI013.SG	2.465	-0.04541935483870967	125	0.037948064528173744
RNI013.SG	2.475	0.03002528445006322	113	0.03772394787224444
RNI013.SG	2.485	-0.05482581382067389	103	0.03750107733584436
RNI013.SG	2.4949999999999997	0.008307372793354105	108	0.03727944599037699
RNI013.SG	2.505	0.142296918767507	85	0.037059046945769746
RNI013.SG	2.5149999999999997	0.03788634097706879	119	0.03683987335025985
RNI013.SG	2.525	0.04917541229385307	116	0.036621918390181224
RNI013.SG	2.5349999999999997	0.005589194224499303	114	0.03640517528975274
RNI013.SG	2.545	0.15262368815592206	116	0.03618963731086753
RNI013.SG	2.5549999999999997	0.0559114735002912	102	0.035975297752883544
RNI013.SG	2.565	0.1817122888759464	102	0.03576214995241522
RNI013.SG	2.5749999999999997	0.059630292188431716	130	0.035550187283126346
RNI013.SG	2.585	-0.02786069651741293	135	0.03533940315552402
RNI013.SG	2.5949999999999998	0.0010838639750711298	122	0.0351297910167539
RNI013.SG	2.605	-0.03006872852233677	97	0.034921344350396316
RNI013.SG	2.6149999999999998	0.10492905153099327	104	0.03471405667626391
RNI013.SG	2.625	0.06771905742393046	94	0.034507921550199966
RNI013.SG	2.635	0.06310679611650485	104	0.03430293256387821
RNI013.SG	2.645	0.026538549530999767	94	0.03409908334460353
RNI013.SG	2.655	0.1208237986270023	115	0.0338963675551139
RNI013.SG	2.665	0.08222811671087533	117	0.033694778893383334
RNI013.SG	2.675	0.13626373626373625	105	0.033494311092425955
RNI013.SG	2.685	0.06656671664167915	116	0.033294957920101224
RNI013.SG	2.695	0.07272727272727274	110	0.03309671317892017
RNI013.SG	2.705	0.011313131313131315	100	0.03289957070585268
RNI013.SG	2.715	0.13760152890587674	92	0.03270352437213597
RNI013.SG	2.725	0.07892004153686397	108	0.03250856808308399
RNI013.SG	2.735	0.1291866028708134	77	0.03231469577789805
RNI013.SG	2.7449999999999997	0.08067226890756302	120	0.03212190142947825
RNI013.SG	2.755	0.05847029077117573	113	0.03193017904423626
RNI013.SG	2.7649999999999997	0.035854341736694675	120	0.03173952266190891
RNI013.SG	2.775	0.10475396163469558	110	0.0315499263553729
RNI013.SG	2.7849999999999997	0.23793597706641184	92	0.03136138423046057
RNI013.SG	2.795	0.13282369804108934	92	0.031173890425776656
RNI013.SG	2.8049999999999997	0.11650485436893204	103	0.03098743911251604
RNI013.SG	2.815	0.09691876750700279	85	0.030802024494282567
RNI013.SG	2.8249999999999997	0.16923076923076924	105	0.030617640806908864
RNI013.SG	2.835	0.043160901301174226	138	0.03043428231827709
RNI013.SG	2.8449999999999998	0.1137357830271216	127	0.030251943328140813
RNI013.SG	2.855	0.08025496161089381	118	0.0300706181679477
RNI013.SG	2.8649999999999998	0.08157248157248156	111	0.02989030120066342
RNI013.SG	2.875	-0.035526315789473684	96	0.029710986820596263
RNI013.SG	2.885	0.02374031007751938	129	0.029532669453223002
RNI013.SG	2.895	0.06599597585513078	71	0.029355343555015474
RNI013.SG	2.905	-0.010033444816053512	92	0.02917900361326833
RNI013.SG	2.915	-0.025165865934568748	94	0.029003644145927616
RNI013.SG	2.925	0.018476903870162303	90	0.02882925970142035
RNI013.SG	2.935	-0.04655263621936166	107	0.028655844858485057
RNI013.SG	2.945	0.06336575302092542	117	0.028483394226003204
RNI013.SG	2.955	0.08533501896333753	113	0.028311902442831632
RNI013.SG	2.965	0.01564537157757497	118	0.028141364177635898
RNI013.SG	2.975	0.020911127707244213	104	0.027971774128724473
RNI013.SG	2.985	-0.023443223443223447	105	0.027803127023884013
RNI013.SG	2.9949999999999997	0.013906447534766117	113	0.027635417620215364
RNI013.SG	3.005	0.09212121212121213	100	0.02746864070397063
RNI013.SG	3.0149999999999997	0.05305039787798408	117	0.027302791090391094
RNI013.SG	3.025	0.04386839481555333	119	0.027137863623545967
RNI013.SG	3.0349999999999997	-0.008327550312283136	132	0.02697385317617221
RNI013.SG	3.045	0.03343023255813954	129	0.026810754649515
RNI013.SG	3.0549999999999997	0.005733397037744865	92	0.026648562973169355
RNI013.SG	3.065	-0.022857142857142857	126	0.026487273104922403
RNI013.SG	3.0749999999999997	0.0753501400560224	120	0.026326880030596703
RNI013.SG	3.085	0.05217757205975174	98	0.026167378763894314
RNI013.SG	3.0949999999999998	0.03268641470888662	89	0.02600876434624181
RNI013.SG	3.105	0.024405638544077426	98	0.0258510318466361
RNI013.SG	3.1149999999999998	0.03071744161582159	98	0.025694176361491176
RNI013.SG	3.125	0.02846441947565543	90	0.02553819301448563
RNI013.SG	3.135	0.015444015444015444	112	0.025383076956411066
RNI013.SG	3.145	0.00396039603960396	101	0.025228823365021358
RNI013.SG	3.155	-0.022710622710622717	105	0.025075427444882753
RNI013.SG	3.165	-0.02384500745156483	122	0.02492288442722475
RNI013.SG	3.175	-0.021114733736997363	114	0.024771189569791893
RNI013.SG	3.185	-0.011627906976744186	129	0.02462033815669629
RNI013.SG	3.195	-0.029357798165137616	110	0.024470325498271064
RNI013.SG	3.205	-0.019028202514441046	109	0.024321146930924513
RNI013.SG	3.215	-0.011676396997497914	110	0.024172797816995172
RNI013.SG	3.225	0.006189213085764811	117	0.024025273544607578
RNI013.SG	3.235	0.018365061590145577	95	0.02387856952752897
RNI013.SG	3.245	0.006837606837606838	91	0.023732681205026637
RNI013.SG	3.255	-0.019766397124887692	106	0.0235876040417262
RNI013.SG	3.2649999999999997	0.0682730923694779	84	0.023443333527470585
RNI013.SG	3.275	0.20978488482771748	103	0.023299865177179795
RNI013.SG	3.2849999999999997	0.14298245614035088	96	0.023157194530711515
RNI013.SG	3.295	0.03353516534699581	114	0.023015317152722425
RNI013.SG	3.3049999999999997	-0.04038814581694204	124	0.022874228632530337
RNI013.SG	3.315	0.09853890587835543	109	0.02273392458397705
RNI013.SG	3.3249999999999997	0.049004274840996766	139	0.022594400645292025
RNI013.SG	3.335	-0.011494252873563218	88	0.02245565247895674
RNI013.SG	3.3449999999999998	0.0052277819268110514	104	0.022317675771569925
RNI013.SG	3.355	0.03998261625380269	118	0.022180466233713354
RNI013.SG	3.3649999999999998	-0.015444015444015437	112	0.02204401959981861
RNI013.SG	3.375	0.07648546144121367	113	0.021908331628034395
RNI013.SG	3.385	-0.060526315789473685	96	0.0217733981000947
RNI013.SG	3.395	0.08310749774164408	82	0.021639214821187663
RNI013.SG	3.405	-0.009009009009009009	112	0.021505777619825143
RNI013.SG	3.415	-0.003669724770642205	110	0.021373082347713044
RNI013.SG	3.425	0.010981468771448183	94	0.021241124879622385
RNI013.SG	3.435	-0.005589194224499303	114	0.021109901113260988
RNI013.SG	3.445	-0.03966942148760331	121	0.020979406969146033
RNI013.SG	3.455	-0.005961251862891206	122	0.02084963839047713
RNI013.SG	3.465	0.11981566820276499	63	0.020720591343010318
RNI013.SG	3.475	0.03666245259165613	113	0.020592261814932542
RNI013.SG	3.485	0.007574163686092993	98	0.02046464581673701
RNI013.SG	3.495	-0.030460366908965038	108	0.020337739381099125
RNI013.SG	3.505	0.05847029077117573	113	0.020211538562753168
RNI013.SG	3.5149999999999997	-0.014035087719298244	96	0.020086039438369632
RNI013.SG	3.525	0.07132188200149366	104	0.019961238106433268
RNI013.SG	3.5349999999999997	0.002745995423340961	115	0.019837130687121816
RNI013.SG	3.545	0.020512820512820516	105	0.019713713322185304
RNI013.SG	3.5549999999999997	0.046975546975546977	112	0.01959098217482623
RNI013.SG	3.565	-0.02050989887480416	119	0.019468933429580164
RNI013.SG	3.5749999999999997	0.02530802530802531	78	0.019347563292197213
RNI013.SG	3.585	-0.013157894736842105	96	0.019226867989524023
RNI013.SG	3.5949999999999998	-0.015289058767319636	92	0.019106843769386504
RNI013.SG	3.605	0.0011881188118811892	101	0.018987486900473156
RNI013.SG	3.6149999999999998	0.038222646918299095	92	0.018868793672219105
RNI013.SG	3.625	0.03088803088803089	112	0.018750760394690716
RNI013.SG	3.635	0.0967741935483871	93	0.018633383398470895
RNI013.SG	3.645	-0.013591573224600749	109	0.018516659034545017
RNI013.SG	3.655	-0.029455081001472753	98	0.018400583674187503
RNI013.SG	3.665	0.045909645909645906	91	0.018285153708848936
RNI013.SG	3.675	-0.012673267326732674	101	0.018170365550043973
RNI013.SG	3.685	0.08236808236808237	112	0.01805621562923975
RNI013.SG	3.695	0.08589263420724096	90	0.017942700397744912
RNI013.SG	3.705	0.04954034729315628	89	0.017829816326599305
RNI013.SG	3.715	0.10687986534820114	98	0.01771755990646435
RNI013.SG	3.725	-0.010692328254477412	87	0.017605927647513786
RNI013.SG	3.735	0.02335279399499583	110	0.017494916079325344
RNI013.SG	3.745	0.05170441546556852	94	0.01738452175077272
RNI013.SG	3.755	0.02530802530802531	78	0.017274741229918383
RNI013.SG	3.7649999999999997	0.017996870109546165	72	0.01716557110390686
RNI013.SG	3.775	-0.0630673674151935	92	0.017057007978858577
RNI013.SG	3.7849999999999997	0.030642954856361152	86	0.016949048479764455
RNI013.SG	3.795	-0.0143003064351379	89	0.01684168925038088
RNI013.SG	3.8049999999999997	-0.013157894736842105	96	0.01673492695312546
RNI013.SG	3.815	-0.028514851485148512	101	0.016628758268973188
RNI013.SG	3.8249999999999997	-0.015841584158415842	101	0.016523179897353312
RNI013.SG	3.835	0.03745318352059925	90	0.016418188556046702
RNI013.SG	3.8449999999999998	-0.02613861386138614	101	0.016313780981083832
RNI013.SG	3.855	0.13681079844429192	94	0.01620995392664327
RNI013.SG	3.8649999999999998	0.14601304439301493	98	0.016106704164950827
RNI013.SG	3.875	0.09603440038222648	92	0.016004028486179173
RNI013.SG	3.885	0.0029321604691456764	123	0.015901923698348048
RNI013.SG	3.895	0.05153099327856609	104	0.015800386627225063
RNI013.SG	3.905	-0.014652014652014652	105	0.015699414116226995
RNI013.SG	3.915	0.014563106796116505	104	0.015599003026321646
RNI013.SG	3.925	-0.009691934925579786	108	0.015499150235930285
RNI013.SG	3.935	-0.018637157833430402	102	0.015399852640830578
RNI013.SG	3.945	0.05527092066449309	114	0.0153011071540601
RNI013.SG	3.955	0.003710575139146569	99	0.015202910705820378
RNI013.SG	3.965	-0.007614781634938405	95	0.015105260243381411
RNI013.SG	3.975	-0.02886002886002886	99	0.015008152730986817
RNI013.SG	3.985	-0.01473684210526316	76	0.014911585149759453
RNI013.SG	3.995	-0.033300033300033303	78	0.014815554497607512
RNI013.SG	4.005	0.03596403596403596	78	0.014720057789131262
RNI013.SG	4.015000000000001	-0.018421052631578946	96	0.014625092055530194
RNI013.SG	4.025	-0.03557951482479785	106	0.014530654344510747
RNI013.SG	4.035	-0.030812324929971987	120	0.014436741720194511
RNI013.SG	4.045	-0.009172809172809172	111	0.014343351263026969
RNI013.SG	4.055	-0.02464525765496639	104	0.014250480069686728
RNI013.SG	4.0649999999999995	-0.029110512129380057	106	0.01415812525299525
RNI013.SG	4.075	-0.03134796238244514	88	0.014066283941827136
RNI013.SG	4.085	0.05738115095913261	110	0.01397495328102082
RNI013.SG	4.095	0.022675736961451247	99	0.013884130431289846
RNI013.SG	4.1049999999999995	-0.022396416573348264	95	0.013793812569134561
RNI013.SG	4.115	-0.03761755485893417	88	0.01370399688675435
RNI013.SG	4.125	-0.019975031210986267	90	0.013614680591960408
RNI013.SG	4.135	0.041879468845760985	89	0.013525860908088844
RNI013.SG	4.145	-0.05049442457395329	98	0.013437535073914406
RNI013.SG	4.155	-0.05019305019305019	112	0.013349700343564634
RNI013.SG	4.165	-0.0025740025740025717	148	0.013262353986434508
RNI013.SG	4.175	-0.004357298474945532	136	0.01317549328710155
RNI013.SG	4.185	-0.028005974607916356	104	0.013089115545241389
RNI013.SG	4.195	-0.028566390407335565	107	0.013003218075543846
RNI013.SG	4.205	0.014196726061132842	118	0.012917798207629432
RNI013.SG	4.215	0.06196213425129088	84	0.012832853285966343
RNI013.SG	4.225	0.0013845621322256857	108	0.012748380669787885
RNI013.SG	4.235	-0.024737167594310452	99	0.012664377733010386
RNI013.SG	4.245	0.08338092518560822	103	0.012580841864151596
RNI013.SG	4.255	-0.023375409069658716	93	0.01249777046624943
RNI013.SG	4.265	-0.030100334448160536	92	0.012415160956781284
RNI013.SG	4.2749999999999995	-0.017211703958691912	84	0.012333010767583742
RNI013.SG	4.285	-0.0379746835443038	80	0.012251317344772708
RNI013.SG	4.295	-0.014011676396997498	110	0.012170078148664082
RNI013.SG	4.305	-0.046620046620046623	78	0.012089290653694702
RNI013.SG	4.3149999999999995	0.020850040096230954	87	0.012008952348343926
RNI013.SG	4.325	-0.033613445378151266	85	0.011929060735055484
RNI013.SG	4.335	-0.08672086720867209	82	0.011849613330159894
RNI013.SG	4.345	-0.016830294530154277	93	0.011770607663797186
RNI013.SG	4.3549999999999995	-0.011721611721611723	105	0.011692041279840183
RNI013.SG	4.365	-0.014629049111807733	88	0.011613911735818074
RNI013.SG	4.375	0.01720019111323459	92	0.011536216602840585
RNI013.SG	4.385	0.003296703296703298	105	0.01145895346552235
RNI013.SG	4.395	-0.007326007326007326	91	0.011382119921907904
RNI013.SG	4.405	-0.00987480162228884	107	0.011305713583396968
RNI013.SG	4.415	0.062200956937799035	77	0.011229732074670248
RNI013.SG	4.425	-0.01865600609175709	103	0.011154173033615516
RNI013.SG	4.435	-0.02103934357248054	98	0.011079034111254226
RNI013.SG	4.445	-0.052580331061343716	79	0.01100431297166846
RNI013.SG	4.455	0.0003960396039603964	101	0.010930007291928376
RNI013.SG	4.465	-0.03684210526315789	96	0.010856114762019885
RNI013.SG	4.475	-0.03894839337877313	79	0.010782633084772935
RNI013.SG	4.485	-0.026373626373626374	91	0.010709559975790019
RNI013.SG	4.495	0.030619865571321885	104	0.010636893163375245
RNI013.SG	4.505	-0.01835915088927137	84	0.010564630388463614
RNI013.SG	4.515	-0.04421052631578948	76	0.010492769404550878
RNI013.SG	4.525	0.02298221614227086	86	0.010421307977623633
RNI013.SG	4.535	0.027538726333907054	84	0.010350243886089915
RNI013.SG	4.545	-0.02402001668056714	110	0.010279574920710122
RNI013.SG	4.555	-0.02272249105827898	98	0.010209298884528314
RNI013.SG	4.5649999999999995	0.004232057838123788	107	0.010139413592803934
RNI013.SG	4.575	0.022765885151206252	109	0.010069916872943889
RNI013.SG	4.585	-0.016483516483516484	105	0.010000806564435
RNI013.SG	4.595	-0.018935409215232485	98	0.009932080518776844
RNI013.SG	4.6049999999999995	0.042105263157894736	96	0.00986373659941495
RNI013.SG	4.615	-0.05921052631578947	96	0.009795772681674378
RNI013.SG	4.625	0.011485148514851487	101	0.009728186652693701
RNI013.SG	4.635	-0.017472335468841003	102	0.009660976411359268
RNI013.SG	4.645	-0.013069454817027634	104	0.009594139868239909
RNI013.SG	4.655	-0.03697478991596639	85	0.009527674945521987
RNI013.SG	4.665	-0.007121492664862552	119	0.009461579576944813
RNI013.SG	4.675	-0.03216461891918889	142	0.009395851707736366
RNI013.SG	4.685	-0.02553191489361702	141	0.009330489294549445
RNI013.SG	4.695	0.010155610155610157	111	0.009265490305398149
RNI013.SG	4.705	-0.009696969696969697	100	0.009200852719594702
RNI013.SG	4.715	-0.024054982817869414	97	0.009136574527686629
RNI013.SG	4.725	0.03891891891891892	75	0.009072653731394272
RNI013.SG	4.735	-0.07314524555903866	88	0.009009088343548705
RNI013.SG	4.745	0.0200475705062861	109	0.008945876388029936
RNI013.SG	4.755	-0.015444015444015443	112	0.008883015899705443
RNI013.SG	4.765	0.01227722772277228	101	0.008820504924369144
RNI013.SG	4.775	-0.035847647498132934	104	0.008758341518680591
RNI013.SG	4.785	-0.010983981693363846	115	0.008696523750104605
RNI013.SG	4.795	-0.018286311389759665	88	0.008635049696851135
RNI013.SG	4.805	0.04349237260629665	79	0.008573917447815577
RNI013.SG	4.8149999999999995	0.03312392918332382	103	0.008513125102519309
RNI013.SG	4.825	-0.00364741641337386	141	0.008452670771050646
RNI013.SG	4.835	-0.03769274700171331	103	0.008392552574006066
RNI013.SG	4.845	0.039775910364145656	120	0.008332768642431806
RNI013.SG	4.8549999999999995	0.0	80	0.008273317117765723
RNI013.SG	4.865	-0.010526315789473684	96	0.00821419615177953
RNI013.SG	4.875	-0.016989466530750934	109	0.008155403906521388
RNI013.SG	4.885	-0.011202389843166542	104	0.008096938554258668
RNI013.SG	4.895	-0.017673048600883652	98	0.008038798277421225
RNI013.SG	4.905	-0.017683465959328026	117	0.007980981268544834
RNI013.SG	4.915	-0.01611721611721612	105	0.007923485730215046
RNI013.SG	4.925	-0.017510259917920656	86	0.00786630987501125
RNI013.SG	4.935	-0.016806722689075633	85	0.007809451925451168
RNI013.SG	4.945	0.006988934187536403	102	0.007752910113935551
RNI013.SG	4.955	0.028732284993205202	102	0.007696682682693262
RNI013.SG	4.965	-0.00862533692722372	106	0.007640767883726596
RNI013.SG	4.975	0.022188905547226388	116	0.007585163978756966
RNI013.SG	4.985	-0.02710027100271003	82	0.007529869239170856
RNI013.SG	4.995	-0.02249913464866736	108	0.007474881945966076
RNI013.SG	5.005	-0.03575076608784474	89	0.007420200389698332
RNI013.SG	5.015	-0.00549073438572409	94	0.007365822870428061
RNI013.SG	5.025	-0.013591573224600749	109	0.0073117476976676124
RNI013.SG	5.035	-0.02284527518172378	108	0.007257973190328675
RNI013.SG	5.045	0.0201028517999065	93	0.007204497676670027
RNI013.SG	5.055	-0.05120167189132706	88	0.007151319494245543
RNI013.SG	5.0649999999999995	-0.03845193508114856	90	0.007098436989852544
RNI013.SG	5.075	-0.040740740740740744	81	0.00704584851948037
RNI013.SG	5.085	-0.051574212893553226	116	0.006993552448259311
RNI013.SG	5.095	-0.026582278481012658	80	0.0069415471504097334
RNI013.SG	5.1049999999999995	-0.030421555845284658	118	0.006889831009191571
RNI013.SG	5.115	-0.008958566629339306	95	0.006838402416854065
RNI013.SG	5.125	-0.023872679045092837	117	0.006787259774585756
RNI013.SG	5.135	-0.0219435736677116	88	0.006736401492464814
RNI013.SG	5.145	0.06347469220246238	86	0.006685825989409581
RNI013.SG	5.155	-0.00533028745478774	103	0.006635531693129426
RNI013.SG	5.165	-0.005471956224350205	86	0.006585517040075899
RNI013.SG	5.175	0.012658227848101266	80	0.006535780475394063
RNI013.SG	5.185	-0.011494252873563218	88	0.0064863204528742115
RNI013.SG	5.195	-0.05534591194968553	106	0.006437135434903756
RNI013.SG	5.205	-0.020973782771535582	90	0.006388223892419473
RNI013.SG	5.215	-0.020066889632107024	92	0.006339584304859915
RNI013.SG	5.225	-0.015170670037926675	113	0.006291215160118188
RNI013.SG	5.235	0.012422360248447206	92	0.006243114954494898
RNI013.SG	5.245	0.0007610350076103531	73	0.0061952821926514546
RNI013.SG	5.255	-0.008600095556617296	92	0.0061477153875635305
RNI013.SG	5.265	-0.023525018670649735	104	0.006100413060474878
RNI013.SG	5.275	0.02477793361383824	93	0.0060533737408513194
RNI013.SG	5.285	-0.025083986562150055	95	0.006006595966335074
RNI013.SG	5.295	0.030199039121482498	94	0.005960078282699247
RNI013.SG	5.305	-0.018386108273748723	89	0.005913819243802667
RNI013.SG	5.3149999999999995	0.05958485958485959	91	0.005867817411544894
RNI013.SG	5.325	-0.030495049504950494	101	0.005822071355821522
RNI013.SG	5.335	0.009292929292929292	100	0.005776579654479739
RNI013.SG	5.345	0.010256410256410255	91	0.00573134089327408
RNI013.SG	5.3549999999999995	-0.02327631810968083	107	0.0056863536658225
RNI013.SG	5.365	0.03506311360448808	93	0.005641616573562605
RNI013.SG	5.375	0.07580477673935618	108	0.005597128225708236
RNI013.SG	5.385	-0.028946178199909543	67	0.005552887239206169
RNI013.SG	5.395	-0.031578947368421054	96	0.005508892238693151
RNI013.SG	5.405	0.11570568821588043	102	0.005465141856453149
RNI013.SG	5.415	0.02596053997923157	108	0.0054216347323748125
RNI013.SG	5.425	0.025078369905956112	88	0.005378369513909203
RNI013.SG	5.435	0.08625840179238238	104	0.005335344856027733
RNI013.SG	5.445	0.02631578947368421	96	0.005292559421180363
RNI013.SG	5.455	0.07612903225806451	125	0.005250011879254019
RNI013.SG	5.465	0.038201586835145455	83	0.005207700907531239
RNI013.SG	5.475	0.0151426907396622	102	0.005165625190649047
RNI013.SG	5.485	-0.019138755980861243	77	0.005123783420558074
RNI013.SG	5.495	0.015049504950495049	101	0.00508217429648188
RNI013.SG	5.505	-0.009691934925579786	108	0.00504079652487652
RNI013.SG	5.515	0.005128205128205127	105	0.004999648819390343
RNI013.SG	5.525	0.09063657203315112	107	0.004958729900823971
RNI013.SG	5.535	0.038521836506159014	95	0.004918038497090581
RNI013.SG	5.545	-0.015789473684210527	96	0.004877573343176296
RNI013.SG	5.555	-0.018648018648018648	78	0.004837333181100914
RNI013.SG	5.5649999999999995	0.04177215189873418	80	0.004797316759878764
RNI013.SG	5.575	-0.014105201292976785	83	0.004757522835479826
RNI013.SG	5.585	-0.05642080517190714	83	0.0047179501707910725
RNI013.SG	5.595	0.011802779364172853	103	0.004678597535577988
RNI013.SG	5.6049999999999995	0.032883350640359986	108	0.004639463706446325
RNI013.SG	5.615	-0.05855855855855856	112	0.004600547466804075
RNI013.SG	5.625	-0.014781634938409855	95	0.004561847606823669
RNI013.SG	5.635	0.054746651135701804	102	0.004523362923404323
RNI013.SG	5.645	0.02909090909090909	100	0.004485092220134673
RNI013.SG	5.655	0.07441860465116279	86	0.004447034307255556
RNI013.SG	5.665	0.028137726767863754	74	0.004409188001623052
RNI013.SG	5.675	0.0011648223645894004	102	0.004371552126671666
RNI013.SG	5.685	0.0019036740909956207	103	0.004334125512377784
RNI013.SG	5.695	-0.02560083594566353	88	0.004296906995223267
RNI013.SG	5.705	0.06151742993848257	77	0.004259895418159314
RNI013.SG	5.715	-0.006438631790744467	71	0.004223089630570472
RNI013.SG	5.725	-0.018806935057302382	83	0.0041864884882388586
RNI013.SG	5.735	0.029792429792429794	91	0.004150090853308613
RNI013.SG	5.745	-0.011204481792717087	85	0.004113895594250504
RNI013.SG	5.755	-0.018518518518518517	81	0.004077901585826763
RNI013.SG	5.765	0.005733397037744865	92	0.004042107709056089
RNI013.SG	5.775	0.10526315789473685	57	0.004006512851178882
RNI013.SG	5.785	-0.04179728317659352	88	0.003971115905622634
RNI013.SG	5.795	-0.012811713566689545	94	0.0039359157719675375
RNI013.SG	5.805	-0.025237817899437	102	0.003900911355912263
RNI013.SG	5.8149999999999995	0.0085420306736556	102	0.0038661015692399506
RNI013.SG	5.825	0.039597533268419347	79	0.003831485329784374
RNI013.SG	5.835	0.029403902699812884	87	0.0037970615613963175
RNI013.SG	5.845	0.03888888888888889	81	0.0037628291939100786
RNI013.SG	5.8549999999999995	0.07594936708860758	79	0.0037287871631102353
RNI013.SG	5.865	0.020132692747654998	94	0.0036949344106985537
RNI013.SG	5.875	0.013958125623130608	119	0.003661269884261076
RNI013.SG	5.885	-0.015865751334858888	115	0.0036277925372354197
RNI013.SG	5.895	-0.014754416618132402	102	0.0035945013288782267
RNI013.SG	5.905	-0.023525018670649735	104	0.003561395224232813
RNI013.SG	5.915	-0.018018018018018018	112	0.0035284731940970126
RNI013.SG	5.925	-0.015148327372185988	98	0.003495734214991145
RNI013.SG	5.935	-0.02879811930649427	83	0.0034631772691262356
RNI013.SG	5.945	0.025225225225225224	75	0.0034308013443723386
RNI013.SG	5.955	-0.0091324200913242	73	0.0033986054342271116
RNI013.SG	5.965	0.06460044809559372	104	0.0033665885377844856
RNI013.SG	5.975	-0.025637373593505198	119	0.0033347496597035805
RNI013.SG	5.985	0.013885778275475925	95	0.0033030878101777336
RNI013.SG	5.995	0.007833436404864978	99	0.003271602004903766
RNI013.SG	6.005	-0.061287027579162406	89	0.0032402912650513387
RNI013.SG	6.015	-0.013157894736842105	96	0.00320915461723256
RNI013.SG	6.025	-0.057692307692307696	65	0.0031781910934716934
RNI013.SG	6.035	-0.01984126984126984	64	0.003147399731175101
RNI013.SG	6.045	-0.038435140700068635	94	0.003116779573101282
RNI013.SG	6.055	-0.01564537157757497	118	0.003086329667331137
RNI013.SG	6.065	-0.0032725572697522207	93	0.003056049067238365
RNI013.SG	6.075	0.0716651610960554	82	0.0030259368314600405
RNI013.SG	6.085	-0.029618659755646058	74	0.002995992023867351
RNI013.SG	6.095	0.02828282828282828	100	0.0029662137135364787
RNI013.SG	6.1049999999999995	-0.032400589101620025	98	0.002936600974719673
RNI013.SG	6.115	0.057503506311360454	93	0.002907152886816473
RNI013.SG	6.125	-0.005584192439862541	97	0.0028778685343450877
RNI013.SG	6.135	-0.022756005056890013	113	0.0028487470069139195
RNI013.SG	6.145	0.05043859649122807	96	0.002819787399193279
RNI013.SG	6.155	0.04492670854749667	103	0.0027909888108872353
RNI013.SG	6.165	-0.0314502038439138	102	0.0027623503467056262
RNI013.SG	6.175	0.02243502051983584	86	0.002733871116336231
RNI013.SG	6.185	-0.0065520065520065516	111	0.0027055502344170796
RNI013.SG	6.195	-0.016783216783216783	66	0.0026773868205089415
RNI013.SG	6.205	0.06785225718194254	86	0.0026493799990679476
RNI013.SG	6.215	-0.013706453455168476	103	0.0026215288994183798
RNI013.SG	6.225	0.12387612387612387	78	0.002593832655725589
RNI013.SG	6.235	0.05656565656565656	100	0.0025662904069690875
RNI013.SG	6.245	0.20027359781121754	86	0.002538901296915786
RNI013.SG	6.255	0.005617977528089887	89	0.002511664474093362
RNI013.SG	6.265	0.002961865975564606	74	0.002484579091763804
RNI013.SG	6.275	-0.029453015427769985	93	0.00245764430789707
RNI013.SG	6.285	-0.0057110222729868645	103	0.0024308592851449377
RNI013.SG	6.295	-0.039417693169092945	95	0.00240422319081494
RNI013.SG	6.305	-0.054179342314935534	118	0.002377735196844505
RNI013.SG	6.315	-0.021978021978021976	105	0.0023513944797751932
RNI013.SG	6.325	-0.06273338312173264	104	0.0023252002207271236
RNI013.SG	6.335	0.011990830541350733	107	0.002299151605373486
RNI013.SG	6.345	0.09816849816849818	91	0.0022732478239152415
RNI013.SG	6.3549999999999995	0.027848101265822787	80	0.0022474880710559543
RNI013.SG	6.365	0.004182754182754184	112	0.0022218715459767337
RNI013.SG	6.375	-0.001044932079414837	88	0.0021963974523113708
RNI013.SG	6.385	0.0636193531141406	87	0.002171064998121545
RNI013.SG	6.395	0.2101656196459166	103	0.0021458733958722356
RNI013.SG	6.405	0.08301158301158303	112	0.0021208218624072118
RNI013.SG	6.415	-0.018015012510425355	110	0.002095909618924716
RNI013.SG	6.425	0.016696481812760885	130	0.0020711358909532252
RNI013.SG	6.435	-0.03706245710363761	94	0.0020464999083273797
RNI013.SG	6.445	0.00246870040557221	107	0.0020220009051640578
RNI013.SG	6.455	0.06447368421052632	96	0.0019976381198385474
RNI013.SG	6.465	0.06583072100313479	88	0.0019734107949608767
RNI013.SG	6.475	0.017999307718933887	108	0.0019493181773522642
RNI013.SG	6.485	0.003980099502487561	135	0.0019253595180217077
RNI013.SG	6.495	-0.01657334826427772	95	0.0019015340721426997
RNI013.SG	6.505	-0.01725067385444744	106	0.0018778410990300714
RNI013.SG	6.515	0.014981273408239702	90	0.0018542798621169606
RNI013.SG	6.525	0.0015802781289506937	113	0.0018308496289319203
RNI013.SG	6.535	0.041640898783755924	99	0.0018075496710761507
RNI013.SG	6.545	0.03881401617250674	106	0.0017843792642008487
RNI013.SG	6.555	0.014629049111807735	88	0.0017613376879846848
RNI013.SG	6.565	-0.02180685358255452	108	0.0017384242261114157
RNI013.SG	6.575	0.0	92	0.0017156381662476261
RNI013.SG	6.585	-0.018648018648018648	78	0.0016929788000205588
RNI013.SG	6.595	-0.006718924972004479	95	0.0016704454229961177
RNI013.SG	6.6049999999999995	0.002818555490311217	131	0.0016480373346569486
RNI013.SG	6.615	0.012877263581488935	71	0.0016257538383806797
RNI013.SG	6.625	-0.02397003745318352	90	0.0016035942414182472
RNI013.SG	6.635	0.07392607392607393	78	0.0015815578548723716
RNI013.SG	6.645	-0.04170008019246191	87	0.001559643993676139
RNI013.SG	6.655	-0.026180458158017766	93	0.0015378519765716953
RNI013.SG	6.665	-0.042710153368278	102	0.001516181126089086
RNI013.SG	6.675	-0.00404040404040404	100	0.0014946307685251704
RNI013.SG	6.685	-0.001791713325867861	95	0.0014732002339226994
RNI013.SG	6.695	-0.00599250936329588	90	0.0014518888560494693
RNI013.SG	6.705	-0.011648223645894	102	0.0014306959723776325
RNI013.SG	6.715	-0.018175916910094125	79	0.0014096209240630742
RNI013.SG	6.725	-0.0050475635798874	102	0.0013886630559249535
RNI013.SG	6.735	-0.02311111111111111	126	0.001367821716425317
RNI013.SG	6.745	-0.024623803009575927	86	0.001347096257648863
RNI013.SG	6.755	-0.036036036036036036	111	0.0013264860352827793
RNI013.SG	6.765	-0.021384656508954825	87	0.0013059904085967224
RNI013.SG	6.775	-0.010256410256410256	91	0.0012856087404228998
RNI013.SG	6.785	-0.04297924297924298	91	0.001265340397136266
RNI013.SG	6.795	-0.043945068664169785	90	0.0012451847486348103
RNI013.SG	6.805	-0.026265389876880985	86	0.0012251411683199746
RNI013.SG	6.815	0.01671891327063741	88	0.0012052090330771778
RNI013.SG	6.825	-0.011896591169068863	94	0.0011853877232564478
RNI013.SG	6.835	-0.04276931301790965	87	0.001165676622653146
RNI013.SG	6.845	-0.03085553997194951	93	0.0011460751184888163
RNI013.SG	6.8549999999999995	-0.024737167594310452	99	0.001126582601392135
RNI013.SG	6.865	0.002631578947368421	96	0.0011071984653799709
RNI013.SG	6.875	-0.008791208791208791	91	0.0010879221078385396
RNI013.SG	6.885	-0.005192107995846314	108	0.0010687529295046743
RNI013.SG	6.895	0.016079158936301793	99	0.0010496903344471907
RNI013.SG	6.905	-0.013445378151260505	120	0.001030733730048368
RNI013.SG	6.915	-0.01025494943740208	119	0.001011882526985519
RNI013.SG	6.925	0.023500309214594926	99	0.000993136139212676
RNI013.SG	6.935	0.016575559865984836	107	0.0009744939839423611
RNI013.SG	6.945	0.029221882432891606	109	0.0009559554816274806
RNI013.SG	6.955	-0.019789734075448363	99	0.0009375200559433002
RNI013.SG	6.965	-0.016563146997929604	70	0.0009191871337695333
RNI013.SG	6.975	-0.025974025974025972	99	0.0009009561451725177
RNI013.SG	6.985	-0.006722689075630252	85	0.0008828265233875011
RNI013.SG	6.995	-0.007836990595611285	88	0.0008647977048010257
RNI013.SG	7.005	-0.006486486486486486	75	0.0008468691289333966
RNI013.SG	7.015	-0.00564274378416505	107	0.0008290402384212689
RNI013.SG	7.025	-0.006835269993164729	77	0.0008113104790003073
RNI013.SG	7.035	-0.012368583797155226	99	0.0007936792994879737
RNI013.SG	7.045	-0.02403846153846154	65	0.0007761461517663717
RNI013.SG	7.055	-0.02188782489740082	86	0.0007587104907652176
RNI013.SG	7.065	0.04035789072910718	103	0.0007413717744448951
RNI013.SG	7.075	-0.014652014652014652	91	0.0007241294637796067
RNI013.SG	7.085	-0.013186813186813187	105	0.0007069830227406071
RNI013.SG	7.095	-0.007920792079207921	101	0.000689931918279544
RNI013.SG	7.1049999999999995	0.024076607387140903	86	0.0006729756203118936
RNI013.SG	7.115	-0.005049442457395329	98	0.0006561136017004679
RNI013.SG	7.125	0.027771933515674314	98	0.000639345338239043
RNI013.SG	7.135	-0.008421052631578947	76	0.0006226703086360456
RNI013.SG	7.145	-0.038834951456310676	104	0.0006060879944983612
RNI013.SG	7.155	-0.037383177570093455	108	0.0005895978803152069
RNI013.SG	7.165	0.0	92	0.0005731994534421202
RNI013.SG	7.175	-0.012519561815336462	72	0.0005568922040850017
RNI013.SG	7.185	-0.053536821705426355	129	0.000540675625284284
RNI013.SG	7.195	-0.018812989921612542	95	0.000524549212899161
RNI013.SG	7.205	-0.041025641025641026	105	0.0005085124655919257
RNI013.SG	7.215	0.0013726835964310222	94	0.0004925648848123697
RNI013.SG	7.225	-0.019221967963386724	115	0.00047670597478230003
RNI013.SG	7.235	-0.015444015444015443	112	0.0004609352424801115
RNI013.SG	7.245	-0.023076923076923075	105	0.0004452521976254756
RNI013.SG	7.255	0.013852048334806955	117	0.000429656352664082
RNI013.SG	7.265	-0.018808777429467086	88	0.0004141472227524941
RNI013.SG	7.275	-0.03333333333333333	81	0.00039872432574306754
RNI013.SG	7.285	-0.007128712871287128	101	0.0003833871821689737
RNI013.SG	7.295	-0.030642954856361152	86	0.00036813531522927705
RNI013.SG	7.305	-0.026265389876880985	86	0.0003529682507741232
RNI013.SG	7.315	0.031626235399820304	106	0.0003378855172900012
RNI013.SG	7.325	-0.01136124552913949	98	0.0003228866458850725
RNI013.SG	7.335	-0.015746124031007752	129	0.000307971170274611
RNI013.SG	7.345	-0.016666666666666666	81	0.00029313862676649035
RNI013.SG	7.3549999999999995	-0.020850040096230954	87	0.00027838855424677875
RNI013.SG	7.365	0.05326460481099656	97	0.000263720494165402
RNI013.SG	7.375	-0.028379387602688575	104	0.0002491339905218849
RNI013.SG	7.385	-0.024242424242424242	100	0.0002346285898511863
RNI013.SG	7.395	-0.031061929722384002	102	0.00022020384120958287
RNI013.SG	7.405	-0.03845193508114856	90	0.00020585929616066378
RNI013.SG	7.415	0.019822282980177717	77	0.00019159450876139218
RNI013.SG	7.425	-0.012461059190031152	108	0.00017740903554822876
RNI013.SG	7.435	-0.01754385964912281	96	0.00016330243552335408
RNI013.SG	7.445	0.008073280546498992	114	0.000149274270140963
RNI013.SG	7.455	-0.012698412698412698	126	0.00013532410329361632
RNI013.SG	7.465	0.07339449541284404	110	0.00012145150129870249
RNI013.SG	7.475	0.044165238911098414	103	0.00010765603288493764
RNI013.SG	7.485	0.06534727408513816	104	9.393726917896611e-05
RNI013.SG	7.495	-0.022123893805309734	113	8.029478369203386e-05
RNI013.SG	7.505	-0.011754334410813987	83	6.672815230671569e-05
RNI013.SG	7.515	-0.025247212286976645	98	5.323695326374129e-05
RNI013.SG	7.525	-0.02103934357248054	98	3.982076714887728e-05
RNI013.SG	7.535	-0.020066889632107024	92	2.647917687989814e-05
RNI013.SG	7.545	-0.02566158781074579	87	1.3211767693605686e-05
RNI013.SG	7.555	-0.0074682598954443615	104	1.812713294573054e-08
RNI013.SG	7.565	-0.025965595585848752	79	-1.3102154965820637e-05
RNI013.SG	7.575	-0.016472203157172273	94	-2.614948648585946e-05
RNI013.SG	7.585	0.07279612876078266	98	-3.9124273042455155e-05
RNI013.SG	7.595	0.01747815230961298	90	-5.202691799561588e-05
RNI013.SG	7.6049999999999995	-0.02150023889154324	92	-6.485782246260646e-05
RNI013.SG	7.615	-0.009623095429029671	87	-7.76173853304328e-05
RNI013.SG	7.625	0.039738195418419824	93	-9.030600326822473e-05
RNI013.SG	7.635	0.07298245614035088	76	-0.00010292407073958423
RNI013.SG	7.645	-0.0121765601217656	73	-0.00011547198001483905
RNI013.SG	7.655	-0.015984015984015984	78	-0.00012795012118324046
RNI013.SG	7.665	-0.006464646464646465	100	-0.00014035888216508592
RNI013.SG	7.675	0.02866698518872432	92	-0.00015269864872378925
RNI013.SG	7.685	0.023564064801178203	98	-0.00016496980447785808
RNI013.SG	7.695	0.10526315789473685	95	-0.0001771727309128365
RNI013.SG	7.705	-0.016472203157172273	94	-0.00018930780739314897
RNI013.SG	7.715	-0.013104013104013103	111	-0.00020137541117390672
RNI013.SG	7.725	0.0210224558050645	92	-0.0002133759174126294
RNI013.SG	7.735	-0.01791713325867861	95	-0.00022530969918090754
RNI013.SG	7.745	0.032017543859649125	96	-0.00023717712747600489
RNI013.SG	7.755	-0.0219435736677116	88	-0.00024897857123238427
RNI013.SG	7.765	0.0665807560137457	97	-0.0002607143973331872
RNI013.SG	7.775	-0.015229392727964974	103	-0.00027238497062163263
RNI013.SG	7.785	0.0050632911392405056	80	-0.0002839906539123583
RNI013.SG	7.795	-0.0073145245559038665	88	-0.0002955318080027059
RNI013.SG	7.805	-0.0037974683544303796	80	-0.00030700879168393293
RNI013.SG	7.815	-0.0365296803652968	73	-0.0003184219617523693
RNI013.SG	7.825	-0.014981273408239699	90	-0.0003297716730205039
RNI013.SG	7.835	0.009122807017543859	76	-0.00034105827832802554
RNI013.SG	7.845	0.14916495081217113	94	-0.000352282128552778
RNI013.SG	7.855	-0.04938271604938271	81	-0.0003634435726216842
RNI013.SG	7.865	-0.044444444444444446	91	-0.00037454295752157706
RNI013.SG	7.875	0.03221649484536082	97	-0.0003855806283100012
RNI013.SG	7.885	0.035750766087844735	89	-0.00039655692812593044
RNI013.SG	7.895	0.019780807270783216	87	-0.0004074721982004405
RNI013.SG	7.905	0.00246870040557221	107	-0.00041832677786731516
RNI013.SG	7.915	0.12539448769198402	98	-0.0004291210045735915
RNI013.SG	7.925	0.11053024645257656	104	-0.00043985521389005916
RNI013.SG	7.935	0.05939463163906339	103	-0.00045052973952168615
RNI013.SG	7.945	-0.014300306435137895	89	-0.0004611449133179971
RNI013.SG	7.955	-0.009623095429029671	87	-0.0004717010652833813
RNI013.SG	7.965	0.00801924619085806	87	-0.0004821985235873665
RNI013.SG	7.975	-0.02821040258595357	83	-0.000492637614574804
RNI013.SG	7.985	-0.02807017543859649	96	-0.0005030186627760309
RNI013.SG	7.995	0.024561403508771926	96	-0.0005133419909169432
RNI013.SG	8.005	0.00233754090696587	93	-0.0005236079199290437
RNI013.SG	8.015	-0.03134796238244514	88	-0.0005338167689594047
RNI013.SG	8.025	-0.00881575080811049	83	-0.0005439688553806024
RNI013.SG	8.035	0.06825619448340346	93	-0.0005540644948005746
RNI013.SG	8.045	0.06464646464646465	100	-0.000564104001072437
RNI013.SG	8.055000000000001	0.08974358974358974	105	-0.0005740876863042394
RNI013.SG	8.065000000000001	0.01304145319049837	114	-0.0005840158608686633
RNI013.SG	8.075000000000001	-0.03865979381443299	97	-0.000593888833412681
RNI013.SG	8.085	0.05714285714285715	91	-0.00060370691086714
RNI013.SG	8.095	-0.04525418748163385	83	-0.0006134703984563136
RNI013.SG	8.105	0.0442632498543972	102	-0.0006231795997073844
RNI013.SG	8.115	0.05043859649122807	96	-0.0006328348164598829
RNI013.SG	8.125	-0.02468410226270937	83	-0.0006424363488750709
RNI013.SG	8.135000000000002	-0.007815154604145433	109	-0.0006519844954452694
RNI013.SG	8.145000000000001	-0.02380952380952381	105	-0.0006614795530031409
RNI013.SG	8.155000000000001	-0.040336134453781515	85	-0.0006709218167309217
RNI013.SG	8.165000000000001	0.04034729315628192	89	-0.0006803115801695887
RNI013.SG	8.175	-0.006336633663366334	101	-0.000689649135227994
RNI013.SG	8.185	-0.06802721088435375	99	-0.0006989347721919354
RNI013.SG	8.195	-0.03865979381443299	97	-0.0007081687797331818
RNI013.SG	8.205	-0.03491447716452125	107	-0.000717351444918448
RNI013.SG	8.215000000000002	0.08273561301084238	110	-0.0007264830532183154
RNI013.SG	8.225000000000001	0.01567973311092577	110	-0.0007355638885161108
RNI013.SG	8.235000000000001	-0.04381846635367762	72	-0.0007445942331167318
RNI013.SG	8.245000000000001	-0.029962546816479398	90	-0.0007535743677554228
RNI013.SG	8.255	-0.011842105263157895	96	-0.000762504571606497
RNI013.SG	8.265	-0.04300047778308648	92	-0.0007713851222920223
RNI013.SG	8.275	0.05873340143003065	89	-0.0007802162958904547
RNI013.SG	8.285	-0.0022878059940517046	94	-0.0007889983669452064
RNI013.SG	8.295000000000002	0.015865751334858888	115	-0.0007977316084731988
RNI013.SG	8.305000000000001	-0.03870043000477783	92	-0.0008064162919733343
RNI013.SG	8.315000000000001	0.05526315789473684	96	-0.0008150526874349505
RNI013.SG	8.325000000000001	0.050475635798874	102	-0.0008236410633462017
RNI013.SG	8.335	-0.00855386260358193	87	-0.0008321816867024143
RNI013.SG	8.345	-0.026755852842809368	92	-0.000840674823014383
RNI013.SG	8.355	0.03287128712871287	101	-0.000849120736316626
RNI013.SG	8.365	0.018018018018018018	112	-0.0008575196891755941
RNI013.SG	8.375	0.029768085842852197	108	-0.0008658719426978283
RNI013.SG	8.385000000000002	0.04707511249567325	108	-0.0008741777565380872
RNI013.SG	8.395000000000001	-0.024188129899216124	95	-0.0008824373889074085
RNI013.SG	8.405000000000001	0.02484472049689441	92	-0.0008906510965811412
RNI013.SG	8.415000000000001	0.008062709966405377	95	-0.0008988191349069306
RNI013.SG	8.425	0.01734778982485404	110	-0.0009069417578126523
RNI013.SG	8.435	0.07191011235955057	90	-0.000915019217814308
RNI013.SG	8.445	0.05307709906199954	94	-0.000923051766023877
RNI013.SG	8.455	0.10221205186880244	115	-0.0009310396521571172
RNI013.SG	8.465000000000002	-0.030078050637730825	103	-0.0009389831245413382
RNI013.SG	8.475000000000001	-0.033934707903780066	97	-0.0009468824301231095
RNI013.SG	8.485000000000001	0.017923823749066467	104	-0.0009547378144759478
RNI013.SG	8.495000000000001	0.16120387548958978	99	-0.0009625495218079463
RNI013.SG	8.505	-0.014969259556268377	87	-0.0009703177949693669
RNI013.SG	8.515	-0.006700758243695993	107	-0.0009780428754601923
RNI013.SG	8.525	0.030495049504950494	101	-0.0009857250034376276
RNI013.SG	8.535	0.020512820512820513	105	-0.0009933644177235752
RNI013.SG	8.545000000000002	-0.005346164127238706	87	-0.0010009613558120542
RNI013.SG	8.555000000000001	0.058217821782178214	101	-0.001008516053876582
RNI013.SG	8.565000000000001	-0.013132694938440492	86	-0.0010160287467775183
RNI013.SG	8.575000000000001	0.08660785886126704	87	-0.0010234996680693698
RNI013.SG	8.585	0.03809523809523809	70	-0.0010309290500080466
RNI013.SG	8.595	-0.03368421052631579	76	-0.0010383171235580828
RNI013.SG	8.605	-0.020768431983385256	108	-0.001045664118399821
RNI013.SG	8.615	0.037296037296037296	78	-0.001052970262936544
RNI013.SG	8.625000000000002	0.03343782654127482	88	-0.0010602357843015867
RNI013.SG	8.635000000000002	-0.02314327792972859	98	-0.001067460908365386
RNI013.SG	8.645000000000001	-0.0027722772277227747	101	-0.001074645859742512
RNI013.SG	8.655000000000001	0.04918032786885245	61	-0.0010817908617986453
RNI013.SG	8.665000000000001	0.10736764161421695	74	-0.0010888961366575225
RNI013.SG	8.675	0.03312629399585921	70	-0.001095961905207843
RNI013.SG	8.685	-0.031481481481481485	81	-0.0011029883871101305
RNI013.SG	8.695	0.07527853056308341	82	-0.0011099758008035702
RNI013.SG	8.705	0.031578947368421054	96	-0.0011169243635127935
RNI013.SG	8.715000000000002	0.06464646464646465	100	-0.0011238342912546354
RNI013.SG	8.725000000000001	-0.04114017043784896	83	-0.0011307057988448404
RNI013.SG	8.735000000000001	0.027115474520804116	93	-0.0011375390999047552
RNI013.SG	8.745000000000001	0.009817671809256663	93	-0.0011443344068679594
RNI013.SG	8.755	-0.006102212051868806	115	-0.001151091930986874
RNI013.SG	8.765	-0.01139240506329114	80	-0.0011578118823393246
RNI013.SG	8.775	-0.010126582278481011	80	-0.0011644944698350774
RNI013.SG	8.785	-0.04089581304771178	79	-0.001171139901222331
RNI013.SG	8.795000000000002	-0.0020614306328592086	99	-0.0011777483830941763
RNI013.SG	8.805000000000001	0.007166746297181077	92	-0.0011843201208950147
RNI013.SG	8.815000000000001	0.0661512027491409	97	-0.0011908553189269523
RNI013.SG	8.825000000000001	-0.02378525314305131	109	-0.0011973541803561466
RNI013.SG	8.835	-0.03220035778175313	130	-0.0012038169072191198
RNI013.SG	8.845	-0.032158317872603585	99	-0.0012102437004290474
RNI013.SG	8.855	0.02772277227722772	101	-0.0012166347597819978
RNI013.SG	8.865	0.029509183980728694	82	-0.0012229902839631464
RNI013.SG	8.875000000000002	0.029618659755646058	74	-0.0012293104705529529
RNI013.SG	8.885000000000002	0.04185692541856925	73	-0.0012355955160332974
RNI013.SG	8.895000000000001	-0.034482758620689655	88	-0.001241845615793599
RNI013.SG	8.905000000000001	-0.0029962546816479393	90	-0.0012480609641368821
RNI013.SG	8.915000000000001	0.040246673158065564	79	-0.0012542417542858219
RNI013.SG	8.925	-0.04543979227523531	79	-0.0012603881783887446
RNI013.SG	8.935	0.00819252432155658	63	-0.0012665004275256087
RNI013.SG	8.945	-0.05617283950617284	81	-0.0012725786917139412
RNI013.SG	8.955	0.05092186128182616	68	-0.0012786231599147444
RNI013.SG	8.965000000000002	-0.047593865679534636	62	-0.0012846340200383742
RNI013.SG	8.975000000000001	-0.010810810810810808	75	-0.0012906114589503728
RNI013.SG	8.985000000000001	-0.02089864158829676	88	-0.0012965556624772898
RNI013.SG	8.995000000000001	-0.036133694670280034	82	-0.001302466815412453
RNI013.SG	9.005	-0.046756282875511396	59	-0.0013083451015217101
RNI013.SG	9.015	0.02976190476190476	64	-0.0013141907035491504
RNI013.SG	9.025	0.017763845350052244	88	-0.0013200038032227784
RNI013.SG	9.035	-0.025974025974025976	78	-0.001325784581260164
RNI013.SG	9.045000000000002	0.07010710808179163	79	-0.001331533217374066
RNI013.SG	9.055000000000001	-0.0041536863966770525	108	-0.0013372498902780119
RNI013.SG	9.065000000000001	-0.02397003745318352	90	-0.0013429347776918608
RNI013.SG	9.075000000000001	-0.026923076923076925	65	-0.001348588056347322
RNI013.SG	9.085	-0.01915184678522572	86	-0.0013542099019934536
RNI013.SG	9.095	-0.05507745266781411	84	-0.0013598004894021245
RNI013.SG	9.105	-0.006464883925947694	83	-0.0013653599923734482
RNI013.SG	9.115	0.011168384879725083	97	-0.0013708885837411856
RNI013.SG	9.125000000000002	0.06091825307950728	95	-0.001376386435378117
RNI013.SG	9.135000000000002	0.07137954701441318	94	-0.0013818537182013861
RNI013.SG	9.145000000000001	0.0063740402723453556	118	-0.0013872906021778152
RNI013.SG	9.155000000000001	-0.027965043695380776	90	-0.0013926972563291884
RNI013.SG	9.165000000000001	-0.023564064801178203	98	-0.0013980738487375014
RNI013.SG	9.175	-0.004535147392290251	99	-0.0014034205465501947
RNI013.SG	9.185	0.03424657534246575	73	-0.001408737515985345
RNI013.SG	9.195	-0.018091361374943462	67	-0.0014140249223368322
RNI013.SG	9.205	0.014727540500736375	98	-0.001419282929979482
RNI013.SG	9.215000000000002	-0.08253968253968254	91	-0.0014245117023741708
RNI013.SG	9.225000000000001	-0.021026592455163882	99	-0.00142971140207291
RNI013.SG	9.235000000000001	-0.014354066985645932	77	-0.0014348821907239021
RNI013.SG	9.245000000000001	0.045875251509054325	71	-0.00144002422907656
RNI013.SG	9.255	-0.02107111501316945	68	-0.0014451376769865098
RNI013.SG	9.265	-0.03137254901960784	85	-0.0014502226934205579
RNI013.SG	9.275	0.01747815230961298	90	-0.001455279436461633
RNI013.SG	9.285	0.06769936890418818	84	-0.001460308063313702
RNI013.SG	9.295000000000002	-0.02408912978018669	82	-0.0014653087303066528
RNI013.SG	9.305000000000001	-0.030111412225233364	82	-0.0014702815929011617
RNI013.SG	9.315000000000001	-0.031460674157303366	90	-0.0014752268056935196
RNI013.SG	9.325000000000001	-0.013291139240506329	80	-0.0014801445224204416
RNI013.SG	9.335	0.01227722772277228	101	-0.001485034895963846
RNI013.SG	9.345	-0.03380281690140845	71	-0.0014898980783556045
RNI013.SG	9.355	-0.022982635342185906	89	-0.001494734220782272
RNI013.SG	9.365	-0.018633540372670808	92	-0.0014995434735897862
RNI013.SG	9.375000000000002	-0.04817825956037338	82	-0.0015043259862881405
RNI013.SG	9.385000000000002	-0.0196078431372549	85	-0.0015090819075560284
RNI013.SG	9.395000000000001	0.037826961770623745	71	-0.0015138113852454734
RNI013.SG	9.405000000000001	-0.029548563611491108	86	-0.001518514566386421
RNI013.SG	9.415000000000001	0.017977528089887642	90	-0.0015231915971913083
RNI013.SG	9.425	-0.01603849238171612	87	-0.0015278426230596132
RNI013.SG	9.435	-0.017533606078316773	59	-0.0015324677885823691
RNI013.SG	9.445	-0.025293586269196026	82	-0.0015370672375466662
RNI013.SG	9.455	-0.004276931301790965	87	-0.0015416411129401178
RNI013.SG	9.465000000000002	-0.056338028169014086	71	-0.0015461895569553077
RNI013.SG	9.475000000000001	-0.006259780907668234	72	-0.0015507127109942054
RNI013.SG	9.485000000000001	-0.037400654511453954	93	-0.0015552107156725692
RNI013.SG	9.495000000000001	-0.06491885143570536	90	-0.001559683710824314
RNI013.SG	9.505	-0.03272557269752221	93	-0.0015641318355058592
RNI013.SG	9.515	-0.030690537084398978	69	-0.001568555228000449
RNI013.SG	9.525	-0.020429009193054137	89	-0.0015729540258224563
RNI013.SG	9.535	-0.045103092783505154	97	-0.0015773283657216537
RNI013.SG	9.545000000000002	-0.03801980198019802	101	-0.001581678383687468
RNI013.SG	9.555000000000001	-0.029131652661064426	85	-0.0015860042149532022
RNI013.SG	9.565000000000001	0.03663003663003664	91	-0.0015903059940002469
RNI013.SG	9.575000000000001	-0.02460697197539303	77	-0.0015945838545622566
RNI013.SG	9.585	-0.011764705882352941	85	-0.0015988379296293085
RNI013.SG	9.595	-0.0409626216077829	63	-0.0016030683514520368
RNI013.SG	9.605	-0.029938519112536754	87	-0.0016072752515457422
RNI013.SG	9.615	0.0324846356453029	68	-0.001611458760694484
RNI013.SG	9.625000000000002	-0.03007518796992481	57	-0.0016156190089551443
RNI013.SG	9.635000000000002	-0.030758714969241284	77	-0.0016197561256614682
RNI013.SG	9.645000000000001	-0.0701344243132671	59	-0.0016238702394280923
RNI013.SG	9.655000000000001	-0.07207207207207207	75	-0.0016279614781545327
RNI013.SG	9.665000000000001	-0.04091174751607247	59	-0.00163202996902917
RNI013.SG	9.675	-0.021709633649932156	67	-0.0016360758385331985
RNI013.SG	9.685	-0.01515151515151515	121	-0.00164009921244456
RNI013.SG	9.695	0.012048192771084338	84	-0.0016441002158418547
RNI013.SG	9.705	-0.07326007326007325	91	-0.0016480789731082254
RNI013.SG	9.715000000000002	-0.004215597711532671	82	-0.001652035607935231
RNI013.SG	9.725000000000001	0.025170998632010947	86	-0.0016559702433266855
RNI013.SG	9.735000000000001	-0.002664002664002664	78	-0.0016598830016024868
RNI013.SG	9.745000000000001	-0.008431195423065342	82	-0.0016637740044024157
RNI013.SG	9.755	0.0	84	-0.00166764337268992
RNI013.SG	9.765	0.011228070175438596	76	-0.001671491226755874
RNI013.SG	9.775	-0.009987515605493137	90	-0.0016753176862223176
RNI013.SG	9.785	-0.0029962546816479393	90	-0.001679122870046177
RNI013.SG	9.795000000000002	-0.016722408026755856	92	-0.0016829068965229592
RNI013.SG	9.805000000000001	-0.014906832298136644	70	-0.0016866698832904334
RNI013.SG	9.815000000000001	0.04596527068437181	89	-0.0016904119473322866
RNI013.SG	9.825000000000001	-0.03508217446270544	113	-0.0016941332049817594
RNI013.SG	9.835	-0.018518518518518517	81	-0.0016978337719252647
RNI013.SG	9.845	0.034675286511901264	83	-0.0017015137632059823
RNI013.SG	9.855	0.013596491228070174	96	-0.0017051732932274362
RNI013.SG	9.865	0.010126582278481011	80	-0.001708812475757052
RNI013.SG	9.875000000000002	0.0636193531141406	87	-0.0017124314239296903
RNI013.SG	9.885000000000002	-0.014809329877823029	74	-0.0017160302502511682
RNI013.SG	9.895000000000001	0.06451612903225806	93	-0.0017196090666017543
RNI013.SG	9.905000000000001	0.012585499316005474	86	-0.0017231679842396484
RNI013.SG	9.915000000000001	0.03164556962025317	80	-0.0017267071138044375
RNI013.SG	9.925	-0.0006491398896462222	79	-0.0017302265653205387
RNI013.SG	9.935	-0.032432432432432434	75	-0.0017337264482006178
RNI013.SG	9.945	-0.026640026640026637	78	-0.0017372068712489912
RNI013.SG	9.955	-0.014848657909765847	103	-0.0017406679426650085
RNI013.SG	9.965000000000002	-0.008712871287128714	101	-0.0017441097700464153
RNI013.SG	9.975000000000001	-0.013186813186813187	91	-0.0017475324603926983
RNI013.SG	9.985000000000001	0.025174825174825173	66	-0.0017509361201084148
RNI013.SG	9.995000000000001	-0.053708439897698204	69	-0.0017543208550064948
ZKU002.SG	0.055	0.0879241306638567	950	0.13040731908238065
ZKU002.SG	0.065	0.10707212285566288	888	0.12879668944064315
ZKU002.SG	0.07500000000000001	0.11883515245619643	811	0.12720608757584592
ZKU002.SG	0.085	0.11474868129581808	809	0.1256352644475896
ZKU002.SG	0.095	0.14076507150437112	771	0.12408397411222995
ZKU002.SG	0.10500000000000001	0.14628866353607387	779	0.12255197368437046
ZKU002.SG	0.115	0.12992088994118423	730	0.12103902329883381
ZKU002.SG	0.125	0.11526089371762245	682	0.11954488607310622
ZKU002.SG	0.135	0.09455928237129485	641	0.11806932807024871
ZKU002.SG	0.14500000000000002	0.07809889742733044	657	0.11661211826226965
ZKU002.SG	0.155	0.10287146720948422	652	0.11517302849395278
ZKU002.SG	0.165	0.1168328351621898	632	0.11375183344713484
ZKU002.SG	0.175	0.08726175834238568	668	0.11234831060542766
ZKU002.SG	0.185	0.10653509588531	656	0.1109622402193787
ZKU002.SG	0.195	0.07438653153654824	657	0.10959340527206497
ZKU002.SG	0.20500000000000002	0.13169552960128877	573	0.1082415914451146
ZKU002.SG	0.21500000000000002	0.13738698460009935	550	0.10690658708515112
ZKU002.SG	0.22500000000000003	0.1992021117043614	633	0.10558818317065488
ZKU002.SG	0.235	0.1524391265263734	599	0.10428617327923663
ZKU002.SG	0.245	0.12638507789423178	517	0.10300035355531781
ZKU002.SG	0.255	0.08950942512586348	585	0.10173052267821311
ZKU002.SG	0.265	0.04633842487271152	544	0.1004764818306096
ZKU002.SG	0.275	0.03475934350832776	602	0.09923803466743787
ZKU002.SG	0.28500000000000003	0.06331344753981719	605	0.09801498728513044
ZKU002.SG	0.295	0.05226608187134503	513	0.09680714819126218
ZKU002.SG	0.305	0.05958933287892988	485	0.09561432827456838
ZKU002.SG	0.315	0.07474534597822269	585	0.09443634077533565
ZKU002.SG	0.325	0.06357615894039735	605	0.09327300125616095
ZKU002.SG	0.335	0.11107007061379685	526	0.09212412757307423
ZKU002.SG	0.345	0.0666649123268686	478	0.09098953984702016
ZKU002.SG	0.355	0.04392099128941234	495	0.08986906043569451
ZKU002.SG	0.365	0.08170392112591254	516	0.08876251390573067
ZKU002.SG	0.375	0.05447429337231969	513	0.08766972700523214
ZKU002.SG	0.385	0.151555801046845	552	0.08659052863664637
ZKU002.SG	0.395	0.07281656053948636	584	0.08552474982997617
ZKU002.SG	0.40499999999999997	0.07676767676767678	540	0.08447222371632396
ZKU002.SG	0.415	0.0990774956102419	553	0.08343278550176524
ZKU002.SG	0.425	0.053220505458803975	515	0.08240627244154668
ZKU002.SG	0.435	0.06760612386917189	480	0.08139252381460538
ZKU002.SG	0.445	0.16689510233918128	513	0.0803913808984046
ZKU002.SG	0.455	0.06583292563600783	512	0.0794026869440827
ZKU002.SG	0.465	0.07111596544322327	514	0.07842628715191094
ZKU002.SG	0.475	0.09482796271870442	479	0.0774620286470565
ZKU002.SG	0.485	0.104600744407352	511	0.07650976045564688
ZKU002.SG	0.495	0.051202800327697924	464	0.07556933348113196
ZKU002.SG	0.505	0.15221669994194525	532	0.07464060048093994
ZKU002.SG	0.515	0.08816830093425838	518	0.07372341604342357
ZKU002.SG	0.525	0.06681311201522207	509	0.07281763656509314
ZKU002.SG	0.535	0.06682634730538922	501	0.07192312022813237
ZKU002.SG	0.545	0.03869161257477408	486	0.07103972697819408
ZKU002.SG	0.555	0.08624381105312458	424	0.07016731850247193
ZKU002.SG	0.5650000000000001	0.042289253744007466	486	0.0693057582080447
ZKU002.SG	0.5750000000000001	0.07850459941819325	553	0.06845491120049002
ZKU002.SG	0.5850000000000001	0.05925512623796903	536	0.06761464426276394
ZKU002.SG	0.5950000000000001	0.0559347544541286	535	0.06678482583434311
ZKU002.SG	0.6050000000000001	0.07504230830364739	463	0.06596532599062647
ZKU002.SG	0.6150000000000001	0.08755669493196608	462	0.06515601642259283
ZKU002.SG	0.6250000000000001	0.07505153650702334	409	0.06435677041671164
ZKU002.SG	0.635	0.09767718880285885	438	0.0635674628351034
ZKU002.SG	0.645	0.04792099312381744	466	0.06278797009594683
ZKU002.SG	0.655	0.03436780051497493	471	0.06201817015412981
ZKU002.SG	0.665	0.07317762085822922	526	0.06125794248214056
ZKU002.SG	0.675	0.059267480577136517	425	0.06050716805119682
ZKU002.SG	0.685	0.06930518219100132	452	0.05976572931260949
ZKU002.SG	0.6950000000000001	0.05966125534782864	453	0.05903351017937804
ZKU002.SG	0.7050000000000001	0.08370411568409343	465	0.05831039600801474
ZKU002.SG	0.7150000000000001	0.060469304518247786	435	0.05759627358059499
ZKU002.SG	0.7250000000000001	0.09643605870020965	424	0.05689103108703078
ZKU002.SG	0.7350000000000001	0.041421491089317725	436	0.056194558107564574
ZKU002.SG	0.7450000000000001	0.06325268394233911	407	0.05550674559548094
ZKU002.SG	0.755	0.041800920953544936	403	0.05482748586003308
ZKU002.SG	0.765	0.06761133603238867	456	0.05415667254958169
ZKU002.SG	0.775	0.10585446299732014	441	0.053494200634943534
ZKU002.SG	0.785	0.05698670634341784	454	0.05283996639294702
ZKU002.SG	0.795	0.07854362262422716	397	0.052193867390192245
ZKU002.SG	0.805	0.04320379492793286	406	0.051555802467013044
ZKU002.SG	0.8150000000000001	0.11772535100996921	392	0.050925671721638394
ZKU002.SG	0.8250000000000001	0.06897692107811872	412	0.050303376494550835
ZKU002.SG	0.8350000000000001	0.05536618117963021	462	0.049688819353039315
ZKU002.SG	0.8450000000000001	0.05314949808138448	427	0.04908190407594424
ZKU002.SG	0.8550000000000001	0.07467481054179391	421	0.048482535638592006
ZKU002.SG	0.8650000000000001	0.07910158377448098	429	0.04789062019791713
ZKU002.SG	0.8750000000000001	0.059345477321363325	392	0.047306065077769154
ZKU002.SG	0.885	0.07692598329995845	399	0.04672877875440242
ZKU002.SG	0.895	0.10156850596078161	418	0.04615867084214611
ZKU002.SG	0.905	0.03927949110910503	437	0.04559565207925267
ZKU002.SG	0.915	0.07752731212568091	447	0.04503963431392204
ZKU002.SG	0.925	0.07543197652117287	474	0.04449053049049977
ZKU002.SG	0.935	0.04079031230082855	523	0.043948254635846715
ZKU002.SG	0.9450000000000001	0.12508546547194935	472	0.04341272184587819
ZKU002.SG	0.9550000000000001	0.07475836113249507	433	0.04288384827227062
ZKU002.SG	0.9650000000000001	0.03353991207161396	435	0.042361551109333324
ZKU002.SG	0.9750000000000001	0.08524896595609291	449	0.04184574858104373
ZKU002.SG	0.9850000000000001	0.09272361659343115	464	0.04133635992824364
ZKU002.SG	0.9950000000000001	0.035474354614882686	467	0.04083330539599479
ZKU002.SG	1.0050000000000001	0.09687420285305025	452	0.040336506221091646
ZKU002.SG	1.015	0.05980487078275117	464	0.03984588461972947
ZKU002.SG	1.025	0.09402251466624385	477	0.03936136377532561
ZKU002.SG	1.035	0.049247784315185825	464	0.038882867826492515
ZKU002.SG	1.045	0.0706807074116995	446	0.03841032185515996
ZKU002.SG	1.0550000000000002	0.07012388631608642	413	0.0379436518748452
ZKU002.SG	1.0650000000000002	0.022360845532532942	438	0.037482784819068936
ZKU002.SG	1.075	0.013713623486994593	353	0.037027648529915254
ZKU002.SG	1.085	0.012218522489982505	377	0.03657817174673386
ZKU002.SG	1.095	0.03779861221463002	435	0.03613428409498287
ZKU002.SG	1.105	0.011288926776972656	394	0.03569591607521024
ZKU002.SG	1.115	0.04366606791549055	433	0.035262999052172186
ZKU002.SG	1.125	0.03465384321807496	397	0.03483546524408707
ZKU002.SG	1.135	0.02241683550094765	429	0.03441324771202275
ZKU002.SG	1.145	0.02395279376411452	371	0.03399628034941596
ZKU002.SG	1.155	0.07437905485815194	457	0.033584497871722026
ZKU002.SG	1.165	0.0291634494892599	398	0.03317783580619328
ZKU002.SG	1.175	0.03889564160444522	443	0.03277623048178454
ZKU002.SG	1.185	0.0374662184430822	390	0.032379619019184146
ZKU002.SG	1.195	0.013259842244564599	479	0.03198793932096898
ZKU002.SG	1.205	0.04396615676442141	462	0.03160113006188183
ZKU002.SG	1.215	0.0232193506333351	477	0.03121913067922977
ZKU002.SG	1.225	0.03961523600349785	444	0.030841881363401758
ZKU002.SG	1.235	0.0354192959234976	442	0.03046932304850437
ZKU002.SG	1.245	-0.0033328704346618533	380	0.03010139740311376
ZKU002.SG	1.2550000000000001	0.04950294177317915	372	0.02973804682114277
ZKU002.SG	1.2650000000000001	0.05419973936737353	368	0.029379214412821545
ZKU002.SG	1.2750000000000001	0.04832256078793476	361	0.029024843995790292
ZKU002.SG	1.2850000000000001	0.023066997065238494	419	0.028674880086302795
ZKU002.SG	1.2950000000000002	0.03726181326690165	389	0.02832926789053938
ZKU002.SG	1.3050000000000002	0.04862712700652875	418	0.027987953296027802
ZKU002.SG	1.3150000000000002	-0.016537248562266453	389	0.027650882863170887
ZKU002.SG	1.3250000000000002	0.01854495209601352	419	0.0273180038168795
ZKU002.SG	1.335	0.05399310992796743	310	0.026989264038309535
ZKU002.SG	1.345	-0.0003521070405403267	354	0.026664612056701675
ZKU002.SG	1.355	0.02776782688676962	455	0.026343997041322658
ZKU002.SG	1.365	0.008220537169584013	412	0.02602736879350664
ZKU002.SG	1.375	0.00909435392194013	378	0.025714677738795683
ZKU002.SG	1.385	0.019999086799689515	363	0.025405874919177805
ZKU002.SG	1.395	0.024078899627271826	427	0.025100911985421682
ZKU002.SG	1.405	-0.006106606865620148	341	0.02479974118950658
ZKU002.SG	1.415	-0.007390448648431538	387	0.024502315377146488
ZKU002.SG	1.425	0.007246376811594201	369	0.024208587980407113
ZKU002.SG	1.435	-0.01745891401063815	378	0.023918513010414845
ZKU002.SG	1.445	0.01335798199057785	410	0.023632045050156158
ZKU002.SG	1.455	0.0001799138983486484	395	0.023349139247366774
ZKU002.SG	1.465	0.017234766767342632	409	0.02306975130750909
ZKU002.SG	1.475	0.002225970419836379	418	0.022793837486837012
ZKU002.SG	1.485	-0.03127819548872181	400	0.02252135458554699
ZKU002.SG	1.495	-0.02004139307038311	367	0.022252259941014232
ZKU002.SG	1.5050000000000001	0.03391496682231507	313	0.021986511421113023
ZKU002.SG	1.5150000000000001	0.017035834598802604	339	0.02172406741762009
ZKU002.SG	1.5250000000000001	0.043460992907801414	376	0.021464886839700027
ZKU002.SG	1.5350000000000001	-0.018085383879662638	372	0.021208929107471675
ZKU002.SG	1.5450000000000002	0.02568116814692157	365	0.02095615414565458
ZKU002.SG	1.5550000000000002	0.07465119491642493	381	0.020706522377294357
ZKU002.SG	1.5650000000000002	-0.00034235383825337274	359	0.020459994717566158
ZKU002.SG	1.5750000000000002	-0.002869277961302501	326	0.020216532567655175
ZKU002.SG	1.5850000000000002	0.0051870051870051845	297	0.019976097808713192
ZKU002.SG	1.595	0.027062162409594432	331	0.019738652795890363
ZKU002.SG	1.605	-0.00840905242959535	377	0.01950416035244112
ZKU002.SG	1.615	0.000145698258905805	371	0.019272583763903443
ZKU002.SG	1.625	-0.02257679366113101	333	0.019043886772350475
ZKU002.SG	1.635	0.009748377907896821	356	0.018818033570713592
ZKU002.SG	1.645	-0.008806275130182586	390	0.01859498879717613
ZKU002.SG	1.655	0.0578149179820489	360	0.01837471752963679
ZKU002.SG	1.665	0.027398850641434956	322	0.018157185280241843
ZKU002.SG	1.675	0.024049079754601226	326	0.01794235798998542
ZKU002.SG	1.685	-0.005201515072175384	339	0.01773020202337686
ZKU002.SG	1.695	0.00687679083094556	350	0.017520684163174448
ZKU002.SG	1.705	0.022886204704386518	364	0.017313771605184523
ZKU002.SG	1.715	0.03110886417256488	345	0.017109431953125406
ZKU002.SG	1.725	0.05112471505784864	374	0.01690763321355507
ZKU002.SG	1.735	0.013513271963535614	335	0.016708343790861935
ZKU002.SG	1.745	0.028048986963146904	377	0.016511532482317962
ZKU002.SG	1.7550000000000001	-0.0034915160418130353	307	0.01631716847319323
ZKU002.SG	1.7650000000000001	0.012431934321856413	346	0.016125221331931283
ZKU002.SG	1.7750000000000001	-0.0009751340809361313	294	0.01593566100538446
ZKU002.SG	1.7850000000000001	-0.013592148688553065	304	0.015748457814108482
ZKU002.SG	1.7950000000000002	-0.018765935747067822	371	0.015563582447715526
ZKU002.SG	1.8050000000000002	0.03929277305147375	432	0.015381005960285127
ZKU002.SG	1.8150000000000002	-0.005989304812834225	375	0.015200699765832106
ZKU002.SG	1.8250000000000002	0.01422808947561423	405	0.015022635633830862
ZKU002.SG	1.8350000000000002	0.010027855153203341	360	0.014846785684795308
ZKU002.SG	1.845	-0.0037590150797697963	371	0.014673122385913822
ZKU002.SG	1.855	0.0072727272727272745	375	0.01450161854673838
ZKU002.SG	1.865	-0.0242194238399172	341	0.014332247314927408
ZKU002.SG	1.875	-0.044104732476825496	430	0.014164982172041481
ZKU002.SG	1.885	0.024036569491114945	364	0.013999796929391326
ZKU002.SG	1.895	0.055898485468686046	350	0.013836665723937488
ZKU002.SG	1.905	0.06613567701180993	331	0.013675563014240942
ZKU002.SG	1.915	0.027614390664493425	412	0.013516463576464051
ZKU002.SG	1.925	0.03219452139119729	361	0.01335934250042132
ZKU002.SG	1.935	-0.004158659768415865	451	0.013204175185679172
ZKU002.SG	1.945	0.007364513734224202	450	0.013050937337704268
ZKU002.SG	1.955	0.0015808714553897855	349	0.012899604964059723
ZKU002.SG	1.965	-0.024272661881513904	362	0.01275015437064861
ZKU002.SG	1.975	0.0248854325788085	380	0.012602562158004156
ZKU002.SG	1.985	0.0011893025366571215	358	0.012456805217626125
ZKU002.SG	1.995	-0.028251132960538522	389	0.0123128607283627
ZKU002.SG	2.005	0.013054830287206266	384	0.012170706152837385
ZKU002.SG	2.015	0.033676803216888665	346	0.012030319233920315
ZKU002.SG	2.025	0.008997311299101578	391	0.011891677991243483
ZKU002.SG	2.035	-0.0009548818333731188	355	0.01175476071775925
ZKU002.SG	2.045	-0.0018461048778546964	355	0.011619545976341707
ZKU002.SG	2.0549999999999997	-0.015981005433541844	363	0.011486012596430221
ZKU002.SG	2.065	-0.019293456655977526	389	0.011354139670714808
ZKU002.SG	2.0749999999999997	-0.004447979262401321	369	0.011223906551862662
ZKU002.SG	2.085	0.04999901421501942	319	0.01109529284928537
ZKU002.SG	2.0949999999999998	0.0036399373930768412	332	0.010968278425946417
ZKU002.SG	2.105	0.011924119241192408	370	0.010842843395208286
ZKU002.SG	2.1149999999999998	0.01733469996943051	334	0.01071896811771883
ZKU002.SG	2.125	-0.01733555344610261	359	0.01059663319833634
ZKU002.SG	2.135	0.04387464387464387	325	0.010475819483092848
ZKU002.SG	2.145	0.022129371711544416	360	0.010356508056195174
ZKU002.SG	2.155	0.046007229707525465	358	0.010238680237063319
ZKU002.SG	2.165	0.010684384188907095	299	0.010122317577405596
ZKU002.SG	2.175	0.024919151637799338	318	0.010007401858330253
ZKU002.SG	2.185	0.01939252336448598	321	0.009893915087492869
ZKU002.SG	2.195	0.013127470724248528	328	0.009781839496279346
ZKU002.SG	2.205	-0.017538365173817724	310	0.00967115753702384
ZKU002.SG	2.215	-0.017601380500431404	305	0.009561851880261377
ZKU002.SG	2.225	-0.01620509574299731	356	0.009453905412014518
ZKU002.SG	2.235	-0.009012315988000457	398	0.009347301231113873
ZKU002.SG	2.2449999999999997	-0.022746120127946926	368	0.00924202264655186
ZKU002.SG	2.255	-0.00440169961580541	397	0.009138053174869393
ZKU002.SG	2.2649999999999997	0.0020118323018430435	343	0.009035376537575109
ZKU002.SG	2.275	-0.014135514018691587	321	0.008933976658596585
ZKU002.SG	2.2849999999999997	-0.01640933840531066	328	0.00883383766176336
ZKU002.SG	2.295	0.02447730749617542	371	0.008734943868321169
ZKU002.SG	2.3049999999999997	0.019672131147540985	366	0.008637279794477147
ZKU002.SG	2.315	-0.016961433323452887	349	0.008540830148975515
ZKU002.SG	2.3249999999999997	0.016917247280283584	405	0.008445579830703449
ZKU002.SG	2.335	-0.00917205293936596	361	0.008351513926326663
ZKU002.SG	2.3449999999999998	0.021323323882921377	317	0.008258617707954491
ZKU002.SG	2.355	0.046681722153420264	371	0.008166876630833871
ZKU002.SG	2.3649999999999998	0.0034097871546924547	388	0.008076276331072132
ZKU002.SG	2.375	-0.0002929759027320021	370	0.007986802623387999
ZKU002.SG	2.385	-0.003822191644689065	324	0.007898441498890645
ZKU002.SG	2.395	-0.013537244471723527	343	0.007811179122886276
ZKU002.SG	2.405	0.016282536406375416	324	0.007725001832712074
ZKU002.SG	2.415	-0.01582771146860405	329	0.007639896135597004
ZKU002.SG	2.425	-0.017063633131887666	291	0.007555848706549281
ZKU002.SG	2.435	-0.015288015288015287	297	0.00747284638627004
ZKU002.SG	2.445	-0.025275502982509353	315	0.007390876179093034
ZKU002.SG	2.455	-0.019511726259131102	289	0.007309925250949855
ZKU002.SG	2.465	0.032009730958211295	354	0.00722998092736054
ZKU002.SG	2.475	-0.015595673458330914	322	0.007151030691449104
ZKU002.SG	2.485	-0.0034676914827062293	335	0.007073062181983802
ZKU002.SG	2.4949999999999997	-0.002285212041309603	370	0.006996063191441704
ZKU002.SG	2.505	0.04053781059908868	299	0.006920021664097372
ZKU002.SG	2.5149999999999997	-0.006071702423986354	358	0.006844925694135313
ZKU002.SG	2.525	-0.023505572441742655	330	0.006770763523785859
ZKU002.SG	2.5349999999999997	0.0212742863345273	333	0.006697523541484285
ZKU002.SG	2.545	0.004976489028213168	320	0.006625194280052754
ZKU002.SG	2.5549999999999997	-0.019422812643151627	296	0.006553764414904929
ZKU002.SG	2.565	-0.017663817663817666	325	0.006483222762272865
ZKU002.SG	2.5749999999999997	0.0020090406830738303	363	0.006413558277455988
ZKU002.SG	2.585	-0.013247026945657082	365	0.006344760053091799
ZKU002.SG	2.5949999999999998	0.008205553253211768	381	0.0062768173174481395
ZKU002.SG	2.605	0.005968141890471988	309	0.006209719432736635
ZKU002.SG	2.6149999999999998	-0.009023078257851813	340	0.0061434558934471565
ZKU002.SG	2.625	-0.00039258986627407596	286	0.006078016324702968
ZKU002.SG	2.635	-0.021332139926903856	328	0.006013390480636331
ZKU002.SG	2.645	-0.018523031927857665	374	0.0059495682427843045
ZKU002.SG	2.655	-0.028778085564789165	361	0.005886539618504517
ZKU002.SG	2.665	-0.01810344827586207	320	0.0058242947394105925
ZKU002.SG	2.675	-0.009918740051939346	346	0.005762823859827085
ZKU002.SG	2.685	0.0017853751187084544	325	0.00570211735526358
ZKU002.SG	2.695	-0.012452438602559669	295	0.005642165720907796
ZKU002.SG	2.705	-0.01992718911668902	307	0.005582959570137417
ZKU002.SG	2.715	0.0026702269692923915	322	0.0055244896330504285
ZKU002.SG	2.725	0.012531948223266552	312	0.0054667467550137275
ZKU002.SG	2.735	0.008729639108783209	318	0.00540972189522979
ZKU002.SG	2.7449999999999997	-0.02009658825362206	393	0.005353406125321143
ZKU002.SG	2.755	-0.005134497404436055	326	0.0052977906279324605
ZKU002.SG	2.7649999999999997	0.03051693404634581	375	0.0052428666953500255
ZKU002.SG	2.775	-0.007168458781362008	342	0.005188625728138358
ZKU002.SG	2.7849999999999997	-0.01969120608637279	328	0.005135059233793818
ZKU002.SG	2.795	0.004895730358235656	292	0.0050821588254149124
ZKU002.SG	2.8049999999999997	-0.000889547813194962	285	0.0050299162203891875
ZKU002.SG	2.815	-0.02199557630867535	313	0.00497832323909639
ZKU002.SG	2.8249999999999997	-0.005864509605662287	345	0.004927371803627811
ZKU002.SG	2.835	0.00032746623004502545	350	0.0048770539365215046
ZKU002.SG	2.8449999999999998	-0.007138969406225081	398	0.004827361759513285
ZKU002.SG	2.855	0.0036003352984018376	382	0.004778287492303198
ZKU002.SG	2.8649999999999998	0.013881658858233559	340	0.004729823451337384
ZKU002.SG	2.875	0.04333275832327066	341	0.004681962048605047
ZKU002.SG	2.885	0.015090949921401305	366	0.004634695790450417
ZKU002.SG	2.895	-0.016155179160377887	268	0.004588017276399453
ZKU002.SG	2.905	0.001222373375919244	319	0.004541919198001162
ZKU002.SG	2.915	-0.002189817349325633	284	0.004496394337683308
ZKU002.SG	2.925	-0.02034274753287398	282	0.0044514355676223685
ZKU002.SG	2.935	0.01916909077347654	328	0.004407035848627516
ZKU002.SG	2.945	0.004681453515809344	326	0.004363188229038509
ZKU002.SG	2.955	0.039203580799506095	342	0.004319885843637259
ZKU002.SG	2.965	0.0028784648187633265	336	0.004277121912572949
ZKU002.SG	2.975	0.025735823690401883	354	0.004234889740300509
ZKU002.SG	2.985	0.003622229909851245	314	0.004193182714532305
ZKU002.SG	2.9949999999999997	0.02905899911887936	334	0.00415199430520284
ZKU002.SG	3.005	-0.008532226449901996	295	0.0041113180634463516
ZKU002.SG	3.0149999999999997	0.047546697649477165	335	0.0040711476205871145
ZKU002.SG	3.025	-0.0021208907741251345	369	0.004031476687142286
ZKU002.SG	3.0349999999999997	-0.02545266933641255	404	0.003992299051837177
ZKU002.SG	3.045	-0.018689458689458687	351	0.0039536085806327415
ZKU002.SG	3.0549999999999997	-0.012895329268026138	303	0.003915399215765181
ZKU002.SG	3.065	-0.029384933019637974	354	0.003877664974797466
ZKU002.SG	3.0749999999999997	-0.020613496932515338	326	0.003840399949682691
ZKU002.SG	3.085	-0.003215434083601286	312	0.003803598305839021
ZKU002.SG	3.0949999999999998	-0.004790635663118885	298	0.0037672542812361982
ZKU002.SG	3.105	-0.019087280930071143	340	0.003731362185493363
ZKU002.SG	3.1149999999999998	-0.012001681764323664	324	0.003695916398988127
ZKU002.SG	3.125	-0.01387334974267174	328	0.003660911371976695
ZKU002.SG	3.135	0.004840434513423764	327	0.0036263416237249514
ZKU002.SG	3.145	0.0042891732964372205	295	0.003592201741650336
ZKU002.SG	3.155	-0.015187470336971999	344	0.003558486380474407
ZKU002.SG	3.165	-0.007388176334586224	394	0.0035251902613859143
ZKU002.SG	3.175	-0.02434661631720163	348	0.003492308171214313
ZKU002.SG	3.185	-0.02781322131582343	374	0.0034598349616135264
ZKU002.SG	3.195	0.0180765428611778	292	0.003427765548255877
ZKU002.SG	3.205	-0.01884519249788711	334	0.003396094910036029
ZKU002.SG	3.215	-0.031691910912945605	303	0.003364818088284839
ZKU002.SG	3.225	-0.014156761104656359	335	0.0033339301859929686
ZKU002.SG	3.235	0.021900203265359647	303	0.003303426367044175
ZKU002.SG	3.245	0.03879598662207358	300	0.003273301855458105
ZKU002.SG	3.255	0.010584764879403089	340	0.00324355193464253
ZKU002.SG	3.2649999999999997	0.016177739430543573	305	0.0032141719466548648
ZKU002.SG	3.275	0.02157581310123683	296	0.0031851572914728763
ZKU002.SG	3.2849999999999997	0.002624985085312016	290	0.0031565034262744616
ZKU002.SG	3.295	-0.005051575526352976	337	0.003128205864726368
ZKU002.SG	3.3049999999999997	0.0029246892517669995	374	0.0031002601762817835
ZKU002.SG	3.315	0.0007732850369345366	314	0.003072661985486629
ZKU002.SG	3.3249999999999997	-0.013872832369942197	346	0.003045406971294512
ZKU002.SG	3.335	-0.004048392411617946	292	0.003018490866390163
ZKU002.SG	3.3449999999999998	0.03924478522549262	312	0.0029919094565213204
ZKU002.SG	3.355	0.0032818676810621294	328	0.002965658579838886
ZKU002.SG	3.3649999999999998	-0.01441045094386209	299	0.0029397341262453235
ZKU002.SG	3.375	0.0018767719522421432	317	0.0029141320367511263
ZKU002.SG	3.385	0.017923451924074265	311	0.002888848302839309
ZKU002.SG	3.395	0.05267471958584987	305	0.002863878965837792
ZKU002.SG	3.405	-0.0059227352268138396	323	0.002839220116299597
ZKU002.SG	3.415	-0.0025843555490845556	332	0.002814867893390737
ZKU002.SG	3.425	0.0042311472405923605	347	0.0027908184842857335
ZKU002.SG	3.435	-0.010206232124040345	365	0.002767068123570637
ZKU002.SG	3.445	0.002258015956646093	365	0.002743613092653483
ZKU002.SG	3.455	-0.012357961983557625	339	0.0027204497191820652
ZKU002.SG	3.465	-0.017239127595664098	248	0.0026975743764689588
ZKU002.SG	3.475	0.041945856238979354	311	0.0026749834829236908
ZKU002.SG	3.485	-0.006355511420059583	266	0.0026526735014919733
ZKU002.SG	3.495	-0.01858304297328688	288	0.002630640939101899
ZKU002.SG	3.505	-0.009202935961033422	299	0.0026088823461170424
ZKU002.SG	3.5149999999999997	-0.035782010058537386	312	0.0025873943157963403
ZKU002.SG	3.525	0.0	300	0.002566173483760704
ZKU002.SG	3.5349999999999997	0.004915212582944213	313	0.0025452165274662563
ZKU002.SG	3.545	-0.014158883892540065	295	0.0025245201656841267
ZKU002.SG	3.5549999999999997	-0.000849256900212314	315	0.002504081157986702
ZKU002.SG	3.565	0.013920993169363426	278	0.0024838963042402747
ZKU002.SG	3.5749999999999997	-0.0291606565046197	227	0.0024639624441040054
ZKU002.SG	3.585	-0.02079732688097707	264	0.002444276456535097
ZKU002.SG	3.5949999999999998	0.009803921568627453	273	0.0024248352593001453
ZKU002.SG	3.605	-0.0018648018648018655	286	0.0024056358084925426
ZKU002.SG	3.6149999999999998	-0.014373975539024083	309	0.0023866750980559015
ZKU002.SG	3.625	-0.01587027772986027	341	0.0023679501593133925
ZKU002.SG	3.635	0.007010934965730131	277	0.002349458060502944
ZKU002.SG	3.645	-0.007016532103037293	289	0.0023311959063182074
ZKU002.SG	3.655	-0.012537547342301163	248	0.0023131608374552513
ZKU002.SG	3.665	0.004658134440216767	295	0.002295350030164867
ZKU002.SG	3.675	0.0001748519222783212	303	0.0022777606958104676
ZKU002.SG	3.685	-0.014263565891472867	301	0.0022603900804314594
ZKU002.SG	3.695	-0.007128007128007129	260	0.002243235464312065
ZKU002.SG	3.705	-0.01059657689011246	278	0.0022262941615554884
ZKU002.SG	3.715	-0.0027704096669613903	261	0.002209563519663393
ZKU002.SG	3.725	-0.036357003891050586	257	0.0021930409191205933
ZKU002.SG	3.735	0.005312883743076962	283	0.00217672377298492
ZKU002.SG	3.745	-0.006364225169665737	267	0.0021606095264821833
ZKU002.SG	3.755	-0.017409114183307733	217	0.0021446956566061742
ZKU002.SG	3.7649999999999997	-0.012482425156887625	242	0.0021289796717236316
ZKU002.SG	3.775	-0.01889989261424651	290	0.0021134591111841325
ZKU002.SG	3.7849999999999997	0.023657870791628753	315	0.002098131544934828
ZKU002.SG	3.795	-0.011892402076451156	326	0.002082994573139967
ZKU002.SG	3.8049999999999997	-0.009383859761210719	317	0.0020680458258051575
ZKU002.SG	3.815	-0.012073088621113974	294	0.0020532829624062944
ZKU002.SG	3.8249999999999997	-0.01310907741775909	312	0.0020387036715231047
ZKU002.SG	3.835	-0.007549361207897793	288	0.0020243056704772476
ZKU002.SG	3.8449999999999998	-0.0066005176876617775	305	0.00201008670497492
ZKU002.SG	3.855	-0.011088415523781732	299	0.001996044548753895
ZKU002.SG	3.8649999999999998	-0.018525444984708806	302	0.001982177003234964
ZKU002.SG	3.875	-0.020735382760699216	316	0.001968481897177697
ZKU002.SG	3.885	-0.030182721552784935	294	0.001954957086340498
ZKU002.SG	3.895	0.0002786097374103228	294	0.0019416004531448783
ZKU002.SG	3.905	0.009994699780419471	282	0.0019284099063439108
ZKU002.SG	3.915	-0.026845637583892617	298	0.0019153833806947974
ZKU002.SG	3.925	-0.012842563926155256	324	0.0019025188366355219
ZKU002.SG	3.935	-0.012067765142724531	279	0.0018898142599655075
ZKU002.SG	3.945	-0.014081098325669403	302	0.0018772676615302626
ZKU002.SG	3.955	-0.015138408304498271	289	0.0018648770769099307
ZKU002.SG	3.965	-0.007547169811320755	266	0.0018526405661117272
ZKU002.SG	3.975	0.02150002488428806	284	0.0018405562132661909
ZKU002.SG	3.985	0.012787148594377507	250	0.0018286221263272215
ZKU002.SG	3.995	0.005010315355142942	261	0.001816836436775835
ZKU002.SG	4.005	-0.00095617529880478	251	0.001805197299327618
ZKU002.SG	4.015000000000001	0.02551903114186851	289	0.0017937028916438025
ZKU002.SG	4.025	0.0034096124844272507	303	0.0017823514140459544
ZKU002.SG	4.035	0.021604704575856237	282	0.0017711410892341842
ZKU002.SG	4.045	0.03642924976258309	325	0.0017600701620088862
ZKU002.SG	4.055	0.020857362552864283	289	0.0017491368989959208
ZKU002.SG	4.0649999999999995	-0.01674418604651163	301	0.0017383395883752242
ZKU002.SG	4.075	-0.01292244012013831	282	0.001727676539612785
ZKU002.SG	4.085	-0.017690095730353437	332	0.0017171460831959633
ZKU002.SG	4.095	-0.0038246543100912025	309	0.0017067465703720875
ZKU002.SG	4.1049999999999995	0.004572907679033648	305	0.001696476372890316
ZKU002.SG	4.115	0.05109957993575488	285	0.0016863338827466962
ZKU002.SG	4.125	0.01722492973363245	279	0.0016763175119324089
ZKU002.SG	4.135	0.0009523242664127133	318	0.0016664256921851191
ZKU002.SG	4.145	0.020431062695778202	293	0.0016566568747434498
ZKU002.SG	4.155	-0.00035116675153196413	338	0.0016470095301044777
ZKU002.SG	4.165	-0.008181939216421975	407	0.0016374821477842718
ZKU002.SG	4.175	0.051906947301788256	356	0.0016280732360813882
ZKU002.SG	4.185	0.017843971631205675	376	0.0016187813218433167
ZKU002.SG	4.195	-0.005967127520711792	388	0.0016096049502358325
ZKU002.SG	4.205	-0.0063048607833883896	326	0.0016005426845152099
ZKU002.SG	4.215	-0.019949886648371315	290	0.001591593105803272
ZKU002.SG	4.225	-0.014493290829564829	329	0.001582754812865237
ZKU002.SG	4.235	-0.014135686619015295	317	0.001574026421890327
ZKU002.SG	4.245	0.030358074955632114	310	0.0015654065662751072
ZKU002.SG	4.255	0.0022001716133858433	302	0.0015568938964095136
ZKU002.SG	4.265	0.03200453965101433	266	0.0015484870794655443
ZKU002.SG	4.2749999999999995	-0.018020746573786627	282	0.0015401847991885838
ZKU002.SG	4.285	-0.012946998226012262	254	0.0015319857556913095
ZKU002.SG	4.295	-0.0348511565190333	311	0.0015238886652501776
ZKU002.SG	4.305	0.022130798694850334	266	0.0015158922601044215
ZKU002.SG	4.3149999999999995	0.032353078685305535	293	0.001507995288257565
ZKU002.SG	4.325	-0.007486430844095078	274	0.0015001965132813932
ZKU002.SG	4.335	0.029258287334479535	258	0.0014924947141223706
ZKU002.SG	4.345	-0.008658008658008658	253	0.0014848886849104525
ZKU002.SG	4.3549999999999995	0.016418770898189786	295	0.0014773772347702907
ZKU002.SG	4.365	0.0008169934640522877	289	0.0014699591876347704
ZKU002.SG	4.375	0.0005485893416927894	320	0.0014626333820608817
ZKU002.SG	4.385	-0.0162826420890937	280	0.0014553986710478645
ZKU002.SG	4.395	0.005429372907429191	258	0.0014482539218576291
ZKU002.SG	4.405	-0.006278397356464272	270	0.0014411980158373972
ZKU002.SG	4.415	0.02972238031998988	252	0.001434229848244563
ZKU002.SG	4.425	-0.012367054167697254	312	0.001427348328073715
ZKU002.SG	4.435	0.009833887043189368	301	0.0014205523778858236
ZKU002.SG	4.445	-0.006565922361727188	283	0.001413840933639541
ZKU002.SG	4.455	0.002170542635658914	301	0.0014072129445246123
ZKU002.SG	4.465	-0.01528865295288653	275	0.0014006673727973403
ZKU002.SG	4.475	-0.019040750090155066	236	0.0013942031936181158
ZKU002.SG	4.485	0.005795627859684799	281	0.0013878193948909494
ZKU002.SG	4.495	0.014648209230449575	278	0.001381514977105017
ZKU002.SG	4.505	0.008309416427497607	271	0.0013752889531781587
ZKU002.SG	4.515	-0.008755472170106318	247	0.0013691403483023347
ZKU002.SG	4.525	-0.019011406844106463	264	0.0013630681997910004
ZKU002.SG	4.535	-0.020316525579683473	286	0.001357071556928378
ZKU002.SG	4.545	-0.0018072542344387005	309	0.0013511494808206015
ZKU002.SG	4.555	0.025218534849539728	279	0.0013453010442487153
ZKU002.SG	4.5649999999999995	0.011352885525070957	302	0.0013395253315235018
ZKU002.SG	4.575	0.02780145564225297	303	0.0013338214383421068
ZKU002.SG	4.585	-0.03542319749216301	320	0.0013281884716464594
ZKU002.SG	4.595	0.05696742282108136	287	0.0013226255494834392
ZKU002.SG	4.6049999999999995	-0.01121930170165663	327	0.0013171318008667957
ZKU002.SG	4.615	0.014521315216263871	311	0.0013117063656407709
ZKU002.SG	4.625	0.038660242642363736	322	0.0013063483943454325
ZKU002.SG	4.635	0.01935483870967742	280	0.0013010570480836677
ZKU002.SG	4.645	-0.01904618700348345	283	0.0012958314983898401
ZKU002.SG	4.655	0.011167960938108719	278	0.0012906709271000758
ZKU002.SG	4.665	-0.010920010920010919	297	0.0012855745262241665
ZKU002.SG	4.675	-0.008994569023202253	359	0.0012805414978190564
ZKU002.SG	4.685	-0.008381197199127069	387	0.0012755710538639158
ZKU002.SG	4.695	-0.001717397690552052	298	0.0012706624161367536
ZKU002.SG	4.705	-0.02355111786411982	272	0.001265814816092578
ZKU002.SG	4.715	-0.0019641672196416718	275	0.0012610274947430595
ZKU002.SG	4.725	-0.025243418680129824	236	0.0012562997025377
ZKU002.SG	4.735	-0.0005713840479962597	278	0.0012516306992464731
ZKU002.SG	4.745	0.011215845364514974	290	0.0012470197538439307
ZKU002.SG	4.755	0.01292244012013831	282	0.0012424661443947392
ZKU002.SG	4.765	0.01005656819610308	259	0.0012379691579406543
ZKU002.SG	4.775	0.005109535670945902	307	0.0012335280903888858
ZKU002.SG	4.785	0.0241722918675667	306	0.001229142246401865
ZKU002.SG	4.795	0.028344392561644956	313	0.0012248109392883684
ZKU002.SG	4.805	-0.014799216167997425	262	0.0012205334908960087
ZKU002.SG	4.8149999999999995	0.0015736673005048863	303	0.001216309231505053
ZKU002.SG	4.825	0.009294183178165036	355	0.0012121374997235658
ZKU002.SG	4.835	-0.001971498982106503	306	0.001208017642383855
ZKU002.SG	4.845	0.026730551002395662	309	0.0012039490144402064
ZKU002.SG	4.8549999999999995	0.0042178481574663305	233	0.0011999309788678868
ZKU002.SG	4.865	-0.032388663967611336	286	0.001195962906563406
ZKU002.SG	4.875	-0.01183230184304298	343	0.001192044176246021
ZKU002.SG	4.885	0.032663818232639856	317	0.0011881741743604557
ZKU002.SG	4.895	-0.01510405012307004	328	0.001184352294980844
ZKU002.SG	4.905	-0.008511351260785793	346	0.0011805779397158535
ZKU002.SG	4.915	0.0027021040974529345	301	0.0011768505176150013
ZKU002.SG	4.925	0.016090353523632705	279	0.0011731694450761233
ZKU002.SG	4.935	-0.01665783296736579	282	0.0011695341457540044
ZKU002.SG	4.945	0.022549326652051362	310	0.0011659440504701367
ZKU002.SG	4.955	0.06364609970930868	303	0.0011623985971236067
ZKU002.SG	4.965	0.02857402857402857	297	0.001158897230603083
ZKU002.SG	4.975	-0.015235457063711912	361	0.0011554394026999063
ZKU002.SG	4.985	0.02797135114208285	288	0.001152024572022254
ZKU002.SG	4.995	-0.006078576723498888	285	0.0011486522039103767
ZKU002.SG	5.005	0.061937503493767115	268	0.0011453217703528836
ZKU002.SG	5.015	0.029517838317705155	269	0.0011420327499040758
ZKU002.SG	5.025	0.01952034363441117	290	0.0011387846276022981
ZKU002.SG	5.035	0.012734837977556424	309	0.0011355768948893186
ZKU002.SG	5.045	-0.009555408095554082	275	0.0011324090495306968
ZKU002.SG	5.055	0.031164209456024404	281	0.0011292805955371537
ZKU002.SG	5.0649999999999995	0.024309794042022704	278	0.0011261910430869116
ZKU002.SG	5.075	0.012712777418659772	273	0.0011231399084490055
ZKU002.SG	5.085	0.012731259713440208	307	0.0011201267139075428
ZKU002.SG	5.095	-0.013513105902934877	258	0.0011171509876869098
ZKU002.SG	5.1049999999999995	0.02292860865033872	304	0.0011142122638779035
ZKU002.SG	5.115	0.015093914561685112	267	0.0011113100823647861
ZKU002.SG	5.125	0.0046688065363291505	299	0.001108443988753244
ZKU002.SG	5.135	-0.008589835361488905	254	0.0011056135342992425
ZKU002.SG	5.145	0.0014980857792820284	269	0.0011028182758387678
ZKU002.SG	5.155	-0.020613834173156206	296	0.0011000577757184387
ZKU002.SG	5.165	0.029228947757880718	233	0.0010973316017269855
ZKU002.SG	5.175	0.009018567639257295	261	0.0010946393270275772
ZKU002.SG	5.185	0.0009225092250922509	272	0.001091980530090992
ZKU002.SG	5.195	-0.010423152311772165	295	0.0010893547946296176
ZKU002.SG	5.205	0.009865300701954089	252	0.0010867617095322768
ZKU002.SG	5.215	0.0177785759181108	259	0.0010842008687998537
ZKU002.SG	5.225	0.03299685227396071	333	0.001081671871481733
ZKU002.SG	5.235	0.021154945683247568	265	0.0010791743216130173
ZKU002.SG	5.245	0.031444566525401556	277	0.001076707828152536
ZKU002.SG	5.255	0.01848249027237354	257	0.0010742720049216165
ZKU002.SG	5.265	-0.017672635466828745	293	0.0010718664705436217
ZKU002.SG	5.275	0.0036629064366290654	275	0.0010694908483842374
ZKU002.SG	5.285	-0.025063819911812484	279	0.001067144766492504
ZKU002.SG	5.295	-0.0079628400796284	275	0.001064827857542577
ZKU002.SG	5.305	-0.0006289308176100628	265	0.0010625397587762195
ZKU002.SG	5.3149999999999995	0.0017285205897305549	281	0.0010602801119460005
ZKU002.SG	5.325	0.036344362837889	282	0.001058048563259207
ZKU002.SG	5.335	0.013638449937709003	303	0.0010558447633224508
ZKU002.SG	5.345	0.012698412698412698	280	0.0010536683670869615
ZKU002.SG	5.3549999999999995	-0.010564163392393803	329	0.0010515190337945653
ZKU002.SG	5.365	-0.009036544850498339	301	0.0010493964269243298
ZKU002.SG	5.375	-0.0019614253023864012	323	0.0010473002141398778
ZKU002.SG	5.385	0.029684296842968427	271	0.0010452300672373507
ZKU002.SG	5.395	-0.020905923344947737	288	0.0010431856620940231
ZKU002.SG	5.405	0.0220633759216525	327	0.001041166678617555
ZKU002.SG	5.415	0.011261392000928776	322	0.001039172800695874
ZKU002.SG	5.425	-0.03280805012340991	230	0.0010372037161476833
ZKU002.SG	5.435	-0.020813063158340032	308	0.0010352591166735811
ZKU002.SG	5.445	-0.010118577075098814	276	0.0010333386978077929
ZKU002.SG	5.455	0.03483131599278908	353	0.0010314421588704988
ZKU002.SG	5.465	0.0018673555133671535	254	0.001029569202920759
ZKU002.SG	5.475	0.013394025009156069	277	0.0010277195367100179
ZKU002.SG	5.485	0.002571412599921739	268	0.001025892870636194
ZKU002.SG	5.495	0.005813628486779582	268	0.0010240889186983345
ZKU002.SG	5.505	-0.02516453735965931	288	0.0010223073984518371
ZKU002.SG	5.515	0.014031520081342145	281	0.0010205480309642282
ZKU002.SG	5.525	-0.018724778046811948	295	0.0010188105407714883
ZKU002.SG	5.535	0.009688581314878895	290	0.001017094655834926
ZKU002.SG	5.545	-0.004516040203772547	270	0.0010154001074985809
ZKU002.SG	5.555	-0.005850804485616773	294	0.001013726630447164
ZKU002.SG	5.5649999999999995	-0.008227765443385137	248	0.0010120739626645152
ZKU002.SG	5.575	0.006004901960784314	256	0.0010104418453925795
ZKU002.SG	5.585	0.004080221300138313	241	0.0010088300230908934
ZKU002.SG	5.595	-0.038421955403087474	265	0.001007238243396576
ZKU002.SG	5.6049999999999995	0.04815034472533175	329	0.0010056662570848151
ZKU002.SG	5.615	-0.017590911362462727	347	0.001004113818029847
ZKU002.SG	5.625	0.0031851888717463798	284	0.00100258068316642
ZKU002.SG	5.635	0.024804463828854074	287	0.001001066612451739
ZKU002.SG	5.645	0.0009306654257794319	308	0.0009995713688278796
ZKU002.SG	5.655	-0.031959163291349936	269	0.0009980947181846742
ZKU002.SG	5.665	-0.030476301047804258	263	0.000996636429323057
ZKU002.SG	5.675	0.03714749123633129	277	0.0009951962739188644
ZKU002.SG	5.685	-0.00709299454557698	299	0.0009937740264870864
ZKU002.SG	5.695	-0.0259637858691673	267	0.0009923694643465628
ZKU002.SG	5.705	-0.022029464408646563	270	0.0009909823675851187
ZKU002.SG	5.715	0.005260148656375071	265	0.0009896125190251312
ZKU002.SG	5.725	-0.01944624003447533	273	0.000988259704189527
ZKU002.SG	5.735	-0.008671027241059568	283	0.0009869237112682021
ZKU002.SG	5.745	-0.009060240963855423	250	0.000985604331084858
ZKU002.SG	5.755	-0.0337123745819398	300	0.0009843013570642511
ZKU002.SG	5.765	0.026664157098939708	253	0.0009830145851998488
ZKU002.SG	5.775	0.0018133426925214242	262	0.0009817438140218896
ZKU002.SG	5.785	0.0420846394984326	320	0.0009804888445658375
ZKU002.SG	5.795	-0.027530364372469633	286	0.0009792494803412314
ZKU002.SG	5.805	-0.006178287731685787	309	0.0009780255273009188
ZKU002.SG	5.8149999999999995	-0.016722241576668493	284	0.0009768167938106766
ZKU002.SG	5.825	-0.01757201993748416	267	0.0009756230906192041
ZKU002.SG	5.835	-0.03764351590438547	253	0.0009744442308284937
ZKU002.SG	5.845	-0.02006635700066357	275	0.0009732800298645678
ZKU002.SG	5.8549999999999995	0.0027444253859348192	265	0.0009721303054485799
ZKU002.SG	5.865	-0.016375781081663435	273	0.0009709948775682757
ZKU002.SG	5.875	0.005220598666477516	266	0.0009698735684498081
ZKU002.SG	5.885	-0.0065125079756220994	302	0.000968766202529903
ZKU002.SG	5.895	-0.022441441862639674	293	0.0009676726064283724
ZKU002.SG	5.905	-0.01724893347169376	295	0.000966592608920967
ZKU002.SG	5.915	-0.01499849086392236	294	0.0009655260409125687
ZKU002.SG	5.925	-0.03176813387999278	279	0.0009644727354107146
ZKU002.SG	5.935	-0.018235818235818234	260	0.0009634325274994512
ZKU002.SG	5.945	0.009289980092899802	275	0.0009624052543135142
ZKU002.SG	5.955	-0.01736416512980565	266	0.0009613907550128279
ZKU002.SG	5.965	0.021546261089987327	264	0.0009603888707573223
ZKU002.SG	5.975	-0.006424511984185818	285	0.0009593994446820646
ZKU002.SG	5.985	-0.007742934572202865	288	0.0009584223218726978
ZKU002.SG	5.995	0.037725874663590925	289	0.0009574573493411863
ZKU002.SG	6.005	-0.003171307220386973	326	0.0009565043760018627
ZKU002.SG	6.015	-0.007826050171327044	308	0.0009555632526477718
ZKU002.SG	6.025	-0.021654815772462834	273	0.0009546338319273097
ZKU002.SG	6.035	-0.005144613840266012	253	0.0009537159683211529
ZKU002.SG	6.045	-0.014191128285088015	298	0.0009528095181194744
ZKU002.SG	6.055	-0.01570927370791224	339	0.0009519143393994426
ZKU002.SG	6.065	-0.009490940465918895	305	0.0009510302920030012
ZKU002.SG	6.075	-0.004666811373996096	272	0.000950157237514924
ZKU002.SG	6.085	-0.026205726653212833	262	0.0009492950392411441
ZKU002.SG	6.095	-0.009103246685457771	310	0.0009484435621873505
ZKU002.SG	6.1049999999999995	-0.010005142830426857	293	0.0009476026730378529
ZKU002.SG	6.115	-0.005839416058394159	275	0.0009467722401347083
ZKU002.SG	6.125	-0.03286680956583869	309	0.0009459521334571076
ZKU002.SG	6.135	-0.005250759741777706	334	0.0009451422246010174
ZKU002.SG	6.145	-0.030576030576030575	297	0.000944342386759077
ZKU002.SG	6.155	-0.014936209936728555	311	0.0009435524947007427
ZKU002.SG	6.165	-0.03048462741010943	304	0.0009427724247526823
ZKU002.SG	6.175	-0.03517186250999201	279	0.0009420020547794098
ZKU002.SG	6.185	-0.0181769450062133	287	0.0009412412641641636
ZKU002.SG	6.195	-0.017739877376987956	254	0.0009404899337900216
ZKU002.SG	6.205	-0.025485316077650574	246	0.0009397479460212508
ZKU002.SG	6.215	0.008062509331608028	284	0.000939015184684889
ZKU002.SG	6.225	-0.023809523809523808	232	0.0009382915350525556
ZKU002.SG	6.235	0.048355720240852246	255	0.0009375768838224891
ZKU002.SG	6.245	0.004543898415860071	254	0.0009368711191018068
ZKU002.SG	6.255	0.013932005754524118	282	0.0009361741303889863
ZKU002.SG	6.265	0.0030444358077471195	249	0.0009354858085565635
ZKU002.SG	6.275	0.009751340809361285	294	0.0009348060458340477
ZKU002.SG	6.285	-0.01705217301109844	311	0.0009341347357910468
ZKU002.SG	6.295	-0.02103732176713503	278	0.0009334717733206042
ZKU002.SG	6.305	-0.04920014219694276	291	0.000932817054622742
ZKU002.SG	6.315	-0.004875670404680644	294	0.0009321704771882092
ZKU002.SG	6.325	-0.04651279352429642	283	0.0009315319397824313
ZKU002.SG	6.335	-0.015124860984733595	315	0.0009309013424296613
ZKU002.SG	6.345	-0.016864295125164692	276	0.0009302785863973245
ZKU002.SG	6.3549999999999995	-0.023760023760023757	260	0.0009296635741805618
ZKU002.SG	6.365	-0.0020665128796616664	289	0.0009290562094869624
ZKU002.SG	6.375	-0.02425273907031167	238	0.0009284563972214879
ZKU002.SG	6.385	-0.012265839398639778	290	0.0009278640434715825
ZKU002.SG	6.395	-0.04150943396226415	265	0.0009272790554924697
ZKU002.SG	6.405	-0.010293130454240322	328	0.0009267013416926312
ZKU002.SG	6.415	-0.03745819397993311	300	0.000926130811619466
ZKU002.SG	6.425	-0.025455796353629167	324	0.0009255673759451292
ZKU002.SG	6.435	-0.03278688524590164	305	0.0009250109464525447
ZKU002.SG	6.445	-0.03326328158542924	298	0.0009244614360215941
ZKU002.SG	6.455	-0.01971326164874552	280	0.0009239187586154756
ZKU002.SG	6.465	-0.013905084596598534	302	0.0009233828292672337
ZKU002.SG	6.475	-0.011985409067222513	304	0.0009228535640664558
ZKU002.SG	6.485	-0.019780259301217386	334	0.0009223308801461341
ZKU002.SG	6.495	0.012700765999505809	285	0.0009218146956696915
ZKU002.SG	6.505	0.018550474547023296	305	0.0009213049298181683
ZKU002.SG	6.515	-0.035487959442332066	264	0.000920801502777568
ZKU002.SG	6.525	-0.018233247186666936	314	0.0009203043357263617
ZKU002.SG	6.535	-0.001603889431872289	283	0.0009198133508231463
ZKU002.SG	6.545	-0.025210084033613443	273	0.0009193284711944568
ZKU002.SG	6.555	-0.01715686274509804	289	0.0009188496209227311
ZKU002.SG	6.565	-0.007551083912457213	311	0.0009183767250344224
ZKU002.SG	6.575	-0.0029961715585640567	269	0.0009179097094882617
ZKU002.SG	6.585	-0.02365464222353637	267	0.0009174485011636645
ZKU002.SG	6.595	-0.026776960784313724	256	0.0009169930278492821
ZKU002.SG	6.6049999999999995	-0.0271736425620863	284	0.0009165432182316966
ZKU002.SG	6.615	-0.001799553014251299	263	0.0009160990018842541
ZKU002.SG	6.625	0.012052603418659007	267	0.0009156603092560387
ZKU002.SG	6.635	-0.018021883715940785	237	0.0009152270716609827
ZKU002.SG	6.645	-0.007046551628474728	269	0.0009147992212671126
ZKU002.SG	6.655	0.012102953016648052	278	0.0009143766910859282
ZKU002.SG	6.665	0.019278996865203762	320	0.0009139594149619152
ZKU002.SG	6.675	0.0051759319165878654	284	0.0009135473275621858
ZKU002.SG	6.685	-0.005067414713600578	258	0.000913140364366251
ZKU002.SG	6.695	0.003256904637832203	304	0.0009127384616559174
ZKU002.SG	6.705	0.014824094373107841	310	0.000912341556505312
ZKU002.SG	6.715	0.0394054614586934	264	0.0009119495867710285
ZKU002.SG	6.725	-0.0390547263681592	336	0.0009115624910823991
ZKU002.SG	6.735	-0.011526205166451963	344	0.0009111802088318846
ZKU002.SG	6.745	0.006151480199923105	289	0.0009108026801655851
ZKU002.SG	6.755	0.005753204450272853	308	0.0009104298459738697
ZKU002.SG	6.765	-0.0035776491079414384	292	0.0009100616478821203
ZKU002.SG	6.775	0.021988089784699953	296	0.0009096980282415928
ZKU002.SG	6.785	-0.014386197743861975	275	0.0009093389301203911
ZKU002.SG	6.795	0.008759124087591242	275	0.0009089842972945525
ZKU002.SG	6.805	-0.006337135614702156	264	0.0009086340742392457
ZKU002.SG	6.815	-0.00962142954762881	271	0.0009082882061200762
ZKU002.SG	6.825	0.027076513344060367	269	0.0009079466387845024
ZKU002.SG	6.835	0.012570710245128848	259	0.0009076093187533551
ZKU002.SG	6.845	-0.026264591439688716	257	0.0009072761932124655
ZKU002.SG	6.8549999999999995	-0.00019492702419531528	287	0.0009069472100043962
ZKU002.SG	6.865	-0.02994407727503813	281	0.0009066223176202739
ZKU002.SG	6.875	-0.03830330543339481	266	0.0009063014651917256
ZKU002.SG	6.885	0.011415830546265332	300	0.0009059846024829138
ZKU002.SG	6.895	0.005360493165371213	287	0.0009056716798826709
ZKU002.SG	6.905	-0.0009173259947253768	324	0.0009053626483967318
ZKU002.SG	6.915	0.015816975003530576	292	0.000905057459640063
ZKU002.SG	6.925	-0.01197939543984347	317	0.0009047560658292867
ZKU002.SG	6.935	-0.005120327700972863	280	0.0009044584197751995
ZKU002.SG	6.945	-0.010769539883463936	316	0.0009041644748753839
ZKU002.SG	6.955	0.02509685436514705	287	0.0009038741851069117
ZKU002.SG	6.965	-0.02208289407978694	269	0.0009035875050191386
ZKU002.SG	6.975	-0.03119557810252139	282	0.0009033043897265872
ZKU002.SG	6.985	-0.019029937340450224	279	0.0009030247949019204
ZKU002.SG	6.995	-0.045236947791164654	250	0.0009027486767690001
ZKU002.SG	7.005	-0.00022586109542631098	231	0.0009024759920960336
ZKU002.SG	7.015	-0.01828392320752253	248	0.0009022066981888047
ZKU002.SG	7.025	-0.01716674130467234	232	0.0009019407528839891
ZKU002.SG	7.035	-0.020803264818593542	284	0.0009016781145425531
ZKU002.SG	7.045	-0.015732546705998034	226	0.0009014187420432337
ZKU002.SG	7.055	-0.03218390804597701	261	0.0009011625947761006
ZKU002.SG	7.065	-0.024961541810582532	263	0.0009009096326361979
ZKU002.SG	7.075	-0.022468026270307636	264	0.0009006598160172648
ZKU002.SG	7.085	-0.01244343891402715	273	0.0009004131058055343
ZKU002.SG	7.095	-0.011806756600945463	295	0.0009001694633736097
ZKU002.SG	7.1049999999999995	-0.04519128379606784	278	0.0008999288505744157
ZKU002.SG	7.115	-0.040671971706454466	261	0.000899691229735227
ZKU002.SG	7.125	-0.011297839288236125	292	0.0008994565636517687
ZKU002.SG	7.135	0.0064257028112449785	250	0.0008992248155823921
ZKU002.SG	7.145	-0.012158785082660516	289	0.0008989959492423216
ZKU002.SG	7.155	-0.003411820161163611	299	0.0008987699287979736
ZKU002.SG	7.165	-0.002593793422880961	255	0.0008985467188613464
ZKU002.SG	7.175	0.01786030061892131	261	0.000898326284484479
ZKU002.SG	7.185	-0.013231100098181308	293	0.0008981085911539797
ZKU002.SG	7.195	0.022640871842527666	267	0.0008978936047856222
ZKU002.SG	7.205	-0.007851797325481536	286	0.000897681291719009
ZKU002.SG	7.215	-0.013235422169332132	263	0.0008974716187123012
ZKU002.SG	7.225	-0.01528602754891316	307	0.0008972645529370139
ZKU002.SG	7.235	0.007840531561461793	301	0.0008970600619728762
ZKU002.SG	7.245	-4.044080477201482e-05	315	0.0008968581138027552
ZKU002.SG	7.255	-0.01065323154433398	323	0.000896658676807643
ZKU002.SG	7.265	0.030874785591766724	265	0.000896461719761706
ZKU002.SG	7.275	0.04834728330259611	266	0.0008962672118273962
ZKU002.SG	7.285	0.017490223960184854	291	0.000896075122550623
ZKU002.SG	7.295	-6.374501992031867e-05	251	0.0008958854218559844
ZKU002.SG	7.305	-0.020778519867773057	244	0.0008956980800420589
ZKU002.SG	7.315	-0.001182732111176818	267	0.0008955130677767543
ZKU002.SG	7.325	0.07204907279367444	238	0.000895330356092716
ZKU002.SG	7.335	0.04620984332964076	356	0.0008951499163827912
ZKU002.SG	7.345	0.0160612334525378	253	0.0008949717203955496
ZKU002.SG	7.3549999999999995	-0.008325038458058095	258	0.0008947957402308606
ZKU002.SG	7.365	0.010395010395010396	260	0.0008946219483355249
ZKU002.SG	7.375	0.0006335128286347808	287	0.0008944503174989599
ZKU002.SG	7.385	0.0031877826377047975	329	0.0008942808208489403
ZKU002.SG	7.395	-0.02775800711743772	281	0.0008941134318473896
ZKU002.SG	7.405	0.00672247984812175	254	0.0008939481242862264
ZKU002.SG	7.415	0.04735496558505408	226	0.0008937848722832595
ZKU002.SG	7.425	0.04468628404669261	257	0.0008936236502781369
ZKU002.SG	7.435	0.08038277511961722	286	0.0008934644330283426
ZKU002.SG	7.445	0.01981599433828733	315	0.0008933071956052455
ZKU002.SG	7.455	0.017587285044293903	304	0.0008931519133901955
ZKU002.SG	7.465	0.0030931401477381406	314	0.0008929985620706694
ZKU002.SG	7.475	0.005065571002420217	327	0.000892847117636464
ZKU002.SG	7.485	-0.012759170653907498	286	0.0008926975563759372
ZKU002.SG	7.495	-0.013836477987421384	265	0.0008925498548722949
ZKU002.SG	7.505	0.010137915144333631	247	0.0008924039899999252
ZKU002.SG	7.515	0.0171087741327892	277	0.0008922599389207775
ZKU002.SG	7.525	0.01974918534610447	247	0.0008921176790807864
ZKU002.SG	7.535	-0.012211048713595405	248	0.000891977188206341
ZKU002.SG	7.545	-0.025157232704402517	265	0.0008918384443007967
ZKU002.SG	7.555	-0.0148591859952172	294	0.0008917014256410321
ZKU002.SG	7.565	0.01508423664620609	248	0.0008915661107740474
ZKU002.SG	7.575	-0.027253875777624174	247	0.000891432478513605
ZKU002.SG	7.585	-0.026812676290028203	246	0.0008913005079369134
ZKU002.SG	7.595	-0.037829766052762566	246	0.0008911701783813505
ZKU002.SG	7.6049999999999995	-0.013622489959839359	250	0.0008910414694412289
ZKU002.SG	7.615	0.003831306417438248	263	0.0008909143609646007
ZKU002.SG	7.625	0.013758599124452785	247	0.0008907888330501024
ZKU002.SG	7.635	0.024242424242424242	210	0.0008906648660438392
ZKU002.SG	7.645	0.032005362154916006	219	0.0008905424405363073
ZKU002.SG	7.655	0.1430615164520744	234	0.0008904215373593553
ZKU002.SG	7.665	0.035538283912027256	267	0.0008903021375831833
ZKU002.SG	7.675	0.049505994866565865	239	0.0008901842225133781
ZKU002.SG	7.685	-0.003016318281905105	258	0.0008900677736879874
ZKU002.SG	7.695	0.009684164190601958	234	0.0008899527728746284
ZKU002.SG	7.705	-0.01727345203295243	213	0.0008898392020676335
ZKU002.SG	7.715	-0.01029680315064575	302	0.000889727043485231
ZKU002.SG	7.725	-0.02012409860808318	268	0.0008896162795667613
ZKU002.SG	7.735	-0.024745269286754003	229	0.000889506892969927
ZKU002.SG	7.745	-0.004227793514564752	218	0.0008893988665680778
ZKU002.SG	7.755	-0.002693385046326223	273	0.0008892921834475293
ZKU002.SG	7.765	0.04551000141864094	266	0.000889186826904914
ZKU002.SG	7.775	-0.01566803026657041	274	0.0008890827804445673
ZKU002.SG	7.785	-0.012306177701206004	239	0.0008889800277759436
ZKU002.SG	7.795	-0.0011210762331838565	224	0.0008888785528110661
ZKU002.SG	7.805	-0.006984785615491011	241	0.0008887783396620084
ZKU002.SG	7.815	0.015628699976320153	206	0.0008886793726384061
ZKU002.SG	7.825	0.01159285879897983	228	0.0008885816362450006
ZKU002.SG	7.835	-0.002143845089903181	241	0.0008884851151792132
ZKU002.SG	7.845	0.0030529284884685585	246	0.0008883897943287489
ZKU002.SG	7.855	-0.019567078390607805	222	0.0008882956587692299
ZKU002.SG	7.865	-0.02080955540809555	275	0.0008882026937618599
ZKU002.SG	7.875	-0.010761186770428015	257	0.0008881108847511154
ZKU002.SG	7.885	-0.03200836820083682	240	0.0008880202173624673
ZKU002.SG	7.895	-0.019628647214854113	261	0.0008879306774001304
ZKU002.SG	7.905	-0.0039283344392833435	275	0.0008878422508448405
ZKU002.SG	7.915	-0.008490086426029489	281	0.000887754923851659
ZKU002.SG	7.925	-0.012342606878017222	284	0.000887668682747806
ZKU002.SG	7.935	-0.015025476952245528	291	0.0008875835140305194
ZKU002.SG	7.945	0.00339366515837104	273	0.0008874994043649402
ZKU002.SG	7.955	-0.023823603953704486	267	0.0008874163405820252
ZKU002.SG	7.965	0.01311249137336094	253	0.0008873343096764849
ZKU002.SG	7.975	-0.002213001383125864	241	0.0008872532988047474
ZKU002.SG	7.985	0.002307969707897585	236	0.0008871732952829474
ZKU002.SG	7.995	-0.01929777539533637	287	0.0008870942865849403
ZKU002.SG	8.005	-0.021562425602829647	243	0.0008870162603403408
ZKU002.SG	8.015	-0.013751004016064258	250	0.0008869392043325864
ZKU002.SG	8.025	-0.017117425539198903	254	0.0008868631064970247
ZKU002.SG	8.035	-0.01605888256942121	245	0.0008867879549190238
ZKU002.SG	8.045	-0.02341509657542363	291	0.0008867137378321076
ZKU002.SG	8.055000000000001	0.00023760023760023677	260	0.000886640443616113
ZKU002.SG	8.065000000000001	-0.015420625086052594	270	0.0008865680607953709
ZKU002.SG	8.075000000000001	-0.008337193144974523	255	0.0008864965780369091
ZKU002.SG	8.085	0.03017731682837069	245	0.0008864259841486783
ZKU002.SG	8.095	-0.002765295540960941	264	0.0008863562680777991
ZKU002.SG	8.105	-0.016324864809713294	243	0.0008862874189088326
ZKU002.SG	8.115	-0.020973200909948402	269	0.0008862194258620699
ZKU002.SG	8.125	0.004794225382460676	273	0.0008861522782918456
ZKU002.SG	8.135000000000002	0.002073971655720705	264	0.0008860859656848702
ZKU002.SG	8.145000000000001	-0.011015748242025615	274	0.0008860204776585845
ZKU002.SG	8.155000000000001	0.006524128638797291	238	0.0008859558039595338
ZKU002.SG	8.165000000000001	0.022504573590958074	283	0.0008858919344617625
ZKU002.SG	8.175	0.05538794770635105	279	0.0008858288591652286
ZKU002.SG	8.185	0.0009293426267596015	271	0.0008857665681942385
ZKU002.SG	8.195	0.013251454427925014	273	0.0008857050517959
ZKU002.SG	8.205	0.026944585663446874	281	0.0008856443003385958
ZKU002.SG	8.215000000000002	0.003201054465000236	292	0.0008855843043104755
ZKU002.SG	8.225000000000001	0.015821312238250347	308	0.0008855250543179659
ZKU002.SG	8.235000000000001	0.03037867866811997	239	0.0008854665410843007
ZKU002.SG	8.245000000000001	0.00036370249136206636	235	0.000885408755448068
ZKU002.SG	8.255	-0.01454856653829696	247	0.0008853516883617755
ZKU002.SG	8.265	-0.025849875627956882	203	0.0008852953308904344
ZKU002.SG	8.275	-0.0331696672122204	235	0.0008852396742101602
ZKU002.SG	8.285	-0.014234875444839859	281	0.000885184709606791
ZKU002.SG	8.295000000000002	0.021241497751564864	298	0.0008851304284745237
ZKU002.SG	8.305000000000001	0.00678733031674208	273	0.000885076822314566
ZKU002.SG	8.315000000000001	0.012981744421906695	290	0.0008850238827338058
ZKU002.SG	8.325000000000001	0.0003483005834034768	263	0.0008849716014434977
ZKU002.SG	8.335	0.0059479553903345715	270	0.0008849199702579642
ZKU002.SG	8.345	-0.040986040986040986	260	0.0008848689810933152
ZKU002.SG	8.355	-0.020813623462630083	302	0.0008848186259661813
ZKU002.SG	8.365	-0.00022698255071641534	266	0.0008847688969924648
ZKU002.SG	8.375	0.0164034620768518	319	0.0008847197863861041
ZKU002.SG	8.385000000000002	0.02906484845468571	284	0.000884671286457856
ZKU002.SG	8.395000000000001	-0.03253757736516357	261	0.0008846233896140907
ZKU002.SG	8.405000000000001	0.05453293825386849	259	0.0008845760883556036
ZKU002.SG	8.415000000000001	-0.019875561700656755	264	0.0008845293752764406
ZKU002.SG	8.425	-0.017552413456850314	294	0.0008844832430627387
ZKU002.SG	8.435	0.020544127405441273	275	0.0008844376844915812
ZKU002.SG	8.445	-0.024896265560165977	241	0.0008843926924298665
ZKU002.SG	8.455	-0.016115761100865367	266	0.0008843482598331913
ZKU002.SG	8.465000000000002	-0.007378869008750162	248	0.0008843043797447476
ZKU002.SG	8.475000000000001	0.060338825713622646	279	0.0008842610452942338
ZKU002.SG	8.485000000000001	-0.022187544332529438	266	0.0008842182496967785
ZKU002.SG	8.495000000000001	0.029451378288587595	259	0.0008841759862518788
ZKU002.SG	8.505	-0.024638962569997053	261	0.0008841342483423508
ZKU002.SG	8.515	-0.017220172201722016	271	0.0008840930294332932
ZKU002.SG	8.525	-0.011577604182876351	254	0.0008840523230710651
ZKU002.SG	8.535	0.02791507790801676	292	0.0008840121228822748
ZKU002.SG	8.545000000000002	-0.014118434258949479	245	0.0008839724225727821
ZKU002.SG	8.555000000000001	-0.011383039271485488	252	0.000883933215926713
ZKU002.SG	8.565000000000001	-0.0037168713639301873	273	0.000883894496805486
ZKU002.SG	8.575000000000001	0.018504901960784314	256	0.0008838562591468519
ZKU002.SG	8.585	-0.02020127275418085	233	0.0008838184969639435
ZKU002.SG	8.595	0.06519574044281008	229	0.0008837812043443391
ZKU002.SG	8.605	-0.004595997034840621	285	0.0008837443754491364
ZKU002.SG	8.615	0.0036870607212812537	264	0.0008837080045120384
ZKU002.SG	8.625000000000002	-0.004199475065616797	255	0.0008836720858384504
ZKU002.SG	8.635000000000002	-0.006285355122564426	259	0.0008836366138045891
ZKU002.SG	8.645000000000001	0.0448570586501621	261	0.0008836015828566007
ZKU002.SG	8.655000000000001	-0.01968988432192961	239	0.000883566987509693
ZKU002.SG	8.665000000000001	-0.017553141825651236	254	0.0008835328223472753
ZKU002.SG	8.675	-0.010708539088941907	269	0.0008834990820201109
ZKU002.SG	8.685	-0.021051810845581068	227	0.0008834657612454799
ZKU002.SG	8.695	0.030843706777316737	241	0.0008834328548063512
ZKU002.SG	8.705	-0.010279219174697308	285	0.0008834003575505666
ZKU002.SG	8.715000000000002	-0.01211620542475561	270	0.0008833682643900333
ZKU002.SG	8.725000000000001	-0.01304044630404463	240	0.0008833365702999281
ZKU002.SG	8.735000000000001	-0.0017289073305670828	241	0.0008833052703179099
ZKU002.SG	8.745000000000001	-0.020111810414542384	239	0.0008832743595433431
ZKU002.SG	8.755	-0.005691699604743083	276	0.0008832438331365304
ZKU002.SG	8.765	-0.014207488530412905	233	0.0008832136863179549
ZKU002.SG	8.775	0.01232990000751823	283	0.0008831839143675317
ZKU002.SG	8.785	-0.012027204390884142	290	0.0008831545126238691
ZKU002.SG	8.795000000000002	-0.006602839220864972	234	0.0008831254764835385
ZKU002.SG	8.805000000000001	-0.016162341743737093	259	0.0008830968014003539
ZKU002.SG	8.815000000000001	-0.0038551562715131494	270	0.0008830684828846601
ZKU002.SG	8.825000000000001	0.027977868253471132	310	0.0008830405165026293
ZKU002.SG	8.835	-0.005465139642354833	316	0.0008830128978755675
ZKU002.SG	8.845	0.011122144985104271	266	0.0008829856226792287
ZKU002.SG	8.855	-0.012767509727626459	257	0.0008829586866431375
ZKU002.SG	8.865	-0.011843232994831572	278	0.0008829320855499211
ZKU002.SG	8.875000000000002	0.012339112860334008	238	0.0008829058152346487
ZKU002.SG	8.885000000000002	0.028521617852161785	240	0.0008828798715841791
ZKU002.SG	8.895000000000001	-0.017826825127334467	248	0.0008828542505365173
ZKU002.SG	8.905000000000001	-0.01764658698965268	274	0.000882828948080178
ZKU002.SG	8.915000000000001	0.0029368575624082226	228	0.0008828039602535576
ZKU002.SG	8.925	0.005363655867839518	237	0.0008827792831443143
ZKU002.SG	8.935	0.01534642292936132	211	0.0008827549128887553
ZKU002.SG	8.945	0.016322232460181656	214	0.0008827308456712316
ZKU002.SG	8.955	0.00577401692384271	246	0.000882707077723541
ZKU002.SG	8.965000000000002	0.041982685972573354	229	0.0008826836053243381
ZKU002.SG	8.975000000000001	0.03662868136747077	233	0.0008826604247985511
ZKU002.SG	8.985000000000001	0.031642116748499725	235	0.0008826375325168073
ZKU002.SG	8.995000000000001	0.04401892813909981	234	0.0008826149248948638
ZKU002.SG	9.005	0.05095238095238096	225	0.0008825925983930474
ZKU002.SG	9.015	-0.03534414031357959	213	0.0008825705495156995
ZKU002.SG	9.025	-0.021901443504230962	246	0.0008825487748106292
ZKU002.SG	9.035	0.01754317570465089	227	0.0008825272708685728
ZKU002.SG	9.045000000000002	-0.021705426356589147	216	0.0008825060343226599
ZKU002.SG	9.055000000000001	0.01686182669789227	245	0.0008824850618478864
ZKU002.SG	9.065000000000001	0.015009380863039396	247	0.0008824643501605936
ZKU002.SG	9.075000000000001	-0.0003830537041293179	229	0.0008824438960179544
ZKU002.SG	9.085	-0.006088992974238876	245	0.0008824236962174653
ZKU002.SG	9.095	0.02791885373811888	266	0.0008824037475964455
ZKU002.SG	9.105	0.0460171568627451	256	0.0008823840470315409
ZKU002.SG	9.115	0.01998939956083895	282	0.0008823645914382359
ZKU002.SG	9.125000000000002	0.014436543848308555	273	0.0008823453777703697
ZKU002.SG	9.135000000000002	-0.007437744198088781	292	0.00088232640301966
ZKU002.SG	9.145000000000001	0.05800515274199485	286	0.0008823076642152317
ZKU002.SG	9.155000000000001	-0.02510460251046025	240	0.0008822891584231518
ZKU002.SG	9.165000000000001	-0.000243658780244141	287	0.0008822708827459701
ZKU002.SG	9.175	-0.020922399274517424	249	0.0008822528343222652
ZKU002.SG	9.185	0.022502704652001444	236	0.0008822350103261969
ZKU002.SG	9.195	-0.011412963956494174	203	0.0008822174079670639
ZKU002.SG	9.205	0.0710801393728223	246	0.0008822000244888661
ZKU002.SG	9.215000000000002	0.05069847747606341	277	0.0008821828571698738
ZKU002.SG	9.225000000000001	0.027054961089494164	257	0.0008821659033222014
ZKU002.SG	9.235000000000001	-0.0013703570140641906	236	0.0008821491602913864
ZKU002.SG	9.245000000000001	0.001435676562580116	198	0.0008821326254559738
ZKU002.SG	9.255	-0.005923488276429453	221	0.000882116296227106
ZKU002.SG	9.265	0.02955879156705064	215	0.0008821001700481168
ZKU002.SG	9.275	0.030418250950570346	263	0.0008820842443941318
ZKU002.SG	9.285	-0.012171507607192255	241	0.0008820685167716727
ZKU002.SG	9.295000000000002	0.006663133186946317	282	0.000882052984718267
ZKU002.SG	9.305000000000001	-0.024567868737387033	262	0.0008820376458020624
ZKU002.SG	9.315000000000001	-0.018328840970350403	266	0.0008820224976214462
ZKU002.SG	9.325000000000001	0.02905376649170095	266	0.0008820075378046688
ZKU002.SG	9.335	0.034408602150537634	280	0.0008819927640094733
ZKU002.SG	9.345	-0.009403160506725872	248	0.0008819781739227274
ZKU002.SG	9.355	0.0011739057521381864	268	0.0008819637652600628
ZKU002.SG	9.365	0.013171525825070295	233	0.0008819495357655163
ZKU002.SG	9.375000000000002	-0.008749145591250854	210	0.0008819354832111772
ZKU002.SG	9.385000000000002	0.04275165176836378	249	0.000881921605396838
ZKU002.SG	9.395000000000001	0.03439891296574411	237	0.0008819079001496508
ZKU002.SG	9.405000000000001	0.03348790887305095	254	0.0008818943653237861
ZKU002.SG	9.415000000000001	0.05553067622033139	232	0.0008818809988000974
ZKU002.SG	9.425	0.02510460251046025	240	0.000881867798485789
ZKU002.SG	9.435	0.012511365702855068	235	0.0008818547623140891
ZKU002.SG	9.445	-0.001704949088325834	206	0.0008818418882439252
ZKU002.SG	9.455	-0.011204481792717089	238	0.0008818291742596053
ZKU002.SG	9.465000000000002	-0.009470257472625037	218	0.0008818166183705019
ZKU002.SG	9.475000000000001	0.0737140110036857	194	0.0008818042186107407
ZKU002.SG	9.485000000000001	0.027298151750972763	257	0.000881791973038892
ZKU002.SG	9.495000000000001	0.0028632784538296352	254	0.000881779879737668
ZKU002.SG	9.505	0.0698125404007757	273	0.0008817679368136213
ZKU002.SG	9.515	0.055281413144532644	237	0.0008817561423968496
ZKU002.SG	9.525	0.013321898227558606	265	0.0008817444946407017
ZKU002.SG	9.535	-0.02197457228064668	277	0.0008817329917214897
ZKU002.SG	9.545000000000002	-0.026727120868631427	290	0.0008817216318382023
ZKU002.SG	9.555000000000001	-0.0366421568627451	256	0.0008817104132122237
ZKU002.SG	9.565000000000001	0.00827528168684838	293	0.0008816993340870545
ZKU002.SG	9.575000000000001	-0.008641548565502937	264	0.000881688392728037
ZKU002.SG	9.585	-0.00012851405622489972	250	0.0008816775874220835
ZKU002.SG	9.595	0.09969458987783596	192	0.0008816669164774083
ZKU002.SG	9.605	-0.0006224518377890499	254	0.0008816563782232624
ZKU002.SG	9.615	0.09523809523809523	231	0.0008816459710096722
ZKU002.SG	9.625000000000002	0.05274011671273748	214	0.0008816356932071813
ZKU002.SG	9.635000000000002	0.03086494566315194	223	0.0008816255432065949
ZKU002.SG	9.645000000000001	0.02364943194991885	228	0.0008816155194187283
ZKU002.SG	9.655000000000001	-0.010936431989063567	210	0.0008816056202741579
ZKU002.SG	9.665000000000001	-0.002923199574807334	213	0.0008815958442229755
ZKU002.SG	9.675	0.07219104214812369	234	0.0008815861897345454
ZKU002.SG	9.685	-0.016134598792062124	305	0.0008815766552972655
ZKU002.SG	9.695	-0.014265628750728714	242	0.0008815672394183295
ZKU002.SG	9.705	0.05659884480306505	263	0.0008815579406234942
ZKU002.SG	9.715000000000002	0.005864263748837874	237	0.0008815487574568479
ZKU002.SG	9.725000000000001	0.04291845493562231	233	0.0008815396884805831
ZKU002.SG	9.735000000000001	0.006224518377890511	254	0.0008815307322747709
ZKU002.SG	9.745000000000001	0.019525801952580194	240	0.000881521887437139
ZKU002.SG	9.755	-0.011157601115760111	240	0.0008815131525828517
ZKU002.SG	9.765	0.042385377730530506	242	0.000881504526344294
ZKU002.SG	9.775	0.056688558589699276	264	0.000881496007370856
ZKU002.SG	9.785	0.06806534272901986	224	0.0008814875943287231
ZKU002.SG	9.795000000000002	0.01922254040354169	247	0.0008814792859006659
ZKU002.SG	9.805000000000001	0.022267206477732795	209	0.0008814710807858344
ZKU002.SG	9.815000000000001	-0.010602409638554217	250	0.0008814629776995546
ZKU002.SG	9.825000000000001	0.02021336327905671	274	0.0008814549753731269
ZKU002.SG	9.835	0.14613566102927805	235	0.0008814470725536279
ZKU002.SG	9.845	0.0336239103362391	220	0.0008814392680037135
ZKU002.SG	9.855	0.08826848826848827	260	0.0008814315605014263
ZKU002.SG	9.865	0.003461160275319569	226	0.0008814239488400031
ZKU002.SG	9.875000000000002	0.11424259135634052	263	0.0008814164318276869
ZKU002.SG	9.885000000000002	-0.01113895850737956	190	0.0008814090082875395
ZKU002.SG	9.895000000000001	0.01084465313880038	268	0.0008814016770572579
ZKU002.SG	9.905000000000001	-0.000914173200661019	239	0.0008813944369889922
ZKU002.SG	9.915000000000001	0.037555479685899625	203	0.0008813872869491654
ZKU002.SG	9.925	0.061287580183940024	228	0.0008813802258182962
ZKU002.SG	9.935	0.10232630033232862	228	0.0008813732524908241
ZKU002.SG	9.945	0.044196663030743745	223	0.0008813663658749359
ZKU002.SG	9.955	0.03813115441022418	259	0.0008813595648923945
ZKU002.SG	9.965000000000002	0.02214022140221402	272	0.0008813528484783709
ZKU002.SG	9.975000000000001	0.033729670630039635	271	0.0008813462155812765
ZKU002.SG	9.985000000000001	0.009282500591996212	206	0.0008813396651625993
ZKU002.SG	9.995000000000001	0.010881488306787769	214	0.0008813331961967408
